# Blender v2.77 (sub 0) OBJ File: 'Speaker.obj'
# www.blender.org
mtllib Speaker.mtl
o Speaker
v 0.136045 0.900001 0.118617
v 0.158415 0.900109 0.109681
v 0.109769 0.900000 0.109769
v 0.109503 0.900152 0.160710
v 0.113319 0.900000 0.146621
v 0.121145 0.900003 0.132477
v 0.684769 0.900000 0.701089
v 0.606178 0.900000 0.416061
v 0.609625 0.900000 0.442979
v 0.109769 0.900000 0.789769
v 0.114769 0.900000 0.768450
v 0.114769 0.900000 0.701089
v 0.789769 0.900000 0.789769
v 0.789633 0.899925 0.181503
v 0.784769 0.900000 0.701089
v 0.608473 0.900000 0.470092
v 0.602756 0.900000 0.496621
v 0.592637 0.900000 0.521802
v 0.578409 0.900000 0.544911
v 0.560479 0.900000 0.565282
v 0.684769 0.900000 0.768450
v 0.539365 0.900000 0.582331
v 0.515673 0.900000 0.595566
v 0.784769 0.900000 0.768450
v 0.214769 0.900000 0.768450
v 0.211294 0.899999 0.126169
v 0.719479 0.900000 0.228161
v 0.700397 0.900002 0.221092
v 0.684767 0.900002 0.208076
v 0.194529 0.900002 0.114475
v 0.490086 0.900000 0.604607
v 0.463338 0.900000 0.609193
v 0.436200 0.900000 0.609193
v 0.409453 0.900000 0.604607
v 0.682699 0.900001 0.132470
v 0.697600 0.900005 0.118619
v 0.178618 0.900000 0.109769
v 0.676971 0.900000 0.196004
v 0.671519 0.900002 0.180783
v 0.719936 0.900119 0.109702
v 0.130480 0.900003 0.215248
v 0.117269 0.900002 0.199778
v 0.109890 0.899934 0.180931
v 0.670600 0.900000 0.166446
v 0.673266 0.900003 0.150497
v 0.784122 0.900000 0.196004
v 0.775127 0.900001 0.209442
v 0.764145 0.900000 0.218703
v 0.749733 0.900001 0.226044
v 0.220084 0.900000 0.137534
v 0.226807 0.900003 0.152241
v 0.214769 0.900000 0.701089
v 0.168082 0.900001 0.229180
v 0.148079 0.900002 0.225437
v 0.228938 0.900000 0.166446
v 0.227636 0.900002 0.182558
v 0.222568 0.900000 0.196004
v 0.213579 0.899998 0.209438
v 0.321130 0.900000 0.544911
v 0.306901 0.900000 0.521802
v 0.383865 0.900000 0.595566
v 0.360173 0.900000 0.582331
v 0.339059 0.900000 0.565282
v 0.735635 0.900000 0.228776
v 0.598231 0.900000 0.390112
v 0.296783 0.900000 0.496621
v 0.291065 0.900000 0.470092
v 0.289913 0.900000 0.442979
v 0.293360 0.900000 0.416061
v 0.301307 0.900000 0.390112
v 0.313525 0.900000 0.365880
v 0.329662 0.900000 0.344061
v 0.349254 0.900000 0.325284
v 0.371738 0.900000 0.310087
v 0.396467 0.900000 0.298909
v 0.476809 0.900000 0.292071
v 0.449769 0.900000 0.289769
v 0.422729 0.900000 0.292071
v 0.503072 0.900000 0.298909
v 0.527800 0.900000 0.310087
v 0.550284 0.900000 0.325284
v 0.202591 0.900000 0.218703
v 0.188183 0.900002 0.226043
v 0.569877 0.900000 0.344061
v 0.586014 0.900000 0.365880
v 0.441571 0.925000 0.599745
v 0.437048 0.910000 0.599229
v 0.411973 0.925000 0.594929
v 0.411973 0.910000 0.594929
v 0.387984 0.925000 0.586454
v 0.387984 0.910000 0.586454
v 0.365773 0.925000 0.574046
v 0.365773 0.910000 0.574046
v 0.345978 0.925000 0.558063
v 0.345978 0.910000 0.558063
v 0.329170 0.925000 0.538964
v 0.329170 0.910000 0.538964
v 0.315830 0.925000 0.517300
v 0.315830 0.910000 0.517300
v 0.306344 0.925000 0.493693
v 0.306344 0.910000 0.493693
v 0.300984 0.925000 0.468822
v 0.300984 0.910000 0.468822
v 0.299904 0.925000 0.443403
v 0.299904 0.910000 0.443403
v 0.303136 0.925000 0.418167
v 0.303136 0.910000 0.418167
v 0.310586 0.925000 0.393841
v 0.310586 0.910000 0.393841
v 0.322040 0.925000 0.371123
v 0.322040 0.910000 0.371123
v 0.337168 0.925000 0.350668
v 0.337168 0.910000 0.350668
v 0.355536 0.925000 0.333064
v 0.355536 0.910000 0.333064
v 0.376615 0.925000 0.318817
v 0.376615 0.910000 0.318817
v 0.399798 0.925000 0.308338
v 0.399798 0.910000 0.308338
v 0.424419 0.925000 0.301927
v 0.424419 0.910000 0.301927
v 0.449769 0.925000 0.299769
v 0.449769 0.910000 0.299769
v 0.475119 0.925000 0.301927
v 0.475119 0.910000 0.301927
v 0.499740 0.925000 0.308338
v 0.499740 0.910000 0.308338
v 0.522923 0.925000 0.318817
v 0.522923 0.910000 0.318817
v 0.544002 0.925000 0.333064
v 0.544002 0.910000 0.333064
v 0.562370 0.925000 0.350668
v 0.562370 0.910000 0.350668
v 0.577499 0.925000 0.371123
v 0.577499 0.910000 0.371123
v 0.588953 0.925000 0.393841
v 0.588953 0.910000 0.393841
v 0.596403 0.925000 0.418167
v 0.596403 0.910000 0.418167
v 0.599634 0.925000 0.443403
v 0.599634 0.910000 0.443403
v 0.598554 0.925000 0.468822
v 0.598554 0.910000 0.468822
v 0.593194 0.925000 0.493693
v 0.593194 0.910000 0.493693
v 0.583708 0.925000 0.517300
v 0.583708 0.910000 0.517300
v 0.570369 0.925000 0.538964
v 0.570369 0.910000 0.538964
v 0.553560 0.925000 0.558063
v 0.553560 0.910000 0.558063
v 0.533765 0.925000 0.574046
v 0.533765 0.910000 0.574046
v 0.511554 0.925000 0.586454
v 0.511554 0.910000 0.586454
v 0.487566 0.925000 0.594929
v 0.487566 0.910000 0.594929
v 0.462490 0.925000 0.599229
v 0.462490 0.910000 0.599229
v 0.849988 0.173159 0.505173
v 0.849802 0.158500 0.791417
v 0.849988 0.585327 0.129448
v 0.849769 0.515853 0.116984
v 0.849802 0.841498 0.108119
v 0.849805 0.158340 0.108257
v 0.850042 0.454449 0.121517
v 0.850046 0.388573 0.137478
v 0.849940 0.520771 0.781233
v 0.849761 0.638855 0.755058
v 0.849806 0.841664 0.791180
v 0.849897 0.452812 0.777965
v 0.850249 0.786926 0.613312
v 0.849897 0.760632 0.654733
v 0.849989 0.201996 0.594971
v 0.849897 0.717132 0.700354
v 0.850218 0.808258 0.569183
v 0.850139 0.821903 0.524323
v 0.850042 0.639130 0.149010
v 0.850070 0.241959 0.657791
v 0.849833 0.307177 0.720485
v 0.849776 0.373291 0.758827
v 0.849988 0.313843 0.175491
v 0.850046 0.203842 0.300644
v 0.849989 0.175991 0.379746
v 0.850208 0.800140 0.312073
v 0.850224 0.783691 0.281372
v 0.850024 0.282797 0.199219
v 0.850041 0.240509 0.243591
v 0.850013 0.168526 0.448201
v 0.850013 0.831472 0.451338
v 0.849833 0.826368 0.386906
v 0.850184 0.748840 0.232453
v 0.850212 0.727478 0.210297
v 0.850242 0.811478 0.339966
v 0.849769 0.693254 0.178383
v 0.505146 0.173157 0.049550
v 0.129457 0.585400 0.049550
v 0.116984 0.515853 0.049769
v 0.121519 0.454465 0.049496
v 0.137475 0.388586 0.049493
v 0.780864 0.519056 0.049515
v 0.765403 0.601322 0.049550
v 0.791285 0.841664 0.049733
v 0.772721 0.424878 0.049492
v 0.598919 0.796135 0.049494
v 0.655913 0.759467 0.049498
v 0.563222 0.188835 0.049519
v 0.601780 0.205304 0.049515
v 0.737581 0.664278 0.049495
v 0.705136 0.711394 0.049550
v 0.519819 0.824014 0.049550
v 0.149009 0.639159 0.049496
v 0.657195 0.241319 0.049492
v 0.715396 0.301668 0.049550
v 0.750524 0.360836 0.049496
v 0.175467 0.313844 0.049551
v 0.349221 0.184116 0.049550
v 0.353345 0.817245 0.049493
v 0.294415 0.792803 0.049466
v 0.199218 0.282798 0.049515
v 0.243629 0.240525 0.049496
v 0.387089 0.174387 0.049515
v 0.448196 0.168530 0.049525
v 0.481215 0.830096 0.049515
v 0.418100 0.831655 0.049769
v 0.226479 0.745015 0.049550
v 0.296453 0.206206 0.049496
v 0.180778 0.693559 0.049496
v 0.049515 0.168373 0.446491
v 0.049550 0.179902 0.363579
v 0.049492 0.575111 0.772720
v 0.049734 0.841510 0.791428
v 0.049769 0.484147 0.782555
v 0.049562 0.402401 0.767625
v 0.049486 0.547148 0.121847
v 0.049549 0.601330 0.134136
v 0.049496 0.420275 0.128109
v 0.049536 0.484224 0.118561
v 0.049495 0.793798 0.296456
v 0.049549 0.755886 0.239025
v 0.049515 0.192189 0.326460
v 0.049496 0.220329 0.271992
v 0.049515 0.637816 0.148175
v 0.049492 0.694876 0.181508
v 0.049549 0.815887 0.349213
v 0.049467 0.662346 0.738758
v 0.049549 0.254978 0.226486
v 0.049496 0.306442 0.180780
v 0.049496 0.360840 0.149012
v 0.049308 0.346199 0.741617
v 0.049548 0.288616 0.705126
v 0.049515 0.192133 0.572940
v 0.049496 0.174910 0.514100
v 0.049549 0.797996 0.594994
v 0.049496 0.240528 0.655912
v 0.049769 0.831654 0.418100
v 0.049496 0.830046 0.479631
v 0.049515 0.778912 0.629104
v 0.049493 0.740967 0.677239
v 0.049549 0.208852 0.608281
v 0.049497 0.818432 0.541554
v 0.049550 0.698357 0.715401
v 0.363499 0.179897 0.849989
v 0.771994 0.578170 0.849897
v 0.778489 0.530846 0.850236
v 0.791401 0.841485 0.849799
v 0.779707 0.496607 0.850200
v 0.791277 0.158344 0.849804
v 0.773287 0.427170 0.849981
v 0.756009 0.375969 0.850192
v 0.121519 0.545530 0.850043
v 0.134152 0.601360 0.849987
v 0.108261 0.841653 0.849804
v 0.129456 0.414648 0.849987
v 0.116984 0.484147 0.849769
v 0.249070 0.763925 0.850047
v 0.215693 0.734707 0.849988
v 0.326459 0.192189 0.850024
v 0.271995 0.220306 0.850046
v 0.148174 0.637816 0.850024
v 0.178872 0.690868 0.850042
v 0.312545 0.800507 0.850162
v 0.355906 0.819668 0.849769
v 0.736917 0.665785 0.849897
v 0.757056 0.620972 0.850242
v 0.226463 0.255063 0.850000
v 0.178383 0.306746 0.849769
v 0.149012 0.360889 0.850043
v 0.741240 0.344341 0.850127
v 0.700930 0.282317 0.849833
v 0.574505 0.192936 0.850040
v 0.514102 0.174916 0.850041
v 0.578780 0.804241 0.850223
v 0.616449 0.785054 0.850220
v 0.666108 0.250357 0.850150
v 0.636430 0.225942 0.849978
v 0.456875 0.168472 0.849960
v 0.402831 0.827001 0.850159
v 0.437429 0.829734 0.850196
v 0.507069 0.826612 0.849982
v 0.650362 0.762963 0.850120
v 0.702067 0.713733 0.850233
v 0.000675 0.859032 0.811035
v 0.000393 0.151133 0.812343
v 0.005458 0.859780 0.831932
v 0.005456 0.140092 0.831887
v 0.011921 0.859033 0.846911
v 0.011912 0.140781 0.846859
v 0.020712 0.858074 0.860611
v 0.020691 0.141680 0.860561
v 0.031590 0.856933 0.872677
v 0.031563 0.142835 0.872635
v 0.044262 0.855579 0.882816
v 0.044231 0.144164 0.882776
v 0.059261 0.860515 0.890848
v 0.058628 0.141593 0.890633
v 0.073414 0.854389 0.896179
v 0.073410 0.145173 0.896153
v 0.088670 0.859865 0.898735
v 0.004294 0.120639 0.799769
v 0.005926 0.119509 0.816010
v 0.028808 0.080347 0.811752
v 0.040990 0.069098 0.799764
v 0.041771 0.070172 0.816010
v 0.054369 0.060900 0.799770
v 0.054973 0.062082 0.816010
v 0.068867 0.054894 0.799769
v 0.069278 0.056157 0.816010
v 0.084126 0.051231 0.799769
v 0.088237 0.051631 0.814899
v 0.093578 0.049914 0.805800
v 0.000414 0.137848 0.800621
v 0.001148 0.137839 0.812101
v 0.095023 0.123909 0.896220
v 0.099421 0.140070 0.899236
v 0.089716 0.109123 0.890760
v 0.094246 0.094486 0.882805
v 0.092827 0.081817 0.872681
v 0.091726 0.070944 0.860626
v 0.090733 0.062153 0.846910
v 0.089996 0.055690 0.831933
v 0.070498 0.059912 0.831820
v 0.072495 0.066059 0.846779
v 0.075216 0.074434 0.860490
v 0.073608 0.086523 0.872698
v 0.078630 0.098295 0.882826
v 0.056765 0.065600 0.831820
v 0.059699 0.071359 0.846779
v 0.058403 0.082064 0.860687
v 0.081726 0.131176 0.896523
v 0.088838 0.141507 0.898835
v 0.044092 0.073366 0.831820
v 0.047891 0.078595 0.846779
v 0.059484 0.094552 0.872588
v 0.063480 0.107355 0.882746
v 0.068138 0.122537 0.890863
v 0.032789 0.083020 0.831820
v 0.037359 0.087590 0.846779
v 0.039356 0.098154 0.860643
v 0.047689 0.105285 0.872671
v 0.050041 0.124352 0.882936
v 0.028364 0.098121 0.846779
v 0.023136 0.094322 0.831820
v 0.018785 0.092307 0.811750
v 0.010756 0.105687 0.811747
v 0.015369 0.106996 0.831820
v 0.021128 0.109930 0.846779
v 0.026337 0.119391 0.860685
v 0.036449 0.123512 0.872679
v 0.009681 0.120729 0.831820
v 0.015828 0.122726 0.846779
v 0.070533 0.945505 0.799769
v 0.069278 0.943843 0.816010
v 0.055424 0.939537 0.799769
v 0.054973 0.937918 0.816010
v 0.019585 0.908634 0.812261
v 0.010670 0.895394 0.799761
v 0.011852 0.894796 0.816010
v 0.004663 0.880901 0.799777
v 0.005926 0.880491 0.816010
v 0.088357 0.949106 0.810053
v 0.101092 0.949343 0.812553
v 0.001468 0.864752 0.812289
v 0.091649 0.890972 0.890751
v 0.093846 0.905525 0.882778
v 0.092478 0.918213 0.872627
v 0.091502 0.929081 0.860565
v 0.090542 0.937858 0.846871
v 0.089869 0.944310 0.831890
v 0.009681 0.879271 0.831820
v 0.015828 0.877274 0.846779
v 0.026180 0.880207 0.860691
v 0.034586 0.871179 0.872588
v 0.048065 0.871235 0.882855
v 0.015369 0.893004 0.831820
v 0.021128 0.890070 0.846779
v 0.041233 0.885704 0.872746
v 0.079426 0.866236 0.896442
v 0.023136 0.905678 0.831820
v 0.028364 0.901879 0.846779
v 0.035489 0.896702 0.860490
v 0.057308 0.886207 0.882897
v 0.072268 0.881615 0.890888
v 0.054739 0.902061 0.872643
v 0.047941 0.910370 0.860699
v 0.037359 0.912410 0.846779
v 0.032789 0.916980 0.831820
v 0.030139 0.920974 0.811864
v 0.090496 0.875225 0.896237
v 0.074074 0.899696 0.882946
v 0.047891 0.921405 0.846779
v 0.044092 0.926634 0.831820
v 0.042073 0.930983 0.811736
v 0.056765 0.934400 0.831820
v 0.059699 0.928641 0.846779
v 0.069138 0.923412 0.860687
v 0.073300 0.913315 0.872704
v 0.070498 0.940088 0.831820
v 0.072495 0.933941 0.846779
v 0.000385 0.137745 0.100662
v 0.004664 0.119097 0.099769
v 0.011598 0.104034 0.087788
v 0.019876 0.090805 0.087791
v 0.030117 0.079037 0.087780
v 0.042017 0.068469 0.099769
v 0.055455 0.060987 0.087789
v 0.068869 0.054894 0.099771
v 0.086323 0.051361 0.088414
v 0.093374 0.049993 0.093526
v 0.799969 0.138888 0.899150
v 0.806752 0.124260 0.896235
v 0.810241 0.108993 0.890669
v 0.806408 0.094620 0.882832
v 0.806581 0.081734 0.872604
v 0.808100 0.070915 0.860552
v 0.809007 0.062142 0.846865
v 0.810843 0.055887 0.832132
v 0.799769 0.052525 0.820806
v 0.805580 0.049845 0.805807
v 0.810415 0.138964 0.898642
v 0.824871 0.859181 0.896295
v 0.825764 0.145424 0.896260
v 0.841042 0.854954 0.890753
v 0.840275 0.139398 0.890829
v 0.855133 0.860039 0.882694
v 0.855286 0.144478 0.882801
v 0.867973 0.857212 0.872650
v 0.867950 0.143082 0.872681
v 0.878838 0.858369 0.860565
v 0.878826 0.141929 0.860611
v 0.887630 0.859226 0.846863
v 0.887615 0.140983 0.846924
v 0.894081 0.859920 0.831890
v 0.894077 0.140245 0.831932
v 0.898034 0.861625 0.815262
v 0.898699 0.139416 0.812446
v 0.801550 0.860063 0.899182
v 0.805427 0.875522 0.896404
v 0.810310 0.890491 0.890833
v 0.805298 0.905510 0.882805
v 0.806755 0.918182 0.872681
v 0.807865 0.929047 0.860596
v 0.808735 0.937851 0.846893
v 0.809519 0.944311 0.831925
v 0.811253 0.948459 0.814495
v 0.087517 0.949384 0.100662
v 0.068864 0.945104 0.099787
v 0.054379 0.939110 0.099722
v 0.040566 0.929890 0.087799
v 0.028689 0.919533 0.087733
v 0.018630 0.907377 0.087505
v 0.010232 0.894345 0.099769
v 0.004264 0.879238 0.099769
v 0.001043 0.862957 0.088437
v 0.088662 0.857944 0.000723
v 0.089823 0.149856 0.000299
v 0.073400 0.854860 0.003389
v 0.073410 0.145643 0.003360
v 0.058132 0.855990 0.009061
v 0.044233 0.855839 0.016761
v 0.044256 0.144454 0.016728
v 0.031562 0.857171 0.026903
v 0.031587 0.143109 0.026857
v 0.020692 0.858304 0.038978
v 0.020713 0.141928 0.038925
v 0.011912 0.859233 0.052679
v 0.011924 0.140963 0.052625
v 0.005456 0.859907 0.067650
v 0.005459 0.140227 0.067607
v 0.000724 0.858575 0.087730
v 0.000410 0.149488 0.087472
v 0.091075 0.140239 0.000633
v 0.090906 0.124707 0.003278
v 0.002312 0.134564 0.083528
v 0.099769 0.052525 0.078732
v 0.079415 0.133797 0.003103
v 0.069278 0.056157 0.083528
v 0.041771 0.070172 0.083528
v 0.005926 0.119509 0.083528
v 0.090536 0.062143 0.052679
v 0.088698 0.055888 0.067403
v 0.009681 0.120729 0.067718
v 0.015369 0.106996 0.067718
v 0.023136 0.094322 0.067718
v 0.032789 0.083020 0.067718
v 0.044092 0.073366 0.067718
v 0.056765 0.065600 0.067718
v 0.070498 0.059912 0.067718
v 0.072495 0.066059 0.052759
v 0.059699 0.071359 0.052759
v 0.047891 0.078595 0.052759
v 0.037359 0.087590 0.052759
v 0.028364 0.098121 0.052759
v 0.021128 0.109930 0.052759
v 0.015828 0.122726 0.052759
v 0.093018 0.081736 0.026931
v 0.091462 0.070923 0.038980
v 0.026194 0.119714 0.038878
v 0.039164 0.098446 0.038868
v 0.058045 0.082255 0.038866
v 0.075216 0.074434 0.039049
v 0.073327 0.086680 0.026830
v 0.055056 0.097945 0.026826
v 0.041155 0.114318 0.026826
v 0.034586 0.128821 0.026951
v 0.089272 0.108995 0.008878
v 0.088992 0.095055 0.016676
v 0.048068 0.128817 0.016721
v 0.057141 0.113883 0.016719
v 0.070398 0.102467 0.016721
v 0.070014 0.120697 0.008751
v 0.059267 0.139486 0.008693
v 0.830672 0.054895 0.799772
v 0.830261 0.056157 0.816010
v 0.844087 0.060989 0.811756
v 0.857522 0.068469 0.799769
v 0.857767 0.070172 0.816010
v 0.879583 0.090686 0.811818
v 0.887941 0.104045 0.811771
v 0.894874 0.119094 0.799772
v 0.893612 0.119509 0.816010
v 0.807209 0.050213 0.806427
v 0.815205 0.052543 0.816010
v 0.899160 0.137795 0.798912
v 0.898899 0.141756 0.808065
v 0.889858 0.120729 0.831820
v 0.883711 0.122726 0.846779
v 0.873333 0.119800 0.860626
v 0.863262 0.123924 0.872726
v 0.851521 0.128773 0.882828
v 0.884169 0.106996 0.831820
v 0.878411 0.109930 0.846779
v 0.819433 0.133041 0.896478
v 0.876403 0.094322 0.831820
v 0.871174 0.098121 0.846779
v 0.860359 0.098385 0.860695
v 0.852022 0.105640 0.872639
v 0.839588 0.110607 0.882957
v 0.829542 0.120647 0.890768
v 0.862179 0.087590 0.846779
v 0.866750 0.083020 0.831820
v 0.869165 0.078862 0.811976
v 0.855447 0.073366 0.831820
v 0.851648 0.078595 0.846779
v 0.846471 0.085720 0.860490
v 0.835770 0.091568 0.872704
v 0.842773 0.065600 0.831820
v 0.839839 0.071359 0.846779
v 0.830346 0.076557 0.860672
v 0.821285 0.098503 0.882839
v 0.829041 0.059912 0.831820
v 0.827043 0.066059 0.846779
v 0.820949 0.084817 0.872588
v 0.895275 0.879237 0.799769
v 0.893612 0.880491 0.816010
v 0.889306 0.894345 0.799769
v 0.887687 0.894796 0.816010
v 0.858413 0.930176 0.812271
v 0.845161 0.939109 0.799717
v 0.844566 0.937918 0.816010
v 0.830675 0.945105 0.799772
v 0.830261 0.943843 0.816010
v 0.811234 0.949091 0.808424
v 0.898887 0.860981 0.808662
v 0.829041 0.940088 0.831820
v 0.827043 0.933941 0.846779
v 0.829880 0.923687 0.860695
v 0.825752 0.913528 0.872688
v 0.820946 0.901741 0.882847
v 0.842773 0.934400 0.831820
v 0.839839 0.928641 0.846779
v 0.855447 0.926634 0.831820
v 0.851648 0.921405 0.846779
v 0.851372 0.910740 0.860756
v 0.844185 0.902141 0.872673
v 0.835854 0.892666 0.882794
v 0.826736 0.881924 0.890698
v 0.816652 0.867218 0.897010
v 0.809787 0.859875 0.898752
v 0.862179 0.912410 0.846779
v 0.866750 0.916980 0.831820
v 0.870844 0.919543 0.811863
v 0.836845 0.869263 0.890782
v 0.847412 0.879318 0.882786
v 0.855217 0.890285 0.872588
v 0.867477 0.891754 0.860733
v 0.871174 0.901879 0.846779
v 0.876403 0.905678 0.831820
v 0.880906 0.907366 0.812006
v 0.884169 0.893004 0.831820
v 0.878411 0.890070 0.846779
v 0.863129 0.876473 0.872734
v 0.889858 0.879271 0.831820
v 0.883711 0.877274 0.846779
v 0.875335 0.874553 0.860490
v 0.084333 0.947457 0.083528
v 0.081728 0.868813 0.003013
v 0.091721 0.859247 0.000617
v 0.095163 0.876004 0.003278
v 0.005926 0.880491 0.083528
v 0.011852 0.894796 0.083528
v 0.054973 0.937918 0.083528
v 0.069278 0.943843 0.083528
v 0.089993 0.944309 0.067612
v 0.099249 0.949359 0.087472
v 0.070498 0.940088 0.067718
v 0.056765 0.934400 0.067718
v 0.044092 0.926634 0.067718
v 0.032789 0.916980 0.067718
v 0.023136 0.905678 0.067718
v 0.015369 0.893004 0.067718
v 0.009681 0.879272 0.067718
v 0.015828 0.877274 0.052759
v 0.021128 0.890070 0.052759
v 0.028364 0.901879 0.052759
v 0.037359 0.912410 0.052759
v 0.047891 0.921405 0.052759
v 0.059699 0.928641 0.052759
v 0.072495 0.933941 0.052759
v 0.090755 0.937843 0.052628
v 0.091753 0.929058 0.038929
v 0.069492 0.923620 0.038872
v 0.053067 0.914280 0.039049
v 0.039370 0.901818 0.038920
v 0.026322 0.880590 0.038870
v 0.036444 0.876415 0.026833
v 0.047762 0.894773 0.026846
v 0.064135 0.908648 0.026835
v 0.078590 0.915183 0.026951
v 0.092861 0.918175 0.026856
v 0.094227 0.905502 0.016731
v 0.074642 0.900015 0.016583
v 0.057413 0.886417 0.016711
v 0.048240 0.871598 0.016729
v 0.062701 0.869233 0.008751
v 0.072897 0.881797 0.008800
v 0.089148 0.890511 0.008711
v 0.805817 0.049916 0.093549
v 0.811256 0.051590 0.084802
v 0.809543 0.055690 0.067606
v 0.808812 0.062154 0.052625
v 0.807828 0.070943 0.038925
v 0.806654 0.081817 0.026857
v 0.805309 0.094487 0.016729
v 0.808315 0.138878 0.000741
v 0.815413 0.051231 0.099769
v 0.830674 0.054895 0.099775
v 0.845169 0.060897 0.099768
v 0.858550 0.069100 0.099762
v 0.870285 0.080018 0.087342
v 0.880760 0.092325 0.087757
v 0.888782 0.105686 0.087797
v 0.895245 0.120639 0.099769
v 0.899116 0.137784 0.099104
v 0.899151 0.862300 0.100809
v 0.894876 0.880899 0.099758
v 0.888869 0.895416 0.099747
v 0.879943 0.908641 0.087275
v 0.869308 0.921072 0.087706
v 0.857157 0.931146 0.087506
v 0.844114 0.939538 0.099769
v 0.829006 0.945505 0.099769
v 0.812140 0.949316 0.098923
v 0.809629 0.860001 0.000783
v 0.806909 0.875614 0.003277
v 0.807868 0.890966 0.008783
v 0.809820 0.905376 0.016848
v 0.806908 0.918201 0.026901
v 0.808072 0.929070 0.038979
v 0.808983 0.937859 0.052673
v 0.809677 0.944313 0.067646
v 0.798738 0.949385 0.087294
v 0.898558 0.138659 0.087842
v 0.809731 0.148476 0.000330
v 0.825640 0.145115 0.003246
v 0.819037 0.132387 0.003100
v 0.806053 0.124096 0.003308
v 0.899154 0.151077 0.087285
v 0.893612 0.119509 0.083528
v 0.857767 0.070172 0.083528
v 0.844566 0.062082 0.083528
v 0.830261 0.056157 0.083528
v 0.887629 0.140814 0.052677
v 0.894082 0.140096 0.067646
v 0.829041 0.059912 0.067718
v 0.842773 0.065600 0.067718
v 0.855447 0.073366 0.067718
v 0.866750 0.083020 0.067718
v 0.876403 0.094322 0.067718
v 0.884169 0.106996 0.067718
v 0.889858 0.120729 0.067718
v 0.883711 0.122726 0.052759
v 0.878411 0.109930 0.052759
v 0.871174 0.098121 0.052759
v 0.862179 0.087590 0.052759
v 0.851648 0.078595 0.052759
v 0.839839 0.071359 0.052759
v 0.827043 0.066059 0.052759
v 0.867977 0.142819 0.026901
v 0.878845 0.141671 0.038975
v 0.824322 0.074434 0.039049
v 0.841175 0.082068 0.038857
v 0.860146 0.098187 0.038900
v 0.873209 0.119431 0.038879
v 0.863096 0.123664 0.026840
v 0.851805 0.105250 0.026838
v 0.840055 0.094552 0.026951
v 0.825835 0.086515 0.026822
v 0.840733 0.141890 0.008784
v 0.855309 0.144138 0.016762
v 0.820955 0.098301 0.016716
v 0.839120 0.110196 0.016597
v 0.851309 0.128441 0.016710
v 0.831364 0.122520 0.008659
v 0.809810 0.109127 0.008777
v 0.811127 0.948787 0.087822
v 0.818086 0.867759 0.002898
v 0.809843 0.851814 0.000360
v 0.825680 0.853387 0.003185
v 0.898896 0.858469 0.088950
v 0.897227 0.865436 0.083528
v 0.830261 0.943843 0.083528
v 0.844566 0.937918 0.083528
v 0.887687 0.894796 0.083528
v 0.893612 0.880491 0.083528
v 0.894080 0.859753 0.067608
v 0.889858 0.879272 0.067718
v 0.884169 0.893004 0.067718
v 0.876403 0.905678 0.067718
v 0.866750 0.916980 0.067718
v 0.855447 0.926634 0.067718
v 0.842773 0.934400 0.067718
v 0.829041 0.940088 0.067718
v 0.827043 0.933941 0.052759
v 0.839839 0.928641 0.052759
v 0.851648 0.921405 0.052759
v 0.862179 0.912410 0.052759
v 0.871174 0.901879 0.052759
v 0.878411 0.890070 0.052759
v 0.883711 0.877274 0.052759
v 0.887611 0.859049 0.052620
v 0.878830 0.858116 0.038929
v 0.873337 0.880295 0.038891
v 0.860403 0.901615 0.038864
v 0.841496 0.917732 0.038880
v 0.824322 0.925566 0.039049
v 0.820949 0.915183 0.026951
v 0.835794 0.908348 0.026795
v 0.851995 0.894279 0.026913
v 0.863228 0.876120 0.026837
v 0.867950 0.856884 0.026852
v 0.855282 0.855516 0.016728
v 0.851467 0.871229 0.016722
v 0.842442 0.886066 0.016686
v 0.829139 0.897575 0.016747
v 0.827239 0.881588 0.008660
v 0.840281 0.860597 0.008713
v 0.099769 0.150000 0.889212
v 0.099940 0.150195 0.857466
v 0.099656 0.850149 0.891070
v 0.100023 0.849756 0.857261
v 0.799501 0.849732 0.857152
v 0.799826 0.149577 0.892277
v 0.799493 0.150259 0.857125
v 0.893564 0.149359 0.799946
v 0.856036 0.150559 0.799266
v 0.891233 0.850201 0.799944
v 0.857150 0.849754 0.799470
v 0.893708 0.850147 0.099013
v 0.857278 0.849735 0.100009
v 0.891119 0.149832 0.099641
v 0.857152 0.150268 0.100037
v 0.799739 0.149596 0.007156
v 0.799659 0.150146 0.041579
v 0.799807 0.850438 0.007088
v 0.799622 0.849878 0.041628
v 0.099309 0.850076 0.007110
v 0.099893 0.849867 0.041596
v 0.099670 0.149563 0.007180
v 0.099903 0.150113 0.041560
v 0.007596 0.149741 0.099567
v 0.041508 0.150138 0.099875
v 0.041503 0.849896 0.099905
v 0.007101 0.849990 0.800177
v 0.007680 0.149728 0.799913
v 0.041517 0.150109 0.799632
v 0.761957 0.591726 0.853818
v 0.751411 0.621223 0.854080
v 0.756681 0.592556 0.864452
v 0.746342 0.621771 0.864388
v 0.685883 0.723704 0.853846
v 0.680115 0.724777 0.862467
v 0.663563 0.745183 0.853953
v 0.656726 0.744923 0.864390
v 0.638707 0.764944 0.853829
v 0.632648 0.764776 0.862133
v 0.613270 0.781226 0.853977
v 0.605885 0.780242 0.864182
v 0.585263 0.795864 0.853806
v 0.552908 0.806862 0.857578
v 0.577971 0.794006 0.864116
v 0.527138 0.815682 0.854458
v 0.519166 0.813204 0.864131
v 0.497877 0.822195 0.853158
v 0.488534 0.818445 0.864125
v 0.466022 0.824676 0.854439
v 0.457538 0.821659 0.862312
v 0.435200 0.824757 0.854435
v 0.426414 0.821582 0.860812
v 0.404507 0.822144 0.853896
v 0.395486 0.817827 0.860812
v 0.373692 0.816057 0.854540
v 0.365220 0.810428 0.862272
v 0.344341 0.807497 0.854498
v 0.335434 0.801476 0.860812
v 0.315533 0.796306 0.853896
v 0.306871 0.789034 0.860812
v 0.287783 0.781853 0.854422
v 0.279643 0.773893 0.860812
v 0.262328 0.766495 0.853132
v 0.254002 0.756195 0.860812
v 0.237824 0.747467 0.853160
v 0.230562 0.735610 0.862212
v 0.215317 0.726191 0.853173
v 0.208745 0.713231 0.862222
v 0.194822 0.702849 0.853164
v 0.189256 0.688978 0.862208
v 0.172995 0.665609 0.860397
v 0.176246 0.677195 0.853058
v 0.160992 0.649195 0.854571
v 0.157367 0.635872 0.860812
v 0.147904 0.622871 0.853047
v 0.137056 0.590481 0.853378
v 0.145618 0.607017 0.860812
v 0.130738 0.561165 0.854794
v 0.138506 0.577229 0.864210
v 0.126366 0.530513 0.854787
v 0.132501 0.546904 0.864208
v 0.124929 0.499628 0.854788
v 0.128453 0.516021 0.862356
v 0.125828 0.467755 0.853383
v 0.128408 0.484966 0.862354
v 0.130871 0.438131 0.854785
v 0.132295 0.454456 0.864198
v 0.138197 0.408131 0.854790
v 0.138156 0.424080 0.864210
v 0.148342 0.378916 0.854778
v 0.146098 0.393788 0.862346
v 0.161028 0.349677 0.853399
v 0.158489 0.365773 0.864209
v 0.176711 0.324029 0.854768
v 0.172769 0.338362 0.864231
v 0.194711 0.297752 0.853405
v 0.189655 0.312522 0.864262
v 0.214943 0.275506 0.854741
v 0.208867 0.288191 0.864157
v 0.237560 0.253083 0.853353
v 0.230345 0.265990 0.864130
v 0.261992 0.234044 0.853367
v 0.254025 0.246051 0.864330
v 0.288126 0.217414 0.853365
v 0.279314 0.227187 0.862399
v 0.315240 0.204330 0.854805
v 0.306418 0.213214 0.864309
v 0.344481 0.191915 0.853348
v 0.334821 0.199550 0.862379
v 0.374233 0.183301 0.853338
v 0.363964 0.191012 0.864246
v 0.403936 0.178350 0.854694
v 0.394165 0.184188 0.864268
v 0.434701 0.175442 0.854675
v 0.425502 0.179266 0.862457
v 0.465601 0.174888 0.853414
v 0.455795 0.179401 0.864294
v 0.487549 0.180592 0.862483
v 0.496480 0.177653 0.853191
v 0.527681 0.183845 0.853296
v 0.518181 0.185724 0.862483
v 0.557374 0.192659 0.853285
v 0.547142 0.194483 0.864317
v 0.586048 0.204277 0.853276
v 0.577242 0.204754 0.862515
v 0.612511 0.218721 0.854694
v 0.605131 0.218407 0.862480
v 0.639324 0.235189 0.853197
v 0.631532 0.234729 0.862501
v 0.663198 0.254667 0.854012
v 0.654972 0.253678 0.864242
v 0.685165 0.276038 0.854622
v 0.679137 0.274669 0.862515
v 0.704729 0.299404 0.855648
v 0.699838 0.298013 0.862568
v 0.723291 0.324403 0.854622
v 0.716899 0.322694 0.864421
v 0.739110 0.351528 0.854032
v 0.734018 0.349515 0.862515
v 0.751611 0.378950 0.853973
v 0.746212 0.378129 0.864472
v 0.761295 0.407472 0.854576
v 0.757702 0.407308 0.862570
v 0.765185 0.437423 0.862595
v 0.773327 0.468499 0.854359
v 0.768623 0.467644 0.864489
v 0.774917 0.499964 0.854286
v 0.770381 0.499399 0.864360
v 0.665027 0.673039 0.858089
v 0.671089 0.663703 0.849766
v 0.647052 0.692582 0.855974
v 0.646559 0.692091 0.849769
v 0.627797 0.709315 0.849834
v 0.606597 0.727299 0.858066
v 0.593023 0.735085 0.849772
v 0.583745 0.740962 0.855997
v 0.559849 0.752772 0.856036
v 0.545185 0.758228 0.849769
v 0.534930 0.762217 0.856002
v 0.509237 0.769213 0.856019
v 0.493789 0.771750 0.849769
v 0.482978 0.773697 0.856015
v 0.440764 0.775145 0.849769
v 0.456400 0.775624 0.856020
v 0.456253 0.780171 0.865467
v 0.429661 0.775445 0.858086
v 0.429218 0.780991 0.866973
v 0.388074 0.768289 0.849769
v 0.403171 0.772219 0.858089
v 0.402200 0.777700 0.866977
v 0.377314 0.766018 0.856025
v 0.375867 0.770321 0.865461
v 0.373720 0.778132 0.871990
v 0.337669 0.751433 0.849768
v 0.351969 0.757780 0.856024
v 0.350129 0.761955 0.865491
v 0.338020 0.766517 0.872138
v 0.327567 0.747146 0.856043
v 0.325993 0.750192 0.863685
v 0.323318 0.755195 0.869792
v 0.319279 0.767036 0.874638
v 0.304668 0.733604 0.849769
v 0.303959 0.734553 0.858108
v 0.301007 0.739251 0.866975
v 0.297117 0.744913 0.872042
v 0.282766 0.741947 0.874118
v 0.283795 0.719005 0.849855
v 0.281490 0.720141 0.859994
v 0.278573 0.723789 0.866944
v 0.274237 0.728913 0.872094
v 0.237689 0.712459 0.874726
v 0.259158 0.737303 0.874498
v 0.262490 0.701374 0.849769
v 0.261990 0.701868 0.856005
v 0.259606 0.704386 0.863667
v 0.255672 0.708424 0.869598
v 0.243263 0.707636 0.873744
v 0.239514 0.726079 0.873099
v 0.244801 0.683018 0.849844
v 0.242325 0.683697 0.859991
v 0.238691 0.686824 0.867099
v 0.233606 0.690884 0.872012
v 0.217126 0.696505 0.874501
v 0.214000 0.708113 0.870391
v 0.228099 0.662387 0.849847
v 0.224833 0.663265 0.861991
v 0.219147 0.667201 0.869824
v 0.207355 0.663881 0.873717
v 0.199995 0.681472 0.873099
v 0.193939 0.685730 0.868982
v 0.204927 0.625848 0.849769
v 0.211657 0.639934 0.858095
v 0.206890 0.642568 0.866872
v 0.200809 0.646006 0.872139
v 0.178451 0.639420 0.874414
v 0.180272 0.658146 0.871477
v 0.174661 0.661516 0.865894
v 0.199729 0.616139 0.856016
v 0.196612 0.617576 0.863676
v 0.191334 0.619871 0.869820
v 0.179293 0.610021 0.873474
v 0.180815 0.626516 0.874636
v 0.166222 0.631397 0.871526
v 0.160355 0.634266 0.866215
v 0.185308 0.576462 0.849768
v 0.189685 0.591482 0.856004
v 0.186446 0.592613 0.863669
v 0.179243 0.594311 0.871090
v 0.160249 0.594108 0.874503
v 0.154873 0.603348 0.871494
v 0.148791 0.605837 0.866156
v 0.719810 0.676273 0.860939
v 0.701637 0.701305 0.860611
v 0.760925 0.470165 0.871477
v 0.762348 0.500366 0.871475
v 0.754598 0.487905 0.874409
v 0.740269 0.424382 0.874724
v 0.740672 0.457522 0.874118
v 0.743413 0.514203 0.874118
v 0.735037 0.473131 0.871102
v 0.738193 0.500433 0.872026
v 0.731501 0.500138 0.866963
v 0.727598 0.473157 0.863679
v 0.725946 0.500106 0.858081
v 0.724189 0.473417 0.856017
v 0.724843 0.489056 0.849769
v 0.759951 0.439545 0.869053
v 0.750948 0.428458 0.873098
v 0.732899 0.445037 0.872019
v 0.726287 0.446055 0.866967
v 0.721707 0.446821 0.859991
v 0.719229 0.446151 0.849847
v 0.752630 0.410076 0.869101
v 0.743479 0.420059 0.874500
v 0.725245 0.403174 0.873474
v 0.726234 0.417848 0.872002
v 0.719809 0.419597 0.866986
v 0.715302 0.420798 0.859986
v 0.712770 0.420403 0.849843
v 0.739322 0.382713 0.871466
v 0.727530 0.373930 0.874421
v 0.713700 0.392919 0.869767
v 0.708359 0.394854 0.863717
v 0.705118 0.396058 0.855997
v 0.704467 0.396299 0.849769
v 0.728518 0.354587 0.870449
v 0.711783 0.360903 0.874485
v 0.705561 0.366185 0.872112
v 0.699410 0.369322 0.867077
v 0.695097 0.371242 0.859923
v 0.692588 0.371350 0.849884
v 0.711499 0.329185 0.871447
v 0.698404 0.322514 0.874317
v 0.671877 0.297992 0.874726
v 0.691086 0.342050 0.871869
v 0.685620 0.345724 0.867075
v 0.681553 0.348187 0.859973
v 0.679027 0.348509 0.849836
v 0.695331 0.303734 0.870493
v 0.669822 0.305050 0.874118
v 0.674952 0.319789 0.872067
v 0.668496 0.324786 0.865461
v 0.664737 0.327374 0.856012
v 0.664180 0.327799 0.849769
v 0.676125 0.279079 0.868923
v 0.659599 0.268737 0.871720
v 0.663254 0.282312 0.874502
v 0.656088 0.298638 0.871953
v 0.650512 0.304448 0.865487
v 0.647115 0.307455 0.856062
v 0.638964 0.300022 0.849769
v 0.624039 0.264623 0.873693
v 0.635198 0.281593 0.871117
v 0.629586 0.286746 0.863598
v 0.627580 0.289293 0.856019
v 0.629791 0.239845 0.868815
v 0.615197 0.238293 0.873132
v 0.606066 0.248561 0.874421
v 0.611628 0.265719 0.869753
v 0.608554 0.270298 0.863653
v 0.606416 0.273119 0.856025
v 0.597026 0.267403 0.849772
v 0.603693 0.223823 0.869042
v 0.604131 0.237521 0.874490
v 0.552541 0.217955 0.874724
v 0.590210 0.248029 0.871943
v 0.586962 0.253815 0.867052
v 0.584097 0.258678 0.858074
v 0.576186 0.210348 0.868935
v 0.573068 0.216951 0.873099
v 0.549438 0.224665 0.873733
v 0.565319 0.235790 0.872068
v 0.562265 0.241733 0.866944
v 0.560188 0.246853 0.858077
v 0.559595 0.247882 0.849769
v 0.546844 0.202801 0.871476
v 0.550795 0.212835 0.874497
v 0.538198 0.229137 0.869815
v 0.536205 0.234564 0.863670
v 0.534962 0.237794 0.855987
v 0.524363 0.235007 0.849768
v 0.518223 0.191440 0.869057
v 0.504446 0.195312 0.873103
v 0.498393 0.211481 0.873636
v 0.511465 0.221883 0.869782
v 0.510045 0.227460 0.863667
v 0.509281 0.230798 0.856021
v 0.488117 0.186296 0.869056
v 0.493733 0.198765 0.874500
v 0.455592 0.202835 0.874639
v 0.484335 0.217232 0.869782
v 0.483444 0.224148 0.861950
v 0.481823 0.227089 0.849845
v 0.457680 0.187519 0.871473
v 0.445043 0.194969 0.874408
v 0.457487 0.213577 0.871102
v 0.456661 0.222183 0.861945
v 0.455332 0.225269 0.849845
v 0.427665 0.186339 0.870461
v 0.416980 0.209164 0.873671
v 0.429337 0.215860 0.869780
v 0.429607 0.221608 0.863674
v 0.429828 0.225018 0.856019
v 0.418925 0.226441 0.849769
v 0.397602 0.191833 0.871486
v 0.386528 0.201563 0.874412
v 0.378942 0.212451 0.874421
v 0.402358 0.217429 0.871096
v 0.402859 0.224861 0.863674
v 0.403401 0.228226 0.856016
v 0.367851 0.198295 0.871464
v 0.374397 0.221580 0.872028
v 0.375942 0.228126 0.866936
v 0.377000 0.232622 0.860020
v 0.376544 0.235149 0.849845
v 0.338045 0.204428 0.869102
v 0.340290 0.211325 0.873099
v 0.316440 0.233277 0.874681
v 0.328861 0.233288 0.873748
v 0.347809 0.230099 0.872047
v 0.349924 0.236580 0.867172
v 0.351645 0.240893 0.859936
v 0.351314 0.243457 0.849842
v 0.311466 0.219648 0.871396
v 0.321491 0.223960 0.874514
v 0.323486 0.244545 0.869816
v 0.326128 0.249824 0.863607
v 0.327635 0.252834 0.856030
v 0.318036 0.258275 0.849766
v 0.283154 0.231367 0.869010
v 0.286866 0.237736 0.873099
v 0.253408 0.273772 0.874713
v 0.297828 0.254959 0.871983
v 0.301399 0.260467 0.866980
v 0.304122 0.265331 0.858110
v 0.260485 0.251678 0.871482
v 0.270812 0.253764 0.874503
v 0.257681 0.279232 0.873762
v 0.274732 0.270618 0.872038
v 0.278880 0.276050 0.867109
v 0.281550 0.279764 0.860014
v 0.282086 0.282322 0.849841
v 0.237009 0.270941 0.871317
v 0.233306 0.284961 0.874402
v 0.256189 0.291180 0.869768
v 0.259845 0.295429 0.863657
v 0.262070 0.298085 0.856039
v 0.254419 0.306029 0.849771
v 0.216125 0.292454 0.871411
v 0.196551 0.338796 0.874724
v 0.234548 0.308407 0.872045
v 0.238754 0.313133 0.866999
v 0.243117 0.316793 0.858071
v 0.197027 0.315776 0.871409
v 0.196055 0.330558 0.874402
v 0.206228 0.337498 0.873695
v 0.219362 0.332451 0.869707
v 0.224071 0.335768 0.863602
v 0.226734 0.337927 0.856075
v 0.227290 0.338359 0.849769
v 0.180410 0.341192 0.871398
v 0.201655 0.353588 0.871889
v 0.207108 0.356773 0.866858
v 0.210967 0.359476 0.860056
v 0.212368 0.361621 0.849851
v 0.166485 0.367946 0.871488
v 0.168207 0.382538 0.874400
v 0.179628 0.387328 0.873680
v 0.191496 0.379852 0.869730
v 0.196682 0.382219 0.863699
v 0.199746 0.383800 0.855996
v 0.200379 0.384115 0.849769
v 0.153398 0.394958 0.870474
v 0.160869 0.430212 0.874640
v 0.177741 0.403873 0.872021
v 0.184048 0.406269 0.866869
v 0.188401 0.407955 0.859972
v 0.190201 0.409800 0.849883
v 0.146389 0.424827 0.871494
v 0.150905 0.438802 0.874408
v 0.171762 0.430658 0.871087
v 0.178782 0.433122 0.863686
v 0.182087 0.433975 0.856008
v 0.182760 0.434188 0.849769
v 0.140545 0.454601 0.871482
v 0.160499 0.457760 0.873474
v 0.169655 0.458578 0.868549
v 0.175597 0.459928 0.859980
v 0.177713 0.461362 0.849845
v 0.134113 0.484510 0.869063
v 0.140219 0.497377 0.873095
v 0.151391 0.532865 0.874724
v 0.156948 0.504398 0.873725
v 0.161705 0.485630 0.872023
v 0.168367 0.486261 0.866966
v 0.173006 0.486555 0.859989
v 0.175253 0.487801 0.849845
v 0.134096 0.515058 0.869065
v 0.145436 0.507380 0.874500
v 0.166928 0.513222 0.868549
v 0.173001 0.513330 0.859988
v 0.175358 0.514352 0.849845
v 0.178024 0.540769 0.849845
v 0.175583 0.539969 0.859984
v 0.169532 0.540395 0.868541
v 0.162752 0.556806 0.873633
v 0.149543 0.556173 0.874330
v 0.140409 0.544815 0.871474
v 0.182068 0.565968 0.856033
v 0.178730 0.566789 0.863655
v 0.173094 0.567932 0.869787
v 0.146207 0.574400 0.871501
v 0.483264 0.778239 0.865470
v 0.400784 0.784236 0.872030
v 0.358922 0.779598 0.874118
v 0.299296 0.765324 0.874409
v 0.509959 0.773705 0.865464
v 0.428436 0.787638 0.872026
v 0.259742 0.747829 0.871328
v 0.234447 0.731064 0.869196
v 0.536100 0.766613 0.865469
v 0.456307 0.788353 0.872025
v 0.430688 0.794496 0.874087
v 0.417475 0.798443 0.874725
v 0.352904 0.789310 0.874403
v 0.284354 0.765083 0.871449
v 0.561151 0.755942 0.863727
v 0.484125 0.786381 0.872028
v 0.311357 0.779983 0.871485
v 0.255784 0.753380 0.865936
v 0.585718 0.745022 0.865413
v 0.511646 0.781741 0.872042
v 0.410346 0.802509 0.874409
v 0.338736 0.792152 0.871468
v 0.281452 0.771011 0.866205
v 0.628392 0.711838 0.860002
v 0.563368 0.761299 0.869824
v 0.538551 0.774458 0.872058
v 0.497899 0.792473 0.874543
v 0.366508 0.803188 0.870468
v 0.308194 0.785812 0.866114
v 0.609699 0.731943 0.866945
v 0.479181 0.803004 0.874500
v 0.396763 0.808060 0.871479
v 0.336176 0.798195 0.866148
v 0.680375 0.651102 0.855994
v 0.649457 0.695156 0.863802
v 0.631350 0.715432 0.866980
v 0.589864 0.752480 0.872139
v 0.553223 0.773055 0.873474
v 0.559853 0.779267 0.874724
v 0.457229 0.808648 0.873099
v 0.426746 0.811737 0.871472
v 0.613391 0.737647 0.872052
v 0.580062 0.763538 0.874118
v 0.527579 0.795390 0.874332
v 0.395943 0.814445 0.866129
v 0.683200 0.653015 0.863753
v 0.669278 0.676462 0.866832
v 0.653347 0.699039 0.869681
v 0.635446 0.720713 0.871991
v 0.564636 0.781915 0.874499
v 0.487076 0.810343 0.871475
v 0.457222 0.815948 0.869063
v 0.426451 0.818182 0.866097
v 0.628352 0.736620 0.874541
v 0.517040 0.805292 0.871454
v 0.687962 0.656273 0.869822
v 0.674381 0.681088 0.872030
v 0.667076 0.695996 0.873646
v 0.608373 0.760536 0.874425
v 0.545807 0.797420 0.871475
v 0.638834 0.736421 0.874844
v 0.574455 0.786498 0.871390
v 0.694301 0.660205 0.873474
v 0.601482 0.773364 0.871431
v 0.548229 0.803396 0.866146
v 0.710478 0.648770 0.874725
v 0.682532 0.696241 0.874498
v 0.627634 0.759077 0.870550
v 0.670702 0.715657 0.873099
v 0.650940 0.739036 0.871620
v 0.708019 0.669192 0.873099
v 0.692963 0.695727 0.871687
v 0.675949 0.720342 0.868910
v 0.715309 0.674544 0.867693
v 0.698181 0.699708 0.866337
v 0.739055 0.648691 0.854000
v 0.733229 0.649624 0.864458
v 0.726269 0.645195 0.871430
v 0.715896 0.647711 0.874479
v 0.717186 0.619438 0.873741
v 0.704999 0.634455 0.872049
v 0.699107 0.630997 0.866871
v 0.695104 0.628802 0.860005
v 0.693578 0.626741 0.849853
v 0.723547 0.675868 0.853807
v 0.705566 0.700993 0.853710
v 0.739079 0.618130 0.871437
v 0.736677 0.603754 0.874400
v 0.711881 0.607240 0.868596
v 0.706384 0.604525 0.860007
v 0.704673 0.602630 0.849848
v 0.749134 0.589878 0.871506
v 0.747343 0.539504 0.874724
v 0.735133 0.565880 0.873727
v 0.726030 0.582806 0.872034
v 0.719699 0.580689 0.866965
v 0.715277 0.579287 0.860001
v 0.713390 0.577543 0.849884
v 0.769201 0.562505 0.853716
v 0.764189 0.561809 0.864555
v 0.756454 0.560093 0.871449
v 0.751244 0.546728 0.874409
v 0.729267 0.554936 0.869763
v 0.722460 0.553562 0.861946
v 0.719641 0.551736 0.849844
v 0.773582 0.531978 0.853826
v 0.768695 0.531135 0.864544
v 0.760857 0.530575 0.871466
v 0.736814 0.528305 0.872029
v 0.730172 0.527327 0.866963
v 0.725560 0.526785 0.859989
v 0.723375 0.525453 0.849845
v 0.682719 0.597262 0.849767
v 0.664534 0.632015 0.849769
v 0.638498 0.667644 0.849766
v 0.610032 0.694597 0.849769
v 0.573844 0.719850 0.849772
v 0.337986 0.273646 0.849768
v 0.374515 0.259399 0.849769
v 0.417537 0.249625 0.849768
v 0.456716 0.248000 0.849769
v 0.500573 0.252726 0.849768
v 0.553428 0.269832 0.849765
v 0.211809 0.415716 0.849767
v 0.236021 0.365694 0.849772
v 0.270536 0.322210 0.849767
v 0.300469 0.296870 0.849769
v 0.374515 0.740601 0.849769
v 0.333585 0.724113 0.849767
v 0.300469 0.703130 0.849769
v 0.267112 0.674237 0.849767
v 0.233436 0.630104 0.849765
v 0.522762 0.741657 0.849769
v 0.468157 0.751771 0.849768
v 0.412655 0.749696 0.849767
v 0.684574 0.407293 0.849768
v 0.695763 0.444871 0.849769
v 0.701952 0.488554 0.849768
v 0.698350 0.543980 0.849768
v 0.216204 0.594866 0.849769
v 0.202908 0.552792 0.849768
v 0.197340 0.497533 0.849768
v 0.201112 0.458506 0.849769
v 0.601248 0.298070 0.849766
v 0.641730 0.336082 0.849766
v 0.664534 0.367984 0.849769
v 0.675120 0.487567 0.836828
v 0.666947 0.438588 0.836828
v 0.648260 0.392582 0.836828
v 0.619966 0.351776 0.836828
v 0.583432 0.318144 0.836828
v 0.551832 0.298318 0.836828
v 0.517142 0.284597 0.836828
v 0.468406 0.275078 0.836828
v 0.418769 0.276446 0.836828
v 0.370633 0.288636 0.836828
v 0.336751 0.304247 0.836828
v 0.306291 0.325784 0.836828
v 0.271666 0.361376 0.836828
v 0.250976 0.392419 0.836828
v 0.236305 0.426717 0.836828
v 0.225446 0.475172 0.836828
v 0.224076 0.512452 0.836828
v 0.229539 0.549354 0.836828
v 0.240348 0.585060 0.836828
v 0.257497 0.618189 0.836828
v 0.279314 0.648450 0.836828
v 0.306291 0.674216 0.836828
v 0.336751 0.695753 0.836828
v 0.370633 0.711364 0.836828
v 0.406436 0.721844 0.836828
v 0.443550 0.725607 0.836828
v 0.480816 0.723894 0.836828
v 0.517142 0.715402 0.836828
v 0.562616 0.695456 0.836828
v 0.602627 0.666047 0.836828
v 0.635239 0.628601 0.836828
v 0.658872 0.584930 0.836828
v 0.672385 0.537148 0.836828
v 0.645221 0.532615 0.825459
v 0.648225 0.500000 0.825459
v 0.618315 0.509299 0.815584
v 0.617802 0.481402 0.815584
v 0.584376 0.473715 0.807244
v 0.548658 0.483927 0.799728
v 0.645221 0.467385 0.825459
v 0.633358 0.425433 0.825459
v 0.612202 0.454068 0.815584
v 0.598226 0.419659 0.815584
v 0.570709 0.434550 0.807244
v 0.539497 0.454685 0.799691
v 0.618837 0.396074 0.825459
v 0.599199 0.369862 0.825459
v 0.577065 0.389139 0.815584
v 0.550678 0.407118 0.807244
v 0.520591 0.428939 0.799743
v 0.501954 0.414531 0.799714
v 0.567123 0.340334 0.825459
v 0.557244 0.369500 0.815584
v 0.534171 0.353812 0.815584
v 0.518526 0.380909 0.807244
v 0.487096 0.368028 0.807244
v 0.539379 0.322927 0.825459
v 0.508921 0.310880 0.825459
v 0.500160 0.338894 0.815584
v 0.458625 0.400109 0.799729
v 0.463709 0.331774 0.815584
v 0.431324 0.363159 0.807072
v 0.430593 0.401409 0.799725
v 0.466133 0.302522 0.825459
v 0.435808 0.331518 0.815584
v 0.433381 0.302222 0.825459
v 0.408331 0.336363 0.815584
v 0.399616 0.412978 0.799724
v 0.360296 0.323196 0.825459
v 0.332237 0.340091 0.825459
v 0.349646 0.363778 0.815584
v 0.328775 0.382294 0.815584
v 0.359703 0.396569 0.807244
v 0.370277 0.437983 0.799726
v 0.307736 0.361828 0.825459
v 0.280958 0.396232 0.825459
v 0.310840 0.403669 0.815584
v 0.297112 0.427959 0.815584
v 0.330999 0.431418 0.807244
v 0.354233 0.468953 0.799727
v 0.265901 0.425319 0.825459
v 0.256411 0.456667 0.825459
v 0.287089 0.453998 0.815584
v 0.281991 0.481430 0.815584
v 0.312668 0.484173 0.807068
v 0.349167 0.499400 0.799734
v 0.251615 0.500000 0.825459
v 0.281991 0.518569 0.815584
v 0.319000 0.544098 0.807079
v 0.256411 0.543332 0.825459
v 0.290113 0.554810 0.815584
v 0.369810 0.561422 0.799727
v 0.265901 0.574681 0.825459
v 0.305963 0.588397 0.815584
v 0.343896 0.587182 0.807244
v 0.307736 0.638172 0.825459
v 0.332237 0.659908 0.825459
v 0.349646 0.636222 0.815584
v 0.373550 0.650614 0.815584
v 0.377941 0.616835 0.807244
v 0.398757 0.586535 0.799725
v 0.360296 0.676803 0.825459
v 0.401125 0.692090 0.825459
v 0.408331 0.663637 0.815584
v 0.419769 0.633827 0.807244
v 0.429610 0.598407 0.799726
v 0.457469 0.599987 0.799729
v 0.433381 0.697778 0.825459
v 0.466133 0.697477 0.825459
v 0.463709 0.668226 0.815584
v 0.464848 0.636317 0.807244
v 0.481631 0.595276 0.799722
v 0.508921 0.689119 0.825459
v 0.491271 0.663886 0.815584
v 0.517576 0.654585 0.815584
v 0.508293 0.624035 0.807244
v 0.539379 0.677073 0.825459
v 0.567123 0.659665 0.825459
v 0.542236 0.641531 0.815584
v 0.564096 0.624191 0.815584
v 0.553406 0.591118 0.807095
v 0.524288 0.567033 0.799723
v 0.540437 0.543236 0.799726
v 0.599199 0.630138 0.825459
v 0.583181 0.603838 0.815584
v 0.598226 0.580341 0.815584
v 0.578207 0.548097 0.807244
v 0.624040 0.594311 0.825459
v 0.549589 0.511128 0.799724
v 0.637472 0.564438 0.825459
v 0.612202 0.545931 0.815584
v 0.587075 0.507575 0.807244
v 0.401125 0.307909 0.825459
v 0.387677 0.377302 0.807244
v 0.373550 0.349385 0.815584
v 0.280958 0.603768 0.825459
v 0.328775 0.617705 0.815584
v 0.435808 0.668482 0.815584
v 0.042626 0.723557 0.684229
v 0.042533 0.746200 0.660431
v 0.037245 0.724792 0.680084
v 0.042535 0.764732 0.636505
v 0.042521 0.781166 0.610855
v 0.042518 0.795284 0.583145
v 0.042518 0.806698 0.554276
v 0.042517 0.815294 0.524429
v 0.042514 0.820991 0.493919
v 0.042307 0.823657 0.462771
v 0.042454 0.823488 0.431860
v 0.042506 0.820317 0.401016
v 0.042627 0.814651 0.372574
v 0.037267 0.810467 0.365143
v 0.042501 0.805143 0.340836
v 0.042496 0.793308 0.312111
v 0.042497 0.778782 0.284660
v 0.042893 0.762218 0.259628
v 0.037332 0.755604 0.254265
v 0.042494 0.742161 0.234516
v 0.042488 0.720421 0.212299
v 0.042484 0.696648 0.192267
v 0.042632 0.673620 0.176211
v 0.037347 0.662895 0.172218
v 0.042486 0.643909 0.159474
v 0.042626 0.620404 0.149016
v 0.038726 0.607017 0.145618
v 0.042475 0.585322 0.137135
v 0.042473 0.554935 0.130391
v 0.042626 0.530795 0.127278
v 0.035341 0.516155 0.129450
v 0.042450 0.492041 0.125729
v 0.042520 0.461820 0.127829
v 0.042521 0.431177 0.132958
v 0.042626 0.408730 0.138932
v 0.042625 0.379593 0.149019
v 0.037186 0.393764 0.146072
v 0.042626 0.351555 0.161827
v 0.035330 0.365784 0.158489
v 0.042626 0.324860 0.177239
v 0.035315 0.338341 0.172764
v 0.042623 0.299744 0.195114
v 0.035316 0.312424 0.189590
v 0.042919 0.275978 0.215832
v 0.035290 0.288269 0.208866
v 0.042625 0.255165 0.237625
v 0.035243 0.266060 0.230499
v 0.042625 0.236114 0.261848
v 0.035381 0.245998 0.253960
v 0.042625 0.219444 0.287788
v 0.037027 0.227192 0.279251
v 0.037063 0.212055 0.306465
v 0.043013 0.204752 0.316536
v 0.042484 0.195595 0.338669
v 0.042483 0.186325 0.368431
v 0.042487 0.179964 0.398926
v 0.042428 0.176585 0.429902
v 0.042263 0.176243 0.461032
v 0.042498 0.178721 0.492083
v 0.042501 0.184265 0.522729
v 0.042504 0.192719 0.552683
v 0.042508 0.204012 0.581695
v 0.042511 0.218030 0.609476
v 0.042515 0.234648 0.635790
v 0.042512 0.253704 0.660362
v 0.042520 0.275043 0.683014
v 0.042625 0.299744 0.704414
v 0.036953 0.297806 0.699833
v 0.042527 0.323646 0.721642
v 0.043066 0.351745 0.737812
v 0.036940 0.349625 0.734047
v 0.041977 0.377296 0.749367
v 0.042356 0.407066 0.760023
v 0.045033 0.437809 0.768783
v 0.035075 0.437038 0.764055
v 0.045183 0.468569 0.773341
v 0.035038 0.467672 0.768622
v 0.046492 0.500263 0.775638
v 0.035171 0.499383 0.770376
v 0.043564 0.672699 0.664772
v 0.049769 0.672201 0.664180
v 0.049769 0.641586 0.685864
v 0.043731 0.692612 0.647049
v 0.049770 0.703178 0.635529
v 0.041530 0.711136 0.627792
v 0.043442 0.726898 0.606339
v 0.049769 0.735088 0.593025
v 0.043600 0.740944 0.583679
v 0.043577 0.752735 0.559860
v 0.049769 0.752118 0.559595
v 0.049693 0.760998 0.535706
v 0.043532 0.769211 0.509209
v 0.049769 0.771749 0.493792
v 0.043534 0.773691 0.482975
v 0.049769 0.775145 0.440763
v 0.041453 0.776099 0.456333
v 0.043518 0.774977 0.429773
v 0.034073 0.779487 0.429190
v 0.049769 0.771075 0.403471
v 0.043529 0.771767 0.403317
v 0.035869 0.775119 0.402699
v 0.028439 0.782302 0.400749
v 0.049769 0.761082 0.362469
v 0.043495 0.766012 0.377304
v 0.035878 0.769268 0.376320
v 0.029772 0.774769 0.374703
v 0.041466 0.758188 0.351738
v 0.032594 0.763342 0.349671
v 0.027512 0.769569 0.346947
v 0.049769 0.739439 0.313919
v 0.043530 0.747154 0.327561
v 0.035933 0.750122 0.325836
v 0.028436 0.756515 0.322052
v 0.024943 0.764006 0.313690
v 0.043540 0.734161 0.304245
v 0.034129 0.737869 0.301582
v 0.027526 0.744698 0.297173
v 0.049769 0.708887 0.270456
v 0.043558 0.719036 0.282349
v 0.035857 0.721821 0.280266
v 0.029755 0.726215 0.276672
v 0.025809 0.726654 0.264279
v 0.024815 0.712463 0.237709
v 0.025130 0.731449 0.251026
v 0.043543 0.701874 0.261990
v 0.035849 0.704330 0.259606
v 0.028422 0.709343 0.254105
v 0.049769 0.682359 0.243929
v 0.043541 0.682812 0.243355
v 0.035882 0.685009 0.240730
v 0.028438 0.689438 0.234779
v 0.025420 0.695178 0.229459
v 0.025131 0.688958 0.210260
v 0.028052 0.706963 0.215588
v 0.049693 0.662380 0.228096
v 0.039559 0.662838 0.225571
v 0.030983 0.666058 0.220440
v 0.025807 0.664154 0.207247
v 0.028072 0.683409 0.196644
v 0.049769 0.639414 0.212728
v 0.041462 0.639902 0.211647
v 0.032581 0.642675 0.206831
v 0.027513 0.645832 0.200937
v 0.024861 0.598212 0.162479
v 0.025131 0.639432 0.178422
v 0.029077 0.658802 0.178386
v 0.049769 0.601627 0.193923
v 0.043524 0.616156 0.199728
v 0.035876 0.617502 0.196596
v 0.028438 0.620003 0.189592
v 0.024995 0.610119 0.174581
v 0.028074 0.631436 0.166154
v 0.033427 0.634328 0.160395
v 0.041452 0.591557 0.189210
v 0.032570 0.593377 0.183950
v 0.027515 0.595318 0.177554
v 0.028070 0.603410 0.154781
v 0.033427 0.605786 0.148786
v 0.033342 0.675003 0.716492
v 0.042557 0.675201 0.722366
v 0.028067 0.470191 0.760933
v 0.028069 0.500362 0.762355
v 0.025131 0.487906 0.754602
v 0.024855 0.441400 0.742170
v 0.025420 0.457522 0.740672
v 0.025420 0.514203 0.743413
v 0.027514 0.472580 0.736887
v 0.027514 0.500430 0.738191
v 0.034070 0.473232 0.728737
v 0.032572 0.500139 0.731504
v 0.041455 0.500106 0.725947
v 0.043518 0.473415 0.724189
v 0.049769 0.489056 0.724843
v 0.028071 0.440292 0.756609
v 0.025131 0.429558 0.746599
v 0.027509 0.445091 0.732897
v 0.032558 0.446068 0.726290
v 0.039539 0.446804 0.721706
v 0.049693 0.446144 0.719227
v 0.033402 0.408909 0.755493
v 0.028059 0.410934 0.749376
v 0.024927 0.383186 0.722878
v 0.027509 0.417930 0.726284
v 0.032535 0.419723 0.719853
v 0.039518 0.420799 0.715317
v 0.049692 0.420387 0.712772
v 0.033391 0.379730 0.745184
v 0.028077 0.382454 0.739452
v 0.025130 0.373836 0.727533
v 0.027526 0.391586 0.717033
v 0.034066 0.394577 0.709442
v 0.043542 0.396057 0.705139
v 0.049769 0.396299 0.704467
v 0.029079 0.354446 0.728497
v 0.025118 0.349997 0.705013
v 0.027504 0.366341 0.705360
v 0.032622 0.369148 0.699234
v 0.039584 0.371300 0.695133
v 0.049657 0.371353 0.692585
v 0.033442 0.325294 0.716732
v 0.028070 0.328964 0.711407
v 0.025209 0.322529 0.698361
v 0.024815 0.298026 0.671845
v 0.027514 0.342270 0.691238
v 0.034073 0.346657 0.684353
v 0.043570 0.348900 0.680397
v 0.049769 0.340099 0.673863
v 0.029055 0.303600 0.695290
v 0.025813 0.302555 0.666039
v 0.028440 0.321247 0.673683
v 0.035864 0.325275 0.667477
v 0.043571 0.327354 0.664745
v 0.033450 0.277202 0.678196
v 0.028059 0.281902 0.673672
v 0.025040 0.292644 0.672661
v 0.029741 0.301247 0.653854
v 0.035902 0.305076 0.649456
v 0.043511 0.307445 0.647087
v 0.049769 0.307909 0.646559
v 0.033405 0.256239 0.655541
v 0.028052 0.261276 0.651518
v 0.025210 0.258866 0.637260
v 0.027521 0.279808 0.636074
v 0.032553 0.284754 0.631599
v 0.039565 0.288237 0.628460
v 0.049693 0.289282 0.626133
v 0.033403 0.237467 0.631064
v 0.028059 0.242920 0.627577
v 0.025049 0.255054 0.617144
v 0.027514 0.262884 0.613995
v 0.032572 0.268207 0.609915
v 0.039533 0.272012 0.607262
v 0.049693 0.273241 0.604973
v 0.033409 0.221199 0.604833
v 0.028076 0.227005 0.602065
v 0.025040 0.237570 0.604068
v 0.024815 0.217958 0.552546
v 0.027424 0.239254 0.574163
v 0.029762 0.251156 0.588425
v 0.035865 0.256100 0.585506
v 0.043514 0.259062 0.583798
v 0.049769 0.254274 0.573884
v 0.033429 0.207562 0.577301
v 0.028070 0.213578 0.574968
v 0.025209 0.215318 0.560456
v 0.025420 0.225117 0.554019
v 0.034071 0.243185 0.561954
v 0.043519 0.247243 0.559893
v 0.033425 0.196623 0.548479
v 0.028068 0.202835 0.546726
v 0.028439 0.227741 0.539055
v 0.035861 0.234559 0.536083
v 0.043523 0.237803 0.534998
v 0.049769 0.238459 0.534749
v 0.033428 0.188505 0.518718
v 0.028070 0.194851 0.517563
v 0.025040 0.204404 0.522579
v 0.027515 0.218467 0.512434
v 0.034072 0.226415 0.510514
v 0.043516 0.230797 0.509296
v 0.049769 0.229043 0.498434
v 0.033427 0.183306 0.488338
v 0.028070 0.189736 0.487803
v 0.025131 0.195932 0.474511
v 0.025049 0.205330 0.484140
v 0.027515 0.213734 0.484964
v 0.034072 0.221832 0.483841
v 0.043522 0.226310 0.483024
v 0.033425 0.181063 0.457604
v 0.028068 0.187514 0.457678
v 0.024815 0.202501 0.409703
v 0.027514 0.211672 0.457168
v 0.034074 0.219844 0.456826
v 0.043518 0.224377 0.456463
v 0.049769 0.224741 0.445473
v 0.033426 0.181795 0.426784
v 0.028067 0.188211 0.427484
v 0.025209 0.196489 0.415476
v 0.025420 0.208156 0.414333
v 0.027513 0.212302 0.429313
v 0.032571 0.218993 0.429501
v 0.041454 0.224540 0.429867
v 0.033424 0.185499 0.396189
v 0.028070 0.191813 0.397503
v 0.027516 0.215621 0.401632
v 0.032569 0.222260 0.402472
v 0.041453 0.227747 0.403374
v 0.049769 0.230695 0.392668
v 0.033418 0.192130 0.366093
v 0.028070 0.198285 0.367981
v 0.025040 0.204425 0.376869
v 0.026065 0.222265 0.359629
v 0.027515 0.221600 0.374420
v 0.034074 0.229520 0.376427
v 0.043522 0.233972 0.377365
v 0.033439 0.201661 0.336708
v 0.028072 0.207601 0.339287
v 0.025131 0.219264 0.330360
v 0.024815 0.239571 0.300479
v 0.025420 0.230475 0.332361
v 0.029772 0.233559 0.349045
v 0.035901 0.239014 0.350922
v 0.043492 0.242199 0.352032
v 0.049769 0.246682 0.341991
v 0.029076 0.217831 0.310986
v 0.027518 0.241289 0.322380
v 0.032590 0.247366 0.325085
v 0.041460 0.252375 0.327477
v 0.030478 0.231426 0.283173
v 0.026440 0.237737 0.286867
v 0.025420 0.258053 0.282766
v 0.027507 0.254772 0.297966
v 0.032604 0.260616 0.301327
v 0.041435 0.265339 0.304123
v 0.049769 0.266396 0.304668
v 0.028047 0.251354 0.260323
v 0.025038 0.253735 0.270798
v 0.027505 0.270565 0.275044
v 0.032670 0.276127 0.278919
v 0.041439 0.280498 0.282169
v 0.049769 0.288076 0.274056
v 0.028030 0.270966 0.237137
v 0.025133 0.285019 0.233322
v 0.024995 0.291695 0.238909
v 0.027509 0.288509 0.253666
v 0.032577 0.293678 0.257980
v 0.041485 0.297680 0.261761
v 0.028036 0.292503 0.216072
v 0.025118 0.320157 0.214489
v 0.028440 0.309395 0.235825
v 0.035912 0.314877 0.240978
v 0.043528 0.317158 0.243420
v 0.049769 0.325783 0.236614
v 0.028016 0.316078 0.197090
v 0.025130 0.330608 0.196045
v 0.027501 0.330070 0.216667
v 0.034073 0.335064 0.223209
v 0.043544 0.337929 0.226727
v 0.028064 0.341316 0.180527
v 0.024855 0.375547 0.178763
v 0.025420 0.363377 0.189457
v 0.027509 0.353435 0.201428
v 0.034122 0.357670 0.208374
v 0.043525 0.360210 0.212143
v 0.049769 0.360586 0.212728
v 0.028059 0.367969 0.166447
v 0.025130 0.382519 0.168234
v 0.028431 0.378506 0.190264
v 0.035852 0.382294 0.196659
v 0.043538 0.383812 0.199755
v 0.049769 0.394011 0.195699
v 0.029078 0.395004 0.153381
v 0.024927 0.433980 0.160155
v 0.028438 0.404139 0.179750
v 0.035872 0.407337 0.186522
v 0.043511 0.408455 0.189706
v 0.033441 0.423565 0.140043
v 0.028073 0.424805 0.146346
v 0.025131 0.438802 0.150897
v 0.027517 0.430551 0.169839
v 0.034073 0.432629 0.177731
v 0.043512 0.433994 0.182087
v 0.049769 0.444797 0.180069
v 0.033434 0.453817 0.134101
v 0.028071 0.454494 0.140512
v 0.024997 0.491829 0.153205
v 0.027514 0.457897 0.164436
v 0.034073 0.459226 0.172505
v 0.043521 0.460136 0.176963
v 0.033427 0.484462 0.131113
v 0.028069 0.484532 0.137565
v 0.025131 0.497351 0.144709
v 0.024815 0.532867 0.151389
v 0.027515 0.485633 0.161705
v 0.032573 0.486251 0.168370
v 0.039549 0.486558 0.173006
v 0.049693 0.487801 0.175254
v 0.028069 0.514740 0.137529
v 0.027515 0.513505 0.161663
v 0.032573 0.513471 0.168357
v 0.039549 0.513331 0.173001
v 0.049693 0.514352 0.175358
v 0.049693 0.540771 0.178024
v 0.039550 0.539986 0.175581
v 0.032574 0.540578 0.170972
v 0.027514 0.541247 0.164312
v 0.025420 0.556483 0.161259
v 0.025209 0.556187 0.149541
v 0.028069 0.544821 0.140410
v 0.033427 0.545964 0.134067
v 0.049769 0.565812 0.182760
v 0.043521 0.565951 0.182071
v 0.034074 0.566796 0.177601
v 0.027514 0.568606 0.169623
v 0.028069 0.574467 0.146182
v 0.033428 0.576231 0.139977
v 0.035872 0.777087 0.483349
v 0.032573 0.781655 0.456442
v 0.025810 0.779853 0.363461
v 0.025130 0.765320 0.299214
v 0.028073 0.728599 0.236691
v 0.033439 0.687462 0.191576
v 0.039575 0.763550 0.535339
v 0.035896 0.772533 0.509934
v 0.027513 0.787634 0.428471
v 0.029111 0.749512 0.258339
v 0.033378 0.711410 0.210781
v 0.028438 0.784529 0.483498
v 0.027513 0.788352 0.456310
v 0.025450 0.794501 0.430693
v 0.024815 0.798442 0.417473
v 0.025131 0.789316 0.352974
v 0.028083 0.765377 0.284577
v 0.033475 0.733540 0.232487
v 0.035836 0.755966 0.561127
v 0.032559 0.768066 0.536904
v 0.028430 0.779938 0.510811
v 0.028037 0.779953 0.310875
v 0.034091 0.745041 0.585663
v 0.025131 0.802517 0.410372
v 0.028084 0.792152 0.338631
v 0.033415 0.770908 0.281357
v 0.035857 0.729660 0.608475
v 0.028445 0.763016 0.563477
v 0.027507 0.774437 0.538445
v 0.024966 0.790128 0.513693
v 0.029077 0.803219 0.366478
v 0.033402 0.785904 0.308235
v 0.025131 0.804452 0.469229
v 0.028062 0.808046 0.396847
v 0.033449 0.798275 0.336563
v 0.043415 0.651123 0.680359
v 0.034119 0.695923 0.650116
v 0.032479 0.715423 0.631256
v 0.028375 0.736297 0.611984
v 0.027495 0.752190 0.589569
v 0.028069 0.811743 0.426760
v 0.035881 0.674850 0.667359
v 0.024928 0.770195 0.573166
v 0.025209 0.795362 0.527538
v 0.028068 0.812502 0.456964
v 0.033427 0.814461 0.395973
v 0.035928 0.653168 0.683304
v 0.027556 0.720779 0.635681
v 0.025039 0.781938 0.564629
v 0.028071 0.810354 0.487091
v 0.033424 0.818186 0.426502
v 0.028500 0.679947 0.672562
v 0.027547 0.701904 0.656006
v 0.024900 0.743835 0.619705
v 0.028057 0.805274 0.516945
v 0.033428 0.818947 0.457357
v 0.029872 0.656555 0.687798
v 0.025049 0.706211 0.663056
v 0.025127 0.760525 0.608498
v 0.028067 0.797378 0.546036
v 0.033431 0.816718 0.488041
v 0.028018 0.786602 0.574158
v 0.033399 0.811506 0.518555
v 0.025900 0.647766 0.702294
v 0.025130 0.725181 0.655602
v 0.028048 0.773338 0.601380
v 0.033387 0.803455 0.548241
v 0.024815 0.648798 0.710484
v 0.028085 0.757568 0.627030
v 0.033340 0.792442 0.576920
v 0.024991 0.669723 0.702316
v 0.028051 0.739044 0.650940
v 0.033293 0.778763 0.604645
v 0.026963 0.695557 0.691345
v 0.029118 0.719925 0.674210
v 0.033596 0.762611 0.631119
v 0.033434 0.743851 0.655609
v 0.028049 0.671570 0.711014
v 0.035370 0.700409 0.700043
v 0.042634 0.700333 0.704376
v 0.042638 0.648498 0.737679
v 0.037001 0.649811 0.734345
v 0.030579 0.647156 0.729614
v 0.026440 0.643477 0.723144
v 0.029715 0.632522 0.702042
v 0.035800 0.629806 0.696777
v 0.043610 0.628158 0.693909
v 0.045188 0.620972 0.751495
v 0.034912 0.621109 0.746422
v 0.028078 0.618164 0.739082
v 0.025130 0.603725 0.736660
v 0.026482 0.610916 0.718037
v 0.032522 0.606331 0.710686
v 0.041429 0.604248 0.705536
v 0.049769 0.593593 0.708664
v 0.034926 0.591926 0.756733
v 0.028064 0.589638 0.749161
v 0.024815 0.539502 0.747344
v 0.025420 0.570356 0.735214
v 0.027503 0.582847 0.726055
v 0.034054 0.580444 0.718228
v 0.043578 0.578857 0.713949
v 0.046417 0.562401 0.769526
v 0.034958 0.561813 0.764172
v 0.028072 0.560364 0.756472
v 0.025131 0.546705 0.751247
v 0.028444 0.555820 0.730793
v 0.035872 0.553757 0.723669
v 0.043528 0.552975 0.720328
v 0.049769 0.542108 0.721822
v 0.046427 0.531780 0.774011
v 0.034966 0.531174 0.768681
v 0.028068 0.530506 0.760861
v 0.027514 0.528253 0.736803
v 0.032574 0.527342 0.730174
v 0.041451 0.526754 0.724649
v 0.049770 0.597282 0.682716
v 0.049768 0.645859 0.655819
v 0.049771 0.687385 0.618919
v 0.049770 0.719849 0.573845
v 0.049770 0.630091 0.233429
v 0.049769 0.594866 0.216204
v 0.049770 0.552793 0.202910
v 0.049770 0.497534 0.197340
v 0.049769 0.458506 0.201112
v 0.049770 0.415702 0.211819
v 0.049769 0.740601 0.374515
v 0.049770 0.724119 0.333580
v 0.049769 0.703130 0.300469
v 0.049770 0.674250 0.267111
v 0.049770 0.741653 0.522774
v 0.049770 0.751771 0.468156
v 0.049770 0.749699 0.412653
v 0.049770 0.273656 0.337990
v 0.049769 0.259399 0.374515
v 0.049770 0.249625 0.417538
v 0.049769 0.248000 0.456716
v 0.049770 0.252726 0.500582
v 0.049770 0.269823 0.553429
v 0.049770 0.407291 0.684572
v 0.049769 0.444871 0.695763
v 0.049770 0.488553 0.701952
v 0.049770 0.543978 0.698350
v 0.049770 0.365709 0.236009
v 0.049769 0.334436 0.259662
v 0.049770 0.303577 0.291203
v 0.049770 0.298062 0.601256
v 0.049770 0.336071 0.641747
v 0.049769 0.367984 0.664534
v 0.216089 0.724504 0.042491
v 0.238513 0.745667 0.042543
v 0.263627 0.765051 0.042900
v 0.266903 0.764693 0.037146
v 0.288706 0.781153 0.042523
v 0.316365 0.795288 0.042524
v 0.345254 0.806698 0.042517
v 0.375087 0.815290 0.042515
v 0.405631 0.820992 0.042514
v 0.436769 0.823658 0.042307
v 0.467676 0.823488 0.042454
v 0.498516 0.820319 0.042507
v 0.528978 0.814172 0.042504
v 0.558115 0.805233 0.042892
v 0.563960 0.800872 0.037218
v 0.587415 0.793321 0.042504
v 0.614872 0.778760 0.042494
v 0.640852 0.761678 0.042498
v 0.664998 0.742159 0.042498
v 0.686216 0.721383 0.042892
v 0.690798 0.713337 0.037408
v 0.705489 0.698957 0.042637
v 0.710265 0.688850 0.037428
v 0.724943 0.671078 0.042488
v 0.740066 0.643902 0.042498
v 0.751088 0.618736 0.042881
v 0.753920 0.607017 0.038726
v 0.762403 0.585324 0.042475
v 0.768125 0.559620 0.042910
v 0.767044 0.546926 0.035342
v 0.772260 0.530797 0.042626
v 0.770090 0.516154 0.035343
v 0.773809 0.492038 0.042450
v 0.772153 0.468574 0.042924
v 0.767872 0.438696 0.042626
v 0.767247 0.454445 0.035342
v 0.761385 0.424132 0.035338
v 0.758207 0.400315 0.042450
v 0.750525 0.379602 0.042625
v 0.737716 0.351553 0.042628
v 0.741774 0.365016 0.037115
v 0.721893 0.324307 0.042923
v 0.727417 0.337695 0.037170
v 0.704408 0.299749 0.042628
v 0.709911 0.312427 0.035345
v 0.683710 0.275978 0.042922
v 0.690639 0.288278 0.035341
v 0.661913 0.255168 0.042624
v 0.669161 0.266098 0.035326
v 0.637686 0.236111 0.042627
v 0.645539 0.245995 0.035292
v 0.611098 0.219124 0.042922
v 0.620211 0.228343 0.035302
v 0.589603 0.207677 0.042478
v 0.560867 0.195593 0.042482
v 0.531107 0.186326 0.042485
v 0.500613 0.179964 0.042488
v 0.469637 0.176586 0.042428
v 0.438507 0.176243 0.042262
v 0.407455 0.178721 0.042498
v 0.376812 0.184264 0.042501
v 0.346846 0.192721 0.042504
v 0.317854 0.204012 0.042508
v 0.290045 0.218029 0.042510
v 0.261852 0.236104 0.042627
v 0.267972 0.234711 0.037076
v 0.235744 0.254562 0.046279
v 0.243199 0.253530 0.036984
v 0.214405 0.275883 0.045005
v 0.220383 0.274655 0.036944
v 0.193215 0.299417 0.046287
v 0.200998 0.297789 0.035194
v 0.175335 0.324632 0.046306
v 0.182646 0.322696 0.035170
v 0.160803 0.351135 0.045003
v 0.165514 0.349627 0.036975
v 0.147592 0.378492 0.046335
v 0.152174 0.378247 0.036857
v 0.137433 0.407492 0.046380
v 0.143019 0.406975 0.035111
v 0.130003 0.437753 0.046401
v 0.135495 0.437040 0.035081
v 0.130913 0.467695 0.035043
v 0.124595 0.499970 0.045284
v 0.129161 0.499377 0.035172
v 0.234525 0.673047 0.041462
v 0.245278 0.684310 0.049769
v 0.213679 0.641586 0.049769
v 0.252493 0.692613 0.043485
v 0.271779 0.711149 0.041436
v 0.284503 0.720166 0.049769
v 0.293224 0.726968 0.043580
v 0.315637 0.741416 0.041447
v 0.329885 0.747818 0.049769
v 0.339702 0.752781 0.043522
v 0.364641 0.762222 0.043481
v 0.379718 0.766230 0.049769
v 0.390291 0.769698 0.041456
v 0.415577 0.772651 0.049693
v 0.416445 0.775073 0.039551
v 0.443124 0.774920 0.049769
v 0.443204 0.776100 0.041453
v 0.485289 0.772992 0.049769
v 0.469767 0.774978 0.043521
v 0.470336 0.779491 0.034072
v 0.496373 0.772220 0.041450
v 0.497252 0.777718 0.032559
v 0.522014 0.765341 0.049769
v 0.522407 0.766452 0.041476
v 0.523785 0.771816 0.032559
v 0.525936 0.778175 0.027500
v 0.546210 0.757311 0.049693
v 0.548227 0.759010 0.039555
v 0.550592 0.764590 0.030980
v 0.562729 0.770189 0.025812
v 0.585624 0.739436 0.049769
v 0.572265 0.747523 0.041455
v 0.574856 0.752435 0.032622
v 0.577927 0.758306 0.027531
v 0.595304 0.734188 0.043611
v 0.597084 0.737025 0.035729
v 0.601646 0.742958 0.028446
v 0.616773 0.741947 0.025421
v 0.617060 0.749248 0.024815
v 0.629086 0.708883 0.049769
v 0.617219 0.719052 0.043677
v 0.619171 0.721861 0.035828
v 0.624445 0.727095 0.028446
v 0.648516 0.731469 0.025129
v 0.637585 0.701897 0.043421
v 0.639961 0.704309 0.035969
v 0.644068 0.708136 0.029815
v 0.661953 0.704743 0.025206
v 0.655610 0.682359 0.049769
v 0.656184 0.682804 0.043607
v 0.659777 0.685633 0.034022
v 0.665936 0.690872 0.027560
v 0.689280 0.688951 0.025132
v 0.685534 0.708091 0.029070
v 0.671446 0.662380 0.049688
v 0.673943 0.662823 0.039663
v 0.677679 0.665337 0.032450
v 0.683430 0.668971 0.027512
v 0.695681 0.661108 0.025421
v 0.713730 0.642951 0.024815
v 0.704556 0.684324 0.029090
v 0.686085 0.640206 0.049658
v 0.688653 0.640427 0.039507
v 0.692732 0.642508 0.032599
v 0.698641 0.645590 0.027475
v 0.715807 0.647983 0.025040
v 0.719399 0.658260 0.028071
v 0.724797 0.661619 0.033470
v 0.705620 0.601631 0.049769
v 0.700267 0.616293 0.041486
v 0.705320 0.618703 0.032541
v 0.711533 0.620904 0.027556
v 0.722053 0.610861 0.025421
v 0.733616 0.612813 0.025209
v 0.733391 0.631271 0.028056
v 0.739152 0.634130 0.033508
v 0.709849 0.591500 0.043532
v 0.713093 0.592676 0.035755
v 0.718555 0.594293 0.029805
v 0.729601 0.583403 0.026065
v 0.744755 0.603159 0.028070
v 0.750745 0.605780 0.033466
v 0.183000 0.674981 0.033437
v 0.177183 0.675216 0.042530
v 0.195205 0.700496 0.042532
v 0.138605 0.470190 0.028069
v 0.137182 0.500360 0.028069
v 0.146853 0.463875 0.025062
v 0.144817 0.517296 0.025209
v 0.152551 0.498676 0.024900
v 0.160606 0.441028 0.025450
v 0.162649 0.472589 0.027512
v 0.161343 0.500433 0.027513
v 0.170804 0.473237 0.034071
v 0.168033 0.500143 0.032571
v 0.173591 0.500107 0.041454
v 0.175350 0.473421 0.043521
v 0.174694 0.489058 0.049769
v 0.142940 0.440311 0.028074
v 0.167925 0.396683 0.024815
v 0.166637 0.444992 0.027514
v 0.173255 0.445999 0.032579
v 0.177832 0.446819 0.039548
v 0.180310 0.446150 0.049693
v 0.150137 0.410942 0.028071
v 0.157200 0.416420 0.024990
v 0.173266 0.417930 0.027511
v 0.179756 0.419497 0.032602
v 0.184238 0.420809 0.039554
v 0.186766 0.420395 0.049693
v 0.156990 0.381042 0.030501
v 0.163824 0.383577 0.026440
v 0.183160 0.376114 0.025420
v 0.182480 0.391618 0.027515
v 0.190104 0.394591 0.034065
v 0.194407 0.396084 0.043533
v 0.195071 0.396299 0.049769
v 0.171019 0.354494 0.029087
v 0.185479 0.347614 0.025132
v 0.194163 0.366345 0.027528
v 0.200251 0.369173 0.032570
v 0.204406 0.371275 0.039582
v 0.206952 0.371355 0.049656
v 0.188135 0.329042 0.028056
v 0.210195 0.326063 0.025118
v 0.212752 0.328979 0.026015
v 0.211372 0.344051 0.029759
v 0.216275 0.347108 0.035846
v 0.219136 0.348946 0.043545
v 0.225675 0.340099 0.049769
v 0.205867 0.304534 0.028072
v 0.219671 0.299685 0.025132
v 0.248223 0.277536 0.024815
v 0.227560 0.321785 0.029794
v 0.232112 0.325269 0.035781
v 0.234789 0.327385 0.043437
v 0.224289 0.280869 0.029099
v 0.249559 0.284723 0.025420
v 0.243097 0.298882 0.027507
v 0.249063 0.304415 0.034086
v 0.252448 0.307435 0.043491
v 0.252980 0.307909 0.049769
v 0.246468 0.260120 0.029052
v 0.262318 0.258845 0.025209
v 0.263442 0.279805 0.027526
v 0.267948 0.284749 0.032522
v 0.271032 0.288262 0.039530
v 0.273398 0.289283 0.049694
v 0.270555 0.241608 0.029073
v 0.294649 0.250267 0.025420
v 0.285563 0.262868 0.027522
v 0.289573 0.268319 0.032517
v 0.292313 0.272005 0.039509
v 0.294564 0.273249 0.049695
v 0.294616 0.221214 0.033443
v 0.297570 0.226975 0.028069
v 0.295479 0.237565 0.025040
v 0.346991 0.217958 0.024815
v 0.309220 0.248128 0.027514
v 0.312742 0.253879 0.032553
v 0.315095 0.257862 0.039583
v 0.317172 0.259322 0.049691
v 0.322190 0.207556 0.033413
v 0.324573 0.213576 0.028077
v 0.339078 0.215319 0.025209
v 0.345520 0.225118 0.025420
v 0.334186 0.235755 0.027516
v 0.337122 0.241781 0.032573
v 0.339071 0.245982 0.039564
v 0.341016 0.247648 0.049693
v 0.351017 0.196611 0.033414
v 0.352827 0.202826 0.028069
v 0.360235 0.225827 0.027522
v 0.362882 0.233566 0.034073
v 0.364546 0.237804 0.043537
v 0.364790 0.238459 0.049769
v 0.380840 0.188506 0.033428
v 0.381971 0.194847 0.028072
v 0.376964 0.204403 0.025040
v 0.387160 0.220397 0.028440
v 0.389483 0.227464 0.035865
v 0.390244 0.230798 0.043525
v 0.401105 0.229044 0.049769
v 0.411200 0.183308 0.033428
v 0.411735 0.189735 0.028069
v 0.425108 0.195555 0.025209
v 0.415398 0.205330 0.025049
v 0.414584 0.213733 0.027513
v 0.415707 0.221831 0.034074
v 0.416509 0.226310 0.043524
v 0.441933 0.181064 0.033425
v 0.441858 0.187515 0.028068
v 0.489835 0.202501 0.024815
v 0.442368 0.211672 0.027514
v 0.442713 0.219844 0.034074
v 0.443077 0.224377 0.043518
v 0.443124 0.225080 0.049769
v 0.472771 0.181796 0.033427
v 0.472045 0.188210 0.028067
v 0.464523 0.195928 0.025040
v 0.485206 0.208156 0.025420
v 0.470232 0.212303 0.027514
v 0.470026 0.218991 0.032570
v 0.469667 0.224540 0.041454
v 0.480613 0.226441 0.049769
v 0.503360 0.185498 0.033425
v 0.502042 0.191814 0.028068
v 0.513021 0.201556 0.025131
v 0.497889 0.215618 0.027513
v 0.496663 0.223705 0.034072
v 0.496155 0.228227 0.043520
v 0.533424 0.192137 0.033430
v 0.531546 0.198296 0.028069
v 0.540616 0.220401 0.025420
v 0.524279 0.223333 0.028440
v 0.523000 0.230662 0.035869
v 0.522177 0.233975 0.043520
v 0.522014 0.234659 0.049769
v 0.562814 0.201662 0.033432
v 0.560278 0.207598 0.028068
v 0.569170 0.219265 0.025131
v 0.586066 0.236073 0.024927
v 0.550629 0.231815 0.028440
v 0.548653 0.238985 0.035868
v 0.547503 0.242199 0.043519
v 0.557546 0.246682 0.049769
v 0.591063 0.213964 0.033424
v 0.587947 0.219617 0.028066
v 0.576032 0.242789 0.028440
v 0.573392 0.249751 0.035867
v 0.571921 0.252833 0.043524
v 0.614431 0.234290 0.028071
v 0.620891 0.247439 0.025131
v 0.631294 0.264657 0.024900
v 0.601591 0.254749 0.027511
v 0.597391 0.261781 0.034065
v 0.595214 0.265782 0.043531
v 0.604208 0.272109 0.049769
v 0.639277 0.251434 0.028066
v 0.623106 0.271832 0.028446
v 0.619108 0.278151 0.035903
v 0.617132 0.280901 0.043529
v 0.662367 0.270844 0.028048
v 0.666227 0.285022 0.025131
v 0.660146 0.294647 0.025420
v 0.644297 0.289621 0.028435
v 0.639758 0.295546 0.035859
v 0.637502 0.298078 0.043556
v 0.645118 0.306027 0.049769
v 0.683458 0.292379 0.028078
v 0.691014 0.326392 0.024899
v 0.665336 0.308316 0.027540
v 0.660585 0.313095 0.032554
v 0.656417 0.316787 0.041474
v 0.702449 0.316002 0.028082
v 0.703495 0.330609 0.025131
v 0.682857 0.330204 0.027508
v 0.677623 0.334325 0.032583
v 0.673137 0.337598 0.041443
v 0.678742 0.347170 0.049769
v 0.720471 0.340062 0.029093
v 0.707733 0.361762 0.025866
v 0.695206 0.355474 0.029798
v 0.690305 0.358509 0.035828
v 0.687401 0.360194 0.043542
v 0.736316 0.366718 0.030472
v 0.729756 0.369897 0.026440
v 0.731611 0.407356 0.024997
v 0.711161 0.378098 0.027501
v 0.705211 0.381078 0.032585
v 0.700189 0.383523 0.041447
v 0.703839 0.394011 0.049769
v 0.750672 0.394025 0.033380
v 0.744517 0.395952 0.028053
v 0.734437 0.392088 0.025039
v 0.745087 0.446169 0.024815
v 0.721695 0.403876 0.027517
v 0.715482 0.406429 0.032585
v 0.710256 0.408236 0.041465
v 0.753190 0.424908 0.028075
v 0.748639 0.438792 0.025131
v 0.727777 0.430668 0.028441
v 0.720757 0.433146 0.035876
v 0.717454 0.433979 0.043510
v 0.716778 0.434188 0.049769
v 0.759022 0.454470 0.028068
v 0.742384 0.471626 0.025420
v 0.733174 0.457812 0.028439
v 0.725945 0.459548 0.035866
v 0.722576 0.460133 0.043516
v 0.723539 0.471094 0.049769
v 0.768420 0.484463 0.033422
v 0.761974 0.484550 0.028069
v 0.754831 0.497354 0.025131
v 0.737836 0.485645 0.027514
v 0.731168 0.486239 0.032574
v 0.725619 0.486553 0.041454
v 0.762006 0.514750 0.028068
v 0.744354 0.537982 0.024943
v 0.736001 0.513054 0.028437
v 0.728567 0.513398 0.035868
v 0.725154 0.513283 0.043514
v 0.724448 0.513286 0.049769
v 0.720375 0.550583 0.049769
v 0.722587 0.539794 0.043524
v 0.725972 0.540268 0.035851
v 0.733404 0.540604 0.028433
v 0.749656 0.556016 0.025131
v 0.759128 0.544804 0.028070
v 0.717471 0.565965 0.043512
v 0.720795 0.566616 0.035866
v 0.728164 0.567740 0.028434
v 0.753358 0.574429 0.028078
v 0.759567 0.576317 0.033432
v 0.443090 0.781659 0.032573
v 0.498742 0.784233 0.027509
v 0.600329 0.765344 0.025130
v 0.662880 0.728701 0.028050
v 0.415875 0.779691 0.032576
v 0.471098 0.787636 0.027512
v 0.522769 0.787939 0.024927
v 0.639817 0.747984 0.028136
v 0.363735 0.765501 0.035829
v 0.389132 0.775151 0.032573
v 0.443233 0.788353 0.027512
v 0.536786 0.791729 0.025039
v 0.615020 0.765457 0.028059
v 0.667163 0.733513 0.033302
v 0.338248 0.755873 0.035838
v 0.415432 0.786377 0.027511
v 0.469942 0.796537 0.024900
v 0.559250 0.788675 0.026440
v 0.588489 0.780041 0.028059
v 0.643589 0.753494 0.033348
v 0.361982 0.770983 0.029759
v 0.387916 0.781723 0.027516
v 0.428474 0.793215 0.025421
v 0.489171 0.802518 0.025131
v 0.618235 0.770830 0.033392
v 0.291326 0.729767 0.035829
v 0.313092 0.746353 0.032581
v 0.336115 0.762991 0.028431
v 0.532251 0.801517 0.028057
v 0.562135 0.795387 0.030484
v 0.591386 0.785933 0.033461
v 0.373152 0.781766 0.026065
v 0.367140 0.788589 0.024815
v 0.430311 0.804451 0.025131
v 0.502855 0.808062 0.028063
v 0.219174 0.651124 0.043525
v 0.250078 0.694971 0.035844
v 0.268094 0.715387 0.032600
v 0.287997 0.734468 0.029760
v 0.309968 0.752213 0.027507
v 0.345520 0.774882 0.025421
v 0.472775 0.811742 0.028071
v 0.533591 0.807804 0.033407
v 0.371986 0.795372 0.025209
v 0.442576 0.812503 0.028069
v 0.503681 0.814461 0.033409
v 0.216349 0.653059 0.035828
v 0.230218 0.676570 0.032645
v 0.245991 0.699090 0.029755
v 0.264148 0.720728 0.027518
v 0.295781 0.748093 0.026065
v 0.334932 0.781943 0.025041
v 0.412456 0.810359 0.028070
v 0.472976 0.818183 0.033426
v 0.276780 0.741481 0.024927
v 0.382648 0.805279 0.028076
v 0.442183 0.818939 0.033425
v 0.210520 0.657665 0.028432
v 0.230868 0.688544 0.027425
v 0.291046 0.760540 0.025131
v 0.353513 0.797431 0.028078
v 0.411505 0.816732 0.033429
v 0.233216 0.702802 0.024996
v 0.325163 0.786730 0.028049
v 0.380878 0.811483 0.033415
v 0.204636 0.673265 0.024815
v 0.243945 0.725183 0.025131
v 0.298075 0.773331 0.028042
v 0.351408 0.803463 0.033441
v 0.196361 0.649040 0.025421
v 0.271649 0.759125 0.029093
v 0.322268 0.792474 0.033422
v 0.204525 0.681452 0.025132
v 0.248450 0.739099 0.028038
v 0.294850 0.778942 0.033363
v 0.226315 0.718631 0.028060
v 0.206306 0.696066 0.028046
v 0.244222 0.744013 0.033424
v 0.188514 0.671591 0.028069
v 0.221547 0.722943 0.033355
v 0.201067 0.699867 0.033409
v 0.161523 0.648059 0.042500
v 0.167347 0.648391 0.033427
v 0.173151 0.645599 0.028069
v 0.174231 0.630952 0.025131
v 0.194577 0.634389 0.027520
v 0.200354 0.631012 0.032567
v 0.205276 0.628437 0.041451
v 0.153124 0.621083 0.034934
v 0.160394 0.618210 0.028068
v 0.164573 0.583689 0.024900
v 0.179013 0.610240 0.026065
v 0.186007 0.607617 0.029767
v 0.191249 0.605249 0.035862
v 0.194426 0.603984 0.043520
v 0.190877 0.593599 0.049769
v 0.142810 0.591875 0.034946
v 0.150340 0.589743 0.028070
v 0.154208 0.575583 0.025131
v 0.175438 0.582712 0.028438
v 0.182336 0.579918 0.035865
v 0.185585 0.578866 0.043519
v 0.130014 0.562411 0.046422
v 0.135362 0.561800 0.034959
v 0.143073 0.560401 0.028070
v 0.160544 0.544806 0.025868
v 0.170254 0.554963 0.029761
v 0.177079 0.553571 0.037591
v 0.179897 0.551737 0.049693
v 0.125528 0.531780 0.046428
v 0.130858 0.531167 0.034967
v 0.138675 0.530528 0.028070
v 0.162731 0.528271 0.027512
v 0.170859 0.527334 0.034073
v 0.175356 0.526638 0.043521
v 0.176053 0.526541 0.049769
v 0.214966 0.407292 0.049770
v 0.203775 0.444872 0.049769
v 0.197587 0.488556 0.049770
v 0.201189 0.543984 0.049770
v 0.216822 0.597275 0.049770
v 0.235004 0.632016 0.049769
v 0.261034 0.667649 0.049770
v 0.289506 0.694597 0.049769
v 0.325681 0.719840 0.049770
v 0.677006 0.390043 0.049770
v 0.647456 0.343011 0.049770
v 0.608344 0.303581 0.049770
v 0.561550 0.273655 0.049770
v 0.346113 0.269822 0.049770
v 0.298286 0.298062 0.049770
v 0.257792 0.336080 0.049770
v 0.235004 0.367985 0.049769
v 0.509347 0.254690 0.049770
v 0.454257 0.247598 0.049770
v 0.398956 0.252726 0.049770
v 0.679105 0.605502 0.049770
v 0.692353 0.568596 0.049769
v 0.700938 0.525314 0.049770
v 0.700396 0.469784 0.049770
v 0.692353 0.431404 0.049769
v 0.540588 0.735540 0.049770
v 0.589900 0.709976 0.049771
v 0.632427 0.674265 0.049770
v 0.656936 0.643646 0.049769
v 0.361375 0.736090 0.049769
v 0.403797 0.748220 0.049770
v 0.442823 0.752000 0.049769
v 0.486886 0.749698 0.049770
v 0.853975 0.723663 0.213623
v 0.862436 0.724518 0.219605
v 0.853804 0.745529 0.236206
v 0.862391 0.745895 0.242310
v 0.854364 0.764824 0.261215
v 0.862106 0.781006 0.292664
v 0.860812 0.765354 0.266609
v 0.854368 0.781265 0.286743
v 0.854013 0.795372 0.313629
v 0.862328 0.794987 0.321259
v 0.853898 0.807068 0.342407
v 0.862347 0.805946 0.350433
v 0.857420 0.815313 0.376343
v 0.854514 0.821626 0.402657
v 0.864119 0.818449 0.411003
v 0.853155 0.825311 0.432474
v 0.864109 0.820711 0.441942
v 0.853155 0.825488 0.463429
v 0.860812 0.821582 0.473124
v 0.854456 0.821888 0.495155
v 0.862277 0.817160 0.503960
v 0.853952 0.816341 0.525406
v 0.862262 0.810471 0.534271
v 0.853879 0.807762 0.555206
v 0.862208 0.800926 0.563828
v 0.858047 0.792007 0.588959
v 0.853878 0.782181 0.611755
v 0.862320 0.773300 0.619721
v 0.853767 0.765304 0.637970
v 0.860153 0.757156 0.644714
v 0.853918 0.746231 0.662338
v 0.862410 0.735550 0.668991
v 0.857975 0.718323 0.688355
v 0.855373 0.699158 0.705826
v 0.862256 0.689209 0.710037
v 0.857792 0.669266 0.725510
v 0.854712 0.649078 0.738403
v 0.862163 0.635330 0.741799
v 0.854427 0.622513 0.750977
v 0.853385 0.590469 0.762474
v 0.862179 0.607010 0.753327
v 0.854816 0.561294 0.768833
v 0.862356 0.577316 0.762051
v 0.853331 0.529877 0.773953
v 0.862352 0.546821 0.768042
v 0.855556 0.500025 0.774246
v 0.864175 0.516186 0.770104
v 0.855560 0.468906 0.772726
v 0.864153 0.485252 0.770197
v 0.855614 0.438255 0.768276
v 0.864156 0.454452 0.767292
v 0.862331 0.423569 0.762302
v 0.854895 0.408523 0.761459
v 0.862408 0.393906 0.753426
v 0.854578 0.378998 0.751381
v 0.855619 0.351303 0.738197
v 0.864181 0.365799 0.741119
v 0.855532 0.324341 0.722603
v 0.862310 0.337448 0.727394
v 0.862340 0.311584 0.710449
v 0.854640 0.299133 0.705124
v 0.854732 0.275528 0.684586
v 0.862326 0.287231 0.691208
v 0.862381 0.264892 0.669281
v 0.854981 0.254280 0.662186
v 0.862423 0.244797 0.645798
v 0.853229 0.234421 0.638367
v 0.854749 0.218445 0.611870
v 0.862389 0.227257 0.620209
v 0.853351 0.203316 0.583832
v 0.864241 0.213200 0.593193
v 0.854715 0.192850 0.555649
v 0.864257 0.200703 0.564880
v 0.854703 0.184171 0.525967
v 0.864262 0.191006 0.535553
v 0.853333 0.177556 0.494864
v 0.862448 0.183093 0.504849
v 0.853325 0.174722 0.464030
v 0.862459 0.179269 0.474034
v 0.853318 0.174834 0.433058
v 0.864293 0.179401 0.443742
v 0.854646 0.178437 0.403155
v 0.864300 0.181479 0.412861
v 0.853302 0.183850 0.371855
v 0.862492 0.185731 0.381382
v 0.854626 0.193052 0.343174
v 0.864334 0.194511 0.352417
v 0.853286 0.204264 0.313492
v 0.864337 0.205307 0.323448
v 0.853280 0.218536 0.286015
v 0.864372 0.218906 0.295654
v 0.853276 0.235371 0.260033
v 0.862570 0.234758 0.267988
v 0.853257 0.254564 0.235758
v 0.864388 0.253727 0.244492
v 0.854562 0.275907 0.214399
v 0.862491 0.274557 0.220335
v 0.853243 0.299412 0.193224
v 0.862594 0.297853 0.199719
v 0.853236 0.324654 0.175345
v 0.862568 0.322861 0.181355
v 0.854504 0.351219 0.160827
v 0.864429 0.349350 0.166826
v 0.853205 0.378502 0.147598
v 0.864522 0.378185 0.153355
v 0.853158 0.407509 0.137429
v 0.864426 0.406971 0.143007
v 0.853135 0.437750 0.130002
v 0.864458 0.436998 0.135495
v 0.862655 0.468219 0.129821
v 0.854254 0.499969 0.124595
v 0.864366 0.499378 0.129162
v 0.858082 0.673016 0.234500
v 0.849769 0.684307 0.245281
v 0.849769 0.641586 0.213678
v 0.856007 0.692592 0.252491
v 0.849845 0.709320 0.271755
v 0.849847 0.725544 0.292801
v 0.855977 0.740948 0.315804
v 0.849769 0.747820 0.329876
v 0.856012 0.752771 0.339684
v 0.856031 0.762226 0.364594
v 0.849769 0.761541 0.364790
v 0.849845 0.768079 0.389427
v 0.849845 0.772651 0.415579
v 0.859995 0.775079 0.416418
v 0.849769 0.774920 0.443124
v 0.858083 0.776099 0.443204
v 0.849769 0.772991 0.485291
v 0.856019 0.774978 0.469771
v 0.863675 0.778381 0.470057
v 0.858086 0.772218 0.496380
v 0.866953 0.777679 0.497334
v 0.849883 0.765421 0.520928
v 0.860036 0.767363 0.522625
v 0.867004 0.771832 0.523932
v 0.872030 0.778189 0.526032
v 0.849769 0.751438 0.561867
v 0.858078 0.758186 0.547829
v 0.866972 0.763386 0.549791
v 0.872010 0.769468 0.552330
v 0.855968 0.747120 0.571976
v 0.865480 0.751100 0.574219
v 0.872079 0.758457 0.577973
v 0.874118 0.769525 0.567178
v 0.849769 0.733604 0.594870
v 0.855918 0.734177 0.595238
v 0.863876 0.737156 0.597252
v 0.869846 0.741914 0.600367
v 0.873714 0.743431 0.612457
v 0.874724 0.749252 0.617066
v 0.849847 0.719009 0.615738
v 0.859946 0.720093 0.618050
v 0.866904 0.723736 0.620865
v 0.872127 0.723526 0.632980
v 0.874409 0.731445 0.648438
v 0.849768 0.690605 0.648407
v 0.856089 0.701904 0.637573
v 0.863960 0.704449 0.640137
v 0.869690 0.708357 0.643883
v 0.874421 0.706727 0.661698
v 0.855906 0.682762 0.656128
v 0.863886 0.685200 0.658836
v 0.869893 0.688837 0.663288
v 0.873710 0.686783 0.675232
v 0.874409 0.688904 0.689270
v 0.871463 0.706940 0.683930
v 0.849848 0.662369 0.671448
v 0.859991 0.662819 0.673958
v 0.866962 0.665516 0.677775
v 0.872086 0.669372 0.683487
v 0.870458 0.684143 0.704514
v 0.849769 0.639414 0.686811
v 0.855972 0.639755 0.687409
v 0.863675 0.641403 0.690395
v 0.871048 0.644497 0.697079
v 0.874640 0.651871 0.705261
v 0.874409 0.639435 0.721024
v 0.871475 0.658478 0.719574
v 0.866176 0.661468 0.724991
v 0.849769 0.601623 0.705618
v 0.855968 0.616119 0.699803
v 0.863687 0.617561 0.702931
v 0.869678 0.619739 0.708080
v 0.873629 0.610947 0.720535
v 0.870432 0.631866 0.735260
v 0.856047 0.591469 0.709839
v 0.863675 0.592575 0.713083
v 0.869743 0.594280 0.718523
v 0.874500 0.594147 0.739288
v 0.873094 0.585968 0.747101
v 0.869053 0.604690 0.747917
v 0.864264 0.675461 0.181320
v 0.864231 0.700546 0.199608
v 0.870461 0.470293 0.136733
v 0.871472 0.500357 0.137188
v 0.874500 0.477905 0.146146
v 0.874331 0.517284 0.144822
v 0.874639 0.498639 0.152549
v 0.873727 0.453354 0.160664
v 0.872027 0.472687 0.162647
v 0.872027 0.500429 0.161345
v 0.865467 0.473213 0.170804
v 0.866966 0.500141 0.168032
v 0.858082 0.500107 0.173592
v 0.856017 0.473419 0.175350
v 0.849769 0.489058 0.174695
v 0.871472 0.440201 0.142918
v 0.874409 0.429626 0.152947
v 0.874724 0.396698 0.167931
v 0.869778 0.445511 0.170166
v 0.863684 0.446533 0.175827
v 0.856018 0.447044 0.179196
v 0.849769 0.436417 0.181921
v 0.871477 0.411095 0.150127
v 0.873516 0.403839 0.173721
v 0.869781 0.418655 0.176743
v 0.863684 0.420273 0.182251
v 0.856023 0.421196 0.185566
v 0.871470 0.382553 0.160194
v 0.874331 0.373688 0.171715
v 0.873729 0.372620 0.186066
v 0.869808 0.392853 0.185799
v 0.861943 0.395401 0.192295
v 0.849846 0.395390 0.195681
v 0.871479 0.355118 0.172890
v 0.869761 0.367493 0.197388
v 0.863636 0.370346 0.202637
v 0.856039 0.371872 0.205620
v 0.849769 0.362476 0.211292
v 0.870449 0.328247 0.186371
v 0.874501 0.339325 0.191269
v 0.874544 0.327148 0.208969
v 0.872040 0.342194 0.208527
v 0.865483 0.346756 0.215241
v 0.855991 0.348938 0.219109
v 0.870471 0.303757 0.204186
v 0.874409 0.299698 0.219681
v 0.874724 0.277550 0.248215
v 0.871104 0.321381 0.225708
v 0.863749 0.325119 0.232193
v 0.856091 0.327385 0.234787
v 0.849769 0.327799 0.235359
v 0.870458 0.280807 0.224297
v 0.873731 0.282593 0.253479
v 0.872038 0.299011 0.243103
v 0.865484 0.304504 0.249115
v 0.855976 0.307426 0.252449
v 0.849769 0.300026 0.260574
v 0.871449 0.261276 0.247803
v 0.874077 0.252960 0.267639
v 0.869736 0.282547 0.266235
v 0.863640 0.286743 0.269775
v 0.855947 0.289299 0.271942
v 0.869081 0.240051 0.270287
v 0.873669 0.252747 0.293182
v 0.869806 0.265716 0.287598
v 0.863655 0.270187 0.291321
v 0.855975 0.273132 0.293137
v 0.849769 0.273679 0.293551
v 0.871475 0.226959 0.297592
v 0.874501 0.237610 0.295532
v 0.874724 0.217960 0.346993
v 0.872028 0.248138 0.309326
v 0.865497 0.255287 0.313110
v 0.856029 0.259041 0.315743
v 0.849769 0.254274 0.325657
v 0.871455 0.213509 0.324661
v 0.874330 0.215317 0.339081
v 0.874118 0.225117 0.345520
v 0.872023 0.235870 0.334045
v 0.865455 0.243172 0.337509
v 0.855994 0.247257 0.339623
v 0.871477 0.202839 0.352936
v 0.872019 0.225769 0.360046
v 0.866964 0.232052 0.362564
v 0.858070 0.237373 0.364311
v 0.849769 0.235007 0.375176
v 0.870461 0.193109 0.381249
v 0.874499 0.204399 0.376907
v 0.872026 0.218424 0.386993
v 0.866968 0.224947 0.388718
v 0.858086 0.230349 0.390083
v 0.871472 0.189739 0.411770
v 0.874331 0.195562 0.425121
v 0.874491 0.205325 0.415398
v 0.872027 0.213725 0.414551
v 0.866965 0.220339 0.415833
v 0.859983 0.224941 0.416313
v 0.849845 0.227090 0.417715
v 0.871474 0.187522 0.441855
v 0.874724 0.202501 0.489834
v 0.872114 0.211312 0.460829
v 0.869777 0.215222 0.442654
v 0.863674 0.220964 0.442931
v 0.856020 0.224377 0.443073
v 0.849769 0.225080 0.443124
v 0.870462 0.186343 0.471865
v 0.874500 0.195932 0.464508
v 0.874118 0.208156 0.485206
v 0.866963 0.218992 0.470039
v 0.858083 0.224541 0.469674
v 0.849769 0.226441 0.480612
v 0.869063 0.188440 0.502747
v 0.873098 0.195668 0.501748
v 0.872025 0.215628 0.497719
v 0.866972 0.222270 0.497101
v 0.858081 0.227747 0.496161
v 0.871470 0.198250 0.531555
v 0.874678 0.206362 0.526932
v 0.873670 0.220894 0.537796
v 0.869780 0.225101 0.524460
v 0.863674 0.230654 0.522957
v 0.856016 0.233975 0.522167
v 0.849769 0.234659 0.522014
v 0.871472 0.207580 0.560181
v 0.874408 0.219314 0.569199
v 0.872025 0.230064 0.551849
v 0.866970 0.236511 0.549477
v 0.859989 0.240898 0.547978
v 0.849845 0.243455 0.548218
v 0.871470 0.219734 0.587830
v 0.873671 0.242943 0.589890
v 0.869773 0.244568 0.575729
v 0.863677 0.249775 0.573380
v 0.856019 0.252847 0.571940
v 0.849769 0.258268 0.581495
v 0.869065 0.231499 0.616516
v 0.873098 0.243660 0.623413
v 0.874640 0.264664 0.631317
v 0.872027 0.254715 0.601502
v 0.866960 0.260666 0.598312
v 0.858089 0.265341 0.595448
v 0.869101 0.248749 0.641388
v 0.874500 0.253784 0.628723
v 0.872115 0.282028 0.639282
v 0.869776 0.273392 0.622360
v 0.863663 0.278152 0.619179
v 0.856030 0.280917 0.617150
v 0.849769 0.281491 0.616739
v 0.870481 0.269119 0.663422
v 0.874408 0.285034 0.666199
v 0.874118 0.294646 0.660146
v 0.865445 0.294544 0.640343
v 0.856006 0.298089 0.637500
v 0.849769 0.306025 0.645113
v 0.870465 0.291122 0.684525
v 0.874640 0.326385 0.691071
v 0.872019 0.308060 0.665207
v 0.866946 0.313019 0.660431
v 0.858067 0.316777 0.656409
v 0.869049 0.314011 0.705322
v 0.873098 0.318528 0.699544
v 0.872015 0.330444 0.682770
v 0.866917 0.334190 0.677631
v 0.859951 0.337077 0.673875
v 0.849844 0.339359 0.672707
v 0.870459 0.340149 0.720459
v 0.874500 0.339386 0.708374
v 0.873727 0.367798 0.711121
v 0.872033 0.353271 0.698189
v 0.866959 0.357036 0.692482
v 0.860009 0.359482 0.688593
v 0.849846 0.361614 0.687168
v 0.871473 0.367828 0.733215
v 0.874408 0.382538 0.731262
v 0.874421 0.388265 0.723933
v 0.869812 0.379791 0.708107
v 0.861923 0.382716 0.701694
v 0.849846 0.385177 0.699423
v 0.870470 0.394958 0.746193
v 0.874724 0.446182 0.745089
v 0.872117 0.421299 0.727758
v 0.869772 0.405205 0.718390
v 0.861954 0.407600 0.711864
v 0.849884 0.409794 0.709335
v 0.869053 0.424271 0.756607
v 0.873098 0.426114 0.749537
v 0.874118 0.443517 0.738280
v 0.866980 0.432475 0.723308
v 0.859984 0.433645 0.718800
v 0.849845 0.435280 0.716826
v 0.871471 0.454727 0.759041
v 0.874500 0.448700 0.749859
v 0.872027 0.457916 0.735103
v 0.865473 0.459223 0.727039
v 0.856024 0.460129 0.722579
v 0.849769 0.471087 0.723539
v 0.871475 0.484489 0.761971
v 0.874330 0.497458 0.755196
v 0.874118 0.500000 0.743756
v 0.871102 0.485357 0.735923
v 0.863677 0.486428 0.728561
v 0.856022 0.486647 0.725151
v 0.871473 0.514686 0.762001
v 0.874500 0.536713 0.751970
v 0.874724 0.561516 0.743584
v 0.871103 0.513050 0.736001
v 0.863674 0.513392 0.728566
v 0.856023 0.513288 0.725154
v 0.849769 0.513286 0.724448
v 0.849769 0.550579 0.720375
v 0.856022 0.539814 0.722587
v 0.863671 0.540247 0.725971
v 0.871102 0.540604 0.733401
v 0.873725 0.560547 0.736275
v 0.870465 0.544769 0.761000
v 0.856032 0.565941 0.717472
v 0.863704 0.566704 0.720821
v 0.869773 0.567934 0.726411
v 0.869068 0.575546 0.756714
v 0.859969 0.770556 0.390009
v 0.866966 0.781655 0.443101
v 0.869778 0.784101 0.470628
v 0.872033 0.784252 0.498795
v 0.874499 0.769501 0.591156
v 0.870520 0.729706 0.664673
v 0.868546 0.781137 0.416083
v 0.874612 0.787947 0.522774
v 0.873098 0.762263 0.612672
v 0.871541 0.748657 0.640167
v 0.866039 0.711731 0.688477
v 0.865487 0.766640 0.363448
v 0.866952 0.775117 0.389093
v 0.872116 0.788881 0.452659
v 0.874410 0.789299 0.546509
v 0.863692 0.755949 0.338391
v 0.874639 0.796538 0.469936
v 0.871487 0.780014 0.588562
v 0.869029 0.768631 0.616333
v 0.866133 0.753311 0.643677
v 0.861926 0.728796 0.292051
v 0.863671 0.743978 0.314202
v 0.873053 0.783771 0.388603
v 0.873727 0.791737 0.424179
v 0.874499 0.803004 0.479118
v 0.870454 0.793884 0.562103
v 0.860041 0.711867 0.271151
v 0.869751 0.761269 0.336266
v 0.872025 0.774448 0.361214
v 0.873098 0.804331 0.501748
v 0.870472 0.803200 0.533234
v 0.866069 0.785904 0.591309
v 0.869803 0.749084 0.311356
v 0.874724 0.788582 0.367142
v 0.874409 0.804447 0.430317
v 0.856013 0.651106 0.219161
v 0.865454 0.695927 0.249416
v 0.866956 0.715340 0.268089
v 0.869803 0.734650 0.288124
v 0.873730 0.772316 0.341736
v 0.871471 0.811734 0.472717
v 0.869048 0.811489 0.503220
v 0.873522 0.748848 0.296295
v 0.874230 0.797541 0.384016
v 0.871476 0.812493 0.442600
v 0.865454 0.653702 0.215508
v 0.866981 0.676567 0.230171
v 0.872015 0.720673 0.263977
v 0.874500 0.781891 0.334839
v 0.871476 0.810343 0.412560
v 0.866112 0.818197 0.473084
v 0.872012 0.701797 0.243790
v 0.874612 0.741486 0.276764
v 0.873102 0.790352 0.342377
v 0.871469 0.805302 0.382630
v 0.872022 0.680878 0.225113
v 0.874501 0.754639 0.282929
v 0.872022 0.658432 0.208725
v 0.874542 0.702728 0.233276
v 0.873098 0.769827 0.299728
v 0.869063 0.800674 0.352341
v 0.866127 0.811537 0.380768
v 0.874724 0.673248 0.204636
v 0.874410 0.725098 0.243927
v 0.869108 0.789772 0.323547
v 0.874118 0.649039 0.196361
v 0.871458 0.757278 0.272858
v 0.869061 0.776291 0.296112
v 0.874409 0.681427 0.204559
v 0.870444 0.740875 0.247467
v 0.871838 0.703964 0.213516
v 0.866127 0.762695 0.268768
v 0.869095 0.720749 0.223755
v 0.871481 0.671997 0.188355
v 0.854319 0.700424 0.193878
v 0.853230 0.648926 0.160118
v 0.864490 0.649467 0.166191
v 0.871485 0.645477 0.173218
v 0.874408 0.630981 0.174225
v 0.872028 0.634064 0.194901
v 0.866968 0.631081 0.200420
v 0.858084 0.628448 0.205273
v 0.854382 0.675293 0.175995
v 0.864608 0.621010 0.153141
v 0.871469 0.618256 0.160423
v 0.874596 0.589676 0.166618
v 0.872024 0.609039 0.182808
v 0.865469 0.605896 0.190308
v 0.856014 0.603983 0.194428
v 0.849769 0.593596 0.190877
v 0.864588 0.591843 0.142826
v 0.871470 0.589539 0.150383
v 0.874408 0.575592 0.154209
v 0.871102 0.582687 0.175419
v 0.863675 0.580036 0.182343
v 0.856020 0.578844 0.185585
v 0.853115 0.562401 0.130015
v 0.864578 0.561798 0.135372
v 0.871472 0.560471 0.143089
v 0.873670 0.544823 0.160545
v 0.869779 0.554955 0.170256
v 0.861948 0.553574 0.177076
v 0.849845 0.551736 0.179896
v 0.853109 0.531775 0.125527
v 0.862731 0.531132 0.129801
v 0.870462 0.531052 0.136866
v 0.872026 0.528278 0.162733
v 0.865468 0.527361 0.170857
v 0.856016 0.526637 0.175356
v 0.849769 0.526541 0.176053
v 0.849768 0.597282 0.216827
v 0.849769 0.632016 0.235004
v 0.849768 0.667625 0.261025
v 0.849769 0.694597 0.289506
v 0.849768 0.719829 0.325684
v 0.849768 0.407310 0.214974
v 0.849769 0.444872 0.203775
v 0.849768 0.488559 0.197588
v 0.849768 0.543980 0.201187
v 0.849769 0.736090 0.361375
v 0.849768 0.748219 0.403799
v 0.849769 0.752000 0.442823
v 0.849768 0.749696 0.486883
v 0.849769 0.740601 0.525024
v 0.849768 0.724125 0.565945
v 0.849769 0.703130 0.599069
v 0.849768 0.674244 0.632427
v 0.849769 0.643646 0.656936
v 0.849768 0.605503 0.679106
v 0.849768 0.273659 0.561546
v 0.849768 0.254690 0.509346
v 0.849768 0.247599 0.454257
v 0.849768 0.252726 0.398956
v 0.849769 0.263910 0.361375
v 0.849769 0.568596 0.692353
v 0.849768 0.525314 0.700938
v 0.849768 0.469787 0.700395
v 0.849769 0.431404 0.692353
v 0.849769 0.390015 0.677002
v 0.849768 0.282623 0.321411
v 0.849769 0.305403 0.289506
v 0.849769 0.336075 0.257790
v 0.849769 0.367985 0.235004
v 0.849768 0.343017 0.647453
v 0.849768 0.303574 0.608353
v 0.062710 0.487567 0.675120
v 0.062710 0.438588 0.666947
v 0.062710 0.392582 0.648261
v 0.062710 0.351776 0.619966
v 0.062710 0.318144 0.583433
v 0.062710 0.298318 0.551832
v 0.062710 0.284597 0.517142
v 0.062710 0.275078 0.468407
v 0.062710 0.276446 0.418770
v 0.062710 0.288636 0.370633
v 0.062710 0.304247 0.336751
v 0.062710 0.325784 0.306291
v 0.062710 0.361376 0.271666
v 0.062710 0.392419 0.250976
v 0.062710 0.426717 0.236305
v 0.062710 0.475172 0.225446
v 0.062710 0.512452 0.224076
v 0.062710 0.549354 0.229539
v 0.062710 0.585060 0.240348
v 0.062710 0.618189 0.257497
v 0.062710 0.657375 0.287997
v 0.062710 0.688942 0.326327
v 0.062710 0.711364 0.370633
v 0.062710 0.721844 0.406436
v 0.062710 0.725607 0.443551
v 0.062710 0.723894 0.480816
v 0.062710 0.715403 0.517142
v 0.062710 0.695456 0.562616
v 0.062710 0.666047 0.602627
v 0.062710 0.628601 0.635239
v 0.062710 0.584930 0.658873
v 0.062710 0.537148 0.672385
v 0.074080 0.532615 0.645221
v 0.074080 0.500000 0.648225
v 0.083954 0.509299 0.618315
v 0.083954 0.481402 0.617802
v 0.092294 0.473715 0.584376
v 0.099791 0.488085 0.549434
v 0.074080 0.467385 0.645221
v 0.074080 0.425433 0.633358
v 0.083954 0.454068 0.612202
v 0.083954 0.419659 0.598227
v 0.092294 0.434550 0.570709
v 0.099846 0.454688 0.539497
v 0.074080 0.396074 0.618837
v 0.074080 0.369862 0.599199
v 0.083954 0.389139 0.577065
v 0.092294 0.407118 0.550679
v 0.099794 0.428939 0.520592
v 0.099825 0.414538 0.501955
v 0.074080 0.340334 0.567123
v 0.083954 0.369500 0.557244
v 0.083954 0.353812 0.534171
v 0.092294 0.380909 0.518527
v 0.092294 0.368028 0.487096
v 0.074080 0.322927 0.539379
v 0.074080 0.310880 0.508921
v 0.083954 0.338894 0.500160
v 0.099809 0.400109 0.458626
v 0.083954 0.331774 0.463709
v 0.092294 0.362538 0.445980
v 0.099814 0.401410 0.430592
v 0.074080 0.302522 0.466133
v 0.083954 0.331518 0.435808
v 0.092463 0.370501 0.401956
v 0.074080 0.302222 0.433381
v 0.083954 0.336363 0.408331
v 0.099814 0.412978 0.399616
v 0.074080 0.323196 0.360297
v 0.074080 0.340092 0.332237
v 0.083954 0.358684 0.357444
v 0.083954 0.382294 0.328775
v 0.092294 0.396569 0.359703
v 0.099812 0.437977 0.370277
v 0.074080 0.361828 0.307736
v 0.074080 0.396232 0.280958
v 0.083954 0.403669 0.310840
v 0.083954 0.427959 0.297112
v 0.092294 0.431418 0.330999
v 0.099812 0.468962 0.354234
v 0.074080 0.425319 0.265901
v 0.074080 0.456667 0.256411
v 0.083954 0.453998 0.287089
v 0.083954 0.481430 0.281992
v 0.092294 0.469928 0.315583
v 0.092464 0.514566 0.312497
v 0.099804 0.499402 0.349167
v 0.074080 0.500000 0.251615
v 0.083954 0.518569 0.281992
v 0.074080 0.543332 0.256411
v 0.083954 0.554810 0.290113
v 0.092294 0.561920 0.327394
v 0.099810 0.561422 0.369809
v 0.074080 0.574681 0.265901
v 0.083954 0.588397 0.305963
v 0.074080 0.638172 0.307736
v 0.074080 0.659909 0.332237
v 0.083954 0.636222 0.349647
v 0.083954 0.650614 0.373550
v 0.092294 0.616835 0.377941
v 0.099812 0.586530 0.398750
v 0.074080 0.676803 0.360297
v 0.074080 0.692090 0.401125
v 0.083954 0.663637 0.408331
v 0.092294 0.633827 0.419769
v 0.099812 0.598407 0.429609
v 0.099809 0.599987 0.457471
v 0.074080 0.697778 0.433381
v 0.074080 0.697477 0.466133
v 0.083954 0.668226 0.463709
v 0.092294 0.636317 0.464848
v 0.099816 0.595276 0.481634
v 0.074080 0.689119 0.508921
v 0.083954 0.663886 0.491271
v 0.083954 0.654585 0.517577
v 0.092461 0.619893 0.518269
v 0.074080 0.677073 0.539379
v 0.074080 0.659665 0.567123
v 0.083954 0.636015 0.549740
v 0.092471 0.579040 0.562782
v 0.099809 0.566303 0.525005
v 0.083954 0.610861 0.577065
v 0.099814 0.542936 0.540568
v 0.074080 0.630138 0.599199
v 0.083954 0.580341 0.598227
v 0.074080 0.594311 0.624041
v 0.099833 0.513485 0.549148
v 0.074080 0.564438 0.637472
v 0.083954 0.545931 0.612202
v 0.092463 0.523363 0.585827
v 0.074080 0.307909 0.401125
v 0.083954 0.345180 0.381859
v 0.074080 0.603768 0.280958
v 0.092294 0.595888 0.351202
v 0.083954 0.617705 0.328775
v 0.083954 0.668482 0.435808
v 0.227154 0.462852 0.062710
v 0.240666 0.415070 0.062710
v 0.264300 0.371399 0.062710
v 0.287750 0.342386 0.062710
v 0.316106 0.318145 0.062710
v 0.359109 0.293316 0.062710
v 0.406502 0.278493 0.062710
v 0.455988 0.274393 0.062710
v 0.505174 0.281213 0.062710
v 0.551677 0.298625 0.062710
v 0.593248 0.325784 0.062710
v 0.627873 0.361377 0.062710
v 0.653876 0.403679 0.062710
v 0.670000 0.450646 0.062710
v 0.675462 0.500000 0.062710
v 0.670000 0.549355 0.062710
v 0.653876 0.596321 0.062710
v 0.611542 0.657375 0.062710
v 0.573211 0.688942 0.062710
v 0.528906 0.711364 0.062710
v 0.493103 0.721844 0.062710
v 0.455988 0.725607 0.062710
v 0.406502 0.721507 0.062710
v 0.370512 0.711686 0.062710
v 0.336922 0.695456 0.062710
v 0.306073 0.674481 0.062710
v 0.279572 0.648224 0.062710
v 0.251279 0.607418 0.062710
v 0.227154 0.537148 0.062710
v 0.251916 0.510916 0.074080
v 0.281223 0.490701 0.083954
v 0.318871 0.459067 0.092294
v 0.350104 0.488088 0.099791
v 0.254317 0.467385 0.074080
v 0.266181 0.425433 0.074080
v 0.287336 0.454069 0.083954
v 0.301312 0.419659 0.083954
v 0.336763 0.421643 0.092294
v 0.358708 0.457651 0.099814
v 0.373769 0.434573 0.099809
v 0.280701 0.396074 0.074080
v 0.300340 0.369862 0.074080
v 0.322474 0.389139 0.083954
v 0.367511 0.389151 0.092468
v 0.391867 0.417901 0.099816
v 0.332415 0.340335 0.074080
v 0.342294 0.369500 0.083954
v 0.365368 0.353813 0.083954
v 0.412442 0.368028 0.092294
v 0.360160 0.322927 0.074080
v 0.390617 0.310880 0.074080
v 0.399379 0.338894 0.083954
v 0.440054 0.400231 0.099812
v 0.426548 0.332543 0.083954
v 0.453558 0.362538 0.092294
v 0.468414 0.401314 0.099813
v 0.433406 0.302523 0.074080
v 0.454421 0.331262 0.083954
v 0.497582 0.370503 0.092464
v 0.466158 0.302222 0.074080
v 0.491208 0.336363 0.083954
v 0.497653 0.411876 0.099832
v 0.539243 0.323197 0.074080
v 0.567302 0.340092 0.074080
v 0.542096 0.358684 0.083954
v 0.570764 0.382294 0.083954
v 0.539835 0.396569 0.092294
v 0.518243 0.426614 0.099792
v 0.534898 0.446995 0.099809
v 0.591802 0.361828 0.074080
v 0.612856 0.386918 0.074080
v 0.593575 0.411603 0.083954
v 0.568539 0.431418 0.092294
v 0.545303 0.468956 0.099812
v 0.628972 0.415433 0.074080
v 0.643128 0.456667 0.074080
v 0.614486 0.463086 0.083954
v 0.586906 0.484218 0.092465
v 0.550372 0.499403 0.099805
v 0.647923 0.500000 0.074080
v 0.618572 0.500000 0.083954
v 0.583955 0.530072 0.092294
v 0.614486 0.536914 0.083954
v 0.643128 0.543333 0.074080
v 0.606402 0.563619 0.083954
v 0.572145 0.561920 0.092294
v 0.531924 0.558123 0.099795
v 0.628972 0.584567 0.074080
v 0.593575 0.588397 0.083954
v 0.591802 0.638172 0.074080
v 0.567302 0.659909 0.074080
v 0.549892 0.636222 0.083954
v 0.525990 0.650615 0.083954
v 0.521598 0.616835 0.092294
v 0.539243 0.676803 0.074080
v 0.498413 0.692091 0.074080
v 0.491208 0.663637 0.083954
v 0.479770 0.633828 0.092294
v 0.466527 0.599118 0.099846
v 0.466158 0.697778 0.074080
v 0.433406 0.697477 0.074080
v 0.435830 0.668226 0.083954
v 0.434690 0.636317 0.092294
v 0.434580 0.599176 0.099794
v 0.411810 0.592660 0.099825
v 0.390617 0.689119 0.074080
v 0.399379 0.661106 0.083954
v 0.391245 0.624035 0.092294
v 0.365368 0.646187 0.083954
v 0.350692 0.671607 0.074080
v 0.342294 0.630500 0.083954
v 0.354142 0.598312 0.092294
v 0.374527 0.566298 0.099809
v 0.323606 0.653191 0.074080
v 0.322474 0.610861 0.083954
v 0.358973 0.542939 0.099814
v 0.300340 0.630138 0.074080
v 0.301312 0.580341 0.083954
v 0.327401 0.561935 0.092294
v 0.280701 0.603926 0.074080
v 0.350389 0.513483 0.099833
v 0.235980 0.573394 0.062710
v 0.266181 0.574567 0.074080
v 0.256117 0.543398 0.074080
v 0.287336 0.545932 0.083954
v 0.281736 0.518598 0.083954
v 0.311975 0.508232 0.092465
v 0.223733 0.500000 0.062710
v 0.498413 0.307909 0.074080
v 0.517680 0.345180 0.083954
v 0.606402 0.436381 0.083954
v 0.548337 0.595888 0.092294
v 0.505453 0.584078 0.099810
v 0.612856 0.613082 0.074080
v 0.570764 0.617705 0.083954
v 0.635521 0.628797 0.062710
v 0.463730 0.668482 0.083954
v 0.836828 0.462852 0.227155
v 0.836828 0.415069 0.240666
v 0.836828 0.371398 0.264300
v 0.836828 0.342386 0.287750
v 0.836828 0.318144 0.316106
v 0.836828 0.293316 0.359109
v 0.836828 0.278493 0.406502
v 0.836828 0.274393 0.455988
v 0.836828 0.281213 0.505174
v 0.836828 0.298624 0.551677
v 0.836828 0.325784 0.593248
v 0.836828 0.361376 0.627873
v 0.836828 0.403679 0.653876
v 0.836828 0.450645 0.670000
v 0.836828 0.500000 0.675462
v 0.836828 0.549354 0.670000
v 0.836828 0.596320 0.653876
v 0.836828 0.657375 0.611542
v 0.836828 0.688942 0.573212
v 0.836828 0.711364 0.528906
v 0.836828 0.721844 0.493103
v 0.836828 0.725607 0.455988
v 0.836828 0.721507 0.406502
v 0.836828 0.711686 0.370512
v 0.836828 0.695456 0.336923
v 0.836828 0.674481 0.306073
v 0.836828 0.648224 0.279573
v 0.836828 0.607418 0.251279
v 0.836828 0.537148 0.227155
v 0.825459 0.510916 0.251916
v 0.815584 0.490701 0.281223
v 0.799747 0.488091 0.350104
v 0.825459 0.467385 0.254318
v 0.825459 0.425433 0.266181
v 0.815584 0.454068 0.287336
v 0.815584 0.419659 0.301312
v 0.807072 0.448997 0.321671
v 0.799692 0.454685 0.360043
v 0.825459 0.396074 0.280701
v 0.825459 0.369862 0.300340
v 0.815584 0.389139 0.322475
v 0.807244 0.409687 0.346069
v 0.807244 0.387299 0.371614
v 0.799744 0.428940 0.378952
v 0.799713 0.414528 0.397583
v 0.825459 0.340334 0.332415
v 0.815584 0.369500 0.342294
v 0.815584 0.353812 0.365368
v 0.807244 0.368028 0.412442
v 0.825459 0.322927 0.360160
v 0.825459 0.310880 0.390617
v 0.815584 0.338894 0.399380
v 0.799726 0.400231 0.440052
v 0.815584 0.332543 0.426548
v 0.807076 0.363160 0.467960
v 0.799725 0.401314 0.468414
v 0.825459 0.302522 0.433406
v 0.815584 0.331261 0.454421
v 0.825459 0.302222 0.466158
v 0.815584 0.336363 0.491208
v 0.799706 0.411877 0.497650
v 0.825459 0.323196 0.539243
v 0.825459 0.340091 0.567302
v 0.815584 0.358684 0.542096
v 0.815584 0.382294 0.570764
v 0.807244 0.396569 0.539836
v 0.799746 0.426615 0.518242
v 0.799729 0.446991 0.534897
v 0.825459 0.361828 0.591803
v 0.825459 0.386918 0.612856
v 0.815584 0.411603 0.593575
v 0.807244 0.431418 0.568539
v 0.799726 0.468956 0.545302
v 0.825459 0.415432 0.628972
v 0.825459 0.456667 0.643128
v 0.815584 0.463086 0.614486
v 0.807079 0.484171 0.586929
v 0.799733 0.499404 0.550371
v 0.825459 0.500000 0.647923
v 0.815584 0.500000 0.618572
v 0.807244 0.530072 0.583955
v 0.815584 0.536914 0.614486
v 0.825459 0.543332 0.643128
v 0.815584 0.563619 0.606402
v 0.807244 0.561920 0.572145
v 0.799743 0.558119 0.531923
v 0.825459 0.584567 0.628972
v 0.815584 0.588397 0.593575
v 0.825459 0.638172 0.591803
v 0.825459 0.659909 0.567302
v 0.815584 0.636222 0.549892
v 0.815584 0.650614 0.525990
v 0.807244 0.616835 0.521598
v 0.825459 0.676803 0.539243
v 0.825459 0.692090 0.498413
v 0.815584 0.663637 0.491208
v 0.807244 0.633827 0.479770
v 0.799692 0.599118 0.466529
v 0.825459 0.697778 0.466158
v 0.825459 0.697477 0.433406
v 0.815584 0.668738 0.454421
v 0.815584 0.665671 0.417408
v 0.807244 0.636317 0.434690
v 0.799744 0.599175 0.434579
v 0.799713 0.592655 0.411797
v 0.825459 0.689119 0.390617
v 0.815584 0.658326 0.390491
v 0.807244 0.624035 0.391245
v 0.815584 0.646187 0.365368
v 0.825459 0.671606 0.350692
v 0.815584 0.630500 0.342294
v 0.807244 0.598312 0.354142
v 0.799729 0.566299 0.374531
v 0.825459 0.653191 0.323606
v 0.815584 0.610861 0.322475
v 0.799724 0.542938 0.358971
v 0.825459 0.630138 0.300340
v 0.815584 0.580341 0.301312
v 0.807244 0.561935 0.327402
v 0.825459 0.603926 0.280701
v 0.799705 0.513485 0.350389
v 0.836828 0.573394 0.235980
v 0.825459 0.574567 0.266181
v 0.825459 0.543398 0.256117
v 0.815584 0.545931 0.287336
v 0.815584 0.518598 0.281736
v 0.807068 0.508257 0.311997
v 0.836828 0.500000 0.223733
v 0.825459 0.307909 0.498413
v 0.807244 0.377302 0.511862
v 0.815584 0.345180 0.517680
v 0.815584 0.436381 0.606402
v 0.807244 0.595888 0.548337
v 0.799729 0.584080 0.505452
v 0.825459 0.613082 0.612856
v 0.815584 0.617705 0.570764
v 0.836828 0.628797 0.635521
v 0.099769 -0.000000 0.799769
v 0.799769 -0.000000 0.799769
v 0.099769 0.040456 0.099769
v 0.099769 -0.000000 0.099769
v 0.799916 0.044935 0.099025
v 0.799769 -0.000000 0.099769
v 0.765329 -0.000000 0.765329
v 0.765329 -0.000000 0.134209
v 0.134209 -0.000000 0.134209
v 0.134209 -0.000000 0.765329
v 0.099614 0.941336 0.799928
v 0.099769 0.910000 0.799769
v 0.099769 0.939443 0.099769
v 0.099769 0.910000 0.099769
v 0.799769 0.910000 0.099769
v 0.799954 0.944024 0.800564
v 0.799769 0.910000 0.799769
v 0.744670 0.899849 0.110158
v 0.789769 0.900000 0.109769
v 0.775587 0.900000 0.129352
v 0.784698 0.900003 0.142712
v 0.789959 0.900110 0.160538
v 0.765007 0.900001 0.119639
v 0.449769 0.925000 0.124769
v 0.492166 0.929080 0.141308
v 0.494023 0.925000 0.127796
v 0.533773 0.929080 0.149954
v 0.537453 0.925000 0.136821
v 0.573816 0.929080 0.164186
v 0.579250 0.925000 0.151676
v 0.611547 0.929080 0.183737
v 0.618634 0.925000 0.172083
v 0.646266 0.929080 0.208243
v 0.654873 0.925000 0.197663
v 0.677323 0.929080 0.237249
v 0.687291 0.925000 0.227940
v 0.704141 0.929080 0.270213
v 0.715284 0.925000 0.262348
v 0.726222 0.929080 0.306523
v 0.738332 0.925000 0.300248
v 0.743153 0.929080 0.345501
v 0.756004 0.925000 0.340933
v 0.754618 0.929080 0.386421
v 0.767972 0.925000 0.383646
v 0.760405 0.929080 0.428521
v 0.774012 0.925000 0.427590
v 0.760405 0.929080 0.471017
v 0.774012 0.925000 0.471948
v 0.754618 0.929080 0.513117
v 0.767972 0.925000 0.515892
v 0.743153 0.929080 0.554038
v 0.756004 0.925000 0.558605
v 0.726222 0.929080 0.593015
v 0.738332 0.925000 0.599290
v 0.704141 0.929080 0.629325
v 0.715284 0.925000 0.637190
v 0.677323 0.929080 0.662290
v 0.687291 0.925000 0.671599
v 0.646266 0.929080 0.691296
v 0.654873 0.925000 0.701876
v 0.611547 0.929080 0.715803
v 0.618634 0.925000 0.727456
v 0.573816 0.929080 0.735353
v 0.579250 0.925000 0.747863
v 0.533773 0.929080 0.749584
v 0.537453 0.925000 0.762717
v 0.492166 0.929080 0.758230
v 0.494023 0.925000 0.771742
v 0.449769 0.929080 0.761130
v 0.449769 0.925000 0.774769
v 0.407372 0.929080 0.758230
v 0.405515 0.925000 0.771742
v 0.365765 0.929080 0.749584
v 0.362085 0.925000 0.762717
v 0.325723 0.929080 0.735353
v 0.320289 0.925000 0.747863
v 0.287991 0.929080 0.715803
v 0.280904 0.925000 0.727456
v 0.253273 0.929080 0.691296
v 0.244666 0.925000 0.701876
v 0.222216 0.929080 0.662290
v 0.212248 0.925000 0.671599
v 0.195397 0.929080 0.629325
v 0.184254 0.925000 0.637190
v 0.173317 0.929080 0.593015
v 0.161207 0.925000 0.599290
v 0.156385 0.929080 0.554038
v 0.143534 0.925000 0.558605
v 0.144921 0.929080 0.513117
v 0.131567 0.925000 0.515892
v 0.139134 0.929080 0.471017
v 0.125527 0.925000 0.471948
v 0.139134 0.929080 0.428521
v 0.125527 0.925000 0.427590
v 0.144921 0.929080 0.386421
v 0.131567 0.925000 0.383646
v 0.156385 0.929080 0.345501
v 0.143534 0.925000 0.340933
v 0.173317 0.929080 0.306523
v 0.161207 0.925000 0.300248
v 0.195397 0.929080 0.270213
v 0.184254 0.925000 0.262348
v 0.222216 0.929080 0.237249
v 0.212248 0.925000 0.227940
v 0.253273 0.929080 0.208243
v 0.244666 0.925000 0.197663
v 0.287991 0.929080 0.183737
v 0.280904 0.925000 0.172083
v 0.325723 0.929080 0.164186
v 0.320289 0.925000 0.151676
v 0.365765 0.929080 0.149954
v 0.362085 0.925000 0.136821
v 0.407372 0.929080 0.141308
v 0.405515 0.925000 0.127796
v 0.449769 0.929080 0.138408
v 0.335986 0.942757 0.187814
v 0.372715 0.942758 0.174760
v 0.216442 0.942757 0.614469
v 0.196189 0.942757 0.581164
v 0.180659 0.942757 0.545411
v 0.598163 0.942757 0.205747
v 0.630009 0.942757 0.228226
v 0.449769 0.942758 0.164169
v 0.488658 0.942758 0.166829
v 0.335986 0.942757 0.711726
v 0.301375 0.942757 0.693792
v 0.301375 0.942757 0.205747
v 0.526823 0.942758 0.174760
v 0.164835 0.942757 0.469259
v 0.164835 0.942757 0.430279
v 0.598163 0.942757 0.693792
v 0.563553 0.942757 0.711726
v 0.683096 0.942757 0.285069
v 0.703350 0.942757 0.318374
v 0.269530 0.942757 0.671314
v 0.241042 0.942757 0.644707
v 0.170142 0.942757 0.507876
v 0.410880 0.942758 0.166829
v 0.180659 0.942757 0.354127
v 0.196189 0.942757 0.318374
v 0.170142 0.942757 0.391662
v 0.734704 0.942757 0.469259
v 0.729397 0.942757 0.507876
v 0.718879 0.942757 0.354127
v 0.729397 0.942757 0.391662
v 0.241042 0.942757 0.254832
v 0.269530 0.942757 0.228226
v 0.658496 0.942757 0.254832
v 0.216442 0.942757 0.285069
v 0.526823 0.942757 0.724779
v 0.488658 0.942757 0.732710
v 0.658496 0.942757 0.644707
v 0.630009 0.942757 0.671314
v 0.410880 0.942757 0.732710
v 0.372715 0.942757 0.724779
v 0.683096 0.942757 0.614469
v 0.718879 0.942757 0.545411
v 0.563553 0.942757 0.187814
v 0.703350 0.942757 0.581164
v 0.734704 0.942757 0.430279
v 0.449769 0.942757 0.735370
v 0.168992 0.910000 0.118992
v 0.180895 0.940000 0.120262
v 0.182182 0.909944 0.120593
v 0.196449 0.940000 0.127011
v 0.197296 0.910017 0.127568
v 0.206526 0.940000 0.135958
v 0.206526 0.910000 0.135958
v 0.213435 0.940000 0.145731
v 0.213903 0.910019 0.146629
v 0.217870 0.940000 0.158458
v 0.217870 0.910000 0.158458
v 0.219136 0.940000 0.170364
v 0.219106 0.910018 0.171377
v 0.215815 0.940000 0.186989
v 0.215448 0.910018 0.187935
v 0.207146 0.940000 0.201558
v 0.209192 0.910000 0.198724
v 0.200306 0.910019 0.208188
v 0.196991 0.940000 0.210418
v 0.186416 0.940000 0.216032
v 0.185463 0.910018 0.216381
v 0.169750 0.940000 0.219149
v 0.168737 0.910019 0.219162
v 0.152998 0.940000 0.216537
v 0.152040 0.910017 0.216211
v 0.138074 0.940000 0.208494
v 0.137276 0.910014 0.207869
v 0.128792 0.940000 0.198724
v 0.126140 0.910020 0.195082
v 0.122735 0.940000 0.188396
v 0.119848 0.910091 0.179068
v 0.118913 0.940000 0.171880
v 0.119306 0.909963 0.162067
v 0.120114 0.940000 0.158458
v 0.123864 0.940000 0.147091
v 0.124309 0.910020 0.146181
v 0.133736 0.940000 0.133309
v 0.131458 0.910000 0.135958
v 0.141111 0.910018 0.127283
v 0.147640 0.940000 0.123601
v 0.156595 0.910021 0.120377
v 0.163981 0.940000 0.119080
v 0.730546 0.910000 0.118992
v 0.742449 0.940000 0.120262
v 0.743737 0.909944 0.120594
v 0.758003 0.940000 0.127010
v 0.758852 0.910019 0.127567
v 0.770420 0.940000 0.138556
v 0.768080 0.910000 0.135958
v 0.775458 0.910018 0.146635
v 0.778282 0.940000 0.153577
v 0.780364 0.910071 0.163080
v 0.780690 0.940000 0.170362
v 0.779517 0.910011 0.179899
v 0.777370 0.939999 0.186987
v 0.775193 0.910000 0.191502
v 0.768702 0.940000 0.201559
v 0.768040 0.910020 0.202332
v 0.755670 0.940000 0.212410
v 0.754793 0.910020 0.212916
v 0.739771 0.940000 0.218300
v 0.738774 0.910018 0.218484
v 0.722816 0.940000 0.218556
v 0.721815 0.910019 0.218397
v 0.706750 0.940000 0.213152
v 0.705857 0.910018 0.212669
v 0.693398 0.940000 0.202702
v 0.695949 0.910000 0.205090
v 0.687691 0.910021 0.195077
v 0.684289 0.940000 0.188398
v 0.681448 0.910018 0.179310
v 0.680951 0.940000 0.175343
v 0.680699 0.940000 0.163378
v 0.680591 0.910000 0.166870
v 0.682652 0.910019 0.154053
v 0.684152 0.940000 0.150349
v 0.689771 0.940000 0.139780
v 0.690362 0.910021 0.138955
v 0.699135 0.940000 0.130090
v 0.702661 0.910016 0.127284
v 0.709196 0.940000 0.123600
v 0.718149 0.910021 0.120377
v 0.725535 0.940000 0.119080
v 0.774769 0.910000 0.711089
v 0.774769 0.930000 0.711089
v 0.774769 0.910000 0.758450
v 0.774769 0.930000 0.758450
v 0.694769 0.910000 0.711089
v 0.694769 0.930000 0.711089
v 0.694769 0.910000 0.758450
v 0.694769 0.930000 0.758450
v 0.764769 0.940000 0.748450
v 0.764769 0.940000 0.721089
v 0.704769 0.940000 0.748450
v 0.704769 0.940000 0.721089
v 0.204769 0.910000 0.711089
v 0.204769 0.930000 0.711089
v 0.204769 0.910000 0.758450
v 0.204769 0.930000 0.758450
v 0.124769 0.910000 0.711089
v 0.124769 0.930000 0.711089
v 0.124769 0.910000 0.758450
v 0.124769 0.930000 0.758450
v 0.194769 0.940000 0.748450
v 0.194769 0.940000 0.721089
v 0.134769 0.940000 0.748450
v 0.134769 0.940000 0.721089
v 0.852087 0.153313 0.103135
v 0.851349 0.154508 0.795244
v 0.852089 0.846596 0.796486
v 0.852168 0.846802 0.103000
v 0.853114 0.468594 0.125499
v 0.850783 0.498874 0.120883
v 0.850297 0.549255 0.122759
v 0.850781 0.348251 0.157944
v 0.851746 0.500105 0.777141
v 0.850687 0.572395 0.771076
v 0.850771 0.623077 0.754654
v 0.850872 0.650879 0.741852
v 0.851644 0.469490 0.775856
v 0.851559 0.438446 0.771557
v 0.850861 0.407654 0.765236
v 0.851757 0.349991 0.740746
v 0.850723 0.378387 0.755470
v 0.851545 0.323334 0.725678
v 0.850867 0.297027 0.708344
v 0.850786 0.273865 0.688599
v 0.851751 0.252443 0.664279
v 0.850378 0.216553 0.617920
v 0.850784 0.189606 0.558380
v 0.850378 0.180666 0.531326
v 0.850784 0.174299 0.404091
v 0.850782 0.188839 0.343216
v 0.850779 0.272247 0.212479
v 0.853121 0.592484 0.137386
v 0.853126 0.621704 0.147591
v 0.850783 0.676941 0.172485
v 0.850722 0.702759 0.190613
v 0.850861 0.767578 0.258942
v 0.851557 0.818275 0.372162
v 0.850865 0.825352 0.402695
v 0.850723 0.825756 0.495880
v 0.851645 0.798141 0.585175
v 0.851637 0.726410 0.686310
v 0.850925 0.757904 0.654526
v 0.851629 0.703094 0.706818
v 0.851539 0.677460 0.725144
v 0.797842 0.151885 0.045845
v 0.101798 0.152064 0.045958
v 0.107388 0.157410 0.049671
v 0.792247 0.157643 0.049680
v 0.796949 0.847036 0.047126
v 0.101674 0.848030 0.045832
v 0.107188 0.842371 0.049675
v 0.125498 0.468589 0.046423
v 0.120881 0.498872 0.048756
v 0.122754 0.549240 0.049243
v 0.157962 0.348278 0.048756
v 0.235784 0.746331 0.046791
v 0.776056 0.500417 0.046827
v 0.774538 0.531431 0.046825
v 0.772503 0.563380 0.048758
v 0.762718 0.592255 0.046834
v 0.754681 0.623266 0.048753
v 0.770234 0.438648 0.046825
v 0.762955 0.408436 0.046824
v 0.777275 0.469866 0.048756
v 0.752837 0.379093 0.046829
v 0.739986 0.350871 0.046852
v 0.706492 0.298623 0.046828
v 0.727065 0.323172 0.048762
v 0.663739 0.253668 0.046815
v 0.639386 0.234476 0.046833
v 0.688586 0.273876 0.048765
v 0.586130 0.203496 0.046921
v 0.557187 0.192012 0.046676
v 0.615231 0.215938 0.048643
v 0.526472 0.183826 0.045498
v 0.496616 0.177095 0.046827
v 0.465711 0.174104 0.046826
v 0.527023 0.180158 0.048806
v 0.434659 0.174065 0.046827
v 0.403468 0.177967 0.045498
v 0.373250 0.182815 0.046828
v 0.404078 0.174299 0.048756
v 0.343442 0.191533 0.046830
v 0.314627 0.203009 0.046819
v 0.287000 0.217213 0.046828
v 0.260066 0.234355 0.046936
v 0.212517 0.272213 0.048753
v 0.137387 0.592477 0.046416
v 0.147579 0.621704 0.046411
v 0.159563 0.649139 0.046833
v 0.175062 0.676061 0.046818
v 0.193029 0.701357 0.046825
v 0.214306 0.724513 0.045498
v 0.210945 0.726131 0.048751
v 0.286262 0.782349 0.046827
v 0.258070 0.767236 0.048759
v 0.313856 0.796636 0.046811
v 0.342660 0.808221 0.046830
v 0.372462 0.816990 0.046826
v 0.403468 0.822033 0.045498
v 0.433827 0.825895 0.046826
v 0.401860 0.825383 0.048757
v 0.464877 0.825936 0.046826
v 0.495795 0.823025 0.046826
v 0.526238 0.817194 0.046831
v 0.451969 0.830695 0.049243
v 0.584894 0.796983 0.046805
v 0.556262 0.811162 0.048754
v 0.612576 0.782763 0.046810
v 0.638670 0.766022 0.046852
v 0.663187 0.746845 0.046779
v 0.705969 0.702017 0.046858
v 0.687005 0.727765 0.048764
v 0.724015 0.676746 0.046829
v 0.739586 0.649980 0.046808
v 0.045838 0.151881 0.101748
v 0.045875 0.152005 0.797851
v 0.049672 0.157412 0.792146
v 0.049675 0.157629 0.107188
v 0.045829 0.848056 0.101644
v 0.049677 0.842487 0.107402
v 0.042933 0.849661 0.799452
v 0.048129 0.845592 0.795337
v 0.047976 0.407246 0.763989
v 0.048673 0.437519 0.772512
v 0.048757 0.467619 0.777061
v 0.049243 0.517935 0.779984
v 0.048761 0.272247 0.687019
v 0.048762 0.321270 0.725845
v 0.047786 0.378235 0.753634
v 0.046767 0.746384 0.663864
v 0.046675 0.500766 0.123589
v 0.046921 0.531885 0.124974
v 0.046827 0.562156 0.129459
v 0.046827 0.592317 0.136816
v 0.046826 0.621643 0.147009
v 0.048643 0.651773 0.158163
v 0.046827 0.469398 0.124922
v 0.046827 0.438665 0.129300
v 0.046829 0.408478 0.136582
v 0.046825 0.379112 0.146702
v 0.046825 0.350864 0.159569
v 0.046819 0.323914 0.175060
v 0.046833 0.298607 0.193012
v 0.046803 0.253662 0.235771
v 0.046839 0.234459 0.260185
v 0.048752 0.273857 0.210976
v 0.046833 0.217648 0.286255
v 0.046832 0.191791 0.342663
v 0.046828 0.183011 0.372456
v 0.048759 0.201307 0.312134
v 0.045498 0.177967 0.403468
v 0.046827 0.174104 0.433829
v 0.046826 0.174065 0.464880
v 0.048756 0.174619 0.401844
v 0.046827 0.176976 0.495792
v 0.046827 0.182813 0.526296
v 0.045498 0.192549 0.556179
v 0.046824 0.203023 0.584922
v 0.046826 0.217221 0.612558
v 0.048756 0.188835 0.556280
v 0.046816 0.233948 0.638666
v 0.046827 0.253143 0.663120
v 0.045498 0.275487 0.685232
v 0.046795 0.297943 0.705948
v 0.045498 0.324105 0.723467
v 0.046399 0.592453 0.762135
v 0.048751 0.621200 0.755489
v 0.046864 0.649124 0.739967
v 0.046879 0.676132 0.724510
v 0.046781 0.701248 0.706452
v 0.046891 0.724853 0.686218
v 0.045498 0.765018 0.638488
v 0.046837 0.782371 0.613220
v 0.048769 0.767258 0.641480
v 0.046788 0.796612 0.585678
v 0.046844 0.808208 0.556793
v 0.046835 0.816997 0.527130
v 0.046827 0.822905 0.496594
v 0.046826 0.825896 0.465715
v 0.045498 0.824976 0.434289
v 0.046827 0.823021 0.403782
v 0.048757 0.828569 0.435242
v 0.046828 0.817182 0.373261
v 0.046826 0.808472 0.343369
v 0.046834 0.796997 0.314606
v 0.049242 0.824302 0.385019
v 0.046841 0.782791 0.287010
v 0.046820 0.746853 0.236420
v 0.048749 0.768547 0.259895
v 0.045498 0.724513 0.214306
v 0.046822 0.702007 0.193550
v 0.048757 0.727749 0.212513
v 0.046835 0.676762 0.175520
v 0.045498 0.649082 0.160591
v 0.796462 0.153276 0.852137
v 0.102018 0.152280 0.853332
v 0.107293 0.157645 0.849858
v 0.102851 0.846821 0.852220
v 0.796456 0.846634 0.852087
v 0.765107 0.407151 0.850864
v 0.769534 0.437722 0.853138
v 0.777057 0.467596 0.850786
v 0.769337 0.579257 0.850942
v 0.687815 0.273077 0.850773
v 0.707263 0.297482 0.851621
v 0.726367 0.322197 0.850795
v 0.125078 0.545531 0.851799
v 0.157923 0.651714 0.850779
v 0.120884 0.501125 0.850784
v 0.124555 0.447859 0.850693
v 0.140336 0.391728 0.851813
v 0.172473 0.323182 0.850789
v 0.204368 0.280286 0.850684
v 0.312119 0.201297 0.850776
v 0.401872 0.174619 0.850784
v 0.430137 0.171009 0.850378
v 0.613255 0.214607 0.850765
v 0.734049 0.665905 0.850953
v 0.675789 0.739356 0.850948
v 0.557405 0.809409 0.851555
v 0.527556 0.819424 0.850875
v 0.466535 0.828462 0.850783
v 0.372568 0.819528 0.850875
v 0.342744 0.811149 0.850725
v 0.285978 0.785119 0.850764
v 0.097182 0.047253 0.802524
v 0.099162 0.044707 0.799944
v 0.096481 0.047952 0.096461
v 0.098605 0.045138 0.099769
v 0.099500 0.042762 0.099500
v 0.097705 0.046545 0.097705
v 0.802463 0.047159 0.802278
v 0.799956 0.044640 0.800259
v 0.099769 0.046529 0.097713
v 0.802538 0.047246 0.097185
v 0.807120 0.948945 0.092364
v 0.799966 0.943736 0.099274
v 0.803802 0.947346 0.095972
v 0.099502 0.941740 0.099502
v 0.098557 0.944216 0.099769
v 0.099769 0.945627 0.097627
v 0.095623 0.947583 0.095509
v 0.091597 0.949137 0.091703
v 0.097626 0.945602 0.097626
v 0.803555 0.947186 0.803373
v 0.806600 0.948768 0.806405
v 0.098607 0.944429 0.800380
v 0.095331 0.947801 0.804288
v 0.091575 0.949131 0.808053
v 0.898684 0.142697 0.092453
v 0.894887 0.148287 0.098028
v 0.897332 0.145840 0.095616
v 0.896406 0.853268 0.096764
v 0.898267 0.855744 0.093719
v 0.897306 0.145983 0.803934
v 0.893942 0.850173 0.800866
v 0.897124 0.853960 0.803616
v 0.898549 0.856852 0.806424
v 0.096627 0.146686 0.002991
v 0.093667 0.143891 0.001193
v 0.098518 0.150000 0.005495
v 0.096088 0.853802 0.002390
v 0.799769 0.147817 0.004098
v 0.803548 0.146147 0.002449
v 0.806555 0.142962 0.000920
v 0.801952 0.147818 0.004115
v 0.800949 0.850421 0.005502
v 0.803610 0.853936 0.002432
v 0.806494 0.856920 0.000972
v 0.801021 0.150000 0.005495
v 0.000967 0.856663 0.092837
v 0.004098 0.850000 0.097586
v 0.004115 0.852183 0.097587
v 0.002158 0.854286 0.095514
v 0.006623 0.850168 0.099348
v 0.003910 0.147664 0.097458
v 0.001867 0.145292 0.095058
v 0.000628 0.141735 0.091570
v 0.002907 0.853296 0.099769
v 0.002907 0.853296 0.799769
v 0.001267 0.855703 0.805354
v 0.004279 0.850849 0.801710
v 0.003905 0.147683 0.802108
v 0.001856 0.145272 0.804487
v 0.000832 0.142656 0.807179
v 0.806766 0.856767 0.898597
v 0.799923 0.850656 0.893607
v 0.803273 0.853388 0.896758
v 0.098426 0.851315 0.894210
v 0.095662 0.854031 0.897325
v 0.092416 0.857395 0.898705
v 0.800988 0.148781 0.893974
v 0.801911 0.150000 0.895397
v 0.803408 0.146030 0.897056
v 0.806992 0.142823 0.898644
v 0.095092 0.850000 0.897674
v 0.799769 0.147817 0.895441
v 0.099502 0.149733 0.891509
v 0.098518 0.150000 0.894044
v 0.094760 0.144776 0.898023
v 0.097626 0.147856 0.895371
v 0.099792 0.144834 0.898018
v 0.467821 0.932589 0.514198
v 0.458880 0.932589 0.516056
v 0.476426 0.932589 0.388399
v 0.484535 0.932589 0.392601
v 0.491995 0.932589 0.397867
v 0.498669 0.932589 0.404100
v 0.431717 0.932589 0.514198
v 0.423112 0.932589 0.511140
v 0.515280 0.932589 0.463383
v 0.512816 0.932589 0.472176
v 0.516523 0.932589 0.454336
v 0.390361 0.932589 0.480552
v 0.386723 0.932589 0.472176
v 0.491995 0.932589 0.501673
v 0.484535 0.932589 0.506939
v 0.449769 0.932589 0.516679
v 0.504432 0.932589 0.488355
v 0.498669 0.932589 0.495439
v 0.509178 0.932589 0.480552
v 0.449769 0.932589 0.382860
v 0.458880 0.932589 0.383483
v 0.384259 0.931234 0.436156
v 0.386723 0.931234 0.427363
v 0.390361 0.930955 0.418987
v 0.395106 0.931861 0.411184
v 0.415004 0.932589 0.506939
v 0.504432 0.932589 0.411184
v 0.400869 0.932589 0.495439
v 0.395106 0.932589 0.488355
v 0.383016 0.931234 0.454336
v 0.383016 0.930780 0.445204
v 0.509178 0.932589 0.418987
v 0.467821 0.932589 0.385341
v 0.440658 0.932589 0.516056
v 0.384259 0.931234 0.463383
v 0.440658 0.932589 0.383483
v 0.476426 0.932589 0.511140
v 0.400869 0.932589 0.404100
v 0.407543 0.932589 0.397867
v 0.512816 0.932589 0.427363
v 0.415004 0.932589 0.392601
v 0.423112 0.932589 0.388399
v 0.515280 0.932589 0.436156
v 0.516523 0.932589 0.445203
v 0.431717 0.932589 0.385341
v 0.407543 0.932589 0.501673
v 0.732241 0.035504 0.732241
v 0.732241 0.035504 0.167297
v 0.167297 0.035504 0.167297
v 0.167297 0.035504 0.732241
v 0.482395 0.404948 0.799760
v 0.353857 0.530004 0.799760
v 0.507044 0.582579 0.799760
v 0.449921 0.500000 0.839339
v 0.099778 0.404948 0.482396
v 0.099778 0.530004 0.353857
v 0.099778 0.582579 0.507042
v 0.060199 0.500000 0.449921
v 0.417146 0.404947 0.099778
v 0.545680 0.530007 0.099778
v 0.392498 0.582581 0.099778
v 0.449618 0.500000 0.060200
v 0.799760 0.404948 0.417147
v 0.799760 0.530010 0.545681
v 0.799760 0.582581 0.392497
v 0.839339 0.500000 0.449618
v 0.423112 0.943941 0.511140
v 0.415004 0.943941 0.506939
v 0.386723 0.943941 0.472176
v 0.384259 0.942586 0.463383
v 0.449769 0.943941 0.516679
v 0.440658 0.943941 0.516056
v 0.390361 0.942307 0.418987
v 0.383016 0.942133 0.445204
v 0.512816 0.943941 0.472176
v 0.509178 0.943941 0.480552
v 0.498669 0.943941 0.404100
v 0.504432 0.943941 0.411184
v 0.516523 0.943941 0.454336
v 0.516523 0.943941 0.445203
v 0.484535 0.943941 0.506939
v 0.476426 0.943941 0.511140
v 0.467821 0.943941 0.514198
v 0.458880 0.943941 0.516056
v 0.407543 0.943941 0.501673
v 0.515280 0.943941 0.463383
v 0.431717 0.943941 0.514198
v 0.491995 0.943941 0.397867
v 0.484535 0.943941 0.392601
v 0.458880 0.943941 0.383483
v 0.467821 0.943941 0.385341
v 0.476426 0.943941 0.388399
v 0.449769 0.943941 0.382860
v 0.440658 0.943941 0.383483
v 0.395106 0.943213 0.411184
v 0.400869 0.943941 0.404100
v 0.509178 0.943941 0.418987
v 0.512816 0.943941 0.427363
v 0.383016 0.942586 0.454336
v 0.400869 0.943941 0.495439
v 0.407543 0.943941 0.397867
v 0.415004 0.943941 0.392601
v 0.515280 0.943941 0.436156
v 0.423112 0.943941 0.388399
v 0.431717 0.943941 0.385341
v 0.395106 0.943941 0.488355
v 0.386723 0.942586 0.427363
v 0.384259 0.942586 0.436156
v 0.390361 0.943941 0.480552
v 0.491995 0.943941 0.501673
v 0.498669 0.943941 0.495439
v 0.504432 0.943941 0.488355
v 0.439611 0.931307 0.473155
v 0.436522 0.931307 0.471554
v 0.425745 0.931307 0.458308
v 0.424806 0.930791 0.454957
v 0.449769 0.931307 0.475266
v 0.446297 0.931307 0.475029
v 0.427131 0.931307 0.438039
v 0.424332 0.931321 0.448030
v 0.473794 0.931307 0.458308
v 0.472407 0.931307 0.461500
v 0.468403 0.931307 0.432367
v 0.470599 0.931307 0.435066
v 0.475206 0.931307 0.451510
v 0.475206 0.931307 0.448030
v 0.463017 0.931307 0.471554
v 0.459927 0.931307 0.473155
v 0.456648 0.931307 0.474321
v 0.453241 0.931307 0.475029
v 0.433679 0.931307 0.469548
v 0.474733 0.931307 0.454957
v 0.442890 0.931307 0.474321
v 0.465860 0.931307 0.429992
v 0.463017 0.931307 0.427985
v 0.453241 0.931307 0.424511
v 0.456648 0.931307 0.425219
v 0.459927 0.931307 0.426384
v 0.449769 0.931307 0.424273
v 0.446297 0.931307 0.424511
v 0.428939 0.931307 0.435066
v 0.431135 0.931307 0.432367
v 0.472407 0.931307 0.438039
v 0.473794 0.931307 0.441231
v 0.424332 0.930791 0.451510
v 0.431135 0.931307 0.467172
v 0.433679 0.931307 0.429992
v 0.436522 0.931307 0.427985
v 0.474733 0.931307 0.444582
v 0.439611 0.931307 0.426384
v 0.442890 0.931307 0.425219
v 0.428939 0.931307 0.464473
v 0.425745 0.930791 0.441231
v 0.424806 0.930791 0.444582
v 0.427131 0.931307 0.461500
v 0.465860 0.931307 0.469548
v 0.468403 0.931307 0.467172
v 0.470599 0.931307 0.464473
v 0.439611 0.941589 0.473155
v 0.436522 0.941589 0.471554
v 0.425745 0.941589 0.458308
v 0.424806 0.941072 0.454957
v 0.449769 0.941589 0.475266
v 0.446297 0.941589 0.475029
v 0.427131 0.941589 0.438039
v 0.424332 0.941603 0.448030
v 0.473794 0.941589 0.458308
v 0.472407 0.941589 0.461500
v 0.468403 0.941589 0.432367
v 0.470599 0.941589 0.435066
v 0.475206 0.941589 0.451510
v 0.475206 0.941589 0.448030
v 0.463017 0.941589 0.471554
v 0.459927 0.941589 0.473155
v 0.456648 0.941589 0.474321
v 0.453241 0.941589 0.475029
v 0.433679 0.941589 0.469548
v 0.474733 0.941589 0.454957
v 0.442890 0.941589 0.474321
v 0.465860 0.941589 0.429992
v 0.463017 0.941589 0.427985
v 0.453241 0.941589 0.424511
v 0.456648 0.941589 0.425219
v 0.459927 0.941589 0.426384
v 0.449769 0.941589 0.424273
v 0.446297 0.941589 0.424511
v 0.428939 0.941589 0.435066
v 0.431135 0.941589 0.432367
v 0.472407 0.941589 0.438039
v 0.473794 0.941589 0.441231
v 0.424332 0.941072 0.451510
v 0.431135 0.941589 0.467172
v 0.433679 0.941589 0.429992
v 0.436522 0.941589 0.427985
v 0.474733 0.941589 0.444582
v 0.439611 0.941589 0.426384
v 0.442890 0.941589 0.425219
v 0.428939 0.941589 0.464473
v 0.425745 0.941072 0.441231
v 0.424806 0.941072 0.444582
v 0.427131 0.941589 0.461500
v 0.465860 0.941589 0.469548
v 0.468403 0.941589 0.467172
v 0.470599 0.941589 0.464473
v 0.498714 0.944123 0.484319
v 0.502963 0.944123 0.477332
v 0.433606 0.944123 0.392081
v 0.441611 0.944123 0.390417
v 0.441611 0.944123 0.509122
v 0.433606 0.944123 0.507458
v 0.506220 0.944123 0.469832
v 0.389999 0.942910 0.453858
v 0.389999 0.942310 0.445682
v 0.508427 0.944123 0.461959
v 0.400824 0.944123 0.484319
v 0.396576 0.944123 0.477332
v 0.493554 0.944123 0.408878
v 0.498714 0.944123 0.415220
v 0.405985 0.944123 0.490662
v 0.400824 0.943395 0.415220
v 0.405985 0.944123 0.408878
v 0.493554 0.944123 0.490662
v 0.509540 0.944123 0.445681
v 0.509540 0.944123 0.453858
v 0.396576 0.942489 0.422207
v 0.457927 0.944123 0.509122
v 0.449769 0.944123 0.509680
v 0.508427 0.944123 0.437580
v 0.480898 0.944123 0.500958
v 0.473638 0.944123 0.504720
v 0.393318 0.942910 0.429707
v 0.502963 0.944123 0.422207
v 0.465933 0.944123 0.507458
v 0.449769 0.944123 0.389859
v 0.457927 0.944123 0.390417
v 0.506220 0.944123 0.429707
v 0.418641 0.944123 0.500958
v 0.411960 0.944123 0.496243
v 0.391112 0.942910 0.437580
v 0.391112 0.942910 0.461959
v 0.425901 0.944123 0.504720
v 0.393318 0.944123 0.469832
v 0.411960 0.944123 0.403297
v 0.418641 0.944123 0.398581
v 0.487578 0.944123 0.403297
v 0.480898 0.944123 0.398581
v 0.465933 0.944123 0.392081
v 0.473638 0.944123 0.394819
v 0.487578 0.944123 0.496243
v 0.425901 0.944123 0.394819
vt 0.031053 0.718621
vt 0.035499 0.720416
vt 0.026066 0.720346
vt 0.025654 0.710480
vt 0.026515 0.713238
vt 0.028136 0.715962
vt 0.137375 0.604246
vt 0.121930 0.659366
vt 0.122584 0.654008
vt 0.022687 0.585810
vt 0.023966 0.590392
vt 0.024500 0.605588
vt 0.159726 0.585669
vt 0.157638 0.704625
vt 0.158044 0.605508
vt 0.122382 0.648826
vt 0.121287 0.643698
vt 0.119337 0.638797
vt 0.116604 0.634277
vt 0.113148 0.630272
vt 0.137650 0.590290
vt 0.108984 0.626926
vt 0.104316 0.624335
vt 0.158475 0.590276
vt 0.044658 0.590293
vt 0.139581 0.696883
vt 0.136677 0.699453
vt 0.042966 0.719180
vt 0.046140 0.716716
vt 0.143721 0.695123
vt 0.099309 0.622540
vt 0.094102 0.621593
vt 0.088785 0.621593
vt 0.083475 0.622533
vt 0.136551 0.714453
vt 0.139545 0.717155
vt 0.039517 0.720394
vt 0.135180 0.701853
vt 0.134152 0.704914
vt 0.143993 0.718854
vt 0.029656 0.699447
vt 0.027125 0.702489
vt 0.025605 0.706371
vt 0.134032 0.707728
vt 0.134613 0.710888
vt 0.156360 0.701567
vt 0.154649 0.699026
vt 0.152529 0.697231
vt 0.149706 0.695717
vt 0.047725 0.714472
vt 0.048974 0.711525
vt 0.045003 0.604255
vt 0.036991 0.696584
vt 0.033067 0.697385
vt 0.049282 0.708741
vt 0.048952 0.705545
vt 0.047883 0.702920
vt 0.046051 0.700337
vt 0.066261 0.634515
vt 0.063544 0.639068
vt 0.078421 0.624352
vt 0.073769 0.627010
vt 0.069696 0.630450
vt 0.146937 0.695106
vt 0.120402 0.664348
vt 0.061639 0.643999
vt 0.060623 0.649192
vt 0.060451 0.654463
vt 0.061164 0.659707
vt 0.062755 0.664753
vt 0.065229 0.669428
vt 0.068449 0.673621
vt 0.072303 0.677232
vt 0.076712 0.680134
vt 0.081577 0.682195
vt 0.097105 0.683289
vt 0.091934 0.683758
vt 0.086709 0.683410
vt 0.102129 0.681964
vt 0.106863 0.679785
vt 0.111180 0.676840
vt 0.043869 0.698529
vt 0.040984 0.697131
vt 0.114958 0.673233
vt 0.118077 0.669043
vt 0.089043 0.624277
vt 0.090127 0.626835
vt 0.084836 0.627901
vt 0.084167 0.625202
vt 0.080657 0.629354
vt 0.079554 0.626850
vt 0.076844 0.631426
vt 0.075321 0.629238
vt 0.073527 0.634340
vt 0.071614 0.632392
vt 0.070675 0.637734
vt 0.068471 0.636114
vt 0.068391 0.641498
vt 0.065974 0.640271
vt 0.066752 0.645495
vt 0.064214 0.644753
vt 0.065999 0.649822
vt 0.063307 0.649503
vt 0.065894 0.654230
vt 0.063170 0.654341
vt 0.066461 0.658579
vt 0.063811 0.659130
vt 0.067682 0.662707
vt 0.065240 0.663722
vt 0.069809 0.666530
vt 0.067517 0.667977
vt 0.072505 0.670010
vt 0.070469 0.671812
vt 0.075686 0.673021
vt 0.073986 0.675117
vt 0.079236 0.675451
vt 0.077986 0.677773
vt 0.083292 0.677071
vt 0.082431 0.679632
vt 0.087570 0.678062
vt 0.087130 0.680738
vt 0.091929 0.678381
vt 0.091919 0.681076
vt 0.096238 0.678033
vt 0.096659 0.680662
vt 0.100349 0.677034
vt 0.101236 0.679479
vt 0.104245 0.675115
vt 0.105554 0.677453
vt 0.107833 0.672635
vt 0.109503 0.674746
vt 0.110983 0.669659
vt 0.112962 0.671455
vt 0.113572 0.666292
vt 0.115807 0.667652
vt 0.115405 0.662339
vt 0.117905 0.663346
vt 0.116638 0.658130
vt 0.119284 0.658745
vt 0.117228 0.653777
vt 0.119912 0.653918
vt 0.117138 0.649498
vt 0.119740 0.649159
vt 0.116108 0.645249
vt 0.118699 0.644472
vt 0.114450 0.641175
vt 0.116899 0.639990
vt 0.112197 0.637420
vt 0.114406 0.635858
vt 0.109427 0.634122
vt 0.111266 0.632210
vt 0.105912 0.631447
vt 0.107449 0.629187
vt 0.102008 0.629315
vt 0.103171 0.626824
vt 0.097838 0.627809
vt 0.098586 0.625175
vt 0.093538 0.626969
vt 0.093839 0.624300
vt 0.559860 0.621397
vt 0.543601 0.618400
vt 0.614975 0.622046
vt 0.458822 0.612086
vt 0.529862 0.618711
vt 0.514890 0.621855
vt 0.578168 0.773597
vt 0.596015 0.765473
vt 0.629963 0.770174
vt 0.478730 0.788373
vt 0.559777 0.775405
vt 0.617474 0.730507
vt 0.613706 0.741536
vt 0.473892 0.713917
vt 0.476779 0.720216
vt 0.484534 0.735890
vt 0.607081 0.752778
vt 0.620293 0.718577
vt 0.621462 0.706383
vt 0.572286 0.626089
vt 0.489190 0.741145
vt 0.497307 0.750563
vt 0.516939 0.765073
vt 0.536561 0.773081
vt 0.497703 0.630834
vt 0.474273 0.661574
vt 0.470039 0.682148
vt 0.609833 0.659821
vt 0.605549 0.654085
vt 0.490866 0.635820
vt 0.481549 0.646843
vt 0.470711 0.699439
vt 0.620572 0.688018
vt 0.617485 0.673939
vt 0.597034 0.644840
vt 0.592018 0.640151
vt 0.612974 0.665238
vt 0.584402 0.633183
vt 0.402930 0.770949
vt 0.419400 0.773879
vt 0.343371 0.776225
vt 0.504173 0.776188
vt 0.434025 0.772790
vt 0.449643 0.768988
vt 0.418568 0.617689
vt 0.399021 0.621303
vt 0.346738 0.617362
vt 0.503417 0.615249
vt 0.440890 0.619694
vt 0.353168 0.660647
vt 0.361723 0.647149
vt 0.499994 0.682286
vt 0.496267 0.668677
vt 0.492311 0.659654
vt 0.384121 0.627852
vt 0.372981 0.635526
vt 0.346738 0.679431
vt 0.390246 0.766404
vt 0.483729 0.646754
vt 0.469833 0.633255
vt 0.455980 0.624981
vt 0.467188 0.760087
vt 0.348736 0.720703
vt 0.354418 0.733933
vt 0.474501 0.754460
vt 0.484359 0.744089
vt 0.497531 0.719221
vt 0.499807 0.710199
vt 0.501148 0.695729
vt 0.345380 0.688619
vt 0.345339 0.706131
vt 0.365454 0.748936
vt 0.492362 0.731699
vt 0.377468 0.759155
vt 0.718101 0.770303
vt 0.737648 0.767560
vt 0.748293 0.772194
vt 0.637022 0.610960
vt 0.641397 0.674264
vt 0.639232 0.694513
vt 0.636909 0.773017
vt 0.642520 0.715383
vt 0.745318 0.680990
vt 0.742479 0.668184
vt 0.749182 0.611822
vt 0.743664 0.710930
vt 0.746008 0.695865
vt 0.705020 0.622920
vt 0.718331 0.631905
vt 0.697196 0.764032
vt 0.709952 0.757451
vt 0.739206 0.659545
vt 0.731496 0.646145
vt 0.692648 0.617574
vt 0.648952 0.652771
vt 0.720582 0.749402
vt 0.731211 0.737517
vt 0.738676 0.724853
vt 0.648744 0.729199
vt 0.657265 0.742433
vt 0.688226 0.764714
vt 0.702106 0.768768
vt 0.668717 0.753443
vt 0.675988 0.613637
vt 0.708254 0.614625
vt 0.682061 0.621747
vt 0.674232 0.626051
vt 0.663196 0.634627
vt 0.679879 0.760784
vt 0.694364 0.617167
vt 0.654392 0.644382
vt 0.512904 0.691829
vt 0.514456 0.705857
vt 0.501770 0.763745
vt 0.597820 0.613268
vt 0.587650 0.613280
vt 0.646780 0.603671
vt 0.575242 0.614598
vt 0.517331 0.619747
vt 0.561150 0.618097
vt 0.552793 0.622840
vt 0.615846 0.755133
vt 0.632213 0.750638
vt 0.709177 0.747315
vt 0.577145 0.756263
vt 0.597686 0.757266
vt 0.673486 0.715222
vt 0.667747 0.724788
vt 0.516627 0.713214
vt 0.522848 0.724959
vt 0.643129 0.746381
vt 0.657336 0.736374
vt 0.677071 0.699122
vt 0.677911 0.688026
vt 0.617328 0.617607
vt 0.607287 0.615010
vt 0.531276 0.735061
vt 0.545234 0.746446
vt 0.561037 0.752737
vt 0.547692 0.626671
vt 0.537378 0.635333
vt 0.519133 0.661526
vt 0.514805 0.674613
vt 0.654177 0.639761
vt 0.647491 0.634547
vt 0.531454 0.642497
vt 0.526625 0.648782
vt 0.512751 0.687190
vt 0.675427 0.677335
vt 0.672534 0.668540
vt 0.663875 0.649983
vt 0.640640 0.630023
vt 0.628450 0.622645
vt 0.253784 0.123278
vt 0.249970 0.109533
vt 0.253955 0.123462
vt 0.250792 0.109817
vt 0.254038 0.123601
vt 0.251446 0.110395
vt 0.254091 0.123717
vt 0.252113 0.110928
vt 0.254122 0.123814
vt 0.252801 0.111430
vt 0.254131 0.123892
vt 0.253514 0.111906
vt 0.254105 0.124020
vt 0.254326 0.112251
vt 0.254043 0.124030
vt 0.255121 0.112786
vt 0.253932 0.124120
vt 0.256075 0.113111
vt 0.252654 0.107223
vt 0.252748 0.106596
vt 0.253261 0.107055
vt 0.253324 0.106057
vt 0.253839 0.106660
vt 0.253949 0.105522
vt 0.254514 0.106228
vt 0.254596 0.104966
vt 0.255576 0.105578
vt 0.255460 0.104860
vt 0.250205 0.109041
vt 0.254901 0.106984
vt 0.255882 0.106589
vt 0.255227 0.107750
vt 0.256111 0.107464
vt 0.255514 0.108520
vt 0.256303 0.108321
vt 0.255533 0.109383
vt 0.256458 0.109172
vt 0.255834 0.110179
vt 0.256579 0.110041
vt 0.256482 0.110884
vt 0.254260 0.107320
vt 0.254630 0.108013
vt 0.254712 0.108853
vt 0.255846 0.112224
vt 0.256737 0.111925
vt 0.256969 0.113009
vt 0.253679 0.107659
vt 0.254070 0.108308
vt 0.254827 0.109685
vt 0.255022 0.110507
vt 0.255164 0.111455
vt 0.253139 0.107989
vt 0.253546 0.108618
vt 0.253732 0.109415
vt 0.254190 0.110062
vt 0.254158 0.111140
vt 0.253035 0.108967
vt 0.252598 0.108353
vt 0.252045 0.107593
vt 0.251435 0.107964
vt 0.252056 0.108746
vt 0.252543 0.109343
vt 0.252847 0.110127
vt 0.253413 0.110703
vt 0.250428 0.108248
vt 0.251009 0.108639
vt 0.251516 0.109196
vt 0.252062 0.109770
vt 0.249948 0.108718
vt 0.253704 0.123946
vt 0.253543 0.123815
vt 0.253709 0.123794
vt 0.253534 0.123624
vt 0.253719 0.123620
vt 0.254385 0.124575
vt 0.254283 0.124579
vt 0.254407 0.124624
vt 0.253720 0.123370
vt 0.254290 0.124333
vt 0.253857 0.123668
vt 0.253962 0.123736
vt 0.254014 0.123838
vt 0.254080 0.123870
vt 0.254087 0.123945
vt 0.253836 0.123804
vt 0.253932 0.123833
vt 0.254047 0.123933
vt 0.254016 0.124058
vt 0.253847 0.123927
vt 0.253934 0.123926
vt 0.253995 0.123935
vt 0.254070 0.123991
vt 0.254058 0.124027
vt 0.254049 0.124012
vt 0.254023 0.124027
vt 0.253959 0.124017
vt 0.253883 0.124043
vt 0.253758 0.124108
vt 0.254012 0.124038
vt 0.254083 0.124035
vt 0.253998 0.124090
vt 0.253940 0.124145
vt 0.253843 0.124245
vt 0.253862 0.124449
vt 0.253956 0.124328
vt 0.254018 0.124232
vt 0.254059 0.124156
vt 0.254103 0.124113
vt 0.254100 0.124068
vt 0.254009 0.124566
vt 0.254079 0.124420
vt 0.254118 0.124294
vt 0.254130 0.124196
vt 0.254073 0.124022
vt 0.254248 0.124219
vt 0.254207 0.124137
vt 0.254167 0.124082
vt 0.254133 0.124050
vt 0.223584 0.113097
vt 0.222075 0.112151
vt 0.219795 0.111790
vt 0.217704 0.111153
vt 0.215433 0.110736
vt 0.213690 0.109811
vt 0.210854 0.110278
vt 0.208559 0.109473
vt 0.204855 0.110214
vt 0.201647 0.110217
vt 0.267546 0.129214
vt 0.267967 0.129933
vt 0.268448 0.130573
vt 0.268920 0.130952
vt 0.269353 0.131395
vt 0.269759 0.131884
vt 0.270152 0.132371
vt 0.270527 0.132922
vt 0.270830 0.132985
vt 0.271270 0.133537
vt 0.261920 0.132380
vt 0.267152 0.129534
vt 0.262215 0.132348
vt 0.266709 0.130298
vt 0.262434 0.132333
vt 0.266575 0.131075
vt 0.262563 0.132398
vt 0.266262 0.131810
vt 0.262656 0.132456
vt 0.266142 0.132534
vt 0.262686 0.132553
vt 0.266066 0.133278
vt 0.262662 0.132671
vt 0.266037 0.134044
vt 0.262578 0.132806
vt 0.266059 0.134849
vt 0.262411 0.132955
vt 0.266134 0.135806
vt 0.262260 0.133076
vt 0.261867 0.132488
vt 0.262137 0.132644
vt 0.262447 0.132763
vt 0.262654 0.132798
vt 0.262908 0.132798
vt 0.263170 0.132737
vt 0.263438 0.132614
vt 0.263712 0.132422
vt 0.263995 0.132144
vt 0.264291 0.131768
vt 0.247194 0.130504
vt 0.246961 0.129733
vt 0.246716 0.129155
vt 0.246197 0.128728
vt 0.245808 0.128365
vt 0.245366 0.128154
vt 0.245006 0.127934
vt 0.244570 0.127924
vt 0.243999 0.128216
vt 0.243590 0.128493
vt 0.245482 0.126694
vt 0.221803 0.124513
vt 0.245584 0.127226
vt 0.221120 0.122724
vt 0.245604 0.127698
vt 0.220543 0.121128
vt 0.245513 0.128069
vt 0.220913 0.119757
vt 0.245360 0.128369
vt 0.221036 0.118558
vt 0.245122 0.128588
vt 0.221315 0.117443
vt 0.244777 0.128705
vt 0.221751 0.116402
vt 0.244316 0.128693
vt 0.222394 0.115405
vt 0.223857 0.114642
vt 0.224172 0.113950
vt 0.222717 0.114039
vt 0.203795 0.113311
vt 0.220408 0.124911
vt 0.218174 0.124306
vt 0.219641 0.123231
vt 0.208581 0.111321
vt 0.213486 0.111292
vt 0.221270 0.113218
vt 0.220666 0.114515
vt 0.219164 0.113935
vt 0.217480 0.113513
vt 0.215640 0.113299
vt 0.213697 0.113296
vt 0.211565 0.113456
vt 0.209286 0.113898
vt 0.205916 0.114981
vt 0.207931 0.117536
vt 0.210491 0.116207
vt 0.212373 0.115608
vt 0.214136 0.115237
vt 0.215841 0.115130
vt 0.217407 0.115172
vt 0.218888 0.115412
vt 0.220191 0.115770
vt 0.219390 0.116944
vt 0.216898 0.116801
vt 0.214082 0.117285
vt 0.211858 0.118248
vt 0.209931 0.119540
vt 0.211887 0.121189
vt 0.213808 0.119644
vt 0.216118 0.118660
vt 0.218327 0.118304
vt 0.219797 0.118345
vt 0.219514 0.119734
vt 0.217768 0.120008
vt 0.215967 0.120741
vt 0.213958 0.122234
vt 0.216017 0.123362
vt 0.218232 0.121733
vt 0.267808 0.135334
vt 0.267112 0.135976
vt 0.267013 0.135338
vt 0.271129 0.133907
vt 0.270667 0.133533
vt 0.266448 0.136269
vt 0.266156 0.136521
vt 0.266902 0.134649
vt 0.266800 0.133946
vt 0.266975 0.133211
vt 0.266920 0.132525
vt 0.266883 0.131819
vt 0.267494 0.134475
vt 0.267342 0.133819
vt 0.267263 0.130203
vt 0.268382 0.134985
vt 0.268037 0.134255
vt 0.267839 0.133652
vt 0.267890 0.132966
vt 0.267714 0.132348
vt 0.267715 0.131656
vt 0.267544 0.130975
vt 0.268315 0.133459
vt 0.268536 0.134012
vt 0.268907 0.134644
vt 0.269239 0.134719
vt 0.269202 0.134268
vt 0.268994 0.133766
vt 0.268758 0.133245
vt 0.268517 0.132699
vt 0.268452 0.132040
vt 0.269868 0.134154
vt 0.269462 0.133522
vt 0.269188 0.133012
vt 0.269098 0.132373
vt 0.268482 0.131291
vt 0.270138 0.133777
vt 0.270197 0.134185
vt 0.269908 0.133268
vt 0.269608 0.132758
vt 0.268959 0.131729
vt 0.263094 0.131906
vt 0.263468 0.131892
vt 0.263349 0.132045
vt 0.263802 0.131869
vt 0.263627 0.132089
vt 0.263440 0.132290
vt 0.263254 0.132469
vt 0.263020 0.132555
vt 0.262837 0.132631
vt 0.262642 0.132672
vt 0.263233 0.132236
vt 0.263104 0.132397
vt 0.263032 0.132215
vt 0.262960 0.132375
vt 0.262830 0.132466
vt 0.262731 0.132531
vt 0.262603 0.132560
vt 0.262438 0.132554
vt 0.262147 0.132463
vt 0.262830 0.132381
vt 0.262839 0.132263
vt 0.262767 0.132041
vt 0.262425 0.132444
vt 0.262561 0.132491
vt 0.262666 0.132507
vt 0.262686 0.132481
vt 0.262720 0.132435
vt 0.262681 0.132363
vt 0.262509 0.132232
vt 0.262287 0.132563
vt 0.262471 0.132498
vt 0.262587 0.132499
vt 0.262657 0.132496
vt 0.262637 0.132482
vt 0.262239 0.132806
vt 0.262421 0.132708
vt 0.262552 0.132637
vt 0.262632 0.132575
vt 0.262660 0.132516
vt 0.247028 0.131133
vt 0.246516 0.130403
vt 0.245257 0.127071
vt 0.245325 0.126066
vt 0.244831 0.126903
vt 0.244625 0.128222
vt 0.245016 0.128195
vt 0.246267 0.129220
vt 0.246414 0.129751
vt 0.245783 0.130368
vt 0.246735 0.130898
vt 0.245901 0.129633
vt 0.245857 0.129198
vt 0.245745 0.128856
vt 0.245549 0.128590
vt 0.245308 0.128427
vt 0.245043 0.128374
vt 0.244762 0.128428
vt 0.244963 0.128500
vt 0.245094 0.128452
vt 0.245262 0.128493
vt 0.245373 0.128612
vt 0.245481 0.128805
vt 0.245507 0.129058
vt 0.245441 0.129386
vt 0.245241 0.129873
vt 0.244863 0.129358
vt 0.245172 0.128940
vt 0.245292 0.128658
vt 0.245252 0.128484
vt 0.245151 0.128427
vt 0.245261 0.128280
vt 0.245217 0.128317
vt 0.245079 0.128496
vt 0.244859 0.128690
vt 0.244631 0.128830
vt 0.244536 0.128280
vt 0.244887 0.128135
vt 0.245190 0.128033
vt 0.245348 0.128026
vt 0.245359 0.127679
vt 0.245065 0.127659
vt 0.244561 0.127627
vt 0.248079 0.153397
vt 0.247936 0.152892
vt 0.247500 0.151931
vt 0.247161 0.151221
vt 0.246817 0.150566
vt 0.246466 0.149948
vt 0.246106 0.149342
vt 0.245932 0.148809
vt 0.245338 0.148245
vt 0.244892 0.147749
vt 0.248911 0.153094
vt 0.249530 0.152512
vt 0.250124 0.151879
vt 0.250661 0.151213
vt 0.250915 0.150501
vt 0.251642 0.149726
vt 0.252331 0.148879
vt 0.253376 0.147971
vt 0.253884 0.147029
vt 0.260270 0.142341
vt 0.260686 0.142841
vt 0.261196 0.143290
vt 0.262014 0.143704
vt 0.262939 0.144141
vt 0.263971 0.144460
vt 0.264929 0.144836
vt 0.265802 0.145059
vt 0.266644 0.145202
vt 0.260964 0.139377
vt 0.261927 0.139256
vt 0.262884 0.139412
vt 0.263880 0.139801
vt 0.264866 0.140208
vt 0.265854 0.140924
vt 0.266857 0.141912
vt 0.267871 0.143265
vt 0.269664 0.145237
vt 0.244764 0.147026
vt 0.245715 0.146789
vt 0.245653 0.147602
vt 0.253356 0.146644
vt 0.252457 0.147789
vt 0.250141 0.150832
vt 0.249539 0.151387
vt 0.248893 0.151975
vt 0.248394 0.151345
vt 0.248989 0.150843
vt 0.249546 0.150318
vt 0.250087 0.149759
vt 0.250602 0.149095
vt 0.251082 0.148334
vt 0.251474 0.147465
vt 0.251932 0.146172
vt 0.253355 0.146031
vt 0.250746 0.146104
vt 0.250473 0.147225
vt 0.250190 0.147985
vt 0.249812 0.148667
vt 0.249403 0.149278
vt 0.248939 0.149816
vt 0.248455 0.150299
vt 0.247927 0.150733
vt 0.247472 0.150156
vt 0.248114 0.149571
vt 0.248864 0.148600
vt 0.249416 0.147398
vt 0.249656 0.146106
vt 0.248637 0.146167
vt 0.248510 0.147232
vt 0.248116 0.148267
vt 0.247698 0.148910
vt 0.247181 0.149456
vt 0.246650 0.148982
vt 0.247257 0.148176
vt 0.247603 0.147126
vt 0.247667 0.146283
vt 0.246674 0.146573
vt 0.246550 0.147746
vt 0.261502 0.139742
vt 0.260490 0.139618
vt 0.260931 0.140185
vt 0.260000 0.141796
vt 0.260517 0.142062
vt 0.267413 0.144809
vt 0.265924 0.144214
vt 0.264883 0.144155
vt 0.261541 0.143001
vt 0.261014 0.142528
vt 0.260753 0.141681
vt 0.261320 0.142198
vt 0.261827 0.142562
vt 0.262417 0.142894
vt 0.263125 0.143145
vt 0.263950 0.143301
vt 0.264861 0.143320
vt 0.265925 0.143301
vt 0.265525 0.142323
vt 0.264641 0.142467
vt 0.263880 0.142528
vt 0.263166 0.142465
vt 0.262566 0.142339
vt 0.262025 0.142137
vt 0.261597 0.141898
vt 0.261119 0.141551
vt 0.261333 0.141396
vt 0.261925 0.141645
vt 0.262820 0.141821
vt 0.263965 0.141751
vt 0.264949 0.141443
vt 0.264304 0.140719
vt 0.263574 0.141078
vt 0.262674 0.141294
vt 0.261929 0.141288
vt 0.261415 0.141203
vt 0.261380 0.140959
vt 0.261814 0.140916
vt 0.262419 0.140804
vt 0.263070 0.140485
vt 0.262243 0.140167
vt 0.261389 0.140567
vt 0.258728 0.115681
vt 0.259291 0.116631
vt 0.252848 0.124650
vt 0.252882 0.124744
vt 0.260872 0.132430
vt 0.260524 0.132119
vt 0.267614 0.126178
vt 0.267350 0.125391
vt 0.265669 0.138172
vt 0.265227 0.138905
vt 0.261406 0.134216
vt 0.261230 0.134650
vt 0.257599 0.139983
vt 0.257037 0.139464
vt 0.257895 0.144798
vt 0.259066 0.144150
vt 0.241327 0.148415
vt 0.240553 0.148069
vt 0.258086 0.138697
vt 0.256874 0.138428
vt 0.245781 0.123590
vt 0.245869 0.122938
vt 0.226263 0.129318
vt 0.228168 0.130590
vt 0.228421 0.114579
vt 0.230214 0.114914
vt 0.240789 0.129638
vt 0.240079 0.129491
vt 0.254103 0.122706
vt 0.254220 0.119564
vt 0.247726 0.107702
vt 0.246933 0.107820
vt 0.454129 0.970433
vt 0.452704 0.968584
vt 0.454669 0.969753
vt 0.448770 0.951294
vt 0.449611 0.948897
vt 0.449661 0.951008
vt 0.476510 0.931550
vt 0.478879 0.932045
vt 0.477480 0.932303
vt 0.480878 0.932829
vt 0.479492 0.933109
vt 0.482912 0.933697
vt 0.481515 0.933861
vt 0.484863 0.934730
vt 0.483551 0.934664
vt 0.486797 0.935925
vt 0.485430 0.935790
vt 0.488401 0.937366
vt 0.487070 0.937190
vt 0.489964 0.938907
vt 0.488689 0.938634
vt 0.491411 0.940606
vt 0.490290 0.940158
vt 0.492848 0.942426
vt 0.491506 0.941965
vt 0.493826 0.944403
vt 0.492680 0.943838
vt 0.494845 0.946504
vt 0.493649 0.945834
vt 0.495452 0.948640
vt 0.494445 0.947916
vt 0.496100 0.950919
vt 0.495041 0.950076
vt 0.496375 0.953215
vt 0.495399 0.952303
vt 0.496423 0.955537
vt 0.495699 0.954598
vt 0.496136 0.957765
vt 0.495466 0.956821
vt 0.495850 0.960116
vt 0.495309 0.959126
vt 0.495245 0.962357
vt 0.494656 0.961253
vt 0.494342 0.964368
vt 0.493932 0.963379
vt 0.493362 0.966490
vt 0.493121 0.965563
vt 0.492206 0.968523
vt 0.491876 0.967433
vt 0.490795 0.970367
vt 0.489159 0.972091
vt 0.489101 0.971105
vt 0.487426 0.973613
vt 0.487381 0.972502
vt 0.485553 0.974966
vt 0.485620 0.974023
vt 0.483558 0.976020
vt 0.483685 0.975233
vt 0.481472 0.977140
vt 0.481633 0.976245
vt 0.479251 0.977838
vt 0.479497 0.976889
vt 0.477006 0.978337
vt 0.477256 0.977632
vt 0.474745 0.978577
vt 0.474989 0.977994
vt 0.472448 0.978783
vt 0.472796 0.977993
vt 0.470107 0.978752
vt 0.470468 0.978092
vt 0.467857 0.978452
vt 0.468218 0.977646
vt 0.465663 0.977865
vt 0.465929 0.977267
vt 0.463401 0.977201
vt 0.463766 0.976520
vt 0.461332 0.976142
vt 0.461797 0.975454
vt 0.459299 0.974955
vt 0.459777 0.974299
vt 0.453762 0.959020
vt 0.454183 0.958925
vt 0.454888 0.961346
vt 0.453212 0.955385
vt 0.453778 0.954350
vt 0.453886 0.957251
vt 0.453680 0.951722
vt 0.454295 0.950773
vt 0.454699 0.948173
vt 0.455482 0.947362
vt 0.455448 0.946521
vt 0.457277 0.944263
vt 0.456367 0.944910
vt 0.455765 0.944510
vt 0.457293 0.943350
vt 0.456734 0.942899
vt 0.459590 0.941629
vt 0.458483 0.941967
vt 0.457966 0.941477
vt 0.459872 0.940852
vt 0.459417 0.940298
vt 0.458940 0.939759
vt 0.462430 0.939448
vt 0.461324 0.939711
vt 0.460906 0.939115
vt 0.461010 0.938106
vt 0.462841 0.938712
vt 0.462547 0.938215
vt 0.462262 0.937712
vt 0.464612 0.938210
vt 0.464364 0.937688
vt 0.464064 0.937052
vt 0.463833 0.936514
vt 0.464544 0.935747
vt 0.461703 0.936915
vt 0.466154 0.937535
vt 0.465984 0.936857
vt 0.465794 0.936318
vt 0.465617 0.935762
vt 0.467905 0.934226
vt 0.465675 0.934549
vt 0.467882 0.936984
vt 0.467776 0.936579
vt 0.467633 0.936032
vt 0.467499 0.935490
vt 0.467983 0.934731
vt 0.469506 0.936629
vt 0.469472 0.935941
vt 0.469385 0.935369
vt 0.469320 0.934818
vt 0.469590 0.933623
vt 0.467051 0.933814
vt 0.469026 0.932960
vt 0.471225 0.936430
vt 0.471253 0.935594
vt 0.471220 0.934890
vt 0.471840 0.934266
vt 0.471082 0.933170
vt 0.471052 0.932590
vt 0.474061 0.936454
vt 0.473075 0.935856
vt 0.473102 0.935158
vt 0.473126 0.934560
vt 0.474986 0.934078
vt 0.474315 0.933474
vt 0.473156 0.932858
vt 0.473168 0.932264
vt 0.474829 0.936145
vt 0.474905 0.935580
vt 0.474987 0.935006
vt 0.476013 0.934594
vt 0.475229 0.933007
vt 0.475284 0.932431
vt 0.477533 0.937076
vt 0.476617 0.936449
vt 0.476734 0.935888
vt 0.476937 0.935194
vt 0.477641 0.934022
vt 0.477294 0.933332
vt 0.477393 0.932744
vt 0.451465 0.963934
vt 0.450946 0.964235
vt 0.450142 0.962137
vt 0.462037 0.974708
vt 0.460146 0.973603
vt 0.461227 0.973590
vt 0.465657 0.975215
vt 0.458396 0.971128
vt 0.463634 0.973932
vt 0.460089 0.971878
vt 0.462924 0.972933
vt 0.461146 0.972074
vt 0.461489 0.971581
vt 0.463313 0.972283
vt 0.461893 0.970964
vt 0.463588 0.971752
vt 0.462837 0.970870
vt 0.463926 0.975910
vt 0.464987 0.975721
vt 0.465795 0.975582
vt 0.464708 0.973921
vt 0.464950 0.973372
vt 0.465180 0.972824
vt 0.465520 0.972182
vt 0.466022 0.976629
vt 0.467538 0.975124
vt 0.466615 0.974582
vt 0.466794 0.974010
vt 0.466972 0.973440
vt 0.467247 0.972767
vt 0.468244 0.976849
vt 0.469251 0.976431
vt 0.470654 0.975974
vt 0.468630 0.974758
vt 0.468755 0.974177
vt 0.468872 0.973592
vt 0.468952 0.973160
vt 0.470388 0.977297
vt 0.470574 0.975361
vt 0.470632 0.974745
vt 0.470706 0.974135
vt 0.470840 0.973419
vt 0.472606 0.977219
vt 0.473517 0.976638
vt 0.476050 0.975961
vt 0.472613 0.975396
vt 0.472598 0.974810
vt 0.472601 0.974202
vt 0.472666 0.973479
vt 0.474786 0.977236
vt 0.477340 0.976041
vt 0.475697 0.975560
vt 0.474598 0.975277
vt 0.474524 0.974533
vt 0.474463 0.973801
vt 0.474411 0.973358
vt 0.477055 0.977050
vt 0.478326 0.976382
vt 0.476618 0.974930
vt 0.476443 0.974205
vt 0.476305 0.973470
vt 0.476948 0.972887
vt 0.479945 0.974309
vt 0.478456 0.974297
vt 0.478287 0.973543
vt 0.478100 0.972986
vt 0.481296 0.975731
vt 0.481922 0.974808
vt 0.482391 0.974147
vt 0.481637 0.973837
vt 0.480337 0.973440
vt 0.480103 0.972893
vt 0.479886 0.972334
vt 0.480422 0.971654
vt 0.483293 0.974734
vt 0.485579 0.971744
vt 0.482267 0.972861
vt 0.481984 0.972341
vt 0.481630 0.971678
vt 0.485192 0.973563
vt 0.484861 0.973049
vt 0.485961 0.971835
vt 0.485283 0.971293
vt 0.483978 0.971814
vt 0.483668 0.971304
vt 0.483254 0.970710
vt 0.482930 0.970219
vt 0.486752 0.972009
vt 0.485395 0.970371
vt 0.485015 0.969893
vt 0.484636 0.969422
vt 0.484936 0.968608
vt 0.488588 0.970728
vt 0.488821 0.969678
vt 0.489009 0.968879
vt 0.488043 0.968660
vt 0.486850 0.969016
vt 0.486430 0.968583
vt 0.486006 0.968166
vt 0.490617 0.969404
vt 0.490066 0.969076
vt 0.490228 0.966384
vt 0.488183 0.967545
vt 0.487615 0.967073
vt 0.487001 0.966461
vt 0.491127 0.967122
vt 0.491118 0.966035
vt 0.489466 0.966071
vt 0.488740 0.965544
vt 0.488066 0.965005
vt 0.492362 0.965311
vt 0.491284 0.963757
vt 0.490352 0.964232
vt 0.489824 0.963946
vt 0.489300 0.963671
vt 0.489246 0.962806
vt 0.493142 0.963230
vt 0.492923 0.962170
vt 0.492538 0.961291
vt 0.491293 0.962534
vt 0.490611 0.962203
vt 0.490057 0.961981
vt 0.493862 0.961160
vt 0.492122 0.960659
vt 0.491546 0.960472
vt 0.490984 0.960294
vt 0.490310 0.960017
vt 0.494660 0.959098
vt 0.494076 0.958961
vt 0.493994 0.957324
vt 0.493607 0.956661
vt 0.493134 0.957424
vt 0.492593 0.958704
vt 0.492010 0.958571
vt 0.491413 0.958464
vt 0.490730 0.958251
vt 0.494677 0.956874
vt 0.492572 0.956661
vt 0.491962 0.956608
vt 0.491380 0.956556
vt 0.491010 0.955771
vt 0.495066 0.954682
vt 0.494454 0.954673
vt 0.494052 0.953081
vt 0.493465 0.951264
vt 0.492932 0.954703
vt 0.492341 0.954719
vt 0.491599 0.954712
vt 0.494610 0.952516
vt 0.492967 0.951327
vt 0.492830 0.952700
vt 0.492235 0.952762
vt 0.491645 0.952815
vt 0.490929 0.952812
vt 0.494291 0.950349
vt 0.493520 0.949614
vt 0.492219 0.950804
vt 0.491639 0.950909
vt 0.491062 0.951013
vt 0.490485 0.950372
vt 0.493728 0.948270
vt 0.491573 0.945395
vt 0.492009 0.948843
vt 0.491447 0.948964
vt 0.490740 0.949198
vt 0.492997 0.946246
vt 0.492095 0.945664
vt 0.491295 0.946035
vt 0.491057 0.947051
vt 0.490515 0.947285
vt 0.489982 0.947494
vt 0.489584 0.947658
vt 0.492052 0.944303
vt 0.490457 0.945186
vt 0.489961 0.945458
vt 0.489444 0.945709
vt 0.488782 0.945980
vt 0.490921 0.942488
vt 0.489942 0.942089
vt 0.489239 0.942627
vt 0.489205 0.943650
vt 0.488728 0.943975
vt 0.488244 0.944290
vt 0.487889 0.944527
vt 0.489764 0.940722
vt 0.487347 0.939941
vt 0.488296 0.941931
vt 0.487833 0.942298
vt 0.487383 0.942654
vt 0.486794 0.943039
vt 0.488211 0.939242
vt 0.487190 0.939040
vt 0.486902 0.940608
vt 0.486355 0.941088
vt 0.485950 0.941492
vt 0.485648 0.941791
vt 0.486644 0.937829
vt 0.485700 0.938945
vt 0.485271 0.939525
vt 0.484788 0.940062
vt 0.484285 0.940561
vt 0.485126 0.936331
vt 0.484097 0.936299
vt 0.483312 0.936263
vt 0.481581 0.935700
vt 0.483062 0.937053
vt 0.483991 0.938033
vt 0.483650 0.938500
vt 0.483325 0.938971
vt 0.482872 0.939510
vt 0.483302 0.935232
vt 0.482137 0.937406
vt 0.481771 0.938021
vt 0.481373 0.938597
vt 0.479805 0.937838
vt 0.480139 0.937234
vt 0.480444 0.936592
vt 0.479749 0.935522
vt 0.480266 0.934751
vt 0.481280 0.934584
vt 0.478339 0.936882
vt 0.478509 0.936343
vt 0.478697 0.935799
vt 0.479322 0.933862
vt 0.454101 0.949946
vt 0.454809 0.946164
vt 0.457563 0.941065
vt 0.459388 0.938850
vt 0.462562 0.935820
vt 0.475318 0.931992
vt 0.474429 0.931438
vt 0.454025 0.947892
vt 0.456291 0.942517
vt 0.465032 0.934152
vt 0.466933 0.933268
vt 0.471021 0.931979
vt 0.472993 0.931805
vt 0.472196 0.931237
vt 0.453433 0.953575
vt 0.453400 0.949718
vt 0.455157 0.944106
vt 0.455793 0.942362
vt 0.456094 0.941418
vt 0.459134 0.938006
vt 0.463120 0.934933
vt 0.468883 0.932215
vt 0.469973 0.931382
vt 0.453102 0.951614
vt 0.454155 0.945813
vt 0.461240 0.935927
vt 0.464814 0.933592
vt 0.466757 0.932656
vt 0.467815 0.931705
vt 0.452708 0.953488
vt 0.453333 0.947614
vt 0.456139 0.940839
vt 0.459491 0.937047
vt 0.462833 0.934427
vt 0.465691 0.932236
vt 0.453178 0.957251
vt 0.452516 0.951502
vt 0.452684 0.949501
vt 0.453221 0.946362
vt 0.457769 0.938211
vt 0.460955 0.935406
vt 0.464651 0.933199
vt 0.463620 0.932959
vt 0.454116 0.960819
vt 0.452483 0.955394
vt 0.453351 0.944839
vt 0.456319 0.939801
vt 0.459163 0.936560
vt 0.462647 0.934025
vt 0.461744 0.933921
vt 0.454911 0.962486
vt 0.453186 0.959134
vt 0.452600 0.957312
vt 0.451940 0.953420
vt 0.452157 0.950417
vt 0.451512 0.950562
vt 0.453894 0.943320
vt 0.454919 0.941404
vt 0.460716 0.935031
vt 0.459789 0.934970
vt 0.451884 0.955390
vt 0.451647 0.952399
vt 0.451854 0.948007
vt 0.455878 0.939408
vt 0.457224 0.937651
vt 0.458881 0.936220
vt 0.458001 0.936260
vt 0.454364 0.962724
vt 0.453429 0.961038
vt 0.452639 0.959248
vt 0.452016 0.957360
vt 0.451161 0.950741
vt 0.452566 0.944987
vt 0.453404 0.942983
vt 0.454446 0.941043
vt 0.456314 0.937655
vt 0.451324 0.956322
vt 0.451655 0.946967
vt 0.455547 0.939104
vt 0.454690 0.939232
vt 0.453814 0.962954
vt 0.452839 0.961196
vt 0.452220 0.960188
vt 0.450692 0.954203
vt 0.450961 0.948993
vt 0.451842 0.944645
vt 0.452867 0.942643
vt 0.454087 0.940776
vt 0.453297 0.940974
vt 0.450928 0.956950
vt 0.450451 0.951135
vt 0.450905 0.946697
vt 0.452010 0.942818
vt 0.453272 0.963203
vt 0.450159 0.953277
vt 0.450372 0.948858
vt 0.450759 0.944810
vt 0.453306 0.964622
vt 0.451587 0.961084
vt 0.449960 0.955407
vt 0.449982 0.946906
vt 0.450893 0.959626
vt 0.450274 0.957567
vt 0.449365 0.953250
vt 0.453155 0.964986
vt 0.452174 0.963670
vt 0.451172 0.961731
vt 0.450333 0.959767
vt 0.449517 0.957706
vt 0.449141 0.955492
vt 0.448497 0.953626
vt 0.450596 0.961925
vt 0.449713 0.959875
vt 0.448766 0.958168
vt 0.448504 0.955878
vt 0.449129 0.960342
vt 0.452152 0.966052
vt 0.451538 0.966681
vt 0.452857 0.965722
vt 0.454806 0.966172
vt 0.454411 0.964845
vt 0.454951 0.964573
vt 0.455458 0.964300
vt 0.456119 0.964020
vt 0.450502 0.964615
vt 0.449677 0.962492
vt 0.453296 0.967966
vt 0.453971 0.967560
vt 0.454965 0.967962
vt 0.455817 0.966282
vt 0.456443 0.965888
vt 0.457076 0.965540
vt 0.455277 0.969278
vt 0.457300 0.969346
vt 0.456666 0.968117
vt 0.457130 0.967746
vt 0.457583 0.967372
vt 0.458179 0.966967
vt 0.455643 0.972067
vt 0.456237 0.971428
vt 0.456777 0.970895
vt 0.457809 0.971080
vt 0.458236 0.969376
vt 0.458753 0.968847
vt 0.459416 0.968280
vt 0.457341 0.973587
vt 0.457910 0.972926
vt 0.458375 0.972322
vt 0.459513 0.970901
vt 0.459906 0.970446
vt 0.460279 0.969986
vt 0.460782 0.969474
vt 0.458204 0.964489
vt 0.456914 0.962163
vt 0.455864 0.959378
vt 0.455393 0.956799
vt 0.455371 0.953850
vt 0.489415 0.956383
vt 0.488942 0.959026
vt 0.487970 0.961897
vt 0.486661 0.964247
vt 0.484792 0.966596
vt 0.481862 0.969032
vt 0.485692 0.944079
vt 0.487708 0.947207
vt 0.488990 0.950726
vt 0.489403 0.953370
vt 0.461669 0.941905
vt 0.464115 0.940194
vt 0.466462 0.939038
vt 0.469216 0.938188
vt 0.472831 0.937887
vt 0.456091 0.950140
vt 0.457567 0.946682
vt 0.459726 0.943682
vt 0.469052 0.971603
vt 0.466468 0.970865
vt 0.463720 0.969589
vt 0.460648 0.967347
vt 0.475424 0.938177
vt 0.478268 0.938859
vt 0.481557 0.940421
vt 0.483633 0.941986
vt 0.478466 0.970770
vt 0.474756 0.971730
vt 0.472059 0.971892
vt 0.138337 0.919969
vt 0.140479 0.923171
vt 0.138121 0.924226
vt 0.136019 0.917446
vt 0.135650 0.920736
vt 0.132948 0.915135
vt 0.132473 0.917876
vt 0.125347 0.912066
vt 0.129958 0.913505
vt 0.128753 0.915784
vt 0.120535 0.911669
vt 0.124667 0.914552
vt 0.112135 0.913628
vt 0.115746 0.912335
vt 0.114163 0.915529
vt 0.109130 0.915226
vt 0.106118 0.917615
vt 0.110372 0.917487
vt 0.101722 0.923368
vt 0.103788 0.920121
vt 0.105057 0.922710
vt 0.099285 0.931213
vt 0.100340 0.926498
vt 0.102156 0.929573
vt 0.099285 0.936049
vt 0.101720 0.932751
vt 0.100064 0.939816
vt 0.101865 0.935957
vt 0.101257 0.943025
vt 0.102840 0.940118
vt 0.103798 0.947138
vt 0.104137 0.943055
vt 0.106438 0.949930
vt 0.105944 0.945706
vt 0.109130 0.952032
vt 0.108124 0.948060
vt 0.117146 0.955195
vt 0.113437 0.954201
vt 0.116562 0.952480
vt 0.124352 0.955332
vt 0.120519 0.955588
vt 0.122920 0.952949
vt 0.136016 0.949809
vt 0.132120 0.952674
vt 0.131919 0.949799
vt 0.139197 0.946168
vt 0.134415 0.947784
vt 0.142293 0.939611
vt 0.141087 0.942813
vt 0.139192 0.940762
vt 0.142975 0.935829
vt 0.140313 0.936640
vt 0.143085 0.932421
vt 0.142293 0.927655
vt 0.139764 0.928169
vt 0.137318 0.928888
vt 0.136338 0.926277
vt 0.134276 0.928147
vt 0.133211 0.926049
vt 0.130327 0.926741
vt 0.127965 0.928845
vt 0.126220 0.926987
vt 0.134899 0.923889
vt 0.132434 0.921117
vt 0.131782 0.924178
vt 0.129456 0.922082
vt 0.127868 0.924290
vt 0.130231 0.919413
vt 0.127758 0.918130
vt 0.126729 0.920544
vt 0.125359 0.922952
vt 0.123872 0.925744
vt 0.121954 0.925340
vt 0.124208 0.917059
vt 0.124504 0.919781
vt 0.122177 0.919439
vt 0.121980 0.922152
vt 0.120142 0.925332
vt 0.119141 0.922325
vt 0.121478 0.914213
vt 0.121439 0.916759
vt 0.118662 0.916964
vt 0.119050 0.919557
vt 0.118286 0.914445
vt 0.116022 0.920352
vt 0.114762 0.923997
vt 0.118186 0.925831
vt 0.116133 0.926946
vt 0.115079 0.917906
vt 0.113895 0.921357
vt 0.112560 0.919095
vt 0.111985 0.922732
vt 0.114228 0.928934
vt 0.107097 0.920229
vt 0.107733 0.923405
vt 0.106210 0.925741
vt 0.108534 0.926967
vt 0.107627 0.929140
vt 0.110574 0.929121
vt 0.103501 0.925520
vt 0.105138 0.928314
vt 0.104361 0.931941
vt 0.107051 0.931422
vt 0.106899 0.933771
vt 0.109680 0.932796
vt 0.104287 0.934727
vt 0.104722 0.937481
vt 0.107098 0.936114
vt 0.107719 0.938386
vt 0.110228 0.937439
vt 0.105961 0.940978
vt 0.109084 0.941205
vt 0.112892 0.941720
vt 0.113578 0.937233
vt 0.115040 0.939353
vt 0.107938 0.944117
vt 0.109829 0.946163
vt 0.111033 0.943655
vt 0.113470 0.945620
vt 0.116336 0.944061
vt 0.117371 0.941126
vt 0.113517 0.951491
vt 0.115386 0.949470
vt 0.118062 0.950219
vt 0.118538 0.947641
vt 0.120881 0.947859
vt 0.119983 0.945054
vt 0.120448 0.941958
vt 0.123190 0.941731
vt 0.119720 0.952997
vt 0.120835 0.950481
vt 0.124525 0.950139
vt 0.123997 0.947571
vt 0.123754 0.944810
vt 0.125335 0.940842
vt 0.127681 0.954612
vt 0.126083 0.952415
vt 0.129097 0.951326
vt 0.127204 0.949381
vt 0.129702 0.948149
vt 0.128369 0.945890
vt 0.132670 0.945926
vt 0.130303 0.944550
vt 0.131960 0.942878
vt 0.130071 0.940848
vt 0.126975 0.939614
vt 0.128419 0.937743
vt 0.137192 0.944540
vt 0.134558 0.943874
vt 0.136040 0.941513
vt 0.133353 0.940982
vt 0.134374 0.938863
vt 0.132266 0.936720
vt 0.129146 0.935952
vt 0.129496 0.933585
vt 0.137403 0.938061
vt 0.135073 0.936616
vt 0.135358 0.934280
vt 0.132574 0.932574
vt 0.137979 0.934397
vt 0.129019 0.930849
vt 0.140506 0.932372
vt 0.137896 0.931616
vt 0.135157 0.931153
vt 0.131764 0.929196
vt 0.110297 0.920723
vt 0.111985 0.926649
vt 0.109820 0.924997
vt 0.112935 0.931869
vt 0.112854 0.934770
vt 0.112060 0.947831
vt 0.110692 0.949981
vt 0.116277 0.947006
vt 0.126260 0.946932
vt 0.127243 0.943356
vt 0.531872 0.857342
vt 0.532187 0.861270
vt 0.531244 0.857876
vt 0.462873 0.884942
vt 0.460843 0.882012
vt 0.462301 0.883012
vt 0.459095 0.878860
vt 0.460680 0.879897
vt 0.457660 0.875547
vt 0.459126 0.876690
vt 0.456544 0.872091
vt 0.457885 0.873339
vt 0.455730 0.868474
vt 0.456978 0.869872
vt 0.455339 0.864930
vt 0.456418 0.866320
vt 0.455286 0.861303
vt 0.456193 0.862742
vt 0.455568 0.857691
vt 0.456131 0.859084
vt 0.489138 0.824002
vt 0.493104 0.823703
vt 0.492589 0.824461
vt 0.496654 0.823810
vt 0.500607 0.824165
vt 0.500035 0.824888
vt 0.507668 0.826207
vt 0.511421 0.827520
vt 0.510620 0.828619
vt 0.514744 0.829463
vt 0.513856 0.830508
vt 0.517962 0.831641
vt 0.516939 0.832731
vt 0.523910 0.855699
vt 0.523218 0.855852
vt 0.522011 0.851859
vt 0.524365 0.858710
vt 0.523886 0.860503
vt 0.524516 0.864764
vt 0.523677 0.866429
vt 0.523563 0.870675
vt 0.522878 0.870493
vt 0.521345 0.876243
vt 0.519934 0.877429
vt 0.522033 0.873150
vt 0.519856 0.878817
vt 0.516560 0.882202
vt 0.518331 0.881452
vt 0.516233 0.883530
vt 0.517066 0.884366
vt 0.513677 0.885073
vt 0.514129 0.885598
vt 0.514726 0.886297
vt 0.515427 0.887232
vt 0.510009 0.887815
vt 0.511782 0.887406
vt 0.512317 0.888167
vt 0.512856 0.888941
vt 0.509430 0.889195
vt 0.510002 0.890219
vt 0.510452 0.891072
vt 0.504833 0.890442
vt 0.506655 0.890365
vt 0.507028 0.891226
vt 0.507484 0.892346
vt 0.507584 0.893698
vt 0.503925 0.891467
vt 0.504271 0.892599
vt 0.504648 0.893736
vt 0.499223 0.892061
vt 0.501040 0.892326
vt 0.501278 0.893249
vt 0.501487 0.894177
vt 0.500663 0.895427
vt 0.497479 0.896801
vt 0.500121 0.896975
vt 0.498153 0.892909
vt 0.498282 0.893844
vt 0.498385 0.895037
vt 0.495183 0.892561
vt 0.495220 0.893259
vt 0.495258 0.894180
vt 0.495246 0.895357
vt 0.495378 0.896295
vt 0.493441 0.897561
vt 0.495413 0.898432
vt 0.492442 0.892574
vt 0.492267 0.893702
vt 0.492163 0.894867
vt 0.491054 0.896035
vt 0.491982 0.898433
vt 0.489475 0.892301
vt 0.489332 0.893198
vt 0.489160 0.894338
vt 0.488996 0.895260
vt 0.482055 0.895368
vt 0.486815 0.896871
vt 0.488499 0.898329
vt 0.485013 0.891306
vt 0.486491 0.892381
vt 0.486265 0.893288
vt 0.485917 0.894424
vt 0.483967 0.895130
vt 0.485236 0.897447
vt 0.485034 0.898375
vt 0.483596 0.891793
vt 0.483212 0.892901
vt 0.482875 0.893787
vt 0.481955 0.896474
vt 0.481674 0.897379
vt 0.481456 0.898059
vt 0.529139 0.850857
vt 0.530225 0.850123
vt 0.530373 0.854240
vt 0.513338 0.831685
vt 0.516230 0.833798
vt 0.514468 0.833641
vt 0.509223 0.831346
vt 0.518677 0.838108
vt 0.510603 0.832682
vt 0.516051 0.836615
vt 0.511697 0.834195
vt 0.514355 0.836120
vt 0.511010 0.835222
vt 0.513710 0.836871
vt 0.512943 0.837818
vt 0.510327 0.836233
vt 0.511392 0.837779
vt 0.510220 0.829855
vt 0.508443 0.830051
vt 0.508853 0.832534
vt 0.508370 0.833386
vt 0.507907 0.834237
vt 0.507255 0.835225
vt 0.507266 0.827404
vt 0.506920 0.828358
vt 0.502339 0.828884
vt 0.505850 0.831156
vt 0.505475 0.832066
vt 0.505090 0.832962
vt 0.504542 0.834016
vt 0.503945 0.825061
vt 0.503709 0.826236
vt 0.503488 0.827209
vt 0.501792 0.827770
vt 0.502700 0.830088
vt 0.502363 0.831277
vt 0.502015 0.832447
vt 0.501824 0.833140
vt 0.500034 0.826193
vt 0.497898 0.828209
vt 0.499467 0.829395
vt 0.499263 0.830371
vt 0.499103 0.831331
vt 0.498786 0.832470
vt 0.496422 0.825041
vt 0.496377 0.826039
vt 0.494838 0.826882
vt 0.490634 0.827649
vt 0.496179 0.829012
vt 0.496083 0.830240
vt 0.495961 0.831461
vt 0.494702 0.832094
vt 0.492829 0.825731
vt 0.490184 0.827188
vt 0.490648 0.828522
vt 0.492964 0.829202
vt 0.492916 0.830436
vt 0.492934 0.831416
vt 0.489082 0.825267
vt 0.489234 0.826263
vt 0.489674 0.829684
vt 0.489758 0.830665
vt 0.489879 0.831604
vt 0.489962 0.832306
vt 0.485426 0.824637
vt 0.485464 0.825919
vt 0.485707 0.826888
vt 0.484481 0.828125
vt 0.482704 0.829747
vt 0.486397 0.829773
vt 0.486587 0.830728
vt 0.486787 0.831681
vt 0.486936 0.832862
vt 0.481784 0.825639
vt 0.481925 0.826912
vt 0.482271 0.827849
vt 0.480133 0.829753
vt 0.483233 0.830640
vt 0.483511 0.831588
vt 0.483818 0.832507
vt 0.484067 0.833662
vt 0.478271 0.826990
vt 0.478512 0.828256
vt 0.478966 0.829140
vt 0.474673 0.833247
vt 0.478228 0.832749
vt 0.480368 0.832320
vt 0.480749 0.833215
vt 0.481135 0.834097
vt 0.480323 0.835251
vt 0.474921 0.828699
vt 0.475272 0.829927
vt 0.475794 0.830769
vt 0.474976 0.832316
vt 0.475446 0.833610
vt 0.477871 0.834404
vt 0.478446 0.835472
vt 0.471765 0.830709
vt 0.472216 0.831902
vt 0.472816 0.832686
vt 0.471332 0.835113
vt 0.474691 0.835253
vt 0.475312 0.836279
vt 0.475849 0.837050
vt 0.476253 0.837631
vt 0.468832 0.832988
vt 0.469375 0.834151
vt 0.470045 0.834874
vt 0.468765 0.838774
vt 0.471982 0.837081
vt 0.472759 0.838009
vt 0.473518 0.838935
vt 0.473064 0.840241
vt 0.466136 0.835553
vt 0.466774 0.836664
vt 0.467510 0.837315
vt 0.467221 0.839027
vt 0.469644 0.839307
vt 0.470517 0.840154
vt 0.471369 0.840996
vt 0.463736 0.838365
vt 0.464440 0.839402
vt 0.465229 0.839978
vt 0.463376 0.845491
vt 0.467530 0.841763
vt 0.468467 0.842523
vt 0.469377 0.843289
vt 0.469155 0.844650
vt 0.461576 0.841355
vt 0.462381 0.842341
vt 0.463219 0.842836
vt 0.463217 0.844544
vt 0.464217 0.845452
vt 0.465678 0.844373
vt 0.466467 0.844916
vt 0.467461 0.845550
vt 0.459759 0.844510
vt 0.460633 0.845430
vt 0.461502 0.845844
vt 0.461289 0.848631
vt 0.464075 0.847160
vt 0.464911 0.847628
vt 0.465958 0.848175
vt 0.466215 0.849652
vt 0.458185 0.847799
vt 0.459144 0.848660
vt 0.460052 0.848997
vt 0.461762 0.851448
vt 0.462758 0.850057
vt 0.463863 0.850514
vt 0.464955 0.850970
vt 0.456959 0.851249
vt 0.457981 0.852036
vt 0.458922 0.852274
vt 0.459433 0.853916
vt 0.459226 0.858059
vt 0.460607 0.854516
vt 0.462166 0.853241
vt 0.463082 0.853533
vt 0.463976 0.853816
vt 0.464281 0.855161
vt 0.456200 0.853952
vt 0.456626 0.855507
vt 0.457879 0.855567
vt 0.460949 0.856181
vt 0.461878 0.856390
vt 0.463032 0.856617
vt 0.457142 0.859050
vt 0.458097 0.859161
vt 0.458469 0.861738
vt 0.459695 0.860941
vt 0.460488 0.859342
vt 0.461431 0.859458
vt 0.462573 0.859582
vt 0.463497 0.859681
vt 0.457461 0.862529
vt 0.460351 0.862507
vt 0.461316 0.862537
vt 0.462474 0.862542
vt 0.463380 0.863723
vt 0.457653 0.866013
vt 0.458738 0.867325
vt 0.459735 0.867270
vt 0.460512 0.865686
vt 0.461471 0.865625
vt 0.462639 0.865491
vt 0.458180 0.869431
vt 0.460674 0.871480
vt 0.461228 0.868770
vt 0.462436 0.868607
vt 0.463364 0.868433
vt 0.464267 0.869479
vt 0.459047 0.872801
vt 0.460367 0.873876
vt 0.461777 0.871951
vt 0.462933 0.871619
vt 0.464070 0.871301
vt 0.460228 0.876051
vt 0.463293 0.878517
vt 0.462920 0.876724
vt 0.462870 0.874949
vt 0.463950 0.874516
vt 0.465012 0.874111
vt 0.465650 0.873850
vt 0.461709 0.879159
vt 0.463211 0.879954
vt 0.464413 0.877648
vt 0.465493 0.877163
vt 0.466324 0.876730
vt 0.467475 0.877444
vt 0.463260 0.882196
vt 0.467326 0.884180
vt 0.466015 0.880335
vt 0.467054 0.879747
vt 0.467827 0.879227
vt 0.464527 0.887026
vt 0.464794 0.885465
vt 0.465506 0.884841
vt 0.467124 0.885344
vt 0.467715 0.883052
vt 0.468647 0.882330
vt 0.469588 0.881632
vt 0.470847 0.882139
vt 0.466956 0.889621
vt 0.467101 0.888079
vt 0.467763 0.887398
vt 0.471983 0.888812
vt 0.469770 0.885416
vt 0.470633 0.884608
vt 0.471491 0.883819
vt 0.469544 0.891927
vt 0.469624 0.890462
vt 0.470217 0.889731
vt 0.471874 0.889937
vt 0.475490 0.891812
vt 0.472049 0.887595
vt 0.472687 0.886908
vt 0.473301 0.886215
vt 0.474130 0.885441
vt 0.473128 0.894591
vt 0.472248 0.892887
vt 0.472871 0.891816
vt 0.474521 0.889521
vt 0.475087 0.888777
vt 0.475629 0.888027
vt 0.476379 0.887173
vt 0.478781 0.888690
vt 0.478119 0.889607
vt 0.477652 0.890407
vt 0.477157 0.891204
vt 0.478275 0.892573
vt 0.477422 0.893594
vt 0.475748 0.893662
vt 0.475296 0.894499
vt 0.475535 0.896021
vt 0.481220 0.889908
vt 0.480939 0.890542
vt 0.480445 0.891577
vt 0.479952 0.892631
vt 0.478779 0.895228
vt 0.478409 0.896114
vt 0.478782 0.897584
vt 0.482841 0.899008
vt 0.520660 0.879339
vt 0.519263 0.882172
vt 0.512559 0.890378
vt 0.506648 0.895097
vt 0.498839 0.898113
vt 0.491971 0.899395
vt 0.488358 0.899589
vt 0.485695 0.899760
vt 0.523049 0.873685
vt 0.522192 0.876673
vt 0.517922 0.885206
vt 0.502283 0.897715
vt 0.495475 0.899392
vt 0.489570 0.900408
vt 0.524151 0.867735
vt 0.521633 0.880068
vt 0.519999 0.882786
vt 0.518718 0.885535
vt 0.518109 0.886995
vt 0.512678 0.892027
vt 0.505611 0.896477
vt 0.499006 0.899077
vt 0.492826 0.900638
vt 0.524479 0.870940
vt 0.523946 0.874028
vt 0.523239 0.877302
vt 0.508832 0.895170
vt 0.496422 0.900520
vt 0.524828 0.861699
vt 0.525336 0.867970
vt 0.517954 0.887919
vt 0.511931 0.893568
vt 0.505951 0.897385
vt 0.502636 0.898947
vt 0.500030 0.900151
vt 0.525475 0.864807
vt 0.525612 0.871332
vt 0.524805 0.874429
vt 0.524432 0.877825
vt 0.514918 0.891900
vt 0.509273 0.896046
vt 0.503765 0.899379
vt 0.522433 0.882850
vt 0.517507 0.889551
vt 0.512448 0.894393
vt 0.507132 0.898272
vt 0.523071 0.852794
vt 0.525582 0.858581
vt 0.526046 0.861693
vt 0.526698 0.864993
vt 0.526529 0.868180
vt 0.246190 0.258932
vt 0.250744 0.471974
vt 0.239304 0.459630
vt 0.233915 0.270309
vt 0.520006 0.887194
vt 0.510508 0.896807
vt 0.524830 0.855503
vt 0.527022 0.871000
vt 0.525931 0.876964
vt 0.522294 0.884575
vt 0.518151 0.890257
vt 0.515710 0.892878
vt 0.513714 0.895040
vt 0.523987 0.852507
vt 0.527040 0.861683
vt 0.527460 0.872634
vt 0.524334 0.881728
vt 0.520719 0.887845
vt 0.516870 0.892839
vt 0.526001 0.855327
vt 0.526819 0.858447
vt 0.528023 0.864844
vt 0.526091 0.878674
vt 0.523078 0.885161
vt 0.519447 0.890709
vt 0.524920 0.852251
vt 0.527778 0.858112
vt 0.528721 0.867080
vt 0.527539 0.875473
vt 0.525169 0.882239
vt 0.522046 0.888195
vt 0.528644 0.872135
vt 0.526978 0.879097
vt 0.524401 0.885413
vt 0.525296 0.850238
vt 0.528967 0.860189
vt 0.529430 0.868678
vt 0.528462 0.875804
vt 0.526540 0.882367
vt 0.526005 0.849553
vt 0.529877 0.865180
vt 0.529600 0.872377
vt 0.528341 0.879136
vt 0.527331 0.851856
vt 0.529951 0.861634
vt 0.530389 0.868816
vt 0.529815 0.875723
vt 0.528917 0.854756
vt 0.529947 0.858104
vt 0.530880 0.865193
vt 0.530954 0.872188
vt 0.530961 0.861557
vt 0.531713 0.868525
vt 0.528203 0.851177
vt 0.532112 0.864895
vt 0.531239 0.853709
vt 0.528346 0.847244
vt 0.528893 0.846651
vt 0.527417 0.847626
vt 0.526479 0.848001
vt 0.523770 0.849186
vt 0.522862 0.849592
vt 0.521961 0.849977
vt 0.527544 0.843132
vt 0.526461 0.844017
vt 0.525367 0.844631
vt 0.523798 0.843819
vt 0.523050 0.846076
vt 0.521898 0.846517
vt 0.520844 0.847096
vt 0.519451 0.846486
vt 0.525675 0.839909
vt 0.524499 0.840884
vt 0.523475 0.841594
vt 0.520615 0.841516
vt 0.521048 0.843309
vt 0.520042 0.844000
vt 0.519032 0.844673
vt 0.523377 0.836923
vt 0.522253 0.837952
vt 0.521313 0.838760
vt 0.519627 0.838278
vt 0.518892 0.840895
vt 0.517906 0.841625
vt 0.517155 0.842232
vt 0.515843 0.841738
vt 0.520813 0.834191
vt 0.519748 0.835268
vt 0.518894 0.836163
vt 0.516830 0.838307
vt 0.516123 0.838990
vt 0.515283 0.839858
vt 0.517928 0.849035
vt 0.520298 0.854763
vt 0.521350 0.860838
vt 0.521036 0.867020
vt 0.490072 0.889916
vt 0.485920 0.888985
vt 0.481445 0.887344
vt 0.476425 0.884208
vt 0.473398 0.881263
vt 0.470428 0.877474
vt 0.509109 0.885379
vt 0.504881 0.887696
vt 0.500788 0.889086
vt 0.496055 0.890019
vt 0.519415 0.872909
vt 0.516467 0.878223
vt 0.512496 0.882807
vt 0.466360 0.857275
vt 0.467544 0.853149
vt 0.469518 0.848739
vt 0.471947 0.845207
vt 0.475295 0.841639
vt 0.480335 0.838084
vt 0.501452 0.835664
vt 0.505524 0.837193
vt 0.509740 0.839728
vt 0.514344 0.843926
vt 0.467653 0.872145
vt 0.466513 0.868053
vt 0.465875 0.863265
vt 0.486054 0.835702
vt 0.492160 0.834667
vt 0.496540 0.834788
vt 0.361989 0.941780
vt 0.360605 0.940185
vt 0.361726 0.940655
vt 0.358243 0.936481
vt 0.357307 0.934478
vt 0.358084 0.935214
vt 0.356534 0.932348
vt 0.357275 0.933180
vt 0.356016 0.930215
vt 0.356789 0.931036
vt 0.355653 0.927933
vt 0.356372 0.928858
vt 0.355591 0.925726
vt 0.356180 0.926636
vt 0.355711 0.923487
vt 0.356218 0.924410
vt 0.356031 0.921220
vt 0.356451 0.922221
vt 0.371522 0.903407
vt 0.373897 0.902730
vt 0.373586 0.903262
vt 0.376181 0.902027
vt 0.375819 0.902830
vt 0.378416 0.901964
vt 0.378071 0.902622
vt 0.380769 0.901911
vt 0.380266 0.902776
vt 0.383061 0.902176
vt 0.382506 0.902999
vt 0.385200 0.902775
vt 0.384793 0.903323
vt 0.387363 0.903318
vt 0.386975 0.903987
vt 0.389472 0.904190
vt 0.388948 0.904948
vt 0.391504 0.905272
vt 0.390928 0.905994
vt 0.393428 0.906550
vt 0.392796 0.907226
vt 0.395141 0.908091
vt 0.394571 0.908653
vt 0.398086 0.922760
vt 0.397674 0.923874
vt 0.396953 0.920339
vt 0.398320 0.926461
vt 0.397701 0.927475
vt 0.397840 0.930135
vt 0.397043 0.931012
vt 0.396527 0.933576
vt 0.395714 0.934360
vt 0.394464 0.936441
vt 0.395858 0.935276
vt 0.394997 0.936903
vt 0.393321 0.937905
vt 0.393750 0.938282
vt 0.391277 0.939957
vt 0.392348 0.939536
vt 0.392855 0.940083
vt 0.391047 0.940875
vt 0.391512 0.941457
vt 0.389230 0.941479
vt 0.389545 0.941978
vt 0.389942 0.942592
vt 0.390239 0.943112
vt 0.387738 0.942349
vt 0.387976 0.943023
vt 0.388291 0.943688
vt 0.388037 0.944674
vt 0.385027 0.943469
vt 0.386204 0.943642
vt 0.386461 0.944324
vt 0.386665 0.944878
vt 0.384418 0.944064
vt 0.384575 0.944644
vt 0.384722 0.945374
vt 0.383950 0.946173
vt 0.384324 0.946543
vt 0.381476 0.944254
vt 0.382590 0.944481
vt 0.382714 0.945071
vt 0.382777 0.945816
vt 0.380780 0.944749
vt 0.380820 0.945321
vt 0.380842 0.945911
vt 0.379805 0.946772
vt 0.378946 0.944403
vt 0.378940 0.944835
vt 0.378913 0.945566
vt 0.378891 0.946289
vt 0.377685 0.947445
vt 0.381865 0.947347
vt 0.378859 0.948216
vt 0.377237 0.944306
vt 0.377085 0.944990
vt 0.377008 0.945575
vt 0.376911 0.946157
vt 0.375914 0.946450
vt 0.374136 0.946529
vt 0.376709 0.948077
vt 0.375473 0.944028
vt 0.375253 0.944704
vt 0.375113 0.945260
vt 0.374965 0.945829
vt 0.374298 0.946877
vt 0.374652 0.947594
vt 0.374539 0.948177
vt 0.372695 0.943231
vt 0.373492 0.944081
vt 0.373280 0.944774
vt 0.373064 0.945307
vt 0.372029 0.945397
vt 0.371630 0.946127
vt 0.372582 0.947030
vt 0.372411 0.947602
vt 0.371867 0.943319
vt 0.371637 0.943854
vt 0.371393 0.944370
vt 0.370285 0.944488
vt 0.370590 0.946278
vt 0.370387 0.946836
vt 0.370222 0.947245
vt 0.401310 0.919981
vt 0.401988 0.919575
vt 0.402479 0.921809
vt 0.392445 0.907910
vt 0.394107 0.909271
vt 0.391690 0.908081
vt 0.394606 0.910501
vt 0.389787 0.907831
vt 0.393244 0.910017
vt 0.391342 0.909384
vt 0.392903 0.910597
vt 0.390907 0.909981
vt 0.392489 0.911033
vt 0.391998 0.911585
vt 0.390471 0.910569
vt 0.391069 0.911528
vt 0.390647 0.906718
vt 0.388677 0.906376
vt 0.387121 0.906007
vt 0.389703 0.908337
vt 0.389389 0.908823
vt 0.389090 0.909312
vt 0.388665 0.909877
vt 0.388737 0.905699
vt 0.387997 0.907403
vt 0.387717 0.907917
vt 0.387461 0.908438
vt 0.387087 0.909040
vt 0.386823 0.904582
vt 0.386606 0.905142
vt 0.385334 0.905838
vt 0.386184 0.906599
vt 0.385916 0.907290
vt 0.385647 0.907971
vt 0.385496 0.908378
vt 0.384725 0.904094
vt 0.383656 0.904587
vt 0.384269 0.905984
vt 0.384096 0.906562
vt 0.383944 0.907138
vt 0.383696 0.907812
vt 0.382549 0.903797
vt 0.381343 0.904868
vt 0.381375 0.905151
vt 0.382237 0.905874
vt 0.382133 0.906467
vt 0.382037 0.907056
vt 0.381234 0.907378
vt 0.380381 0.903561
vt 0.379453 0.904103
vt 0.376900 0.904566
vt 0.380271 0.905672
vt 0.380229 0.906267
vt 0.380195 0.906863
vt 0.378228 0.903388
vt 0.377221 0.904985
vt 0.378297 0.905349
vt 0.378311 0.906096
vt 0.378324 0.906826
vt 0.378339 0.907260
vt 0.376052 0.903581
vt 0.375232 0.904425
vt 0.376291 0.905537
vt 0.376359 0.906130
vt 0.376438 0.906720
vt 0.376468 0.907449
vt 0.373899 0.903987
vt 0.372507 0.905191
vt 0.373206 0.905793
vt 0.374325 0.905929
vt 0.374455 0.906511
vt 0.374586 0.907084
vt 0.374685 0.907805
vt 0.371605 0.904188
vt 0.371823 0.904759
vt 0.368991 0.907032
vt 0.372417 0.906490
vt 0.372596 0.907061
vt 0.372784 0.907623
vt 0.372951 0.908324
vt 0.369382 0.904261
vt 0.369533 0.905032
vt 0.369805 0.905578
vt 0.369224 0.906479
vt 0.369445 0.907298
vt 0.370574 0.907227
vt 0.370805 0.907781
vt 0.371046 0.908320
vt 0.371276 0.909001
vt 0.367336 0.905312
vt 0.367550 0.906074
vt 0.367874 0.906592
vt 0.366831 0.908011
vt 0.368798 0.908159
vt 0.369167 0.908801
vt 0.369523 0.909439
vt 0.369750 0.909818
vt 0.365402 0.906571
vt 0.365675 0.907317
vt 0.366051 0.907796
vt 0.365051 0.910143
vt 0.367238 0.909370
vt 0.367641 0.910010
vt 0.367990 0.910492
vt 0.367641 0.911282
vt 0.363591 0.908015
vt 0.363930 0.908736
vt 0.364353 0.909177
vt 0.364062 0.910208
vt 0.365568 0.910520
vt 0.366065 0.911089
vt 0.366550 0.911654
vt 0.361962 0.909636
vt 0.362347 0.910314
vt 0.362808 0.910710
vt 0.362226 0.912364
vt 0.361388 0.914052
vt 0.364144 0.911933
vt 0.364681 0.912440
vt 0.365200 0.912943
vt 0.365518 0.913238
vt 0.360477 0.911384
vt 0.360926 0.912037
vt 0.361423 0.912384
vt 0.361914 0.914066
vt 0.362870 0.913466
vt 0.363336 0.913841
vt 0.363925 0.914287
vt 0.363939 0.915225
vt 0.359174 0.913262
vt 0.359682 0.913881
vt 0.360208 0.914180
vt 0.360253 0.915253
vt 0.361755 0.915113
vt 0.362389 0.915505
vt 0.363013 0.915900
vt 0.358067 0.915263
vt 0.358626 0.915833
vt 0.359175 0.916081
vt 0.360033 0.917597
vt 0.360964 0.916893
vt 0.361595 0.917252
vt 0.362105 0.917505
vt 0.362491 0.917694
vt 0.357153 0.917345
vt 0.357759 0.917873
vt 0.358331 0.918062
vt 0.358580 0.919094
vt 0.358694 0.920764
vt 0.360205 0.918679
vt 0.360874 0.918986
vt 0.361415 0.919195
vt 0.361556 0.920029
vt 0.356456 0.919503
vt 0.357102 0.919978
vt 0.357687 0.920109
vt 0.359583 0.920546
vt 0.360294 0.920787
vt 0.360863 0.920938
vt 0.357237 0.922219
vt 0.357678 0.923182
vt 0.358116 0.924549
vt 0.359008 0.922496
vt 0.359743 0.922627
vt 0.360467 0.922772
vt 0.360755 0.923566
vt 0.356999 0.924341
vt 0.358935 0.924445
vt 0.359680 0.924534
vt 0.360260 0.924575
vt 0.356961 0.926486
vt 0.357581 0.927357
vt 0.358428 0.927497
vt 0.358922 0.926421
vt 0.359656 0.926446
vt 0.360236 0.926435
vt 0.360665 0.927159
vt 0.357133 0.928631
vt 0.358649 0.930606
vt 0.358930 0.928389
vt 0.359512 0.928343
vt 0.360228 0.928246
vt 0.357524 0.930751
vt 0.358297 0.931471
vt 0.359262 0.930342
vt 0.359844 0.930229
vt 0.360555 0.930072
vt 0.361263 0.930664
vt 0.357968 0.932830
vt 0.359786 0.933126
vt 0.360091 0.932148
vt 0.360645 0.931969
vt 0.361193 0.931781
vt 0.358627 0.934910
vt 0.359167 0.934677
vt 0.360141 0.935936
vt 0.361072 0.936487
vt 0.360509 0.934051
vt 0.361047 0.933830
vt 0.361712 0.933552
vt 0.362510 0.934002
vt 0.359009 0.937852
vt 0.359350 0.936965
vt 0.359851 0.936660
vt 0.362484 0.938970
vt 0.361369 0.935790
vt 0.361889 0.935525
vt 0.362511 0.935171
vt 0.360404 0.938949
vt 0.360977 0.938444
vt 0.361938 0.938817
vt 0.362503 0.937334
vt 0.363121 0.936967
vt 0.363586 0.936648
vt 0.363936 0.936408
vt 0.362250 0.940099
vt 0.363929 0.939998
vt 0.363667 0.938856
vt 0.364254 0.938425
vt 0.364698 0.938063
vt 0.365480 0.938353
vt 0.363146 0.942933
vt 0.363267 0.942041
vt 0.363661 0.941617
vt 0.364674 0.941810
vt 0.364881 0.940387
vt 0.365299 0.939987
vt 0.365799 0.939478
vt 0.365242 0.944740
vt 0.364788 0.943645
vt 0.365214 0.943013
vt 0.367266 0.943155
vt 0.366392 0.941550
vt 0.366877 0.941027
vt 0.367232 0.940594
vt 0.367500 0.940268
vt 0.369517 0.941681
vt 0.368691 0.941629
vt 0.368373 0.942105
vt 0.367930 0.942678
vt 0.367952 0.944278
vt 0.366905 0.944274
vt 0.366531 0.944955
vt 0.366960 0.945908
vt 0.370221 0.942536
vt 0.369945 0.943036
vt 0.369561 0.943655
vt 0.368705 0.945367
vt 0.368443 0.945899
vt 0.368594 0.946821
vt 0.370906 0.947863
vt 0.394301 0.938749
vt 0.391864 0.941946
vt 0.385994 0.946437
vt 0.381028 0.948006
vt 0.372769 0.948500
vt 0.397197 0.931843
vt 0.395474 0.937232
vt 0.393369 0.940640
vt 0.390924 0.943440
vt 0.383167 0.947731
vt 0.376640 0.948865
vt 0.374960 0.949016
vt 0.397059 0.933817
vt 0.396484 0.935639
vt 0.394738 0.939139
vt 0.390456 0.944358
vt 0.385299 0.947259
vt 0.381085 0.948602
vt 0.378876 0.949007
vt 0.377382 0.949340
vt 0.398008 0.928273
vt 0.397752 0.932026
vt 0.395942 0.937585
vt 0.393927 0.941036
vt 0.389224 0.945403
vt 0.387363 0.946557
vt 0.383299 0.948331
vt 0.379530 0.949445
vt 0.397597 0.934057
vt 0.396985 0.935945
vt 0.395721 0.938576
vt 0.393322 0.942343
vt 0.385468 0.947831
vt 0.381687 0.949327
vt 0.398134 0.924593
vt 0.398594 0.928354
vt 0.398544 0.930306
vt 0.398431 0.932323
vt 0.391213 0.944624
vt 0.389474 0.945945
vt 0.387590 0.947131
vt 0.383949 0.948981
vt 0.397698 0.935198
vt 0.398351 0.935214
vt 0.396202 0.939326
vt 0.392982 0.943371
vt 0.386172 0.948421
vt 0.397542 0.920959
vt 0.398716 0.924560
vt 0.399049 0.926474
vt 0.399180 0.928428
vt 0.399115 0.930445
vt 0.398654 0.933401
vt 0.394610 0.941939
vt 0.391558 0.945121
vt 0.389778 0.946507
vt 0.388338 0.947644
vt 0.398482 0.935799
vt 0.396079 0.940375
vt 0.393372 0.943835
vt 0.390436 0.946659
vt 0.398115 0.920818
vt 0.398804 0.922643
vt 0.399308 0.924532
vt 0.399640 0.926523
vt 0.399596 0.929503
vt 0.399539 0.933182
vt 0.397387 0.938688
vt 0.395042 0.942353
vt 0.392347 0.945528
vt 0.400169 0.928181
vt 0.398535 0.936861
vt 0.396544 0.940747
vt 0.394186 0.944147
vt 0.398845 0.920677
vt 0.399526 0.923230
vt 0.400497 0.929838
vt 0.399513 0.934930
vt 0.397886 0.939021
vt 0.395854 0.942589
vt 0.400197 0.924030
vt 0.400298 0.932903
vt 0.399074 0.937134
vt 0.397347 0.940925
vt 0.399998 0.921096
vt 0.400871 0.925673
vt 0.400878 0.930825
vt 0.400069 0.935165
vt 0.398718 0.939137
vt 0.399106 0.919506
vt 0.401397 0.928758
vt 0.400879 0.933068
vt 0.399904 0.937199
vt 0.400440 0.921484
vt 0.401430 0.926579
vt 0.401465 0.930951
vt 0.400907 0.935146
vt 0.401407 0.924425
vt 0.401691 0.933005
vt 0.401170 0.922276
vt 0.402036 0.926596
vt 0.402172 0.928805
vt 0.402268 0.930808
vt 0.400725 0.920148
vt 0.402003 0.924369
vt 0.402632 0.928682
vt 0.401765 0.922158
vt 0.402803 0.926386
vt 0.402745 0.924125
vt 0.401277 0.917378
vt 0.400641 0.917849
vt 0.400078 0.918074
vt 0.399208 0.917442
vt 0.398389 0.918724
vt 0.397826 0.918909
vt 0.397143 0.919165
vt 0.400685 0.915230
vt 0.399900 0.915742
vt 0.399228 0.916079
vt 0.397169 0.914684
vt 0.397870 0.916736
vt 0.397339 0.917006
vt 0.396795 0.917248
vt 0.396262 0.917502
vt 0.395561 0.917011
vt 0.399575 0.913233
vt 0.398826 0.913786
vt 0.398193 0.914189
vt 0.397230 0.913748
vt 0.396563 0.915241
vt 0.395901 0.915588
vt 0.395399 0.915889
vt 0.398261 0.911396
vt 0.397564 0.911970
vt 0.396982 0.912424
vt 0.395291 0.912642
vt 0.395316 0.913669
vt 0.394735 0.914100
vt 0.394012 0.914536
vt 0.396827 0.909686
vt 0.396157 0.910281
vt 0.395619 0.910782
vt 0.394302 0.911995
vt 0.393760 0.912479
vt 0.393222 0.912951
vt 0.392905 0.913246
vt 0.385151 0.909869
vt 0.387545 0.910997
vt 0.390020 0.912649
vt 0.392656 0.915271
vt 0.394555 0.918478
vt 0.395495 0.920979
vt 0.396108 0.923905
vt 0.396174 0.926565
vt 0.395809 0.929533
vt 0.363512 0.932467
vt 0.362448 0.928903
vt 0.362187 0.925176
vt 0.362749 0.921445
vt 0.372191 0.910273
vt 0.375780 0.909125
vt 0.379556 0.908813
vt 0.382217 0.909111
vt 0.364103 0.917947
vt 0.366192 0.914826
vt 0.368935 0.912238
vt 0.374069 0.942097
vt 0.371648 0.941107
vt 0.369137 0.939623
vt 0.366439 0.937161
vt 0.364893 0.935063
vt 0.386882 0.941046
vt 0.383333 0.942332
vt 0.379593 0.942860
vt 0.376959 0.942711
vt 0.395017 0.932074
vt 0.393750 0.934748
vt 0.392188 0.936853
vt 0.390041 0.938970
vt 0.417821 0.962936
vt 0.415683 0.961395
vt 0.417677 0.962339
vt 0.405773 0.927736
vt 0.407069 0.925647
vt 0.406852 0.927137
vt 0.408596 0.924053
vt 0.408208 0.925379
vt 0.410183 0.922328
vt 0.409741 0.923731
vt 0.412029 0.921107
vt 0.411496 0.922368
vt 0.413951 0.919862
vt 0.413307 0.921061
vt 0.415975 0.918822
vt 0.415232 0.919934
vt 0.420266 0.917249
vt 0.422519 0.916943
vt 0.421587 0.917770
vt 0.424794 0.916758
vt 0.423830 0.917344
vt 0.427032 0.916723
vt 0.429268 0.916981
vt 0.428270 0.917434
vt 0.431455 0.917397
vt 0.430461 0.917778
vt 0.433679 0.917885
vt 0.435767 0.918832
vt 0.434734 0.919059
vt 0.437910 0.919824
vt 0.436676 0.920132
vt 0.439664 0.921103
vt 0.438579 0.921265
vt 0.441511 0.922488
vt 0.440383 0.922564
vt 0.443290 0.924057
vt 0.442212 0.923998
vt 0.444781 0.925812
vt 0.443738 0.925680
vt 0.446094 0.927711
vt 0.444934 0.927541
vt 0.447078 0.929706
vt 0.446086 0.929460
vt 0.448123 0.931813
vt 0.447200 0.931479
vt 0.448686 0.933942
vt 0.447788 0.933582
vt 0.449336 0.936160
vt 0.448345 0.935720
vt 0.449639 0.938422
vt 0.448699 0.937915
vt 0.449732 0.940696
vt 0.448988 0.940199
vt 0.449605 0.942978
vt 0.448769 0.942372
vt 0.449165 0.945150
vt 0.448620 0.944668
vt 0.448697 0.947428
vt 0.448094 0.946851
vt 0.447937 0.949576
vt 0.447380 0.948973
vt 0.446888 0.951513
vt 0.446345 0.950874
vt 0.445895 0.953480
vt 0.445222 0.952845
vt 0.444579 0.955333
vt 0.443962 0.954653
vt 0.443073 0.957066
vt 0.442504 0.956343
vt 0.441394 0.958652
vt 0.440943 0.958031
vt 0.439507 0.959972
vt 0.439088 0.959292
vt 0.424560 0.959585
vt 0.423548 0.958936
vt 0.427180 0.959012
vt 0.417505 0.957536
vt 0.416752 0.956670
vt 0.419417 0.957942
vt 0.414345 0.955632
vt 0.414610 0.955279
vt 0.412022 0.952890
vt 0.413283 0.954181
vt 0.411436 0.953311
vt 0.410848 0.951439
vt 0.410380 0.951769
vt 0.409339 0.949000
vt 0.409502 0.950130
vt 0.408997 0.950429
vt 0.408498 0.948583
vt 0.407839 0.948889
vt 0.408343 0.946762
vt 0.407654 0.946923
vt 0.407101 0.947111
vt 0.406534 0.947282
vt 0.407593 0.943946
vt 0.407275 0.945085
vt 0.406571 0.945260
vt 0.406004 0.945381
vt 0.407071 0.943284
vt 0.406344 0.943375
vt 0.405612 0.943477
vt 0.405389 0.944528
vt 0.407276 0.941461
vt 0.406851 0.941488
vt 0.406256 0.941514
vt 0.405685 0.941538
vt 0.405047 0.940914
vt 0.404522 0.940887
vt 0.407247 0.939769
vt 0.406558 0.939659
vt 0.405985 0.939631
vt 0.405396 0.938921
vt 0.407599 0.936881
vt 0.407020 0.937853
vt 0.406428 0.937763
vt 0.405883 0.937683
vt 0.405173 0.936590
vt 0.407350 0.936078
vt 0.406763 0.935942
vt 0.406204 0.935795
vt 0.405774 0.935014
vt 0.405086 0.934289
vt 0.404285 0.938349
vt 0.404227 0.935317
vt 0.408192 0.934521
vt 0.407554 0.934233
vt 0.407010 0.934047
vt 0.406453 0.933842
vt 0.406541 0.931885
vt 0.404687 0.933207
vt 0.408852 0.932821
vt 0.408474 0.932649
vt 0.407958 0.932407
vt 0.407325 0.932067
vt 0.406608 0.930482
vt 0.405557 0.931318
vt 0.405040 0.931074
vt 0.410212 0.930355
vt 0.409324 0.931033
vt 0.408820 0.930744
vt 0.408332 0.930449
vt 0.408271 0.929350
vt 0.406410 0.929345
vt 0.405727 0.928993
vt 0.410298 0.929516
vt 0.409829 0.929175
vt 0.409361 0.928825
vt 0.410152 0.925977
vt 0.408443 0.927588
vt 0.408576 0.926796
vt 0.407405 0.927482
vt 0.440374 0.957517
vt 0.438591 0.958700
vt 0.439509 0.957234
vt 0.437276 0.958910
vt 0.440329 0.955365
vt 0.438043 0.957705
vt 0.439110 0.956030
vt 0.437566 0.957246
vt 0.438639 0.955459
vt 0.437243 0.956748
vt 0.436826 0.956150
vt 0.438166 0.954899
vt 0.437095 0.955268
vt 0.441868 0.955904
vt 0.442045 0.954858
vt 0.443346 0.952640
vt 0.440350 0.954443
vt 0.439927 0.954027
vt 0.439514 0.953607
vt 0.439725 0.952783
vt 0.443272 0.954287
vt 0.442689 0.952590
vt 0.441640 0.952980
vt 0.441179 0.952611
vt 0.440724 0.952245
vt 0.444525 0.952526
vt 0.444536 0.951475
vt 0.443999 0.950598
vt 0.442780 0.951408
vt 0.442174 0.951008
vt 0.441520 0.950482
vt 0.445595 0.950671
vt 0.445731 0.948947
vt 0.443776 0.949703
vt 0.443238 0.949432
vt 0.442726 0.949166
vt 0.442666 0.948315
vt 0.446624 0.948804
vt 0.445715 0.947417
vt 0.444829 0.948050
vt 0.444138 0.947788
vt 0.443462 0.947500
vt 0.447322 0.946763
vt 0.446870 0.945679
vt 0.446989 0.943107
vt 0.445325 0.946195
vt 0.444649 0.945915
vt 0.444096 0.945765
vt 0.443677 0.945643
vt 0.447838 0.944647
vt 0.446474 0.943008
vt 0.445920 0.944278
vt 0.445196 0.944122
vt 0.444473 0.943969
vt 0.444191 0.943166
vt 0.447993 0.942471
vt 0.447628 0.940969
vt 0.445887 0.942258
vt 0.445307 0.942209
vt 0.444722 0.942157
vt 0.448366 0.940286
vt 0.447377 0.938716
vt 0.446573 0.939475
vt 0.445991 0.940327
vt 0.445403 0.940295
vt 0.444830 0.940312
vt 0.444402 0.940314
vt 0.447953 0.938156
vt 0.446413 0.934921
vt 0.446155 0.938353
vt 0.445428 0.938442
vt 0.444693 0.938485
vt 0.444191 0.937800
vt 0.447624 0.936029
vt 0.446891 0.935274
vt 0.446052 0.935302
vt 0.445863 0.936425
vt 0.445132 0.936555
vt 0.444405 0.936685
vt 0.447093 0.933947
vt 0.445992 0.932619
vt 0.445392 0.934486
vt 0.444809 0.934627
vt 0.444100 0.934834
vt 0.443352 0.934284
vt 0.446531 0.931885
vt 0.444372 0.930396
vt 0.444730 0.932621
vt 0.444170 0.932830
vt 0.443490 0.933101
vt 0.445466 0.929957
vt 0.444546 0.929429
vt 0.443890 0.930801
vt 0.443342 0.931053
vt 0.442824 0.931334
vt 0.442157 0.931599
vt 0.444365 0.928100
vt 0.442901 0.927138
vt 0.441465 0.925922
vt 0.442120 0.928009
vt 0.442596 0.929254
vt 0.442104 0.929572
vt 0.441621 0.929891
vt 0.441259 0.930135
vt 0.443206 0.926271
vt 0.441324 0.926429
vt 0.441195 0.927862
vt 0.440619 0.928328
vt 0.439703 0.928112
vt 0.441822 0.924507
vt 0.441381 0.924922
vt 0.439695 0.923893
vt 0.440349 0.926026
vt 0.439901 0.926422
vt 0.439377 0.926947
vt 0.440001 0.923258
vt 0.438391 0.923872
vt 0.438660 0.924884
vt 0.438282 0.925343
vt 0.437904 0.925788
vt 0.437629 0.926119
vt 0.438269 0.921991
vt 0.437199 0.921990
vt 0.437251 0.923464
vt 0.436914 0.923967
vt 0.436581 0.924451
vt 0.436125 0.925003
vt 0.436422 0.920895
vt 0.434932 0.921783
vt 0.435396 0.922727
vt 0.435105 0.923241
vt 0.434823 0.923753
vt 0.433967 0.923787
vt 0.434554 0.919667
vt 0.433532 0.919852
vt 0.432724 0.919977
vt 0.431986 0.920278
vt 0.433763 0.921626
vt 0.433508 0.922165
vt 0.433229 0.922839
vt 0.432619 0.918312
vt 0.432511 0.918946
vt 0.430640 0.920568
vt 0.431813 0.921239
vt 0.431616 0.921785
vt 0.431442 0.922330
vt 0.431313 0.922741
vt 0.430409 0.918547
vt 0.429371 0.919091
vt 0.429064 0.919870
vt 0.429837 0.921182
vt 0.429662 0.921896
vt 0.428855 0.922154
vt 0.428288 0.918228
vt 0.425976 0.919329
vt 0.428089 0.920143
vt 0.427984 0.920736
vt 0.427894 0.921458
vt 0.426058 0.917287
vt 0.426119 0.917913
vt 0.426088 0.918508
vt 0.424516 0.918855
vt 0.426075 0.920011
vt 0.426061 0.920589
vt 0.426039 0.921177
vt 0.425948 0.921887
vt 0.423975 0.918123
vt 0.422728 0.919873
vt 0.424111 0.920052
vt 0.424135 0.920655
vt 0.424173 0.921237
vt 0.424158 0.921960
vt 0.421828 0.918528
vt 0.421049 0.919287
vt 0.421014 0.919955
vt 0.422167 0.920606
vt 0.422303 0.921338
vt 0.422374 0.922201
vt 0.418042 0.917927
vt 0.419377 0.918137
vt 0.419690 0.918867
vt 0.416741 0.921103
vt 0.418934 0.921118
vt 0.420274 0.921053
vt 0.420466 0.921762
vt 0.420621 0.922613
vt 0.417233 0.918862
vt 0.417514 0.919440
vt 0.417727 0.920003
vt 0.416398 0.920928
vt 0.417181 0.921393
vt 0.418510 0.921955
vt 0.418723 0.922505
vt 0.418914 0.923192
vt 0.415653 0.920608
vt 0.416485 0.922218
vt 0.416816 0.922883
vt 0.417136 0.923551
vt 0.416681 0.924280
vt 0.413808 0.921679
vt 0.413359 0.922646
vt 0.413667 0.923465
vt 0.414870 0.923336
vt 0.415234 0.923983
vt 0.415550 0.924477
vt 0.412054 0.922938
vt 0.411227 0.924469
vt 0.413268 0.924472
vt 0.413679 0.925071
vt 0.414028 0.925520
vt 0.414293 0.925860
vt 0.412437 0.927544
vt 0.412672 0.926737
vt 0.412275 0.926314
vt 0.411804 0.925745
vt 0.410514 0.926364
vt 0.410342 0.924242
vt 0.411434 0.928055
vt 0.410990 0.927674
vt 0.410549 0.927284
vt 0.408712 0.925760
vt 0.412744 0.954651
vt 0.409789 0.952194
vt 0.408482 0.950721
vt 0.407291 0.949121
vt 0.404393 0.943198
vt 0.403682 0.937342
vt 0.404752 0.929578
vt 0.415894 0.956647
vt 0.410867 0.953777
vt 0.406065 0.947882
vt 0.403931 0.941653
vt 0.403594 0.939512
vt 0.403630 0.935216
vt 0.403927 0.933013
vt 0.404232 0.931220
vt 0.413893 0.956199
vt 0.412338 0.955077
vt 0.408886 0.951994
vt 0.405039 0.946574
vt 0.403199 0.933562
vt 0.415574 0.957150
vt 0.407705 0.951305
vt 0.403847 0.943778
vt 0.403336 0.941700
vt 0.403033 0.939489
vt 0.402917 0.937292
vt 0.402907 0.935416
vt 0.421119 0.958487
vt 0.419036 0.958709
vt 0.417240 0.958067
vt 0.411757 0.955558
vt 0.409859 0.953788
vt 0.406959 0.951028
vt 0.404096 0.945874
vt 0.402154 0.938065
vt 0.422752 0.959247
vt 0.420861 0.959150
vt 0.415252 0.957651
vt 0.413436 0.956768
vt 0.405957 0.949771
vt 0.404718 0.947914
vt 0.403250 0.943877
vt 0.402703 0.941702
vt 0.402526 0.939574
vt 0.416974 0.958609
vt 0.412331 0.957022
vt 0.408829 0.953939
vt 0.402082 0.942572
vt 0.402019 0.940301
vt 0.426445 0.959451
vt 0.422616 0.959968
vt 0.420719 0.959713
vt 0.418767 0.959395
vt 0.414337 0.957842
vt 0.406673 0.951767
vt 0.405413 0.950005
vt 0.403356 0.946126
vt 0.402644 0.944323
vt 0.417578 0.959551
vt 0.411114 0.956395
vt 0.407833 0.953562
vt 0.404006 0.948237
vt 0.402934 0.947008
vt 0.426454 0.960189
vt 0.424515 0.960321
vt 0.420545 0.960283
vt 0.414048 0.958651
vt 0.409166 0.955247
vt 0.406163 0.952074
vt 0.404847 0.950286
vt 0.403649 0.949129
vt 0.422476 0.960697
vt 0.418801 0.960412
vt 0.413239 0.958567
vt 0.410684 0.956823
vt 0.407209 0.954050
vt 0.404589 0.951158
vt 0.424466 0.960914
vt 0.417774 0.960589
vt 0.408592 0.955805
vt 0.405782 0.952313
vt 0.405625 0.953237
vt 0.426460 0.960944
vt 0.422849 0.961373
vt 0.416188 0.960236
vt 0.412173 0.958470
vt 0.410292 0.957294
vt 0.406900 0.955110
vt 0.425762 0.961833
vt 0.421097 0.961670
vt 0.414001 0.959715
vt 0.408391 0.956756
vt 0.427522 0.961310
vt 0.418015 0.961323
vt 0.415923 0.960782
vt 0.411798 0.958987
vt 0.409983 0.958009
vt 0.425285 0.962178
vt 0.420004 0.962166
vt 0.413668 0.960263
vt 0.411829 0.959839
vt 0.423587 0.962617
vt 0.417819 0.961907
vt 0.413753 0.961086
vt 0.422162 0.962761
vt 0.415750 0.962107
vt 0.426511 0.962780
vt 0.419847 0.962934
vt 0.424345 0.963513
vt 0.422073 0.963391
vt 0.426609 0.963550
vt 0.422313 0.964120
vt 0.420019 0.963682
vt 0.424566 0.964329
vt 0.428792 0.963333
vt 0.429158 0.964207
vt 0.428705 0.962564
vt 0.429507 0.961862
vt 0.428452 0.960750
vt 0.428381 0.960182
vt 0.428287 0.959458
vt 0.426867 0.964342
vt 0.431347 0.963780
vt 0.431022 0.962902
vt 0.430832 0.962176
vt 0.432222 0.960598
vt 0.430414 0.960419
vt 0.430255 0.959692
vt 0.430109 0.958963
vt 0.430743 0.958389
vt 0.433531 0.963128
vt 0.433160 0.962280
vt 0.432916 0.961569
vt 0.433549 0.960737
vt 0.432250 0.959758
vt 0.432046 0.959039
vt 0.431873 0.958479
vt 0.435603 0.962262
vt 0.435200 0.961457
vt 0.434883 0.960791
vt 0.435051 0.959092
vt 0.434053 0.958889
vt 0.433762 0.958229
vt 0.433501 0.957428
vt 0.437579 0.961252
vt 0.437228 0.960592
vt 0.436832 0.959970
vt 0.435900 0.958282
vt 0.435554 0.957649
vt 0.435221 0.957021
vt 0.435006 0.956646
vt 0.429530 0.957078
vt 0.426873 0.957443
vt 0.423863 0.957402
vt 0.421255 0.956900
vt 0.418469 0.955839
vt 0.440080 0.949865
vt 0.438422 0.951911
vt 0.436237 0.953978
vt 0.433090 0.955939
vt 0.416171 0.954472
vt 0.413841 0.952601
vt 0.412137 0.950579
vt 0.410569 0.948025
vt 0.409587 0.945559
vt 0.408918 0.942675
vt 0.408779 0.940066
vt 0.409084 0.937128
vt 0.409803 0.934601
vt 0.411024 0.931946
vt 0.433903 0.925482
vt 0.437003 0.927625
vt 0.439564 0.930403
vt 0.441449 0.933665
vt 0.442273 0.936182
vt 0.412536 0.929786
vt 0.414570 0.927633
vt 0.417643 0.925494
vt 0.420106 0.924417
vt 0.422985 0.923645
vt 0.442798 0.939128
vt 0.442780 0.941778
vt 0.442327 0.944721
vt 0.441447 0.947221
vt 0.426731 0.923452
vt 0.430422 0.924067
vt 0.258148 0.968936
vt 0.251552 0.973340
vt 0.249385 0.968484
vt 0.263347 0.964169
vt 0.256574 0.963404
vt 0.268111 0.957849
vt 0.262468 0.956867
vt 0.274447 0.942204
vt 0.271478 0.951698
vt 0.266784 0.949211
vt 0.275274 0.932292
vt 0.269326 0.940799
vt 0.271255 0.914990
vt 0.273910 0.922432
vt 0.267335 0.919162
vt 0.267970 0.908797
vt 0.263055 0.902586
vt 0.263309 0.911350
vt 0.249412 0.892551
vt 0.257894 0.897781
vt 0.252562 0.900390
vt 0.241958 0.889840
vt 0.246779 0.897176
vt 0.235037 0.888457
vt 0.238424 0.894383
vt 0.225065 0.888456
vt 0.231865 0.893480
vt 0.217293 0.890062
vt 0.225252 0.893779
vt 0.210673 0.892523
vt 0.216670 0.895787
vt 0.202194 0.897765
vt 0.210613 0.898463
vt 0.196439 0.903209
vt 0.205147 0.902190
vt 0.192104 0.908757
vt 0.200293 0.906685
vt 0.185559 0.925293
vt 0.187621 0.917645
vt 0.192449 0.919872
vt 0.185332 0.940177
vt 0.184776 0.932289
vt 0.190231 0.937212
vt 0.196754 0.964164
vt 0.190841 0.956156
vt 0.196757 0.955731
vt 0.204254 0.970691
vt 0.200912 0.960862
vt 0.222575 0.978137
vt 0.213003 0.975424
vt 0.215361 0.970668
vt 0.232507 0.978689
vt 0.223836 0.972977
vt 0.242320 0.977065
vt 0.241266 0.971858
vt 0.239789 0.966823
vt 0.245165 0.964810
vt 0.241320 0.960564
vt 0.245640 0.958374
vt 0.244220 0.952435
vt 0.239308 0.947998
vt 0.243718 0.943979
vt 0.250084 0.961852
vt 0.255796 0.956781
vt 0.249493 0.955434
vt 0.253814 0.950649
vt 0.249268 0.947376
vt 0.259307 0.952249
vt 0.261954 0.947157
vt 0.256985 0.945036
vt 0.252029 0.942209
vt 0.246280 0.939145
vt 0.247112 0.935195
vt 0.264165 0.939848
vt 0.258559 0.940453
vt 0.259268 0.935661
vt 0.253680 0.935253
vt 0.247133 0.931460
vt 0.253327 0.929405
vt 0.270032 0.934232
vt 0.264789 0.934146
vt 0.264371 0.928427
vt 0.259030 0.929221
vt 0.269559 0.927656
vt 0.257397 0.922983
vt 0.251095 0.922608
vt 0.246105 0.927429
vt 0.243813 0.923196
vt 0.262438 0.921044
vt 0.255332 0.918598
vt 0.246552 0.916367
vt 0.259992 0.915852
vt 0.252501 0.914665
vt 0.239719 0.919273
vt 0.257668 0.904597
vt 0.251124 0.905902
vt 0.246315 0.902757
vt 0.245167 0.908376
vt 0.239304 0.905671
vt 0.239340 0.911747
vt 0.241013 0.900540
vt 0.233535 0.898930
vt 0.234601 0.904480
vt 0.229757 0.904164
vt 0.231766 0.909900
vt 0.227787 0.898776
vt 0.222108 0.899670
vt 0.224922 0.904570
vt 0.220239 0.905848
vt 0.224622 0.910400
vt 0.217461 0.913284
vt 0.222617 0.917930
vt 0.214895 0.902225
vt 0.214428 0.908664
vt 0.218244 0.920939
vt 0.208424 0.906301
vt 0.204205 0.910200
vt 0.209375 0.912681
vt 0.205325 0.917706
vt 0.211223 0.919150
vt 0.197388 0.921657
vt 0.195836 0.927184
vt 0.201160 0.928160
vt 0.200719 0.932988
vt 0.206498 0.931132
vt 0.212880 0.932086
vt 0.213350 0.937735
vt 0.190377 0.928421
vt 0.195316 0.932901
vt 0.196030 0.940505
vt 0.201319 0.939410
vt 0.207007 0.938903
vt 0.215184 0.942153
vt 0.186832 0.947028
vt 0.191348 0.943727
vt 0.193603 0.949928
vt 0.197602 0.946023
vt 0.200148 0.951163
vt 0.204794 0.948412
vt 0.204732 0.957266
vt 0.207558 0.952391
vt 0.211002 0.955793
vt 0.216578 0.953133
vt 0.217715 0.945528
vt 0.221570 0.948498
vt 0.207594 0.966565
vt 0.208957 0.961145
vt 0.213817 0.964190
vt 0.216335 0.959415
vt 0.226253 0.956975
vt 0.225421 0.950060
vt 0.222328 0.961781
vt 0.230186 0.950718
vt 0.220914 0.966992
vt 0.228696 0.962786
vt 0.228452 0.968178
vt 0.236620 0.956374
vt 0.235368 0.949844
vt 0.232615 0.973379
vt 0.234174 0.968009
vt 0.235128 0.962370
vt 0.256643 0.911192
vt 0.249122 0.911183
vt 0.233673 0.916606
vt 0.227694 0.916441
vt 0.214591 0.925746
vt 0.200766 0.914801
vt 0.207742 0.925403
vt 0.196334 0.911981
vt 0.202470 0.923494
vt 0.202643 0.944071
vt 0.210008 0.946087
vt 0.034293 0.914365
vt 0.039715 0.913231
vt 0.036814 0.917483
vt 0.029685 0.916056
vt 0.024911 0.918878
vt 0.031014 0.919532
vt 0.016677 0.927396
vt 0.021093 0.922006
vt 0.022401 0.925947
vt 0.013538 0.933612
vt 0.019634 0.929650
vt 0.011647 0.947332
vt 0.011832 0.940366
vt 0.015468 0.941145
vt 0.012989 0.954163
vt 0.015364 0.947298
vt 0.019911 0.966150
vt 0.015787 0.960536
vt 0.019134 0.958922
vt 0.025168 0.970724
vt 0.022824 0.963841
vt 0.041482 0.976307
vt 0.036603 0.975627
vt 0.038883 0.972317
vt 0.053759 0.974472
vt 0.048425 0.975907
vt 0.051071 0.971509
vt 0.058257 0.972527
vt 0.062850 0.969449
vt 0.056738 0.969141
vt 0.070596 0.960525
vt 0.066480 0.966130
vt 0.063938 0.963419
vt 0.073392 0.954156
vt 0.067528 0.958435
vt 0.073883 0.936949
vt 0.074658 0.941793
vt 0.071117 0.943668
vt 0.069701 0.927390
vt 0.072028 0.931731
vt 0.068717 0.933214
vt 0.062645 0.919718
vt 0.066251 0.923064
vt 0.063601 0.925543
vt 0.057976 0.916739
vt 0.060146 0.922473
vt 0.053468 0.914745
vt 0.054877 0.919299
vt 0.046673 0.913231
vt 0.045993 0.916883
vt 0.040738 0.924342
vt 0.043105 0.928056
vt 0.037242 0.929263
vt 0.040993 0.932870
vt 0.037421 0.934136
vt 0.037653 0.921058
vt 0.032615 0.922838
vt 0.036347 0.925372
vt 0.032284 0.927336
vt 0.032879 0.931712
vt 0.034779 0.936117
vt 0.025797 0.922804
vt 0.029137 0.924850
vt 0.026085 0.927462
vt 0.028751 0.930143
vt 0.022732 0.931624
vt 0.026528 0.932703
vt 0.024808 0.935625
vt 0.029215 0.935673
vt 0.032928 0.938413
vt 0.031573 0.941537
vt 0.027020 0.941243
vt 0.016914 0.935167
vt 0.020827 0.935159
vt 0.019598 0.938980
vt 0.023272 0.939866
vt 0.022717 0.943210
vt 0.026685 0.946232
vt 0.031188 0.944314
vt 0.031539 0.947697
vt 0.022783 0.946598
vt 0.027993 0.951468
vt 0.018920 0.944277
vt 0.019153 0.948280
vt 0.023694 0.951013
vt 0.033030 0.951111
vt 0.022293 0.957051
vt 0.024584 0.960347
vt 0.026799 0.957007
vt 0.029888 0.960293
vt 0.031457 0.956349
vt 0.034955 0.953458
vt 0.037521 0.955293
vt 0.027507 0.967834
vt 0.027438 0.963169
vt 0.030674 0.965533
vt 0.033620 0.962826
vt 0.032946 0.970705
vt 0.034289 0.967287
vt 0.039443 0.968686
vt 0.040021 0.964952
vt 0.044779 0.968923
vt 0.044528 0.965156
vt 0.042373 0.961320
vt 0.047862 0.960611
vt 0.043909 0.956737
vt 0.047530 0.955938
vt 0.045026 0.972584
vt 0.048968 0.964370
vt 0.050033 0.967990
vt 0.052137 0.963179
vt 0.051604 0.958944
vt 0.054957 0.965934
vt 0.055039 0.961431
vt 0.061213 0.960965
vt 0.063672 0.957797
vt 0.060484 0.955763
vt 0.062042 0.952756
vt 0.057814 0.952434
vt 0.053679 0.950712
vt 0.055173 0.945942
vt 0.069942 0.952786
vt 0.065515 0.954235
vt 0.067058 0.949126
vt 0.063345 0.948441
vt 0.074730 0.947331
vt 0.070938 0.948276
vt 0.067496 0.945140
vt 0.067204 0.941139
vt 0.063467 0.941696
vt 0.059476 0.941827
vt 0.054929 0.942122
vt 0.053976 0.939446
vt 0.070221 0.937586
vt 0.065847 0.935972
vt 0.062321 0.937333
vt 0.057661 0.936693
vt 0.052622 0.937213
vt 0.060248 0.933325
vt 0.066445 0.929187
vt 0.063390 0.931227
vt 0.058164 0.930652
vt 0.054275 0.932423
vt 0.060922 0.928061
vt 0.055629 0.928399
vt 0.050537 0.935189
vt 0.047623 0.933507
vt 0.057921 0.925393
vt 0.051761 0.926070
vt 0.049688 0.929485
vt 0.054558 0.923202
vt 0.044033 0.932707
vt 0.050544 0.917686
vt 0.050852 0.921655
vt 0.046959 0.920675
vt 0.047481 0.924647
vt 0.044124 0.924187
vt 0.042954 0.920419
vt 0.041373 0.916772
vt 0.020099 0.952180
vt 0.016607 0.953317
vt 0.024972 0.954154
vt 0.035875 0.959531
vt 0.040228 0.956367
vt 0.036722 0.964180
vt 0.031295 0.974038
vt 0.050783 0.954076
vt 0.055500 0.955814
vt 0.058313 0.963736
vt 0.058408 0.958437
vt 0.060599 0.966608
vt 0.059529 0.947271
vt 0.063716 0.945074
vt 0.097772 0.914364
vt 0.103193 0.913231
vt 0.100292 0.917481
vt 0.093167 0.916054
vt 0.088390 0.918872
vt 0.094492 0.919529
vt 0.080984 0.926228
vt 0.084570 0.921996
vt 0.085874 0.925941
vt 0.076403 0.935583
vt 0.078403 0.930426
vt 0.080387 0.935167
vt 0.075127 0.947328
vt 0.075311 0.940367
vt 0.078945 0.941145
vt 0.076467 0.954157
vt 0.078842 0.947295
vt 0.083384 0.966143
vt 0.079263 0.960529
vt 0.082610 0.958916
vt 0.088641 0.970716
vt 0.086298 0.963834
vt 0.104949 0.976303
vt 0.100071 0.975621
vt 0.102352 0.972312
vt 0.117225 0.974474
vt 0.111890 0.975906
vt 0.114538 0.971509
vt 0.121723 0.972531
vt 0.126319 0.969456
vt 0.120207 0.969143
vt 0.133302 0.961731
vt 0.129951 0.966140
vt 0.127412 0.963424
vt 0.137369 0.952155
vt 0.135653 0.957406
vt 0.133418 0.952784
vt 0.137356 0.936949
vt 0.138131 0.941793
vt 0.134590 0.943668
vt 0.133174 0.927391
vt 0.135501 0.931730
vt 0.132190 0.933213
vt 0.126116 0.919717
vt 0.129724 0.923064
vt 0.127075 0.925543
vt 0.121450 0.916739
vt 0.123621 0.922473
vt 0.116944 0.914746
vt 0.118351 0.919299
vt 0.110148 0.913231
vt 0.109468 0.916883
vt 0.104213 0.924340
vt 0.106583 0.928056
vt 0.099530 0.929683
vt 0.104467 0.932868
vt 0.100551 0.934317
vt 0.101130 0.921056
vt 0.096092 0.922836
vt 0.099824 0.925371
vt 0.095760 0.927333
vt 0.089274 0.922798
vt 0.092613 0.924846
vt 0.089559 0.927458
vt 0.092225 0.930141
vt 0.094989 0.932923
vt 0.092491 0.936175
vt 0.097620 0.936778
vt 0.096043 0.939119
vt 0.086205 0.931621
vt 0.090003 0.932701
vt 0.088282 0.935623
vt 0.095047 0.941534
vt 0.083104 0.929648
vt 0.090493 0.941241
vt 0.084300 0.935157
vt 0.083073 0.938978
vt 0.086746 0.939864
vt 0.086192 0.943207
vt 0.090354 0.947959
vt 0.094662 0.944310
vt 0.095016 0.947693
vt 0.082397 0.944275
vt 0.082629 0.948276
vt 0.086260 0.946592
vt 0.087168 0.951011
vt 0.096503 0.951109
vt 0.085768 0.957046
vt 0.088059 0.960342
vt 0.090274 0.957002
vt 0.093361 0.960288
vt 0.094930 0.956346
vt 0.098428 0.953455
vt 0.100993 0.955291
vt 0.090979 0.967827
vt 0.090911 0.963164
vt 0.094146 0.965527
vt 0.097092 0.962821
vt 0.096416 0.970699
vt 0.097760 0.967282
vt 0.102913 0.968683
vt 0.103492 0.964949
vt 0.108248 0.968921
vt 0.107998 0.965154
vt 0.105838 0.961321
vt 0.111333 0.960610
vt 0.107381 0.956735
vt 0.111003 0.955937
vt 0.108493 0.972581
vt 0.112438 0.964369
vt 0.113502 0.967990
vt 0.115607 0.963179
vt 0.115075 0.958944
vt 0.118427 0.965936
vt 0.118510 0.961432
vt 0.124686 0.960967
vt 0.127148 0.957798
vt 0.123959 0.955764
vt 0.125517 0.952755
vt 0.121288 0.952434
vt 0.117152 0.950711
vt 0.118646 0.945941
vt 0.131007 0.958436
vt 0.128991 0.954235
vt 0.130533 0.949125
vt 0.126820 0.948440
vt 0.138201 0.947328
vt 0.134411 0.948274
vt 0.130969 0.945141
vt 0.130678 0.941139
vt 0.127151 0.943941
vt 0.126488 0.939481
vt 0.122950 0.941826
vt 0.118403 0.942121
vt 0.117449 0.939444
vt 0.133694 0.937585
vt 0.129320 0.935971
vt 0.125384 0.936281
vt 0.121134 0.936692
vt 0.116096 0.937212
vt 0.123722 0.933324
vt 0.129919 0.929187
vt 0.126864 0.931227
vt 0.121638 0.930651
vt 0.117749 0.932422
vt 0.124396 0.928060
vt 0.119103 0.928398
vt 0.114011 0.935188
vt 0.111097 0.933506
vt 0.121395 0.925393
vt 0.115236 0.926069
vt 0.113162 0.929484
vt 0.118033 0.923201
vt 0.107508 0.932706
vt 0.114019 0.917686
vt 0.114327 0.921654
vt 0.110434 0.920674
vt 0.110955 0.924646
vt 0.107599 0.924185
vt 0.106430 0.920417
vt 0.104849 0.916772
vt 0.083574 0.952177
vt 0.092393 0.953131
vt 0.080084 0.953313
vt 0.088446 0.954148
vt 0.099347 0.959528
vt 0.103701 0.956365
vt 0.100193 0.964176
vt 0.094761 0.974030
vt 0.114255 0.954075
vt 0.118973 0.955814
vt 0.121784 0.963739
vt 0.121881 0.958438
vt 0.124070 0.966613
vt 0.123003 0.947270
vt 0.018955 0.490419
vt 0.037377 0.475057
vt 0.266161 0.490419
vt 0.019134 0.245501
vt 0.033028 0.262057
vt 0.264576 0.243403
vt 0.044451 0.274382
vt 0.049696 0.463664
vt 0.911057 0.333339
vt 0.901312 0.337028
vt 0.899188 0.330199
vt 0.908126 0.326816
vt 0.254879 0.124637
vt 0.255119 0.124953
vt 0.248851 0.135295
vt 0.249584 0.136085
vt 0.264682 0.143805
vt 0.263318 0.142857
vt 0.266328 0.130690
vt 0.266640 0.130537
vt 0.154680 0.714893
vt 0.156466 0.712356
vt 0.157284 0.718500
vt 0.157596 0.708852
vt 0.148825 0.718656
vt 0.152699 0.716743
vt 0.664044 0.832077
vt 0.652827 0.834082
vt 0.653073 0.830555
vt 0.642342 0.834055
vt 0.642101 0.830555
vt 0.632019 0.835471
vt 0.631301 0.832058
vt 0.622037 0.838289
vt 0.620860 0.835020
vt 0.612568 0.842444
vt 0.610957 0.839376
vt 0.603780 0.847851
vt 0.601766 0.845038
vt 0.595828 0.854404
vt 0.593450 0.851896
vt 0.588851 0.861979
vt 0.586154 0.859821
vt 0.582974 0.870434
vt 0.580009 0.868663
vt 0.578300 0.879612
vt 0.575121 0.878259
vt 0.574914 0.889344
vt 0.571579 0.888434
vt 0.572873 0.899451
vt 0.569443 0.899000
vt 0.572214 0.909750
vt 0.568752 0.909765
vt 0.572949 0.920053
vt 0.569517 0.920533
vt 0.575062 0.930171
vt 0.571723 0.931109
vt 0.578515 0.939923
vt 0.575330 0.941300
vt 0.583245 0.949131
vt 0.580271 0.950923
vt 0.589167 0.957629
vt 0.586458 0.959803
vt 0.596173 0.965263
vt 0.593778 0.967779
vt 0.604137 0.971894
vt 0.602099 0.974709
vt 0.612915 0.977402
vt 0.611276 0.980466
vt 0.622364 0.981664
vt 0.621156 0.984924
vt 0.632307 0.984599
vt 0.631555 0.987995
vt 0.642559 0.986151
vt 0.642277 0.989618
vt 0.652929 0.986291
vt 0.653123 0.989765
vt 0.663224 0.985016
vt 0.663889 0.988431
vt 0.673251 0.982349
vt 0.674374 0.985642
vt 0.682823 0.978338
vt 0.684384 0.981455
vt 0.691769 0.973050
vt 0.693767 0.975956
vt 0.700109 0.966434
vt 0.702511 0.969086
vt 0.707483 0.958713
vt 0.710293 0.961037
vt 0.713973 0.949727
vt 0.717073 0.951657
vt 0.718991 0.940265
vt 0.722252 0.941694
vt 0.722556 0.930403
vt 0.725923 0.931349
vt 0.724687 0.920276
vt 0.728114 0.920743
vt 0.725382 0.910040
vt 0.728824 0.910024
vt 0.724627 0.899809
vt 0.728030 0.899317
vt 0.722475 0.889799
vt 0.725773 0.888845
vt 0.718975 0.880191
vt 0.722107 0.878796
vt 0.714195 0.871159
vt 0.717106 0.869351
vt 0.708230 0.862864
vt 0.710869 0.860680
vt 0.701190 0.855449
vt 0.703533 0.852929
vt 0.693172 0.849034
vt 0.695241 0.846109
vt 0.683747 0.843154
vt 0.685502 0.839883
vt 0.673605 0.838584
vt 0.674872 0.835142
vt 0.663302 0.835580
vt 0.086723 0.655551
vt 0.087108 0.656230
vt 0.087584 0.656844
vt 0.088139 0.657381
vt 0.086071 0.651766
vt 0.085998 0.652529
vt 0.086033 0.653302
vt 0.086180 0.654071
vt 0.086436 0.654821
vt 0.087936 0.648506
vt 0.087387 0.649035
vt 0.086917 0.649639
vt 0.086536 0.650306
vt 0.086252 0.651025
vt 0.097116 0.651712
vt 0.096901 0.650959
vt 0.096582 0.650244
vt 0.096163 0.649581
vt 0.095655 0.648982
vt 0.095090 0.648448
vt 0.094453 0.647999
vt 0.093759 0.647646
vt 0.093021 0.647395
vt 0.092252 0.647250
vt 0.091475 0.647209
vt 0.090711 0.647257
vt 0.089958 0.647421
vt 0.089233 0.647692
vt 0.088553 0.648063
vt 0.096649 0.655521
vt 0.096953 0.654802
vt 0.097152 0.654047
vt 0.097242 0.653271
vt 0.097222 0.652488
vt 0.093916 0.658162
vt 0.094598 0.657799
vt 0.095221 0.657343
vt 0.095773 0.656803
vt 0.096246 0.656190
vt 0.088762 0.657832
vt 0.089443 0.658194
vt 0.090166 0.658455
vt 0.090917 0.658610
vt 0.091681 0.658656
vt 0.092443 0.658594
vt 0.093189 0.658425
vt 0.855202 0.301189
vt 0.853078 0.294361
vt 0.863195 0.291871
vt 0.864482 0.298906
vt 0.843332 0.298049
vt 0.846263 0.304573
vt 0.873908 0.321057
vt 0.873477 0.328195
vt 0.863133 0.326942
vt 0.864420 0.319907
vt 0.952972 0.649108
vt 0.945478 0.648848
vt 0.945966 0.643725
vt 0.952840 0.643963
vt 0.894304 0.291871
vt 0.904422 0.294361
vt 0.902298 0.301189
vt 0.893017 0.298906
vt 0.891194 0.339518
vt 0.889907 0.332483
vt 0.846200 0.314240
vt 0.843270 0.320763
vt 0.834040 0.315929
vt 0.837734 0.309805
vt 0.944772 0.643683
vt 0.944904 0.648828
vt 0.937410 0.648569
vt 0.937898 0.643445
vt 0.853015 0.332736
vt 0.863133 0.330247
vt 0.864420 0.337281
vt 0.855139 0.339565
vt 0.904359 0.324452
vt 0.894241 0.326941
vt 0.892954 0.319907
vt 0.902235 0.317623
vt 0.883529 0.297756
vt 0.883960 0.290617
vt 0.873540 0.290617
vt 0.873971 0.297756
vt 0.936765 0.650599
vt 0.931620 0.650731
vt 0.931879 0.643237
vt 0.937003 0.643725
vt 0.920287 0.328505
vt 0.916593 0.322381
vt 0.852092 0.330199
vt 0.849968 0.337028
vt 0.840223 0.333339
vt 0.843153 0.326816
vt 0.830992 0.328505
vt 0.834686 0.322381
vt 0.925912 0.650534
vt 0.926172 0.643040
vt 0.931295 0.643527
vt 0.931057 0.650402
vt 0.923334 0.315928
vt 0.914104 0.320763
vt 0.911174 0.314240
vt 0.919641 0.309805
vt 0.880850 0.340771
vt 0.870430 0.340771
vt 0.870861 0.333633
vt 0.880419 0.333633
vt 0.883897 0.328195
vt 0.883466 0.321057
vt 0.860086 0.339518
vt 0.861373 0.332483
vt 0.837733 0.347383
vt 0.834040 0.341260
vt 0.843270 0.336425
vt 0.846200 0.342949
vt 0.873477 0.328993
vt 0.883897 0.328993
vt 0.883466 0.336131
vt 0.873908 0.336131
vt 0.914167 0.298049
vt 0.923397 0.302884
vt 0.919703 0.309007
vt 0.911236 0.304573
vt 0.894241 0.330247
vt 0.892954 0.337282
vt 0.911174 0.342949
vt 0.914104 0.336425
vt 0.923335 0.341260
vt 0.919641 0.347383
vt 0.853015 0.324452
vt 0.855139 0.317623
vt 0.904359 0.332736
vt 0.902235 0.339565
vt 0.920453 0.643152
vt 0.925598 0.643020
vt 0.925338 0.650514
vt 0.920215 0.650026
vt 0.928888 0.635830
vt 0.929020 0.640975
vt 0.921526 0.640715
vt 0.922014 0.635592
vt 0.837796 0.309008
vt 0.834102 0.302884
vt 0.929772 0.635860
vt 0.937266 0.636120
vt 0.936778 0.641243
vt 0.929904 0.641005
vt 0.919890 0.642822
vt 0.919631 0.650316
vt 0.914507 0.649829
vt 0.914745 0.642954
vt 0.937840 0.636140
vt 0.945334 0.636399
vt 0.944847 0.641523
vt 0.937972 0.641285
vt 0.946040 0.641564
vt 0.945908 0.636419
vt 0.953402 0.636678
vt 0.952915 0.641802
vt 0.822571 0.214135
vt 0.808081 0.213371
vt 0.818551 0.132849
vt 0.821918 0.133040
vt 0.037610 0.717838
vt 0.038641 0.713334
vt 0.040062 0.717438
vt 0.040153 0.712648
vt 0.042898 0.715987
vt 0.041143 0.711738
vt 0.044523 0.714400
vt 0.041818 0.710738
vt 0.045794 0.712389
vt 0.042236 0.709465
vt 0.046453 0.710231
vt 0.042342 0.708257
vt 0.046603 0.707850
vt 0.041995 0.706639
vt 0.045857 0.704798
vt 0.041123 0.705221
vt 0.044659 0.702916
vt 0.043003 0.701185
vt 0.040080 0.704373
vt 0.039011 0.703780
vt 0.040235 0.699718
vt 0.037372 0.703470
vt 0.037153 0.699252
vt 0.035729 0.703720
vt 0.034115 0.699845
vt 0.034272 0.704503
vt 0.031475 0.701431
vt 0.033356 0.705489
vt 0.029497 0.703806
vt 0.032773 0.706565
vt 0.028342 0.706818
vt 0.032459 0.708194
vt 0.028296 0.710038
vt 0.032646 0.709541
vt 0.033108 0.710711
vt 0.029323 0.712947
vt 0.034073 0.712118
vt 0.030661 0.714720
vt 0.032433 0.716299
vt 0.035426 0.713069
vt 0.035331 0.717589
vt 0.037006 0.713481
vt 0.146023 0.716343
vt 0.147043 0.711946
vt 0.148384 0.715985
vt 0.148563 0.711274
vt 0.151113 0.714660
vt 0.149789 0.710128
vt 0.152695 0.713151
vt 0.154039 0.711243
vt 0.150537 0.708647
vt 0.154973 0.708199
vt 0.150748 0.706987
vt 0.154858 0.705036
vt 0.150386 0.705343
vt 0.154061 0.702841
vt 0.149537 0.703897
vt 0.152713 0.700903
vt 0.148290 0.702799
vt 0.150281 0.698958
vt 0.146749 0.702190
vt 0.147358 0.697904
vt 0.145083 0.702142
vt 0.144205 0.697908
vt 0.143488 0.702675
vt 0.141130 0.699061
vt 0.142183 0.703715
vt 0.139428 0.700499
vt 0.137950 0.702352
vt 0.141332 0.705110
vt 0.136826 0.705340
vt 0.141042 0.706420
vt 0.141068 0.707665
vt 0.136751 0.707573
vt 0.137151 0.709941
vt 0.141368 0.708977
vt 0.141914 0.710068
vt 0.138638 0.712707
vt 0.142841 0.711055
vt 0.140933 0.714825
vt 0.143849 0.711704
vt 0.143794 0.716104
vt 0.145416 0.712095
vt 0.954824 0.603330
vt 0.950059 0.598361
vt 0.955212 0.585944
vt 0.949351 0.590022
vt 0.931349 0.603280
vt 0.937210 0.599201
vt 0.931737 0.585894
vt 0.936502 0.590863
vt 0.937977 0.699938
vt 0.931268 0.699938
vt 0.937977 0.685227
vt 0.931268 0.685227
vt 0.870548 0.651237
vt 0.865785 0.646267
vt 0.871004 0.633847
vt 0.865127 0.637914
vt 0.847076 0.651194
vt 0.852953 0.647128
vt 0.847531 0.633805
vt 0.852295 0.638774
vt 0.858010 0.754626
vt 0.851301 0.754626
vt 0.858010 0.739914
vt 0.851301 0.739914
vt 0.162567 0.582847
vt 0.019760 0.582847
vt 0.160077 0.721312
vt 0.023207 0.723334
vt 0.959330 0.607494
vt 0.959762 0.581730
vt 0.926799 0.607494
vt 0.927231 0.581730
vt 0.875043 0.655403
vt 0.875567 0.629639
vt 0.842513 0.655403
vt 0.843037 0.629639
vt 0.939429 0.596862
vt 0.947628 0.596210
vt 0.938933 0.593013
vt 0.947132 0.592361
vt 0.855184 0.644800
vt 0.863350 0.644116
vt 0.854730 0.640925
vt 0.862896 0.640242
vt 0.473493 0.779072
vt 0.466996 0.604591
vt 0.462177 0.608208
vt 0.476057 0.784714
vt 0.622246 0.779072
vt 0.626979 0.774991
vt 0.620139 0.633832
vt 0.617667 0.627028
vt 0.439784 0.960233
vt 0.442467 0.958348
vt 0.438933 0.961172
vt 0.436687 0.962182
vt 0.434322 0.963345
vt 0.448643 0.949139
vt 0.445782 0.954560
vt 0.447276 0.951609
vt 0.411819 0.920823
vt 0.413711 0.919578
vt 0.585788 0.769806
vt 0.588083 0.767626
vt 0.593366 0.765665
vt 0.405490 0.927489
vt 0.404403 0.929401
vt 0.404546 0.928123
vt 0.415762 0.918501
vt 0.571943 0.773626
vt 0.577307 0.771772
vt 0.417890 0.917540
vt 0.422475 0.916592
vt 0.420103 0.916861
vt 0.563864 0.774219
vt 0.424722 0.916390
vt 0.555323 0.774122
vt 0.546350 0.773529
vt 0.427033 0.916332
vt 0.429216 0.916566
vt 0.420277 0.916432
vt 0.537761 0.771964
vt 0.431497 0.917089
vt 0.425923 0.916004
vt 0.435673 0.918266
vt 0.432403 0.916990
vt 0.439803 0.920706
vt 0.441571 0.921913
vt 0.437555 0.919045
vt 0.443165 0.923195
vt 0.447393 0.929424
vt 0.445900 0.926475
vt 0.449042 0.933736
vt 0.448336 0.930974
vt 0.449977 0.936903
vt 0.449575 0.945133
vt 0.450193 0.941914
vt 0.449510 0.946379
vt 0.430248 0.964520
vt 0.426923 0.964734
vt 0.424557 0.964730
vt 0.422208 0.964577
vt 0.580922 0.631542
vt 0.586557 0.635750
vt 0.419952 0.964137
vt 0.417716 0.963282
vt 0.415785 0.962640
vt 0.413482 0.961464
vt 0.409823 0.958562
vt 0.411613 0.960248
vt 0.408076 0.956985
vt 0.615404 0.671417
vt 0.617782 0.677380
vt 0.404231 0.951321
vt 0.405705 0.954253
vt 0.402195 0.944839
vt 0.403277 0.949456
vt 0.402239 0.946216
vt 0.621334 0.698252
vt 0.401642 0.942686
vt 0.402272 0.935816
vt 0.401706 0.938997
vt 0.402807 0.933630
vt 0.403557 0.931485
vt 0.401518 0.939096
vt 0.402212 0.934590
vt 0.407748 0.924315
vt 0.509435 0.608959
vt 0.510588 0.782518
vt 0.506436 0.612184
vt 0.507259 0.779222
vt 0.340802 0.611418
vt 0.343795 0.614369
vt 0.337028 0.782392
vt 0.340229 0.779372
vt 0.395333 0.907762
vt 0.392891 0.905576
vt 0.396444 0.908380
vt 0.397938 0.910349
vt 0.399619 0.912414
vt 0.382473 0.901578
vt 0.388448 0.903189
vt 0.385213 0.902376
vt 0.403159 0.926277
vt 0.363339 0.943586
vt 0.365058 0.945036
vt 0.366849 0.946474
vt 0.368846 0.947337
vt 0.369174 0.947970
vt 0.370899 0.948469
vt 0.360354 0.940421
vt 0.373908 0.949596
vt 0.359055 0.938583
vt 0.361692 0.942222
vt 0.364056 0.944820
vt 0.357949 0.936664
vt 0.357000 0.934636
vt 0.359448 0.939955
vt 0.355677 0.930313
vt 0.356044 0.932637
vt 0.357005 0.935695
vt 0.355240 0.925752
vt 0.355362 0.923484
vt 0.355100 0.928122
vt 0.355376 0.930971
vt 0.356200 0.919062
vt 0.356955 0.916900
vt 0.355465 0.921259
vt 0.354825 0.924789
vt 0.358021 0.914821
vt 0.476150 0.639639
vt 0.359042 0.912798
vt 0.360371 0.910926
vt 0.357707 0.914632
vt 0.356434 0.917063
vt 0.355512 0.920003
vt 0.361876 0.909173
vt 0.363646 0.907643
vt 0.358367 0.913057
vt 0.365382 0.906143
vt 0.363347 0.907425
vt 0.360865 0.909632
vt 0.498255 0.677069
vt 0.367339 0.904893
vt 0.369404 0.903856
vt 0.371564 0.903014
vt 0.364196 0.906463
vt 0.373847 0.902365
vt 0.366616 0.904807
vt 0.499780 0.706103
vt 0.370465 0.902943
vt 0.378303 0.901567
vt 0.375001 0.901698
vt 0.379549 0.901345
vt 0.401645 0.916150
vt 0.401617 0.917255
vt 0.403062 0.920628
vt 0.402325 0.919450
vt 0.402823 0.921702
vt 0.402978 0.924018
vt 0.403324 0.923908
vt 0.402640 0.930772
vt 0.403208 0.928514
vt 0.402069 0.932990
vt 0.403608 0.925703
vt 0.401295 0.935153
vt 0.400295 0.937232
vt 0.402870 0.931743
vt 0.398997 0.939150
vt 0.397763 0.941000
vt 0.401313 0.936217
vt 0.399334 0.939280
vt 0.396260 0.942688
vt 0.394590 0.944277
vt 0.392752 0.945690
vt 0.397189 0.942237
vt 0.398876 0.940494
vt 0.388739 0.947867
vt 0.395723 0.943859
vt 0.390936 0.947021
vt 0.386562 0.948679
vt 0.393473 0.945722
vt 0.384333 0.949271
vt 0.382044 0.949646
vt 0.388014 0.948657
vt 0.377507 0.949703
vt 0.383106 0.949947
vt 0.379835 0.950003
vt 0.375269 0.949428
vt 0.373057 0.948944
vt 0.378050 0.950172
vt 0.754547 0.778223
vt 0.630767 0.779376
vt 0.751331 0.775226
vt 0.633800 0.776126
vt 0.755141 0.605943
vt 0.752192 0.608877
vt 0.630760 0.604591
vt 0.634087 0.607938
vt 0.641687 0.706867
vt 0.643545 0.714172
vt 0.640662 0.699115
vt 0.515040 0.828888
vt 0.520027 0.832511
vt 0.640277 0.687020
vt 0.524904 0.837518
vt 0.483715 0.823701
vt 0.492055 0.822419
vt 0.489111 0.823023
vt 0.504458 0.824334
vt 0.508122 0.825482
vt 0.500390 0.823035
vt 0.496751 0.822848
vt 0.511767 0.826971
vt 0.532760 0.860954
vt 0.469987 0.892984
vt 0.472900 0.895125
vt 0.479273 0.898394
vt 0.482724 0.899566
vt 0.484265 0.900705
vt 0.486230 0.900799
vt 0.491866 0.901881
vt 0.467218 0.890633
vt 0.475974 0.896886
vt 0.479876 0.899363
vt 0.464717 0.888066
vt 0.474013 0.896577
vt 0.462458 0.885315
vt 0.468063 0.892322
vt 0.460396 0.882347
vt 0.458613 0.879153
vt 0.462903 0.886959
vt 0.457148 0.875789
vt 0.456008 0.872285
vt 0.458741 0.880897
vt 0.454774 0.865017
vt 0.455797 0.874034
vt 0.454720 0.861332
vt 0.454877 0.868836
vt 0.455003 0.857670
vt 0.454147 0.866002
vt 0.456585 0.850518
vt 0.454147 0.859197
vt 0.457870 0.847059
vt 0.455252 0.854056
vt 0.459686 0.843838
vt 0.461344 0.840636
vt 0.455399 0.852047
vt 0.463538 0.837636
vt 0.459131 0.843687
vt 0.456867 0.847643
vt 0.466002 0.834854
vt 0.468740 0.832299
vt 0.461607 0.838958
vt 0.471862 0.830165
vt 0.474898 0.828039
vt 0.467039 0.832855
vt 0.478286 0.826337
vt 0.471421 0.829765
vt 0.481825 0.825007
vt 0.485506 0.824014
vt 0.489314 0.823586
vt 0.472927 0.828359
vt 0.493036 0.823120
vt 0.477127 0.826074
vt 0.496845 0.823433
vt 0.507923 0.824723
vt 0.528023 0.842683
vt 0.530641 0.847465
vt 0.529406 0.846361
vt 0.530771 0.849894
vt 0.531776 0.853517
vt 0.532445 0.857213
vt 0.532514 0.864745
vt 0.645366 0.663670
vt 0.532267 0.852438
vt 0.532317 0.868443
vt 0.533363 0.859279
vt 0.533102 0.864642
vt 0.531571 0.872131
vt 0.530442 0.875714
vt 0.528985 0.879154
vt 0.533279 0.866691
vt 0.527185 0.882430
vt 0.532491 0.871387
vt 0.525089 0.885514
vt 0.530311 0.877962
vt 0.522535 0.888247
vt 0.520087 0.890889
vt 0.526616 0.884608
vt 0.523045 0.888538
vt 0.517327 0.893191
vt 0.514369 0.895309
vt 0.511171 0.897126
vt 0.518857 0.892707
vt 0.507782 0.898642
vt 0.522035 0.890323
vt 0.515539 0.895380
vt 0.500647 0.900640
vt 0.509551 0.898670
vt 0.504458 0.900138
vt 0.496953 0.900866
vt 0.493397 0.901215
vt 0.497122 0.901410
vt 0.489773 0.900996
vt 0.501700 0.901170
vt 0.486190 0.900249
vt 0.492043 0.752226
vt 0.526903 0.614815
vt 0.521289 0.617502
vt 0.496778 0.757688
vt 0.700526 0.752165
vt 0.706008 0.749997
vt 0.655866 0.613865
vt 0.651076 0.607974
vt 0.557998 0.620198
vt 0.465494 0.978229
vt 0.463890 0.977926
vt 0.461187 0.976506
vt 0.569250 0.616149
vt 0.459253 0.975486
vt 0.457154 0.974008
vt 0.454548 0.971444
vt 0.454496 0.971665
vt 0.535471 0.638100
vt 0.477107 0.978739
vt 0.475990 0.979198
vt 0.474777 0.978956
vt 0.472467 0.979180
vt 0.470474 0.979271
vt 0.482079 0.932971
vt 0.478346 0.931414
vt 0.475599 0.930972
vt 0.474399 0.931048
vt 0.471284 0.930824
vt 0.484982 0.934328
vt 0.482224 0.932725
vt 0.488115 0.936529
vt 0.490980 0.939575
vt 0.486174 0.934703
vt 0.489975 0.938034
vt 0.494147 0.944114
vt 0.492647 0.941233
vt 0.495660 0.947749
vt 0.494970 0.945087
vt 0.496463 0.950125
vt 0.496572 0.957699
vt 0.496945 0.954390
vt 0.494764 0.964423
vt 0.496603 0.958969
vt 0.493943 0.966429
vt 0.495938 0.961839
vt 0.493022 0.968265
vt 0.490312 0.971641
vt 0.483848 0.976338
vt 0.486771 0.974741
vt 0.479434 0.978291
vt 0.528375 0.648164
vt 0.524157 0.653554
vt 0.467852 0.978944
vt 0.452408 0.968999
vt 0.450611 0.965698
vt 0.448955 0.961771
vt 0.450485 0.965887
vt 0.448565 0.959135
vt 0.448078 0.956690
vt 0.448033 0.953661
vt 0.449041 0.949004
vt 0.448442 0.950528
vt 0.449632 0.946740
vt 0.451671 0.942632
vt 0.660832 0.648197
vt 0.664578 0.654275
vt 0.670083 0.663127
vt 0.452815 0.940832
vt 0.456079 0.937368
vt 0.454402 0.938874
vt 0.457783 0.935934
vt 0.459612 0.934553
vt 0.461574 0.933593
vt 0.676338 0.684438
vt 0.676982 0.691621
vt 0.464265 0.932214
vt 0.675953 0.703093
vt 0.467285 0.931346
vt 0.255442 0.104701
vt 0.199417 0.108860
vt 0.255426 0.104559
vt 0.196419 0.107539
vt 0.193270 0.106094
vt 0.190223 0.104559
vt 0.198493 0.108187
vt 0.271323 0.133540
vt 0.271377 0.133540
vt 0.198382 0.109246
vt 0.196220 0.107687
vt 0.703036 0.429903
vt 0.702463 0.430212
vt 0.701919 0.429903
vt 0.247818 0.153547
vt 0.247932 0.153480
vt 0.267317 0.145136
vt 0.248463 0.134318
vt 0.248068 0.133387
vt 0.247740 0.132908
vt 0.266007 0.144478
vt 0.247505 0.132113
vt 0.247921 0.132744
vt 0.700539 0.429903
vt 0.701121 0.430227
vt 0.699972 0.430227
vt 0.265657 0.131039
vt 0.264965 0.131391
vt 0.248065 0.133281
vt 0.254717 0.124649
vt 0.254554 0.124607
vt 0.254190 0.146318
vt 0.256669 0.145300
vt 0.258399 0.140580
vt 0.255434 0.145806
vt 0.259201 0.141186
vt 0.265912 0.137346
vt 0.261627 0.133950
vt 0.261836 0.133654
vt 0.262054 0.133367
vt 0.221956 0.125694
vt 0.224900 0.128114
vt 0.245545 0.124826
vt 0.223425 0.126920
vt 0.242204 0.148291
vt 0.243091 0.147905
vt 0.244074 0.147642
vt 0.242470 0.147977
vt 0.242424 0.147979
vt 0.258752 0.138887
vt 0.259525 0.139069
vt 0.260276 0.139260
vt 0.242033 0.148029
vt 0.700640 0.431730
vt 0.700640 0.431025
vt 0.701121 0.431260
vt 0.241431 0.129561
vt 0.241630 0.129364
vt 0.242144 0.129222
vt 0.227014 0.114371
vt 0.225614 0.114168
vt 0.242745 0.128851
vt 0.702931 0.431334
vt 0.701919 0.431334
vt 0.702345 0.431010
vt 0.241682 0.129112
vt 0.253909 0.122912
vt 0.253874 0.123097
vt 0.254001 0.122886
vt 0.248383 0.108072
vt 0.249032 0.108459
vt 0.249686 0.108850
vt 0.261655 0.132453
vt 0.253153 0.124511
vt 0.253379 0.124338
vt 0.261265 0.132443
vt 0.253644 0.124273
vt 0.267403 0.126813
vt 0.267257 0.127316
vt 0.267431 0.127982
vt 0.267373 0.128848
vt 0.253400 0.124419
vt 0.267397 0.126966
vt 0.699594 0.431849
vt 0.699227 0.432207
vt 0.698844 0.431849
vt 0.258127 0.115019
vt 0.257485 0.114367
vt 0.256715 0.113678
vt 0.267639 0.127086
vt 0.257230 0.114091
vt 0.257553 0.114335
vt 0.257279 0.113574
vt 0.699175 0.429903
vt 0.699175 0.431052
vt 0.698844 0.430486
vt 0.754950 0.025385
vt 0.766939 0.017073
vt 0.808941 0.086963
vt 0.806168 0.088924
vt 0.734913 0.046545
vt 0.744208 0.035272
vt 0.803687 0.091248
vt 0.801541 0.093888
vt 0.877270 0.197787
vt 0.864616 0.204644
vt 0.831689 0.130848
vt 0.834632 0.129242
vt 0.727308 0.157520
vt 0.721428 0.144138
vt 0.798463 0.116655
vt 0.799825 0.119774
vt 0.717432 0.130067
vt 0.797534 0.113377
vt 0.924226 0.129436
vt 0.920615 0.142769
vt 0.844595 0.116225
vt 0.845383 0.112961
vt 0.780042 0.205923
vt 0.767038 0.199370
vt 0.809032 0.129548
vt 0.812046 0.131087
vt 0.837005 0.212906
vt 0.825272 0.132763
vt 0.755034 0.191085
vt 0.744275 0.181220
vt 0.803757 0.125304
vt 0.806251 0.127609
vt 0.734981 0.169959
vt 0.801605 0.122675
vt 0.793742 0.005776
vt 0.808027 0.002991
vt 0.818457 0.083594
vt 0.815146 0.084278
vt 0.915207 0.060639
vt 0.920660 0.073740
vt 0.844807 0.099908
vt 0.843513 0.096836
vt 0.899267 0.037071
vt 0.908029 0.048375
vt 0.841910 0.093978
vt 0.839842 0.091403
vt 0.888843 0.189293
vt 0.837318 0.127245
vt 0.727262 0.058997
vt 0.799778 0.096802
vt 0.915155 0.155828
vt 0.907954 0.168107
vt 0.841725 0.122245
vt 0.843369 0.119340
vt 0.924287 0.087387
vt 0.926114 0.101312
vt 0.845995 0.106372
vt 0.845641 0.103106
vt 0.721393 0.072389
vt 0.798428 0.099930
vt 0.779955 0.010498
vt 0.811954 0.085406
vt 0.851109 0.209717
vt 0.828550 0.132026
vt 0.926081 0.115770
vt 0.846013 0.109649
vt 0.822544 0.002194
vt 0.821827 0.083372
vt 0.793818 0.210614
vt 0.815242 0.132192
vt 0.877455 0.018555
vt 0.889080 0.027119
vt 0.837405 0.089038
vt 0.834641 0.087049
vt 0.717409 0.086462
vt 0.797511 0.103212
vt 0.851169 0.006573
vt 0.864735 0.011664
vt 0.831656 0.085470
vt 0.828488 0.084317
vt 0.715408 0.115580
vt 0.715408 0.100953
vt 0.797056 0.106592
vt 0.797060 0.110000
vt 0.837017 0.003398
vt 0.825191 0.083615
vt 0.899129 0.179340
vt 0.839697 0.124894
vt 0.224331 0.446277
vt 0.220602 0.285229
vt 0.059405 0.287724
vt 0.063021 0.448740
vt 0.332322 0.050181
vt 0.429753 0.050181
vt 0.332322 0.147611
vt 0.429753 0.147611
vt 0.842164 0.109557
vt 0.842184 0.106669
vt 0.834845 0.091970
vt 0.832580 0.090327
vt 0.840090 0.098493
vt 0.838714 0.096003
vt 0.243940 0.772973
vt 0.241997 0.773656
vt 0.239584 0.764916
vt 0.240358 0.764643
vt 0.237912 0.743953
vt 0.239971 0.744094
vt 0.238712 0.753082
vt 0.237897 0.753025
vt 0.226925 0.769368
vt 0.225633 0.767768
vt 0.233051 0.762556
vt 0.233567 0.763197
vt 0.836826 0.122372
vt 0.838532 0.120144
vt 0.808642 0.091939
vt 0.806551 0.093899
vt 0.836883 0.093820
vt 0.804780 0.120407
vt 0.806591 0.122626
vt 0.803258 0.098584
vt 0.802119 0.101222
vt 0.827430 0.088036
vt 0.824659 0.087446
vt 0.839907 0.117698
vt 0.840926 0.115080
vt 0.808687 0.124573
vt 0.818991 0.087434
vt 0.816202 0.088012
vt 0.801360 0.112563
vt 0.802139 0.115328
vt 0.813514 0.088968
vt 0.830087 0.127357
vt 0.832562 0.126014
vt 0.800965 0.109716
vt 0.841909 0.103826
vt 0.841156 0.101102
vt 0.803286 0.117959
vt 0.800961 0.106840
vt 0.810977 0.090285
vt 0.819034 0.129011
vt 0.821865 0.129179
vt 0.813562 0.127514
vt 0.816249 0.128452
vt 0.841560 0.112357
vt 0.824687 0.128955
vt 0.827445 0.128343
vt 0.830089 0.089003
vt 0.834824 0.124341
vt 0.801348 0.103991
vt 0.804745 0.096128
vt 0.811025 0.126213
vt 0.821827 0.087244
vt 0.681665 0.435548
vt 0.682126 0.434488
vt 0.684649 0.435774
vt 0.684338 0.436479
vt 0.697734 0.440043
vt 0.697428 0.441125
vt 0.694830 0.440190
vt 0.695052 0.439468
vt 0.682729 0.443250
vt 0.682127 0.442268
vt 0.684617 0.440950
vt 0.685012 0.441604
vt 0.224567 0.766009
vt 0.232626 0.761849
vt 0.252614 0.756101
vt 0.252933 0.758124
vt 0.243953 0.758722
vt 0.243889 0.757895
vt 0.223752 0.764121
vt 0.232300 0.761092
vt 0.252173 0.764216
vt 0.251347 0.766102
vt 0.243312 0.761895
vt 0.243642 0.761141
vt 0.224552 0.752140
vt 0.225613 0.750378
vt 0.233031 0.755586
vt 0.232610 0.756290
vt 0.250270 0.767856
vt 0.242884 0.762598
vt 0.247454 0.747362
vt 0.248926 0.748824
vt 0.242329 0.755006
vt 0.241699 0.754409
vt 0.228424 0.770776
vt 0.234165 0.763763
vt 0.223197 0.762141
vt 0.222915 0.760104
vt 0.231966 0.759481
vt 0.232079 0.760298
vt 0.250179 0.750476
vt 0.242860 0.755639
vt 0.239979 0.774067
vt 0.237924 0.774199
vt 0.237960 0.765133
vt 0.238779 0.765080
vt 0.222915 0.758048
vt 0.231963 0.758656
vt 0.233858 0.773619
vt 0.231922 0.772923
vt 0.235563 0.764623
vt 0.236336 0.764902
vt 0.251280 0.752233
vt 0.243273 0.756397
vt 0.223741 0.754029
vt 0.232288 0.757046
vt 0.235870 0.774050
vt 0.237140 0.765073
vt 0.233839 0.744523
vt 0.235855 0.744095
vt 0.237084 0.753081
vt 0.236287 0.753250
vt 0.223189 0.756009
vt 0.232071 0.757840
vt 0.248964 0.769447
vt 0.247456 0.770849
vt 0.241762 0.763795
vt 0.242364 0.763235
vt 0.252098 0.754113
vt 0.243613 0.757200
vt 0.252918 0.760204
vt 0.243964 0.759506
vt 0.245770 0.772029
vt 0.241089 0.764267
vt 0.252726 0.762255
vt 0.243850 0.760370
vt 0.243935 0.745213
vt 0.245768 0.746166
vt 0.241018 0.753918
vt 0.240286 0.753531
vt 0.226906 0.748780
vt 0.233542 0.754946
vt 0.228402 0.747368
vt 0.234135 0.754383
vt 0.230077 0.746173
vt 0.231902 0.745222
vt 0.235520 0.753526
vt 0.234799 0.753907
vt 0.230101 0.771967
vt 0.234835 0.764241
vt 0.241991 0.744515
vt 0.239513 0.753252
vt 0.694510 0.440879
vt 0.694098 0.441524
vt 0.693609 0.442120
vt 0.693047 0.442647
vt 0.692431 0.443100
vt 0.691761 0.443462
vt 0.691051 0.443727
vt 0.690313 0.443891
vt 0.689559 0.443951
vt 0.688805 0.443905
vt 0.688063 0.443755
vt 0.687346 0.443504
vt 0.686671 0.443156
vt 0.686049 0.442718
vt 0.685493 0.442197
vt 0.684316 0.440247
vt 0.684112 0.439508
vt 0.684012 0.438748
vt 0.684017 0.437980
vt 0.684126 0.437219
vt 0.685053 0.435118
vt 0.685541 0.434520
vt 0.686106 0.433995
vt 0.686736 0.433552
vt 0.687420 0.433198
vt 0.688146 0.432942
vt 0.688899 0.432787
vt 0.689666 0.432737
vt 0.690432 0.432792
vt 0.691183 0.432952
vt 0.691903 0.433214
vt 0.692580 0.433572
vt 0.693205 0.434017
vt 0.693759 0.434540
vt 0.694917 0.436488
vt 0.695175 0.438728
vt 0.695247 0.437973
vt 0.695162 0.437200
vt 0.694277 0.435100
vt 0.694679 0.435771
vt 0.696974 0.442159
vt 0.694062 0.431152
vt 0.695008 0.431832
vt 0.685248 0.445572
vt 0.684305 0.444918
vt 0.681666 0.441213
vt 0.681353 0.440102
vt 0.695849 0.432641
vt 0.691863 0.446391
vt 0.690753 0.446642
vt 0.681195 0.438959
vt 0.688477 0.446678
vt 0.687354 0.446461
vt 0.696648 0.433506
vt 0.681352 0.436660
vt 0.689617 0.446739
vt 0.686269 0.430610
vt 0.687359 0.430220
vt 0.681195 0.437805
vt 0.696385 0.443125
vt 0.695671 0.444007
vt 0.697221 0.434488
vt 0.697517 0.435616
vt 0.697907 0.436693
vt 0.698046 0.437797
vt 0.694847 0.444788
vt 0.693928 0.445454
vt 0.697889 0.438926
vt 0.691939 0.430219
vt 0.693032 0.430611
vt 0.682726 0.433500
vt 0.683455 0.432603
vt 0.684299 0.431812
vt 0.685243 0.431144
vt 0.686271 0.446090
vt 0.689647 0.429903
vt 0.690803 0.429982
vt 0.692927 0.445992
vt 0.688492 0.429983
vt 0.683460 0.444139
vt 0.247563 0.682432
vt 0.249557 0.683464
vt 0.248663 0.684937
vt 0.246878 0.684012
vt 0.253043 0.686296
vt 0.254468 0.688060
vt 0.253036 0.689042
vt 0.251773 0.687473
vt 0.236587 0.713288
vt 0.234475 0.712539
vt 0.235161 0.710963
vt 0.237050 0.711634
vt 0.227617 0.706944
vt 0.226456 0.705032
vt 0.227980 0.704243
vt 0.229020 0.705956
vt 0.238782 0.681239
vt 0.241016 0.681084
vt 0.241018 0.682802
vt 0.239017 0.682940
vt 0.251394 0.684759
vt 0.250305 0.686097
vt 0.254459 0.707001
vt 0.252995 0.708741
vt 0.251748 0.707565
vt 0.253124 0.706008
vt 0.225566 0.702979
vt 0.227183 0.702406
vt 0.243251 0.681233
vt 0.245447 0.681685
vt 0.244985 0.683342
vt 0.243020 0.682936
vt 0.255623 0.690034
vt 0.256504 0.691986
vt 0.254924 0.692541
vt 0.254120 0.690858
vt 0.243248 0.713743
vt 0.241014 0.713896
vt 0.241014 0.712179
vt 0.243015 0.712042
vt 0.236590 0.681697
vt 0.237054 0.683350
vt 0.227619 0.688036
vt 0.229031 0.686300
vt 0.230285 0.687470
vt 0.229021 0.689025
vt 0.257443 0.698656
vt 0.257094 0.700923
vt 0.255379 0.700569
vt 0.255703 0.698505
vt 0.234481 0.682449
vt 0.235165 0.684023
vt 0.251358 0.710242
vt 0.250292 0.708906
vt 0.238780 0.713743
vt 0.239014 0.712042
vt 0.247548 0.712539
vt 0.245440 0.713288
vt 0.244978 0.711635
vt 0.246868 0.710966
vt 0.230661 0.710210
vt 0.229027 0.708681
vt 0.230283 0.707511
vt 0.231746 0.708881
vt 0.224963 0.694155
vt 0.225566 0.692001
vt 0.227183 0.692575
vt 0.226642 0.694504
vt 0.255543 0.705180
vt 0.253996 0.704442
vt 0.256491 0.703083
vt 0.254872 0.702475
vt 0.230666 0.684772
vt 0.231749 0.686102
vt 0.232488 0.711504
vt 0.233382 0.710038
vt 0.232494 0.683480
vt 0.233386 0.684946
vt 0.257463 0.696386
vt 0.255735 0.696502
vt 0.226457 0.689948
vt 0.227980 0.690737
vt 0.257137 0.694127
vt 0.255455 0.694475
vt 0.224963 0.700825
vt 0.226643 0.700476
vt 0.249530 0.711516
vt 0.248647 0.710050
vt 0.224659 0.696372
vt 0.226370 0.696489
vt 0.224659 0.698609
vt 0.226370 0.698492
vt 0.372234 0.475206
vt 0.383190 0.452130
vt 0.389592 0.456580
vt 0.375377 0.449899
vt 0.369382 0.449899
vt 0.363954 0.451031
vt 0.358414 0.453758
vt 0.352981 0.458392
vt 0.348556 0.465545
vt 0.346562 0.475142
vt 0.348153 0.483870
vt 0.351883 0.490783
vt 0.357596 0.496207
vt 0.365701 0.500034
vt 0.375430 0.500581
vt 0.383484 0.498162
vt 0.389336 0.494141
vt 0.393461 0.489425
vt 0.396590 0.482907
vt 0.397644 0.477092
vt 0.397177 0.469790
vt 0.394015 0.461909
vt 0.371938 0.423662
vt 0.395012 0.434623
vt 0.389844 0.441821
vt 0.397245 0.426810
vt 0.397245 0.420815
vt 0.396114 0.415386
vt 0.393389 0.409846
vt 0.388755 0.404411
vt 0.381602 0.399986
vt 0.372007 0.397989
vt 0.363276 0.399581
vt 0.356364 0.403308
vt 0.350939 0.409021
vt 0.347111 0.417125
vt 0.346562 0.426852
vt 0.348980 0.434908
vt 0.353000 0.440762
vt 0.357717 0.444888
vt 0.364232 0.448017
vt 0.370306 0.449101
vt 0.377432 0.448587
vt 0.384693 0.445727
vt 0.371981 0.526741
vt 0.348447 0.536607
vt 0.346562 0.528786
vt 0.352045 0.542625
vt 0.356485 0.547042
vt 0.362786 0.550581
vt 0.368564 0.552014
vt 0.375785 0.552014
vt 0.383322 0.549622
vt 0.388701 0.546072
vt 0.393139 0.541056
vt 0.395998 0.535571
vt 0.397581 0.527879
vt 0.396688 0.520053
vt 0.393464 0.512771
vt 0.386989 0.505920
vt 0.377257 0.501709
vt 0.369138 0.501379
vt 0.363281 0.502804
vt 0.358275 0.505186
vt 0.353539 0.509144
vt 0.349357 0.514931
vt 0.346880 0.522332
vt 0.368663 0.534372
vt 0.364109 0.509237
vt 0.372972 0.509237
vt 0.356461 0.511981
vt 0.351590 0.515475
vt 0.347842 0.519561
vt 0.345022 0.524803
vt 0.343234 0.531800
vt 0.343686 0.539695
vt 0.345794 0.545785
vt 0.349554 0.551327
vt 0.354162 0.555456
vt 0.361223 0.558894
vt 0.369028 0.559966
vt 0.376879 0.558644
vt 0.385122 0.554067
vt 0.391610 0.545680
vt 0.393940 0.537894
vt 0.394009 0.531863
vt 0.392939 0.526426
vt 0.390276 0.520859
vt 0.385704 0.515373
vt 0.379147 0.511142
vn -0.002200 1.000000 0.006500
vn 0.029500 0.999600 -0.002800
vn -0.000400 1.000000 0.000000
vn 0.000000 1.000000 -0.000200
vn 0.000000 1.000000 -0.000000
vn 0.002200 1.000000 -0.000100
vn -0.000100 1.000000 0.000300
vn -0.000000 1.000000 0.000200
vn -0.000100 1.000000 0.000600
vn -0.000000 1.000000 0.000100
vn -0.000200 0.999900 0.012200
vn -0.000100 1.000000 0.000000
vn -0.009100 1.000000 -0.000000
vn -0.001900 1.000000 -0.000100
vn 0.000000 1.000000 -0.000100
vn 0.000100 1.000000 -0.000500
vn 0.013600 0.999900 -0.000000
vn 0.000100 1.000000 0.000000
vn 0.000300 1.000000 -0.000200
vn 0.000100 1.000000 -0.000100
vn -0.160600 0.014500 0.986900
vn -0.169000 -0.000000 0.985600
vn -0.333100 -0.000000 0.942900
vn -0.487700 -0.000000 0.873000
vn -0.628200 -0.000000 0.778000
vn -0.750700 -0.000000 0.660600
vn -0.851500 0.000000 0.524300
vn -0.927900 0.000000 0.372900
vn -0.977600 0.000000 0.210700
vn -0.999100 0.000000 0.042400
vn -0.991900 0.000000 -0.127000
vn -0.956200 0.000000 -0.292800
vn -0.892900 0.000000 -0.450200
vn -0.804000 0.000000 -0.594600
vn -0.691900 0.000000 -0.722000
vn -0.560000 0.000000 -0.828500
vn -0.411900 0.000000 -0.911200
vn -0.252000 0.000000 -0.967700
vn -0.084800 0.000000 -0.996400
vn 0.084800 0.000000 -0.996400
vn 0.252000 0.000000 -0.967700
vn 0.411900 0.000000 -0.911200
vn 0.560000 0.000000 -0.828500
vn 0.691900 0.000000 -0.722000
vn 0.804000 0.000000 -0.594600
vn 0.892900 0.000000 -0.450200
vn 0.956200 0.000000 -0.292800
vn 0.991900 0.000000 -0.127000
vn 0.999100 0.000000 0.042400
vn 0.977600 0.000000 0.210700
vn 0.927900 0.000000 0.372900
vn 0.851500 0.000000 0.524300
vn 0.750700 -0.000000 0.660700
vn 0.628200 0.000000 0.778000
vn 0.487700 -0.000000 0.873000
vn 0.333100 -0.000000 0.942900
vn 0.169000 -0.000000 0.985600
vn 0.024700 -0.000000 0.999700
vn 0.000000 -0.034400 0.999400
vn 0.999900 -0.000500 -0.014800
vn 1.000000 0.000000 0.003900
vn 0.999000 0.001200 -0.044200
vn 1.000000 -0.000700 -0.003000
vn 1.000000 0.000600 -0.004400
vn 1.000000 -0.000500 -0.003300
vn 0.999900 -0.000000 0.013500
vn 1.000000 -0.006400 0.004400
vn 0.998900 -0.045900 -0.001700
vn 1.000000 0.009300 0.003000
vn 1.000000 -0.000500 0.001700
vn 1.000000 0.000700 0.000200
vn 1.000000 0.000400 0.000400
vn 1.000000 0.004000 0.001200
vn 1.000000 0.007900 0.000700
vn 1.000000 0.000400 -0.003900
vn 0.999800 -0.020900 -0.003700
vn 1.000000 0.004600 0.004800
vn 1.000000 0.001100 0.002700
vn 1.000000 0.000300 0.001000
vn 1.000000 -0.001000 -0.000400
vn 1.000000 -0.003300 -0.000500
vn 1.000000 0.003400 -0.001300
vn 1.000000 -0.000300 -0.001900
vn 1.000000 -0.000900 -0.001200
vn 1.000000 -0.000500 -0.004200
vn 1.000000 -0.001800 -0.000600
vn 0.999800 -0.020700 0.000000
vn 1.000000 -0.001600 0.000600
vn 0.999900 0.014500 0.000200
vn 0.999800 0.020700 -0.000000
vn 0.999800 -0.020100 -0.001200
vn 0.999800 -0.020100 -0.000900
vn 1.000000 0.001500 -0.001900
vn 1.000000 0.002500 -0.001200
vn 1.000000 -0.001300 -0.000900
vn 0.999700 0.023700 0.001200
vn 1.000000 0.001300 -0.001700
vn 0.999900 -0.004500 -0.009100
vn 1.000000 0.002200 0.005200
vn -0.013700 -0.000700 -0.999900
vn 0.009900 0.000000 -1.000000
vn -0.041400 0.001400 -0.999100
vn -0.002200 -0.000500 -1.000000
vn 0.001100 0.000600 -1.000000
vn 0.005900 -0.000300 -1.000000
vn 0.017700 0.000100 -0.999800
vn 0.000900 0.001300 -1.000000
vn 0.000300 -0.003000 -1.000000
vn 0.000500 -0.001400 -1.000000
vn 0.003000 0.000400 -1.000000
vn 0.000200 0.001300 -1.000000
vn 0.001500 0.000400 -1.000000
vn 0.000500 0.003300 -1.000000
vn -0.003300 0.000200 -1.000000
vn 0.001200 -0.000200 -1.000000
vn -0.000000 -0.000900 -1.000000
vn 0.000000 -0.000800 -1.000000
vn -0.000500 0.002300 -1.000000
vn -0.001600 -0.000100 -1.000000
vn -0.001000 -0.000500 -1.000000
vn 0.001600 -0.000600 -1.000000
vn -0.000600 0.001200 -1.000000
vn -0.000300 -0.004600 -1.000000
vn 0.000000 -0.013700 -0.999900
vn 0.000400 -0.000200 -1.000000
vn 0.000700 -0.001100 -1.000000
vn 0.000100 0.016100 -0.999900
vn -0.013700 -0.404500 -0.914400
vn -0.001100 -0.000100 -1.000000
vn -0.000700 -0.001000 -1.000000
vn -0.000200 -0.002900 -1.000000
vn 0.000800 0.015400 -0.999900
vn -0.000100 0.001100 -1.000000
vn -0.001100 0.000700 -1.000000
vn -1.000000 -0.000300 -0.000500
vn -0.999800 -0.000600 0.022200
vn -1.000000 0.000100 -0.007300
vn -0.999900 0.000600 0.010500
vn -1.000000 0.000700 0.001900
vn -1.000000 -0.000200 -0.005700
vn -0.999900 0.000000 -0.012400
vn -0.999900 -0.000100 -0.014300
vn -1.000000 0.000000 -0.001000
vn -1.000000 -0.003400 -0.000200
vn -1.000000 -0.001600 -0.000500
vn -1.000000 0.000200 -0.003000
vn -1.000000 0.000500 -0.001500
vn -1.000000 0.001100 -0.000200
vn -1.000000 0.002900 -0.000200
vn -1.000000 0.000700 0.002600
vn -1.000000 0.000100 -0.001100
vn -1.000000 -0.001100 -0.000100
vn -1.000000 -0.000600 -0.001100
vn -1.000000 0.000400 0.008800
vn -1.000000 -0.002600 -0.002500
vn -1.000000 -0.000900 0.000600
vn -1.000000 -0.000100 0.001200
vn -1.000000 -0.000600 -0.001600
vn -1.000000 -0.005800 0.000300
vn -0.999900 -0.014600 -0.000000
vn -0.999900 0.011000 0.000700
vn -1.000000 -0.006400 0.000100
vn -0.996600 0.082400 -0.002300
vn -1.000000 0.002500 0.000400
vn -1.000000 0.001500 0.000800
vn -1.000000 -0.001900 0.000100
vn -1.000000 0.000400 0.000800
vn -1.000000 0.003400 0.000600
vn -1.000000 -0.000100 0.001000
vn -1.000000 0.000300 0.001800
vn -1.000000 0.001700 -0.000900
vn -0.002600 0.024100 0.999700
vn -0.032200 0.002700 0.999500
vn -0.031500 0.002900 0.999500
vn 0.031800 0.000100 0.999500
vn 0.034300 0.000000 0.999400
vn -0.015700 -0.001700 0.999900
vn 0.011800 0.000100 0.999900
vn 0.000700 0.000800 1.000000
vn -0.013700 0.000700 0.999900
vn 0.006800 0.000100 1.000000
vn -0.044400 -0.001200 0.999000
vn -0.001700 -0.000000 1.000000
vn -0.000200 -0.003400 1.000000
vn -0.000500 -0.001700 1.000000
vn -0.003600 0.000400 1.000000
vn -0.001800 0.000700 1.000000
vn -0.000300 0.001500 1.000000
vn -0.001800 -0.000100 1.000000
vn 0.001600 0.016800 0.999900
vn -0.009400 0.003500 0.999900
vn -0.008800 0.003500 1.000000
vn 0.020600 -0.000900 0.999800
vn 0.019900 -0.001100 0.999800
vn -0.001100 -0.000100 1.000000
vn -0.002800 0.001900 1.000000
vn 0.005500 -0.002100 1.000000
vn -0.000400 -0.001900 1.000000
vn -0.003300 -0.002600 1.000000
vn 0.000700 -0.002300 1.000000
vn 0.001800 0.002300 1.000000
vn 0.001500 0.002800 1.000000
vn 0.005600 0.003800 1.000000
vn -0.001300 -0.005500 1.000000
vn -0.003400 -0.000200 1.000000
vn 0.000100 -0.013200 0.999900
vn 0.000100 -0.012400 0.999900
vn 0.003600 -0.125500 0.992100
vn -0.002900 -0.034500 0.999400
vn -0.001100 0.001100 1.000000
vn 0.000000 0.033300 0.999400
vn 0.002000 -0.024900 0.999700
vn 0.002600 -0.000500 1.000000
vn 0.003000 -0.001000 1.000000
vn 0.001200 0.002700 1.000000
vn 0.000600 0.003000 1.000000
vn 0.001100 -0.000100 1.000000
vn 0.000100 0.011000 0.999900
vn 0.007900 -0.001700 1.000000
vn 0.007300 -0.001700 1.000000
vn -0.974800 0.000800 0.223100
vn -0.968000 -0.000000 0.250800
vn -0.918200 -0.000000 0.396200
vn -0.918300 -0.000000 0.396000
vn -0.841600 -0.000000 0.540000
vn -0.842000 -0.000000 0.539500
vn -0.742700 -0.000000 0.669600
vn -0.743100 -0.000000 0.669200
vn -0.624700 -0.000000 0.780800
vn -0.624900 -0.000000 0.780700
vn -0.472000 -0.000000 0.881600
vn -0.479000 0.000200 0.877800
vn -0.352500 0.000000 0.935800
vn -0.349900 -0.000000 0.936800
vn -0.165200 -0.000000 0.986300
vn -0.171200 0.000100 0.985200
vn -0.631800 -0.770900 0.081300
vn -0.520800 -0.849800 0.081200
vn -0.381400 -0.920800 0.081200
vn -0.232500 -0.968500 0.088800
vn -0.185200 -0.979700 0.076200
vn -0.974000 -0.059300 0.218800
vn -0.226900 -0.970500 0.081200
vn -0.211900 -0.947000 0.241300
vn -0.206400 -0.946800 0.246900
vn -0.196600 -0.897400 0.395000
vn -0.195000 -0.897000 0.396600
vn -0.180200 -0.823100 0.538500
vn -0.178300 -0.822500 0.540100
vn -0.156200 -0.712000 0.684600
vn -0.176400 -0.722800 0.668100
vn -0.148100 -0.607900 0.780100
vn -0.147100 -0.607400 0.780700
vn -0.121500 -0.502800 0.855800
vn -0.371300 -0.896500 0.241600
vn -0.351400 -0.848500 0.395600
vn -0.317100 -0.765600 0.559700
vn -0.343000 -0.769800 0.538300
vn -0.308200 -0.695900 0.648600
vn -0.141300 -0.297900 0.944100
vn -0.071100 -0.171000 0.982700
vn -0.060000 -0.167300 0.984100
vn -0.507000 -0.827400 0.241600
vn -0.479900 -0.783100 0.395600
vn -0.446500 -0.728700 0.519200
vn -0.361600 -0.626600 0.690400
vn -0.307800 -0.530600 0.789800
vn -0.323500 -0.534000 0.781100
vn -0.242900 -0.398400 0.884500
vn -0.243600 -0.398600 0.884200
vn -0.189500 -0.311900 0.931000
vn -0.646300 -0.729100 0.225300
vn -0.630200 -0.737900 0.241600
vn -0.596500 -0.698400 0.395600
vn -0.538800 -0.630900 0.558300
vn -0.534700 -0.631400 0.561600
vn -0.480500 -0.567000 0.669100
vn -0.512800 -0.568600 0.643200
vn -0.427800 -0.476100 0.768300
vn -0.406300 -0.330800 0.851800
vn -0.463100 -0.375200 0.803000
vn -0.650800 -0.555800 0.517300
vn -0.698400 -0.596500 0.395600
vn -0.739800 -0.631900 0.231000
vn -0.746900 -0.625800 0.224800
vn -0.835600 -0.501400 0.224700
vn -0.829600 -0.508400 0.230900
vn -0.783100 -0.479900 0.395600
vn -0.706800 -0.433100 0.559400
vn -0.705600 -0.433700 0.560400
vn -0.633700 -0.389800 0.668200
vn -0.632300 -0.390200 0.669400
vn -0.552700 -0.341200 0.760300
vn -0.934800 -0.348200 0.069700
vn -0.890600 -0.385600 0.241300
vn -0.898900 -0.372300 0.230900
vn -0.848500 -0.351400 0.395600
vn -0.790000 -0.327200 0.518500
vn -0.409900 -0.193700 0.891300
vn -0.315000 -0.145800 0.937800
vn -0.296500 -0.151300 0.943000
vn -0.190800 -0.087500 0.977700
vn -0.973000 -0.222400 0.062000
vn -0.968600 -0.235200 0.081000
vn -0.952600 -0.199200 0.230100
vn -0.948000 -0.207700 0.241200
vn -0.896900 -0.197100 0.395800
vn -0.897400 -0.196400 0.395000
vn -0.822700 -0.180800 0.538900
vn -0.804100 -0.200600 0.559600
vn -0.722500 -0.179300 0.667700
vn -0.720400 -0.180700 0.669600
vn -0.607900 -0.152000 0.779300
vn -0.587500 -0.165900 0.792000
vn -0.493300 -0.137700 0.858900
vn -0.860600 0.502800 0.081100
vn -0.920700 0.381700 0.081300
vn -0.016000 0.999800 -0.013300
vn -0.971800 0.086600 0.219300
vn -0.060900 0.974000 0.218100
vn -0.963800 0.253800 0.081400
vn -0.947200 0.211300 0.241300
vn -0.947300 0.206600 0.244800
vn -0.897400 0.196700 0.395000
vn -0.897000 0.195000 0.396700
vn -0.807100 0.176900 0.563300
vn -0.818200 0.200200 0.539000
vn -0.734300 0.179100 0.654700
vn -0.726100 0.156900 0.669400
vn -0.601000 0.131300 0.788400
vn -0.608500 0.145900 0.780000
vn -0.498900 0.119100 0.858500
vn -0.920800 0.381500 0.081100
vn -0.896500 0.371400 0.241500
vn -0.896500 0.371300 0.241600
vn -0.848500 0.351400 0.395600
vn -0.789800 0.327100 0.518800
vn -0.660600 0.294800 0.690500
vn -0.585800 0.259800 0.767700
vn -0.299300 0.131000 0.945100
vn -0.191000 0.075200 0.978700
vn -0.822300 0.521300 0.228100
vn -0.827400 0.507000 0.241500
vn -0.783100 0.479900 0.395600
vn -0.783100 0.479800 0.395600
vn -0.718100 0.440000 0.539300
vn -0.721300 0.413800 0.555300
vn -0.658800 0.379700 0.649500
vn -0.513800 0.314900 0.798000
vn -0.397900 0.243200 0.884600
vn -0.398100 0.243700 0.884400
vn -0.312300 0.190700 0.930700
vn -0.495300 0.413800 0.763900
vn -0.561300 0.467700 0.682800
vn -0.557800 0.498100 0.663900
vn -0.627000 0.563000 0.538400
vn -0.630800 0.538800 0.558500
vn -0.698400 0.596500 0.395600
vn -0.740000 0.632100 0.229900
vn -0.736800 0.637400 0.225400
vn -0.122800 0.173600 0.977100
vn -0.189100 0.254500 0.948400
vn -0.330000 0.407100 0.851700
vn -0.372900 0.460500 0.805500
vn -0.555600 0.650600 0.517700
vn -0.596500 0.698400 0.395600
vn -0.631800 0.739700 0.231900
vn -0.624700 0.747800 0.224700
vn -0.490900 0.868200 0.072900
vn -0.520300 0.819200 0.241300
vn -0.508400 0.829600 0.230800
vn -0.479900 0.783100 0.395600
vn -0.433000 0.706700 0.559600
vn -0.433700 0.705300 0.560700
vn -0.389800 0.634100 0.667800
vn -0.388800 0.637700 0.664900
vn -0.338000 0.553400 0.761300
vn -0.366600 0.928000 0.066700
vn -0.381400 0.920800 0.081200
vn -0.371300 0.896500 0.241600
vn -0.351400 0.848500 0.395600
vn -0.351500 0.848500 0.395600
vn -0.327100 0.789800 0.518900
vn -0.192000 0.410700 0.891300
vn -0.155200 0.335100 0.929300
vn -0.241700 0.967000 0.080300
vn -0.193800 0.955300 0.223200
vn -0.207500 0.948000 0.241200
vn -0.197000 0.897200 0.395300
vn -0.196800 0.897300 0.395000
vn -0.181200 0.822200 0.539700
vn -0.200700 0.803800 0.560000
vn -0.179800 0.723500 0.666500
vn -0.181500 0.721000 0.668700
vn -0.152000 0.607400 0.779700
vn -0.166200 0.586700 0.792600
vn -0.137700 0.491800 0.859800
vn -0.975600 -0.219400 0.000100
vn -0.975500 -0.220000 0.000100
vn -0.974700 -0.223700 -0.000000
vn -0.918100 -0.396400 0.000400
vn -0.908400 -0.418100 -0.000100
vn -0.857500 -0.514500 0.000200
vn -0.847700 -0.530400 -0.000200
vn -0.766400 -0.642300 0.000200
vn -0.754300 -0.656500 -0.000200
vn -0.678300 -0.734800 0.000100
vn -0.663800 -0.747900 -0.000300
vn -0.522500 -0.852600 -0.000000
vn -0.487100 -0.873400 -0.000900
vn -0.413000 -0.910700 -0.000700
vn -0.413400 -0.910500 -0.000900
vn -0.382700 -0.923900 -0.000000
vn -0.233500 -0.972400 -0.000000
vn -0.198900 -0.980000 -0.000800
vn -0.137600 -0.990500 -0.000600
vn -0.190500 -0.981700 -0.000100
vn -0.000200 -0.195500 0.980700
vn 0.000100 -0.183500 0.983000
vn 0.000100 -0.342500 0.939500
vn 0.000100 -0.346400 0.938100
vn 0.000000 -0.478700 0.878000
vn 0.000100 -0.477500 0.878600
vn 0.000100 -0.622000 0.783000
vn 0.000100 -0.621700 0.783300
vn -0.000400 -0.621700 0.783300
vn 0.000000 -0.624300 0.781200
vn -0.000000 -0.624700 0.780900
vn -0.000000 -0.744200 0.668000
vn 0.000000 -0.742500 0.669800
vn 0.000000 -0.841900 0.539600
vn 0.000000 -0.920500 0.390800
vn 0.000100 -0.918200 0.396200
vn 0.000200 -0.958700 0.284400
vn -0.000700 -0.972700 0.231900
vn -0.000200 -0.984400 0.175800
vn -0.000100 -0.982700 0.185400
vn 0.160800 -0.000000 0.987000
vn 0.153300 0.000100 0.988200
vn 0.324300 0.000400 0.946000
vn 0.350400 -0.000300 0.936600
vn 0.496500 -0.000400 0.868000
vn 0.471500 0.000200 0.881800
vn 0.616200 0.000200 0.787600
vn 0.624300 0.000000 0.781200
vn 0.743700 0.000000 0.668500
vn 0.742900 0.000000 0.669400
vn 0.841600 0.000000 0.540100
vn 0.841500 0.000000 0.540300
vn 0.918400 0.000000 0.395700
vn 0.918300 0.000000 0.395800
vn 0.972900 0.000000 0.231300
vn 0.973000 -0.000000 0.230800
vn 0.991800 0.000400 0.128100
vn -0.000700 0.160600 0.987000
vn -0.000300 0.176900 0.984200
vn -0.000400 0.329000 0.944300
vn 0.000100 0.348800 0.937200
vn 0.000200 0.480400 0.877000
vn -0.000000 0.471400 0.881900
vn -0.000000 0.624700 0.780800
vn -0.000000 0.624200 0.781300
vn -0.000000 0.742900 0.669400
vn 0.000000 0.743700 0.668500
vn 0.000000 0.841900 0.539600
vn -0.000000 0.841300 0.540600
vn -0.000000 0.918400 0.395600
vn -0.000000 0.918100 0.396300
vn -0.000000 0.967800 0.251900
vn 0.000600 0.972800 0.231600
vn 0.001000 0.994600 0.103600
vn -0.198400 0.980100 0.000600
vn -0.223600 0.974700 -0.000000
vn -0.367400 0.930100 0.000300
vn -0.382300 0.924000 0.000000
vn -0.539300 0.842100 0.000300
vn -0.555100 0.831800 -0.000100
vn -0.642600 0.766200 0.000200
vn -0.657200 0.753700 -0.000200
vn -0.759900 0.650000 0.000200
vn -0.770400 0.637500 -0.000100
vn -0.829500 0.558400 0.000100
vn -0.840700 0.541500 -0.000300
vn -0.923800 0.382900 0.000000
vn -0.923800 0.382800 0.000500
vn -0.930100 0.367400 -0.000300
vn -0.981000 0.194200 0.000100
vn -0.981000 0.194000 0.000100
vn -0.990500 0.137200 0.000200
vn -0.997400 0.072700 -0.000100
vn -0.172100 0.000300 -0.985100
vn -0.183300 0.000000 -0.983000
vn -0.348200 0.000000 -0.937400
vn -0.352800 -0.000100 -0.935700
vn -0.484600 -0.000300 -0.874700
vn -0.472000 0.000000 -0.881600
vn -0.624900 0.000000 -0.780700
vn -0.624400 0.000000 -0.781100
vn -0.743200 0.000000 -0.669000
vn -0.742900 0.000000 -0.669400
vn -0.841900 0.000000 -0.539600
vn -0.841700 0.000000 -0.540000
vn -0.918300 0.000000 -0.396000
vn -0.918200 0.000000 -0.396200
vn -0.973300 0.000000 -0.229400
vn -0.969100 0.000500 -0.246600
vn -0.987100 -0.135500 -0.085900
vn -0.052200 -0.980300 -0.190400
vn -0.116100 -0.165500 -0.979400
vn -0.171900 -0.065800 -0.982900
vn -0.169100 -0.056100 -0.984000
vn -0.248300 -0.965300 -0.081300
vn -0.351000 -0.932800 -0.081400
vn -0.538300 -0.839000 -0.079800
vn -0.620400 -0.780900 -0.072500
vn -0.928400 -0.362700 -0.081300
vn -0.969200 -0.232700 -0.081200
vn -0.973100 -0.220000 -0.068600
vn -0.974000 -0.067000 -0.216300
vn -0.987900 -0.093200 -0.123700
vn -0.943500 -0.205800 -0.259700
vn -0.943600 -0.226500 -0.241600
vn -0.896500 -0.371300 -0.241600
vn -0.893100 -0.389400 -0.225300
vn -0.829600 -0.508400 -0.230900
vn -0.826000 -0.516900 -0.224700
vn -0.739900 -0.631900 -0.230900
vn -0.735100 -0.639600 -0.224900
vn -0.631900 -0.739800 -0.231000
vn -0.641800 -0.727900 -0.241300
vn -0.507000 -0.827400 -0.241600
vn -0.493700 -0.840000 -0.225300
vn -0.372300 -0.898900 -0.230900
vn -0.385600 -0.890600 -0.241300
vn -0.213500 -0.946700 -0.241300
vn -0.202600 -0.952300 -0.228100
vn -0.072600 -0.973300 -0.217900
vn -0.204100 -0.891600 -0.404200
vn -0.196600 -0.897400 -0.395000
vn -0.351400 -0.848500 -0.395600
vn -0.479900 -0.783100 -0.395600
vn -0.596500 -0.698400 -0.395600
vn -0.698400 -0.596500 -0.395600
vn -0.783100 -0.479900 -0.395600
vn -0.783100 -0.479800 -0.395600
vn -0.848500 -0.351400 -0.395600
vn -0.848500 -0.351500 -0.395600
vn -0.897400 -0.196600 -0.395000
vn -0.897000 -0.195000 -0.396600
vn -0.818000 -0.200700 -0.539000
vn -0.806600 -0.176800 -0.564000
vn -0.789800 -0.327100 -0.518800
vn -0.706600 -0.430700 -0.561400
vn -0.706700 -0.433000 -0.559500
vn -0.650200 -0.555400 -0.518500
vn -0.538900 -0.628400 -0.561100
vn -0.538300 -0.630300 -0.559500
vn -0.446800 -0.729000 -0.518600
vn -0.339900 -0.759200 -0.555000
vn -0.322300 -0.778100 -0.539200
vn -0.180200 -0.823100 -0.538600
vn -0.180900 -0.822400 -0.539400
vn -0.159400 -0.724400 -0.670700
vn -0.174500 -0.708800 -0.683400
vn -0.309700 -0.695100 -0.648800
vn -0.374900 -0.608300 -0.699600
vn -0.501500 -0.584800 -0.637600
vn -0.544700 -0.462400 -0.699600
vn -0.658000 -0.401000 -0.637300
vn -0.661700 -0.293800 -0.689900
vn -0.734600 -0.179900 -0.654200
vn -0.726100 -0.156800 -0.669500
vn -0.608000 -0.147800 -0.780100
vn -0.599300 -0.131000 -0.789700
vn -0.584100 -0.257900 -0.769600
vn -0.513800 -0.312100 -0.799200
vn -0.493400 -0.418900 -0.762300
vn -0.392100 -0.455500 -0.799200
vn -0.339600 -0.551100 -0.762200
vn -0.223100 -0.554700 -0.801600
vn -0.154700 -0.631700 -0.759600
vn -0.191900 -0.476200 -0.858100
vn -0.233400 -0.393700 -0.889100
vn -0.330500 -0.383900 -0.862200
vn -0.410800 -0.249500 -0.876900
vn -0.407600 -0.235900 -0.882200
vn -0.499400 -0.121300 -0.857800
vn -0.184000 -0.312900 -0.931800
vn -0.196200 -0.266100 -0.943800
vn -0.309800 -0.180100 -0.933600
vn -0.299200 -0.131200 -0.945100
vn 0.928300 -0.362800 0.081400
vn 0.191200 -0.978400 0.078400
vn 0.973600 -0.220400 0.059500
vn 0.999200 -0.017600 0.036100
vn 0.069700 -0.972900 0.220600
vn 0.063000 -0.977900 0.199200
vn 0.969100 -0.233100 0.081300
vn 0.949800 -0.199600 0.240900
vn 0.950000 -0.206700 0.234100
vn 0.897500 -0.196300 0.395000
vn 0.897200 -0.195000 0.396300
vn 0.805200 -0.176700 0.566100
vn 0.817600 -0.202600 0.539000
vn 0.725200 -0.179600 0.664700
vn 0.723000 -0.175300 0.668200
vn 0.609400 -0.147300 0.779100
vn 0.608000 -0.144400 0.780700
vn 0.499100 -0.118200 0.858400
vn 0.893100 -0.389300 0.225300
vn 0.896500 -0.371400 0.241500
vn 0.848500 -0.351500 0.395600
vn 0.848500 -0.351400 0.395600
vn 0.788200 -0.326500 0.521700
vn 0.297500 -0.135500 0.945100
vn 0.184500 -0.077100 0.979800
vn 0.826300 -0.516200 0.225200
vn 0.829600 -0.508300 0.230900
vn 0.783100 -0.479900 0.395600
vn 0.707500 -0.433600 0.558100
vn 0.707300 -0.426700 0.563600
vn 0.633100 -0.381400 0.673600
vn 0.635900 -0.394100 0.663600
vn 0.523400 -0.325600 0.787400
vn 0.528000 -0.341300 0.777600
vn 0.412800 -0.264900 0.871500
vn 0.406000 -0.235300 0.883100
vn 0.307900 -0.179300 0.934400
vn 0.651100 -0.556100 0.516500
vn 0.698400 -0.596500 0.395600
vn 0.739600 -0.631700 0.232400
vn 0.732800 -0.642600 0.223800
vn 0.620800 -0.780600 0.072400
vn 0.640900 -0.728700 0.241300
vn 0.631800 -0.739700 0.231900
vn 0.596500 -0.698400 0.395600
vn 0.596500 -0.698300 0.395600
vn 0.546900 -0.640300 0.539300
vn 0.556800 -0.619500 0.553400
vn 0.485200 -0.543200 0.685200
vn 0.484100 -0.556000 0.675700
vn 0.430200 -0.493400 0.755900
vn 0.538300 -0.838900 0.079800
vn 0.493700 -0.839900 0.225400
vn 0.507000 -0.827400 0.241600
vn 0.479800 -0.783100 0.395600
vn 0.479900 -0.783100 0.395600
vn 0.432800 -0.706400 0.560100
vn 0.420900 -0.730100 0.538300
vn 0.381300 -0.658100 0.649200
vn 0.324200 -0.498100 0.804200
vn 0.253900 -0.392500 0.884000
vn 0.251900 -0.424500 0.869700
vn 0.177000 -0.301200 0.937000
vn 0.180300 -0.286400 0.941000
vn 0.111100 -0.187400 0.976000
vn 0.351000 -0.932800 0.081400
vn 0.385500 -0.890600 0.241300
vn 0.372300 -0.898900 0.231000
vn 0.351500 -0.848500 0.395600
vn 0.327100 -0.789700 0.519000
vn 0.295300 -0.660200 0.690600
vn 0.259600 -0.583000 0.769900
vn 0.049100 -0.173200 0.983700
vn 0.211800 -0.975400 0.060400
vn 0.232600 -0.969200 0.081200
vn 0.225600 -0.940000 0.256000
vn 0.213500 -0.946700 0.241300
vn 0.204100 -0.891700 0.404000
vn 0.196700 -0.897400 0.395000
vn 0.181200 -0.822500 0.539200
vn 0.200900 -0.804000 0.559700
vn 0.179200 -0.720800 0.669600
vn 0.161100 -0.747100 0.644900
vn 0.132900 -0.615100 0.777200
vn 0.154800 -0.594700 0.788900
vn 0.130400 -0.501200 0.855500
vn 0.503000 0.860400 0.081300
vn 0.381500 0.920800 0.081300
vn 0.242300 0.965100 0.099800
vn 0.229100 0.970000 0.081300
vn 0.210800 0.947300 0.241200
vn 0.206200 0.947100 0.245900
vn 0.196300 0.897500 0.395000
vn 0.194000 0.897000 0.397300
vn 0.176300 0.809300 0.560400
vn 0.197000 0.819100 0.538800
vn 0.172600 0.721500 0.670500
vn 0.177000 0.723800 0.666900
vn 0.149100 0.609900 0.778300
vn 0.144200 0.607500 0.781100
vn 0.117800 0.498400 0.858900
vn 0.381400 0.920800 0.081200
vn 0.371300 0.896500 0.241600
vn 0.351500 0.848500 0.395600
vn 0.351400 0.848500 0.395600
vn 0.327700 0.791300 0.516200
vn 0.521300 0.822300 0.228100
vn 0.507000 0.827400 0.241600
vn 0.479800 0.783100 0.395600
vn 0.435900 0.711300 0.551400
vn 0.426800 0.711200 0.558600
vn 0.376700 0.628400 0.680600
vn 0.390800 0.631700 0.669500
vn 0.332100 0.536600 0.775800
vn 0.329000 0.535900 0.777500
vn 0.258900 0.420200 0.869700
vn 0.223600 0.414800 0.882000
vn 0.161100 0.293900 0.942100
vn 0.167700 0.295300 0.940600
vn 0.070700 0.167200 0.983400
vn 0.055200 0.163200 0.985100
vn 0.558600 0.654000 0.510100
vn 0.596500 0.698400 0.395600
vn 0.632100 0.740000 0.230000
vn 0.637600 0.736700 0.225400
vn 0.163800 0.080000 0.983200
vn 0.284000 0.207100 0.936200
vn 0.256600 0.211100 0.943200
vn 0.384500 0.312700 0.868500
vn 0.363900 0.314600 0.876700
vn 0.475900 0.411700 0.777200
vn 0.451100 0.414100 0.790600
vn 0.537900 0.495600 0.682000
vn 0.575900 0.487800 0.656100
vn 0.634700 0.537700 0.555000
vn 0.630900 0.538900 0.558200
vn 0.698300 0.596500 0.395600
vn 0.698400 0.596500 0.395600
vn 0.739500 0.631600 0.232800
vn 0.750100 0.622500 0.223500
vn 0.867900 0.491400 0.072900
vn 0.819900 0.519200 0.241300
vn 0.829400 0.508200 0.231800
vn 0.783100 0.479900 0.395600
vn 0.729500 0.447100 0.517600
vn 0.624200 0.364900 0.690800
vn 0.550700 0.323600 0.769400
vn 0.928000 0.366600 0.066700
vn 0.920800 0.381400 0.081200
vn 0.896500 0.371300 0.241500
vn 0.896500 0.371400 0.241600
vn 0.848500 0.351500 0.395600
vn 0.778000 0.322300 0.539300
vn 0.759900 0.339300 0.554500
vn 0.697300 0.309400 0.646600
vn 0.553500 0.217900 0.803800
vn 0.474300 0.185900 0.860500
vn 0.965400 0.240300 0.101300
vn 0.971000 0.224300 0.082100
vn 0.945700 0.211900 0.246500
vn 0.948000 0.207800 0.241100
vn 0.897000 0.197200 0.395600
vn 0.897400 0.196700 0.395000
vn 0.822500 0.181100 0.539100
vn 0.823000 0.180600 0.538600
vn 0.726400 0.160300 0.668300
vn 0.710800 0.175800 0.681100
vn 0.629600 0.155000 0.761300
vn 0.455800 0.131900 0.880300
vn 0.345800 0.099500 0.933000
vn -0.130700 0.987600 -0.086800
vn -0.188300 0.086000 -0.978300
vn -0.095900 0.146400 -0.984600
vn -0.095800 0.146300 -0.984600
vn -0.095900 0.146300 -0.984600
vn -0.072000 0.170800 -0.982700
vn -0.965800 0.246600 -0.079800
vn -0.928000 0.366600 -0.066700
vn -0.920800 0.381500 -0.081300
vn -0.868200 0.490800 -0.073000
vn -0.503600 0.860100 -0.081800
vn -0.381400 0.920800 -0.081800
vn -0.380800 0.921100 -0.081100
vn -0.232700 0.969200 -0.081100
vn -0.220100 0.973100 -0.068500
vn -0.067000 0.974000 -0.216400
vn -0.094500 0.988400 -0.119100
vn -0.205700 0.943500 -0.259800
vn -0.226500 0.943600 -0.241600
vn -0.371300 0.896500 -0.241600
vn -0.507000 0.827400 -0.241600
vn -0.524400 0.821200 -0.225200
vn -0.631900 0.739900 -0.230900
vn -0.639700 0.735000 -0.224800
vn -0.739600 0.631700 -0.232100
vn -0.748800 0.623800 -0.224100
vn -0.829300 0.508200 -0.232500
vn -0.820500 0.518300 -0.241300
vn -0.896500 0.371400 -0.241500
vn -0.896500 0.371400 -0.241600
vn -0.948000 0.207700 -0.241200
vn -0.952000 0.200300 -0.231500
vn -0.969400 0.106300 -0.221400
vn -0.897000 0.197100 -0.395700
vn -0.897400 0.196600 -0.395000
vn -0.848500 0.351500 -0.395600
vn -0.848500 0.351400 -0.395600
vn -0.783100 0.479900 -0.395600
vn -0.698400 0.596500 -0.395600
vn -0.596500 0.698400 -0.395600
vn -0.479900 0.783100 -0.395600
vn -0.351400 0.848500 -0.395600
vn -0.351500 0.848500 -0.395600
vn -0.196500 0.897400 -0.395000
vn -0.194500 0.897000 -0.397000
vn -0.198500 0.818400 -0.539300
vn -0.176700 0.807900 -0.562200
vn -0.327600 0.790900 -0.516900
vn -0.416000 0.721100 -0.554100
vn -0.440000 0.718000 -0.539300
vn -0.564300 0.625900 -0.538300
vn -0.538000 0.629900 -0.560200
vn -0.649800 0.555100 -0.519200
vn -0.704200 0.434100 -0.561900
vn -0.706600 0.432900 -0.559800
vn -0.789900 0.327200 -0.518700
vn -0.804100 0.200400 -0.559700
vn -0.822400 0.180900 -0.539300
vn -0.722800 0.179300 -0.667400
vn -0.721100 0.180500 -0.668900
vn -0.633300 0.390800 -0.668000
vn -0.633100 0.390800 -0.668100
vn -0.497100 0.553300 -0.668400
vn -0.471900 0.556300 -0.684000
vn -0.381300 0.658300 -0.649100
vn -0.293100 0.660600 -0.691200
vn -0.177700 0.734200 -0.655300
vn -0.156800 0.726400 -0.669200
vn -0.163600 0.605000 -0.779300
vn -0.127400 0.582100 -0.803100
vn -0.260600 0.590100 -0.764100
vn -0.381700 0.476200 -0.792200
vn -0.405200 0.477500 -0.779600
vn -0.533300 0.329200 -0.779300
vn -0.533100 0.329200 -0.779400
vn -0.606200 0.152600 -0.780500
vn -0.607900 0.151400 -0.779400
vn -0.482000 0.120800 -0.867800
vn -0.460900 0.138500 -0.876600
vn -0.431800 0.266300 -0.861700
vn -0.362500 0.297600 -0.883200
vn -0.320500 0.397900 -0.859600
vn -0.219900 0.401000 -0.889300
vn -0.134300 0.502400 -0.854100
vn -0.340400 0.095500 -0.935400
vn -0.282900 0.143200 -0.948400
vn -0.276500 0.228000 -0.933600
vn -0.168000 0.303700 -0.937800
vn -0.139700 0.295900 -0.944900
vn -0.000100 -0.982200 -0.188000
vn 0.000100 -0.985700 -0.168700
vn 0.000700 -0.972700 -0.232000
vn -0.000200 -0.958700 -0.284400
vn -0.000100 -0.918200 -0.396200
vn -0.000000 -0.920400 -0.391000
vn -0.000000 -0.841700 -0.539900
vn -0.000000 -0.841900 -0.539600
vn -0.000000 -0.742900 -0.669400
vn 0.000000 -0.744200 -0.667900
vn -0.000000 -0.624400 -0.781100
vn -0.000400 -0.610200 -0.792300
vn -0.000300 -0.477200 -0.878800
vn -0.000000 -0.488200 -0.872700
vn -0.000100 -0.343200 -0.939300
vn -0.000200 -0.335700 -0.942000
vn -0.000100 -0.171000 -0.985300
vn -0.000200 -0.167900 -0.985800
vn 0.135600 -0.990800 0.000100
vn 0.195900 -0.980600 0.000900
vn 0.233500 -0.972400 0.000000
vn 0.382600 -0.923900 0.000000
vn 0.413000 -0.910700 0.000700
vn 0.487100 -0.873400 0.000900
vn 0.522700 -0.852500 -0.000000
vn 0.522600 -0.852600 0.000600
vn 0.665700 -0.746200 0.000300
vn 0.681100 -0.732200 -0.000100
vn 0.750300 -0.661000 0.000100
vn 0.761500 -0.648100 -0.000200
vn 0.847700 -0.530400 0.000200
vn 0.857300 -0.514700 -0.000200
vn 0.908300 -0.418400 0.000100
vn 0.918000 -0.396500 -0.000400
vn 0.974700 -0.223400 0.000000
vn 0.975400 -0.220200 -0.000100
vn 0.980900 0.194400 0.000700
vn 0.974600 0.224000 -0.000000
vn 0.930100 0.367400 0.000300
vn 0.924000 0.382400 0.000000
vn 0.840400 0.541900 0.000300
vn 0.828900 0.559300 -0.000100
vn 0.770800 0.637000 0.000100
vn 0.759900 0.650100 -0.000200
vn 0.650000 0.759900 0.000200
vn 0.638300 0.769800 -0.000100
vn 0.558900 0.829300 0.000100
vn 0.540900 0.841100 -0.000300
vn 0.382500 0.924000 -0.000000
vn 0.367400 0.930100 -0.000300
vn 0.200900 0.979600 0.000100
vn 0.220300 0.975400 0.000600
vn 0.000100 0.157800 -0.987500
vn 0.000100 0.156800 -0.987600
vn 0.000200 0.337600 -0.941300
vn -0.000100 0.350700 -0.936500
vn -0.000200 0.488400 -0.872600
vn 0.000200 0.471700 -0.881800
vn 0.000200 0.617000 -0.787000
vn 0.000000 0.624200 -0.781300
vn 0.000000 0.743300 -0.668900
vn 0.000000 0.742800 -0.669500
vn 0.000000 0.841600 -0.540100
vn 0.000000 0.841800 -0.539800
vn 0.000000 0.918300 -0.395900
vn 0.000000 0.918200 -0.396200
vn 0.000000 0.968300 -0.250000
vn -0.000100 0.969200 -0.246400
vn 0.164600 -0.074200 -0.983600
vn 0.175000 -0.067900 -0.982200
vn 0.102800 -0.185400 -0.977300
vn 0.972800 -0.222200 -0.065500
vn 0.969300 -0.232000 -0.081300
vn 0.934800 -0.348200 -0.069800
vn 0.631400 -0.771200 -0.081400
vn 0.520800 -0.849800 -0.081200
vn 0.520900 -0.849700 -0.081700
vn 0.520900 -0.849700 -0.081300
vn 0.381400 -0.920800 -0.081300
vn 0.381300 -0.920900 -0.081200
vn 0.227700 -0.970300 -0.081100
vn 0.232600 -0.968600 -0.087800
vn 0.182400 -0.980400 -0.074200
vn 0.206400 -0.946900 -0.246400
vn 0.211400 -0.947100 -0.241300
vn 0.371300 -0.896500 -0.241600
vn 0.507000 -0.827400 -0.241600
vn 0.630200 -0.737900 -0.241500
vn 0.643900 -0.730400 -0.227700
vn 0.740000 -0.632000 -0.230000
vn 0.745800 -0.627200 -0.224700
vn 0.829600 -0.508300 -0.231000
vn 0.835700 -0.501100 -0.224700
vn 0.898900 -0.372400 -0.230800
vn 0.890500 -0.385700 -0.241200
vn 0.948000 -0.207700 -0.241100
vn 0.954400 -0.195700 -0.225400
vn 0.973900 -0.056600 -0.219900
vn 0.896800 -0.197100 -0.396100
vn 0.897500 -0.196200 -0.395000
vn 0.848500 -0.351500 -0.395600
vn 0.783100 -0.479900 -0.395600
vn 0.698400 -0.596500 -0.395600
vn 0.698300 -0.596500 -0.395600
vn 0.596500 -0.698400 -0.395600
vn 0.479900 -0.783100 -0.395600
vn 0.479800 -0.783100 -0.395600
vn 0.351500 -0.848500 -0.395600
vn 0.351400 -0.848500 -0.395600
vn 0.196600 -0.897400 -0.395000
vn 0.195000 -0.897000 -0.396600
vn 0.178100 -0.822400 -0.540300
vn 0.180200 -0.823100 -0.538600
vn 0.342600 -0.769900 -0.538300
vn 0.317200 -0.765800 -0.559400
vn 0.446700 -0.729000 -0.518600
vn 0.536500 -0.629900 -0.561600
vn 0.537900 -0.629700 -0.560400
vn 0.649700 -0.554900 -0.519600
vn 0.704100 -0.433500 -0.562400
vn 0.706000 -0.432600 -0.560800
vn 0.789300 -0.326900 -0.519700
vn 0.803500 -0.201200 -0.560200
vn 0.822900 -0.180700 -0.538800
vn 0.722500 -0.180200 -0.667500
vn 0.720600 -0.181500 -0.669100
vn 0.633000 -0.389900 -0.668800
vn 0.635100 -0.389400 -0.667200
vn 0.483600 -0.567300 -0.666600
vn 0.511500 -0.568600 -0.644300
vn 0.360400 -0.626600 -0.691000
vn 0.307700 -0.695600 -0.649200
vn 0.155900 -0.712200 -0.684400
vn 0.175800 -0.722800 -0.668400
vn 0.147500 -0.608000 -0.780100
vn 0.147500 -0.607900 -0.780200
vn 0.340000 -0.527100 -0.778800
vn 0.298000 -0.514400 -0.804100
vn 0.430000 -0.480300 -0.764500
vn 0.509200 -0.335300 -0.792600
vn 0.535600 -0.328300 -0.778000
vn 0.607900 -0.152400 -0.779200
vn 0.607800 -0.152400 -0.779300
vn 0.490900 -0.122300 -0.862600
vn 0.416500 -0.195700 -0.887800
vn 0.429900 -0.281900 -0.857700
vn 0.258200 -0.403000 -0.878000
vn 0.242800 -0.398500 -0.884400
vn 0.121700 -0.502400 -0.856000
vn 0.313300 -0.145500 -0.938400
vn 0.305800 -0.147900 -0.940500
vn 0.181600 -0.300600 -0.936300
vn 0.175800 -0.298700 -0.938000
vn 0.087600 0.172000 -0.981200
vn 0.194000 0.055600 -0.979400
vn 0.168500 0.069400 -0.983300
vn 0.981600 0.174700 -0.077600
vn 0.223000 0.972500 -0.066700
vn 0.232200 0.969300 -0.081300
vn 0.366600 0.928000 -0.066700
vn 0.381400 0.920800 -0.081200
vn 0.490200 0.868600 -0.073000
vn 0.860200 0.503300 -0.081900
vn 0.920800 0.381400 -0.081700
vn 0.921000 0.381000 -0.081300
vn 0.969100 0.232700 -0.081300
vn 0.973100 0.219800 -0.068400
vn 0.974200 0.065300 -0.215900
vn 0.943500 0.205600 -0.259900
vn 0.943600 0.226600 -0.241500
vn 0.896500 0.371400 -0.241500
vn 0.896500 0.371300 -0.241600
vn 0.827400 0.507000 -0.241600
vn 0.822200 0.521600 -0.227900
vn 0.740100 0.632100 -0.229700
vn 0.736500 0.637900 -0.224900
vn 0.631700 0.739600 -0.232300
vn 0.624100 0.748300 -0.224600
vn 0.508100 0.829200 -0.233000
vn 0.517700 0.820800 -0.241400
vn 0.371300 0.896500 -0.241600
vn 0.207700 0.948000 -0.241200
vn 0.195900 0.954300 -0.225700
vn 0.056400 0.973900 -0.220000
vn 0.197200 0.896900 -0.395800
vn 0.196500 0.897400 -0.395000
vn 0.351500 0.848500 -0.395600
vn 0.351400 0.848500 -0.395600
vn 0.479800 0.783100 -0.395600
vn 0.596500 0.698400 -0.395600
vn 0.698400 0.596500 -0.395600
vn 0.783100 0.479800 -0.395600
vn 0.783100 0.479900 -0.395600
vn 0.848500 0.351500 -0.395600
vn 0.848500 0.351400 -0.395600
vn 0.897400 0.196400 -0.395000
vn 0.897100 0.195000 -0.396400
vn 0.818100 0.201700 -0.538500
vn 0.806200 0.176800 -0.564600
vn 0.789500 0.327000 -0.519400
vn 0.707900 0.428800 -0.561200
vn 0.708100 0.433900 -0.557100
vn 0.651500 0.556500 -0.515600
vn 0.537600 0.631200 -0.559100
vn 0.538000 0.629900 -0.560200
vn 0.446500 0.728600 -0.519400
vn 0.340500 0.758600 -0.555500
vn 0.322300 0.778000 -0.539200
vn 0.179800 0.823200 -0.538500
vn 0.180900 0.822200 -0.539700
vn 0.159500 0.726100 -0.668800
vn 0.158600 0.726900 -0.668100
vn 0.303400 0.679600 -0.667900
vn 0.304700 0.677200 -0.669700
vn 0.482600 0.566700 -0.667800
vn 0.484100 0.551700 -0.679200
vn 0.629700 0.381100 -0.676900
vn 0.632500 0.394000 -0.666900
vn 0.722800 0.177900 -0.667800
vn 0.722300 0.176800 -0.668700
vn 0.607700 0.147300 -0.780400
vn 0.608500 0.148800 -0.779500
vn 0.535800 0.324000 -0.779700
vn 0.538300 0.336200 -0.772800
vn 0.413200 0.481700 -0.772800
vn 0.414300 0.470600 -0.779000
vn 0.231400 0.583200 -0.778600
vn 0.243800 0.547800 -0.800300
vn 0.138200 0.630300 -0.764000
vn 0.181800 0.461400 -0.868400
vn 0.199300 0.423300 -0.883800
vn 0.336100 0.393000 -0.855900
vn 0.397200 0.239400 -0.886000
vn 0.399000 0.245700 -0.883400
vn 0.499300 0.120900 -0.857900
vn 0.151600 0.325300 -0.933400
vn 0.166900 0.283100 -0.944500
vn 0.305000 0.187200 -0.933800
vn 0.291700 0.135300 -0.946900
vn 0.975500 0.000900 -0.220000
vn 0.968200 -0.000000 -0.250000
vn 0.918100 -0.000000 -0.396300
vn 0.918300 -0.000000 -0.395900
vn 0.841700 -0.000000 -0.539900
vn 0.841900 -0.000000 -0.539700
vn 0.743000 -0.000000 -0.669300
vn 0.743200 -0.000000 -0.669000
vn 0.624300 -0.000000 -0.781200
vn 0.624900 -0.000000 -0.780700
vn 0.471200 -0.000000 -0.882000
vn 0.480100 0.000200 -0.877200
vn 0.354000 0.000100 -0.935200
vn 0.344500 -0.000100 -0.938800
vn 0.175600 -0.000100 -0.984500
vn 0.180300 0.000000 -0.983600
vn 1.000000 0.000100 0.005400
vn 0.999900 -0.000100 0.010900
vn 0.000700 -0.999900 0.011600
vn -0.000000 -0.999700 0.025300
vn -0.999900 0.000100 0.011600
vn -1.000000 0.000000 0.009500
vn 0.000500 0.999800 0.019400
vn -0.000100 1.000000 0.006100
vn 0.018100 0.000100 -0.999800
vn 0.013900 0.000300 -0.999900
vn 0.013100 -0.999900 0.000100
vn 0.011300 -0.999900 0.000000
vn 0.027300 0.000800 0.999600
vn 0.011600 0.000000 0.999900
vn 0.012800 0.999900 0.000600
vn 0.032000 0.999500 -0.000400
vn -1.000000 0.000100 -0.002300
vn -1.000000 -0.000100 -0.005400
vn 0.000500 -0.999900 -0.016200
vn 0.000000 -1.000000 -0.006100
vn 0.999900 0.000500 -0.017000
vn 0.999900 0.000500 -0.016200
vn 0.999800 0.000300 -0.017500
vn 1.000000 0.000100 -0.007400
vn 1.000000 0.000400 -0.006000
vn 1.000000 0.000000 -0.006800
vn -0.000000 0.999900 -0.016000
vn -0.000100 0.999900 -0.016700
vn -0.000800 0.999900 -0.016000
vn -0.000000 0.999900 -0.015300
vn 0.000600 0.999900 -0.016100
vn -0.009100 0.000300 1.000000
vn -0.009800 0.000300 1.000000
vn -0.009100 -0.000200 1.000000
vn -0.015500 -0.000000 0.999900
vn -0.016000 0.000600 0.999900
vn -0.016000 -0.000000 0.999900
vn -0.007800 -1.000000 -0.000200
vn -0.008500 -1.000000 -0.000300
vn -0.007800 -1.000000 -0.000700
vn -0.008700 -1.000000 -0.000300
vn -0.009300 -1.000000 0.000300
vn -0.009200 -1.000000 -0.000300
vn -0.020200 0.000400 -0.999800
vn -0.008300 -0.000200 -1.000000
vn -0.011300 0.999900 0.000000
vn -0.011700 0.999900 0.000000
vn 0.862500 0.304800 0.404100
vn 0.336700 0.856000 0.392400
vn -0.886100 0.300600 0.352900
vn -0.886300 0.300400 0.352500
vn -0.900200 0.212300 0.380300
vn -0.919400 0.131100 0.370700
vn -0.938500 0.043700 0.342500
vn -0.936000 -0.041800 0.349400
vn -0.915500 -0.138000 0.377800
vn -0.902800 -0.220400 0.369200
vn -0.887400 -0.308300 0.342600
vn -0.844500 -0.384000 0.373400
vn -0.799100 -0.468500 0.376700
vn -0.754400 -0.536400 0.378400
vn -0.697200 -0.611600 0.374000
vn -0.641600 -0.670200 0.373100
vn -0.567500 -0.727900 0.384900
vn -0.500300 -0.786200 0.362700
vn -0.418000 -0.824100 0.382400
vn -0.349800 -0.865800 0.357900
vn -0.256500 -0.886500 0.385200
vn -0.168900 -0.908700 0.381700
vn -0.087800 -0.931200 0.353800
vn -0.001000 -0.924000 0.382400
vn 0.179500 -0.910800 0.371900
vn 0.262300 -0.883000 0.389200
vn 0.348000 -0.858700 0.376100
vn 0.428900 -0.822500 0.373400
vn 0.499500 -0.778700 0.379700
vn 0.499200 -0.778700 0.380100
vn 0.573600 -0.719400 0.391700
vn 0.641500 -0.670000 0.373700
vn 0.702600 -0.604700 0.375000
vn 0.746000 -0.537800 0.392800
vn 0.745800 -0.538300 0.392500
vn 0.804800 -0.461200 0.373600
vn 0.834500 -0.379600 0.399500
vn 0.871300 -0.304000 0.385400
vn 0.888400 -0.222900 0.401500
vn 0.903700 -0.127600 0.408800
vn 0.911900 -0.045100 0.408000
vn -0.751900 -0.649800 0.111300
vn -0.581600 -0.784300 0.215600
vn -0.423900 -0.876300 0.229000
vn -0.247600 -0.941200 0.229900
vn -0.247900 -0.941100 0.230000
vn -0.168300 -0.985600 0.015900
vn -0.062200 -0.971200 0.230000
vn -0.071100 -0.980600 0.182600
vn -0.065200 -0.899600 0.431900
vn 0.010600 -0.998700 0.050100
vn 0.039600 -0.900100 0.433800
vn 0.003800 -0.848300 0.529600
vn 0.125600 -0.965500 0.228000
vn 0.118600 -0.973900 0.193500
vn 0.102600 -0.841600 0.530200
vn 0.102600 -0.841600 0.530300
vn 0.229800 -0.972300 0.042300
vn 0.177800 -0.884800 0.430700
vn 0.200400 -0.824000 0.530000
vn 0.127600 -0.615200 0.778000
vn 0.308400 -0.922900 0.230600
vn 0.308600 -0.922700 0.230900
vn 0.303900 -0.934900 0.183200
vn 0.303700 -0.934900 0.183500
vn 0.278700 -0.857600 0.432300
vn 0.279000 -0.856900 0.433500
vn 0.197000 -0.603200 0.772900
vn 0.197200 -0.596200 0.778200
vn 0.399500 -0.916600 0.016900
vn 0.364900 -0.836600 0.408600
vn 0.368200 -0.822200 0.434100
vn 0.280100 -0.678900 0.678700
vn 0.259800 -0.507500 0.821500
vn 0.470700 -0.871200 0.139200
vn 0.475200 -0.862100 0.176100
vn 0.457100 -0.789800 0.409000
vn 0.397900 -0.749300 0.529400
vn 0.367300 -0.634200 0.680400
vn 0.276300 -0.528500 0.802700
vn 0.274900 -0.524000 0.806200
vn 0.212700 -0.406600 0.888500
vn 0.212500 -0.406200 0.888700
vn 0.212900 -0.406400 0.888500
vn 0.124400 -0.200700 0.971700
vn 0.124100 -0.200700 0.971800
vn 0.567800 -0.811000 0.140600
vn 0.540100 -0.814000 0.213900
vn 0.481000 -0.676900 0.557200
vn 0.480700 -0.698600 0.530000
vn 0.345800 -0.503300 0.791900
vn 0.341400 -0.485600 0.804800
vn 0.192600 -0.272400 0.942700
vn 0.396300 -0.591400 0.702300
vn -0.012000 0.019600 0.999700
vn 0.633300 -0.765800 0.111500
vn 0.640600 -0.733400 0.227700
vn 0.640600 -0.733300 0.228000
vn 0.577000 -0.705600 0.411300
vn 0.544600 -0.626600 0.557500
vn 0.457800 -0.563700 0.687500
vn 0.399800 -0.459000 0.793400
vn 0.314000 -0.390000 0.865600
vn 0.264800 -0.314800 0.911500
vn 0.082800 -0.106100 0.990900
vn 0.715800 -0.689300 0.112100
vn 0.686000 -0.695600 0.213500
vn 0.686000 -0.695400 0.214000
vn 0.662100 -0.626200 0.411700
vn 0.585400 -0.588200 0.558000
vn 0.529200 -0.495700 0.688600
vn 0.427400 -0.428100 0.796200
vn 0.320200 -0.278200 0.905600
vn -0.054600 0.056300 0.996900
vn -0.168100 0.173300 0.970400
vn -0.277000 0.253600 0.926800
vn 0.753200 -0.609800 0.246600
vn 0.751000 -0.620900 0.224900
vn 0.656300 -0.507200 0.558600
vn 0.575900 -0.481900 0.660300
vn 0.478700 -0.366000 0.798000
vn 0.375700 -0.310100 0.873300
vn 0.369500 -0.303800 0.878200
vn 0.101800 -0.084200 0.991200
vn -0.293200 0.248000 0.923300
vn -0.388100 0.292900 0.873900
vn 0.823800 -0.522900 0.218700
vn 0.822200 -0.507400 0.257800
vn 0.700300 -0.483200 0.525400
vn 0.636800 -0.396100 0.661400
vn 0.496900 -0.342700 0.797300
vn 0.359700 -0.211900 0.908700
vn 0.446200 -0.296200 0.844500
vn -0.021600 0.013300 0.999700
vn -0.020500 0.012400 0.999700
vn -0.193200 0.129400 0.972600
vn -0.285000 0.175500 0.942300
vn -0.399400 0.276900 0.874000
vn -0.551500 0.342100 0.760800
vn 0.891700 -0.450600 0.041600
vn 0.801400 -0.437400 0.408100
vn 0.760200 -0.380000 0.526900
vn 0.641400 -0.351000 0.682200
vn 0.540400 -0.266800 0.798000
vn 0.457500 -0.241800 0.855700
vn 0.207200 -0.087800 0.974300
vn 0.305700 -0.194200 0.932100
vn -0.335100 0.177700 0.925300
vn -0.558100 0.294600 0.775700
vn -0.571200 0.308800 0.760500
vn 0.904300 -0.359200 0.230600
vn 0.910800 -0.371100 0.181100
vn 0.845400 -0.344600 0.408100
vn 0.845300 -0.344400 0.408500
vn 0.659700 -0.268900 0.701800
vn 0.672200 -0.284000 0.683700
vn 0.390200 -0.139400 0.910100
vn -0.026100 0.012400 0.999600
vn -0.310100 0.126400 0.942300
vn -0.302900 0.121500 0.945200
vn -0.584800 0.235800 0.776100
vn -0.585900 0.236700 0.775100
vn -0.783000 0.317300 0.535000
vn 0.663000 0.488800 0.567000
vn 0.907500 -0.048500 0.417300
vn 0.665700 -0.033800 0.745500
vn 0.660600 -0.031100 0.750100
vn 0.378800 -0.017800 0.925300
vn 0.030300 -0.001900 0.999500
vn -0.347800 0.021400 0.937300
vn -0.218500 0.010600 0.975800
vn -0.426700 0.020600 0.904100
vn -0.408900 0.016400 0.912400
vn -0.604000 0.042900 0.795800
vn -0.706300 0.016000 0.707800
vn -0.846500 0.058000 0.529200
vn -0.912900 0.028600 0.407100
vn -0.996800 0.061700 0.050200
vn 0.902600 -0.128400 0.411000
vn 0.750000 -0.126000 0.649300
vn 0.655400 -0.080300 0.751000
vn 0.492900 -0.084300 0.866000
vn 0.323800 -0.040700 0.945300
vn 0.222400 -0.035100 0.974300
vn 0.058500 -0.008200 0.998300
vn -0.344200 0.056800 0.937200
vn -0.344400 0.057100 0.937100
vn -0.598700 0.071600 0.797800
vn -0.701100 0.119200 0.703000
vn -0.825700 0.107100 0.553900
vn -0.825400 0.107200 0.554300
vn -0.902200 0.144900 0.406300
vn -0.965800 0.124200 0.227700
vn -0.967900 0.127100 0.216700
vn 0.891100 -0.221800 0.396000
vn 0.737100 -0.183700 0.650300
vn 0.734000 -0.181300 0.654500
vn 0.537000 -0.132100 0.833200
vn -0.110200 0.019500 0.993700
vn -0.456800 0.119200 0.881500
vn -0.403600 0.098300 0.909600
vn -0.584600 0.142800 0.798600
vn -0.586700 0.144200 0.796800
vn -0.808300 0.198300 0.554400
vn -0.809000 0.199000 0.553100
vn -0.945700 0.232700 0.227000
vn -0.947100 0.237500 0.215700
vn 0.855200 -0.309700 0.415600
vn 0.715300 -0.238800 0.656700
vn 0.612300 -0.232500 0.755700
vn 0.460300 -0.148200 0.875300
vn 0.321400 -0.115200 0.939900
vn 0.294700 -0.103500 0.950000
vn 0.045900 -0.017600 0.998800
vn -0.207000 0.089200 0.974300
vn -0.397100 0.118100 0.910100
vn -0.564800 0.212500 0.797400
vn -0.692000 0.229800 0.684400
vn -0.781700 0.288700 0.552800
vn -0.865300 0.290300 0.408600
vn -0.914800 0.341900 0.215000
vn -0.939800 0.323400 0.110700
vn 0.829700 -0.381500 0.407500
vn 0.664400 -0.329100 0.671000
vn 0.598600 -0.257400 0.758500
vn 0.357100 -0.170400 0.918400
vn 0.011400 -0.008900 0.999900
vn -0.271800 0.109400 0.956100
vn -0.468300 0.217700 0.856300
vn -0.540900 0.235500 0.807500
vn -0.657100 0.320100 0.682400
vn -0.762400 0.339700 0.550800
vn -0.822700 0.396600 0.407300
vn -0.890100 0.395400 0.226500
vn -0.890100 0.395300 0.226800
vn -0.897200 0.427700 0.110300
vn 0.776300 -0.465300 0.425300
vn 0.641900 -0.361600 0.676200
vn 0.561300 -0.346500 0.751600
vn 0.285900 -0.154400 0.945700
vn 0.307800 -0.176300 0.935000
vn 0.036300 -0.022600 0.999100
vn 0.001900 0.002600 1.000000
vn -0.247800 0.139000 0.958800
vn -0.508900 0.297100 0.807900
vn -0.509300 0.297500 0.807500
vn -0.717500 0.419300 0.556300
vn -0.720600 0.424500 0.548300
vn -0.839900 0.493900 0.225100
vn -0.840100 0.493600 0.224900
vn -0.839900 0.498200 0.215300
vn 0.735100 -0.539000 0.411200
vn 0.589600 -0.457500 0.665600
vn 0.538800 -0.370600 0.756500
vn 0.322800 -0.239700 0.915600
vn 0.322600 -0.239200 0.915800
vn 0.058100 -0.046200 0.997200
vn -0.088400 0.059900 0.994300
vn -0.329900 0.241800 0.912500
vn -0.354800 0.265100 0.896600
vn -0.506100 0.373700 0.777300
vn -0.484600 0.334000 0.808400
vn -0.664700 0.500900 0.554300
vn -0.739100 0.514400 0.434900
vn -0.779400 0.589200 0.213000
vn -0.807800 0.578800 0.111500
vn 0.680300 -0.604200 0.414800
vn 0.581100 -0.516700 0.628700
vn 0.564700 -0.482600 0.669500
vn 0.356200 -0.333100 0.873000
vn 0.293000 -0.267000 0.918100
vn 0.273300 -0.234600 0.932900
vn -0.250700 0.218500 0.943100
vn -0.470300 0.415300 0.778700
vn -0.471300 0.417800 0.776700
vn -0.674700 0.597200 0.433700
vn -0.674800 0.598100 0.432200
vn -0.674800 0.598000 0.432500
vn -0.736000 0.651600 0.183500
vn -0.735800 0.668000 0.111100
vn 0.610400 -0.667600 0.426300
vn 0.531800 -0.560000 0.635300
vn 0.441200 -0.504300 0.742300
vn -0.067600 0.066100 0.995500
vn -0.304700 0.335700 0.891400
vn -0.286000 0.305900 0.908100
vn -0.414500 0.469700 0.779500
vn -0.414400 0.469500 0.779700
vn -0.490400 0.503700 0.711200
vn -0.614400 0.684400 0.392700
vn -0.614600 0.660000 0.432100
vn -0.680800 0.732300 0.016800
vn 0.549800 -0.719200 0.424900
vn 0.458000 -0.624600 0.632500
vn 0.414400 -0.503800 0.758000
vn 0.299000 -0.395800 0.868300
vn 0.200200 -0.248100 0.947800
vn 0.200300 -0.248400 0.947700
vn 0.131900 -0.174300 0.975800
vn -0.005700 0.007300 1.000000
vn 0.010400 -0.020000 0.999700
vn -0.225200 0.294000 0.928900
vn -0.262500 0.311200 0.913400
vn -0.440800 0.597000 0.670300
vn -0.434600 0.558100 0.706800
vn -0.558100 0.715100 0.420800
vn -0.558200 0.730500 0.393300
vn -0.597000 0.781200 0.182500
vn -0.597400 0.768100 0.230400
vn 0.476800 -0.771700 0.420800
vn 0.406700 -0.658700 0.632900
vn 0.405900 -0.652100 0.640400
vn 0.296000 -0.470400 0.831400
vn 0.002300 0.005800 1.000000
vn -0.157800 0.220200 0.962600
vn -0.244100 0.404600 0.881300
vn -0.327400 0.496000 0.804300
vn -0.380800 0.637100 0.670200
vn -0.459300 0.711400 0.531900
vn -0.465900 0.779500 0.418800
vn -0.540000 0.840600 0.042600
vn 0.399000 -0.813900 0.422300
vn 0.334900 -0.682500 0.649700
vn 0.335100 -0.689200 0.642400
vn 0.215200 -0.446200 0.868700
vn 0.210800 -0.417500 0.883900
vn 0.135800 -0.269500 0.953400
vn 0.136200 -0.269500 0.953300
vn 0.101400 -0.218700 0.970500
vn 0.024500 -0.052500 0.998300
vn -0.061800 0.117900 0.991100
vn -0.172000 0.381500 0.908200
vn -0.156600 0.328000 0.931600
vn -0.265300 0.547700 0.793500
vn -0.263800 0.532000 0.804600
vn -0.375100 0.762000 0.527900
vn -0.375500 0.759500 0.531200
vn -0.438900 0.887400 0.141200
vn -0.452400 0.867400 0.207100
vn 0.314400 -0.845600 0.431400
vn 0.278500 -0.701000 0.656600
vn 0.226500 -0.630700 0.742200
vn 0.192700 -0.456700 0.868500
vn 0.119700 -0.329100 0.936700
vn -0.168000 0.376100 0.911200
vn -0.206900 0.575700 0.791100
vn -0.272000 0.675800 0.685100
vn -0.286300 0.799200 0.528500
vn -0.338100 0.846800 0.410700
vn -0.345500 0.921700 0.176300
vn -0.345600 0.921700 0.175900
vn -0.345400 0.921800 0.176200
vn -0.339900 0.930100 0.139400
vn 0.237400 -0.873900 0.424200
vn 0.183700 -0.742300 0.644400
vn 0.189500 -0.636600 0.747500
vn 0.118700 -0.483700 0.867100
vn 0.092800 -0.320400 0.942700
vn 0.055100 -0.223100 0.973200
vn 0.012000 -0.048300 0.998800
vn -0.035500 0.130000 0.990900
vn -0.125500 0.479500 0.868500
vn -0.125100 0.457000 0.880600
vn -0.191500 0.702600 0.685300
vn -0.191300 0.702500 0.685500
vn -0.191300 0.704100 0.683900
vn -0.191100 0.703800 0.684200
vn -0.239200 0.880900 0.408500
vn -0.239300 0.880600 0.408900
vn -0.262800 0.964700 0.015500
vn 0.085400 -0.923400 0.374200
vn 0.149700 -0.892100 0.426300
vn 0.149600 -0.892100 0.426300
vn 0.126400 -0.754600 0.643900
vn 0.127900 -0.748800 0.650300
vn 0.092700 -0.542600 0.834900
vn 0.001800 -0.017200 0.999800
vn -0.073400 0.465900 0.881800
vn -0.073000 0.425900 0.901800
vn -0.126200 0.736400 0.664700
vn -0.133400 0.716600 0.684600
vn -0.138700 0.902400 0.407900
vn -0.185600 0.948800 0.255400
vn -0.178300 0.960000 0.216100
vn 0.058200 -0.902400 0.426900
vn 0.065500 -0.756400 0.650800
vn 0.032400 -0.666400 0.744900
vn 0.049800 -0.482800 0.874300
vn 0.050000 -0.483000 0.874200
vn 0.022600 -0.333000 0.942700
vn 0.022700 -0.313800 0.949200
vn 0.000500 -0.030000 0.999600
vn -0.042300 0.319200 0.946700
vn -0.027100 0.510000 0.859800
vn -0.064800 0.724200 0.686500
vn -0.054800 0.745300 0.664400
vn -0.070800 0.964700 0.253800
vn -0.066500 0.967500 0.244000
vn -0.021400 -0.907100 0.420400
vn -0.037100 -0.743800 0.667300
vn 0.000800 -0.662600 0.749000
vn -0.015700 -0.389500 0.920900
vn 0.026700 0.308400 0.950900
vn 0.000100 0.502300 0.864700
vn 0.026800 0.727300 0.685800
vn 0.028200 0.729700 0.683200
vn 0.006600 0.913400 0.407000
vn 0.049000 0.969100 0.241800
vn 0.031300 0.985000 0.169600
vn -0.116000 -0.896200 0.428100
vn -0.076900 -0.736700 0.671800
vn -0.095300 -0.660400 0.744900
vn -0.025000 -0.313900 0.949100
vn -0.039300 -0.349100 0.936300
vn -0.039600 -0.349300 0.936200
vn -0.000000 -0.000900 1.000000
vn -0.005600 -0.021900 0.999700
vn 0.060200 0.499600 0.864200
vn 0.068000 0.404500 0.912000
vn 0.075400 0.702100 0.708100
vn 0.088000 0.723300 0.684900
vn 0.110300 0.907000 0.406300
vn 0.110000 0.906800 0.407000
vn 0.120500 0.992600 0.015800
vn -0.198900 -0.878700 0.434000
vn -0.148500 -0.655000 0.740900
vn -0.140800 -0.645400 0.750700
vn -0.081200 -0.370600 0.925200
vn 0.042500 0.273000 0.961100
vn 0.096000 0.447000 0.889400
vn 0.114600 0.593000 0.797000
vn 0.169000 0.690700 0.703100
vn 0.166100 0.815000 0.555200
vn 0.209700 0.889600 0.405700
vn 0.193500 0.954200 0.228300
vn 0.196900 0.956300 0.216100
vn -0.279200 -0.859500 0.428000
vn -0.252700 -0.721500 0.644600
vn -0.190400 -0.637900 0.746200
vn -0.162900 -0.454500 0.875700
vn -0.093600 -0.316500 0.944000
vn -0.073800 -0.218800 0.973000
vn -0.005600 -0.021000 0.999800
vn 0.005100 0.002700 1.000000
vn 0.073100 0.207200 0.975600
vn 0.146000 0.380500 0.913200
vn 0.095700 0.296600 0.950200
vn 0.177900 0.553700 0.813500
vn 0.193600 0.573600 0.796000
vn 0.264600 0.799400 0.539400
vn 0.256500 0.792000 0.554000
vn 0.301500 0.926400 0.225400
vn 0.305300 0.927300 0.216600
vn -0.367600 -0.824700 0.429800
vn -0.293300 -0.701500 0.649600
vn -0.280600 -0.602700 0.747000
vn -0.181200 -0.448300 0.875300
vn -0.149600 -0.327000 0.933100
vn 0.147000 0.388000 0.909900
vn 0.241400 0.531700 0.811800
vn 0.271600 0.673100 0.687900
vn 0.346200 0.767300 0.539700
vn 0.353400 0.843200 0.405100
vn 0.407200 0.888300 0.212200
vn 0.400600 0.900600 0.168400
vn -0.437700 -0.790500 0.428300
vn -0.386400 -0.661600 0.642700
vn -0.305900 -0.586300 0.750100
vn -0.246600 -0.417600 0.874500
vn -0.160200 -0.306200 0.938400
vn -0.122200 -0.207500 0.970600
vn -0.013100 -0.021800 0.999700
vn -0.016900 -0.027000 0.999500
vn 0.073100 0.185300 0.980000
vn 0.073400 0.185000 0.980000
vn 0.073400 0.185500 0.979900
vn 0.244900 0.421900 0.872900
vn 0.284900 0.536700 0.794300
vn 0.363900 0.627400 0.688400
vn 0.394900 0.749000 0.532000
vn 0.456800 0.791900 0.405300
vn 0.471800 0.880700 0.042000
vn -0.517700 -0.738200 0.432400
vn -0.423600 -0.634100 0.646900
vn -0.385800 -0.523100 0.759900
vn -0.267700 -0.405100 0.874200
vn -0.212900 -0.294900 0.931500
vn 0.074100 0.114300 0.990700
vn 0.073600 0.114900 0.990700
vn 0.073600 0.114900 0.990600
vn 0.278000 0.373100 0.885100
vn 0.194900 0.284100 0.938800
vn 0.329900 0.483700 0.810700
vn 0.348100 0.496500 0.795200
vn 0.480400 0.689700 0.541800
vn 0.488100 0.693400 0.530100
vn 0.537800 0.810500 0.232100
vn 0.542800 0.810700 0.219400
vn -0.582600 -0.687600 0.433400
vn -0.431400 -0.504800 0.747700
vn -0.412900 -0.496600 0.763500
vn -0.224600 -0.265700 0.937500
vn -0.221500 -0.263300 0.938900
vn -0.041200 -0.046300 0.998100
vn 0.260900 0.335200 0.905300
vn 0.387800 0.439200 0.810400
vn 0.462100 0.574300 0.675800
vn 0.550200 0.636700 0.540300
vn 0.577400 0.703700 0.414000
vn 0.644600 0.732700 0.218200
vn 0.644600 0.732600 0.218500
vn 0.641400 0.749000 0.166400
vn -0.649300 -0.628700 0.427900
vn -0.476500 -0.461900 0.748100
vn -0.470400 -0.460000 0.753100
vn -0.280600 -0.276400 0.919200
vn -0.030300 -0.026700 0.999200
vn 0.072600 0.115900 0.990600
vn 0.359000 0.335900 0.870800
vn 0.436900 0.445500 0.781500
vn 0.534600 0.509600 0.674200
vn 0.591000 0.602900 0.536000
vn 0.662200 0.626100 0.411700
vn 0.704100 0.709000 0.039300
vn -0.706700 -0.559900 0.432500
vn -0.528800 -0.420800 0.737100
vn -0.508600 -0.416400 0.753600
vn -0.254100 -0.208000 0.944600
vn -0.255300 -0.208600 0.944100
vn -0.044500 -0.036400 0.998300
vn 0.118900 0.103800 0.987500
vn 0.289800 0.229400 0.929200
vn 0.387800 0.328600 0.861200
vn 0.495500 0.388500 0.776900
vn 0.559900 0.466000 0.685000
vn 0.668400 0.514200 0.537500
vn 0.699900 0.581700 0.414500
vn 0.780400 0.615400 0.110900
vn 0.749800 0.629200 0.205000
vn -0.755100 -0.493000 0.432100
vn -0.561000 -0.365700 0.742600
vn -0.559700 -0.365600 0.743700
vn -0.319000 -0.208200 0.924600
vn 0.355200 0.203400 0.912400
vn 0.515700 0.351400 0.781400
vn 0.614500 0.389900 0.685800
vn 0.680500 0.461300 0.569400
vn 0.770200 0.486400 0.412500
vn 0.769900 0.487200 0.412200
vn 0.805600 0.547800 0.225700
vn 0.836700 0.536400 0.110400
vn -0.799900 -0.416400 0.432100
vn -0.593200 -0.308400 0.743700
vn -0.587500 -0.308300 0.748200
vn -0.290300 -0.154200 0.944400
vn -0.285600 -0.153000 0.946000
vn -0.065500 -0.035100 0.997200
vn 0.113600 0.061000 0.991700
vn 0.399700 0.213700 0.891400
vn 0.439900 0.241300 0.865000
vn 0.557600 0.279900 0.781500
vn 0.639400 0.347100 0.686100
vn 0.736200 0.371800 0.565500
vn 0.801000 0.437700 0.408400
vn 0.873400 0.438300 0.212100
vn 0.876700 0.467700 0.112700
vn -0.838200 -0.342500 0.424400
vn -0.698200 -0.264600 0.665200
vn -0.608200 -0.266600 0.747700
vn -0.362500 -0.141100 0.921200
vn -0.025100 -0.008900 0.999600
vn 0.436800 0.171300 0.883100
vn 0.388800 0.135700 0.911300
vn 0.556600 0.243000 0.794400
vn 0.677100 0.265300 0.686400
vn 0.761400 0.326200 0.560300
vn 0.850800 0.332700 0.406700
vn 0.894900 0.382600 0.229600
vn 0.924000 0.365600 0.112300
vn -0.868400 -0.253900 0.426000
vn -0.708100 -0.226800 0.668600
vn -0.643200 -0.176400 0.745100
vn -0.296800 -0.102100 0.949500
vn -0.334700 -0.103100 0.936700
vn -0.031700 -0.009900 0.999400
vn 0.303900 0.111800 0.946100
vn 0.508800 0.143200 0.848900
vn 0.587700 0.158800 0.793300
vn 0.671600 0.215700 0.708800
vn 0.798900 0.222900 0.558700
vn 0.872100 0.273400 0.405800
vn 0.940900 0.261200 0.215600
vn 0.950300 0.290500 0.112400
vn -0.886300 -0.170800 0.430400
vn -0.655300 -0.126100 0.744800
vn -0.650700 -0.127400 0.748600
vn -0.372200 -0.072700 0.925300
vn 0.308100 0.044300 0.950300
vn 0.462600 0.114800 0.879100
vn 0.700900 0.116900 0.703600
vn 0.796000 0.174700 0.579500
vn 0.899500 0.162900 0.405300
vn 0.952300 0.203300 0.227500
vn 0.977100 0.181200 0.111600
vn -0.899100 -0.088600 0.428700
vn -0.762400 -0.058200 0.644400
vn -0.658900 -0.081200 0.747900
vn -0.496000 -0.036500 0.867600
vn -0.325000 -0.038100 0.944900
vn -0.225300 -0.019300 0.974100
vn -0.023800 -0.003200 0.999700
vn -0.026000 -0.003200 0.999700
vn 0.315800 0.028400 0.948400
vn 0.604700 0.041800 0.795300
vn 0.433500 0.028100 0.900700
vn 0.471800 0.025500 0.881300
vn 0.598500 0.073500 0.797800
vn 0.829300 0.070300 0.554300
vn 0.813300 0.078900 0.576400
vn 0.969500 0.094300 0.226400
vn 0.972300 0.090400 0.215700
vn -0.907600 0.001300 0.419800
vn -0.765200 0.001100 0.643700
vn -0.761800 -0.000500 0.647800
vn -0.550500 -0.000400 0.834800
vn 0.439300 0.029900 0.897900
vn 0.605400 -0.014400 0.795800
vn 0.815500 0.009600 0.578600
vn 0.832700 0.000200 0.553700
vn 0.974100 0.000200 0.226300
vn 0.976400 -0.003800 0.215900
vn 0.971500 -0.098100 0.215800
vn 0.969600 -0.093900 0.226000
vn 0.813600 -0.078800 0.576100
vn 0.812200 -0.077600 0.578200
vn 0.492300 -0.046900 0.869200
vn 0.511000 -0.055100 0.857800
vn 0.119600 -0.011500 0.992800
vn -0.082000 0.010400 0.996600
vn -0.312300 0.029600 0.949500
vn -0.336000 0.033500 0.941300
vn -0.483700 0.031800 0.874600
vn -0.662800 0.080400 0.744500
vn -0.759600 0.060700 0.647600
vn -0.900300 0.092500 0.425400
vn 0.965600 -0.196700 0.170000
vn 0.955000 -0.205700 0.213700
vn 0.897500 -0.161500 0.410400
vn 0.800200 -0.172500 0.574400
vn 0.718900 -0.124000 0.683900
vn 0.436900 -0.097000 0.894300
vn -0.059300 0.012200 0.998200
vn -0.379800 0.073600 0.922100
vn -0.652700 0.127200 0.746900
vn -0.656100 0.129900 0.743400
vn -0.885100 0.175200 0.431200
vn 0.958100 -0.286000 0.016400
vn 0.873800 -0.260400 0.410700
vn 0.874600 -0.261500 0.408200
vn 0.874800 -0.261600 0.407800
vn 0.700100 -0.209500 0.682600
vn 0.681500 -0.193700 0.705700
vn 0.487300 -0.156000 0.859200
vn 0.445200 -0.135700 0.885100
vn 0.251100 -0.075200 0.965000
vn 0.304900 -0.094900 0.947700
vn -0.015800 0.005900 0.999900
vn -0.323500 0.087000 0.942200
vn -0.344500 0.103400 0.933100
vn -0.637000 0.190900 0.746900
vn -0.610900 0.167000 0.773800
vn -0.806100 0.253500 0.534700
vn -0.866400 0.255800 0.428900
vn -0.258200 -0.948700 0.182400
vn -0.151900 -0.889100 0.431800
vn -0.064300 -0.898700 0.433700
vn 0.073200 -0.600000 0.796600
vn 0.131500 -0.588300 0.797900
vn 0.105100 -0.310800 0.944600
vn 0.116000 -0.327300 0.937800
vn -0.013400 0.022400 0.999700
vn -0.747300 0.398600 0.531700
vn -0.785700 0.319900 0.529500
vn -0.894800 0.364300 0.258000
vn -0.784000 0.360500 0.505400
vn -0.354400 -0.935000 0.015300
vn -0.236600 -0.870300 0.432000
vn -0.150800 -0.888200 0.434000
vn 0.026100 -0.603100 0.797300
vn 0.073700 -0.598100 0.798000
vn 0.090400 -0.406900 0.909000
vn -0.202200 0.292600 0.934600
vn -0.233000 0.292200 0.927500
vn -0.315700 0.364900 0.875900
vn -0.335900 0.344900 0.876500
vn -0.590300 0.488700 0.642400
vn -0.636600 0.424700 0.643700
vn -0.705900 0.448700 0.548100
vn -0.749800 0.401400 0.526100
vn -0.833800 0.442800 0.329700
vn -0.751700 0.436200 0.494600
vn -0.435300 -0.881400 0.183400
vn -0.320300 -0.843500 0.431200
vn -0.236100 -0.869900 0.433000
vn -0.044800 -0.624600 0.779600
vn 0.016100 -0.625400 0.780100
vn 0.036900 -0.298700 0.953600
vn 0.094400 -0.452800 0.886600
vn 0.019900 -0.093900 0.995400
vn 0.298500 -0.933800 0.197100
vn -0.008200 0.023000 0.999700
vn -0.014200 0.032100 0.999400
vn -0.191400 0.266500 0.944600
vn -0.537900 0.514000 0.668100
vn -0.581300 0.466800 0.666500
vn -0.789400 0.524600 0.318800
vn -0.515400 -0.856000 0.040000
vn -0.404300 -0.819500 0.406200
vn -0.333900 -0.850300 0.406900
vn -0.104600 -0.617100 0.779900
vn -0.044300 -0.623800 0.780300
vn 0.007500 -0.290100 0.957000
vn -0.133300 0.298200 0.945100
vn -0.188100 0.338600 0.921900
vn -0.358700 0.506200 0.784300
vn -0.387600 0.485100 0.783900
vn -0.499300 0.572400 0.650400
vn -0.544700 0.531300 0.648900
vn -0.740200 0.594600 0.314000
vn -0.658700 0.578200 0.481400
vn -0.491700 -0.757400 0.429600
vn -0.390900 -0.812600 0.432300
vn -0.164000 -0.604000 0.779900
vn -0.104400 -0.616700 0.780200
vn -0.030600 -0.430500 0.902100
vn -0.012800 0.055100 0.998400
vn -0.134400 0.303800 0.943200
vn -0.301600 0.544600 0.782600
vn -0.360400 0.512800 0.779200
vn -0.677900 0.661000 0.321900
vn -0.603700 0.639000 0.476700
vn -0.671900 -0.732300 0.111400
vn -0.678700 -0.702500 0.214000
vn -0.576700 -0.784400 0.228300
vn -0.333700 -0.644600 0.687800
vn -0.243100 -0.683100 0.688700
vn -0.237500 -0.580100 0.779100
vn -0.163900 -0.603900 0.780000
vn -0.048600 -0.285400 0.957200
vn -0.016900 -0.348800 0.937100
vn -0.012700 -0.200600 0.979600
vn -0.078800 0.342700 0.936100
vn -0.115600 0.374100 0.920100
vn -0.255700 0.576400 0.776100
vn -0.302700 0.551800 0.777100
vn -0.478700 0.688600 0.544700
vn -0.536000 0.647300 0.542000
vn -0.618900 0.725200 0.301700
vn -0.538600 0.694300 0.477300
vn -0.732000 -0.651900 0.198100
vn -0.521100 -0.668000 0.531300
vn -0.431400 -0.728700 0.531800
vn -0.091400 -0.335600 0.937600
vn 0.002900 0.009300 1.000000
vn -0.001900 0.074100 0.997200
vn -0.080600 0.303800 0.949300
vn -0.208500 0.595000 0.776200
vn -0.255700 0.575600 0.776800
vn -0.408300 0.741100 0.533000
vn -0.480600 0.696200 0.533200
vn -0.543900 0.787900 0.288700
vn -0.470500 0.739400 0.481500
vn -0.815900 -0.575800 0.051700
vn -0.693500 -0.593700 0.408200
vn -0.610500 -0.677500 0.410300
vn -0.576000 -0.601200 0.553900
vn -0.505100 -0.661200 0.554700
vn -0.334700 -0.521700 0.784800
vn -0.256500 -0.564800 0.784400
vn -0.229100 -0.463500 0.856000
vn -0.125400 -0.391300 0.911700
vn -0.126400 -0.409900 0.903300
vn -0.036800 -0.159200 0.986600
vn -0.003300 -0.001700 1.000000
vn -0.002900 0.230200 0.973100
vn -0.016900 0.330400 0.943700
vn -0.045900 0.376200 0.925400
vn -0.338800 0.764100 0.548900
vn -0.407000 0.732000 0.546400
vn -0.464200 0.834700 0.296400
vn -0.400900 0.786800 0.469300
vn -0.365800 -0.478000 0.798500
vn -0.318300 -0.509600 0.799400
vn -0.121500 -0.278300 0.952800
vn -0.068400 -0.126100 0.989700
vn 0.010700 0.045600 0.998900
vn -0.077600 0.634400 0.769100
vn -0.126700 0.627400 0.768300
vn -0.178300 0.723400 0.667000
vn -0.212600 0.715500 0.665500
vn -0.267600 0.803700 0.531400
vn -0.339500 0.779400 0.526500
vn -0.381400 0.875500 0.296900
vn -0.330600 0.826700 0.455200
vn -0.731800 -0.550300 0.402100
vn -0.697700 -0.483700 0.528500
vn -0.623800 -0.575700 0.528600
vn -0.554300 -0.477200 0.682000
vn -0.488800 -0.543500 0.682400
vn -0.419800 -0.431900 0.798300
vn -0.364000 -0.476900 0.800100
vn -0.224000 -0.360600 0.905400
vn 0.015900 0.056100 0.998300
vn 0.055100 0.329300 0.942600
vn 0.030900 0.352300 0.935400
vn 0.020100 0.483700 0.875000
vn 0.002300 0.483800 0.875200
vn -0.027600 0.639500 0.768300
vn -0.077100 0.636500 0.767400
vn -0.286000 0.896200 0.339200
vn -0.248900 0.851600 0.461300
vn -0.175100 -0.231500 0.957000
vn -0.176600 -0.302100 0.936800
vn -0.104300 -0.171800 0.979600
vn 0.057000 0.334000 0.940800
vn -0.101800 0.835500 0.540100
vn -0.175400 0.823800 0.539000
vn -0.212500 0.929100 0.302800
vn -0.163100 0.874000 0.457600
vn -0.580100 -0.434900 0.688700
vn -0.498700 -0.343800 0.795700
vn -0.440100 -0.411300 0.798200
vn -0.320200 -0.255800 0.912200
vn -0.332300 -0.367100 0.868800
vn -0.253800 -0.262400 0.931000
vn 0.011900 0.014800 0.999800
vn 0.022900 0.043400 0.998800
vn 0.111900 0.319400 0.941000
vn 0.102300 0.376500 0.920800
vn 0.111200 0.656700 0.745900
vn 0.064500 0.664100 0.744900
vn 0.041200 0.761800 0.646400
vn -0.006800 0.763600 0.645700
vn -0.028200 0.840500 0.541000
vn -0.101500 0.836300 0.538800
vn -0.114500 0.943200 0.311900
vn -0.083700 0.890700 0.446900
vn -0.029900 -0.050500 0.998300
vn -0.029300 -0.019600 0.999400
vn 0.152800 0.309400 0.938600
vn 0.133900 0.343800 0.929500
vn 0.175400 0.643000 0.745500
vn 0.112500 0.658500 0.744100
vn -0.018700 0.940200 0.340100
vn 0.002300 0.893900 0.448300
vn -0.348900 -0.270800 0.897200
vn -0.344600 -0.266400 0.900200
vn 0.142700 0.297500 0.944000
vn 0.142900 0.297500 0.944000
vn 0.142900 0.297100 0.944100
vn 0.229000 0.594500 0.770800
vn 0.156400 0.621300 0.767800
vn 0.073600 0.922800 0.378200
vn 0.087300 0.895100 0.437100
vn -0.170500 -0.134400 0.976100
vn -0.227600 -0.187300 0.955600
vn 0.026800 0.020600 0.999400
vn 0.209700 0.281200 0.936500
vn 0.210100 0.327800 0.921100
vn 0.287300 0.593700 0.751700
vn 0.244800 0.613100 0.751100
vn 0.157000 0.917800 0.364600
vn 0.175100 0.876300 0.448800
vn 0.164000 0.170000 0.971700
vn 0.203300 0.232000 0.951300
vn 0.191900 0.273500 0.942500
vn 0.337600 0.571900 0.747600
vn 0.293300 0.598300 0.745700
vn 0.292500 0.820300 0.491500
vn 0.251000 0.841900 0.477600
vn 0.246400 0.870500 0.426100
vn 0.052300 0.035500 0.998000
vn 0.195800 0.134200 0.971400
vn 0.264200 0.200100 0.943500
vn 0.263800 0.228300 0.937200
vn 0.370600 0.353100 0.859100
vn 0.363100 0.361200 0.858900
vn 0.445000 0.486300 0.752000
vn 0.410800 0.517800 0.750400
vn 0.435200 0.603700 0.668000
vn 0.410700 0.622500 0.666200
vn 0.409000 0.831400 0.376200
vn 0.414500 0.798200 0.437000
vn 0.477900 0.771400 0.420200
vn 0.425600 0.287100 0.858200
vn 0.502100 0.383500 0.775100
vn 0.476200 0.416500 0.774400
vn 0.536200 0.492300 0.685600
vn 0.506100 0.522000 0.686600
vn 0.564500 0.728600 0.387900
vn 0.562200 0.709800 0.424500
vn 0.630600 0.700200 0.334800
vn 0.627900 0.650400 0.427500
vn 0.678300 0.491200 0.546500
vn 0.641500 0.545500 0.539400
vn 0.694100 0.605700 0.389000
vn 0.795200 0.453500 0.402500
vn 0.698000 0.427300 0.574600
vn 0.697800 0.427300 0.574900
vn 0.567600 0.309100 0.763100
vn 0.436200 0.272100 0.857700
vn 0.316700 0.176000 0.932000
vn -0.119500 -0.060600 0.991000
vn -0.381800 -0.208400 0.900400
vn -0.386800 -0.210400 0.897800
vn -0.512900 -0.319200 0.796900
vn -0.631200 -0.358600 0.687800
vn -0.710500 -0.434900 0.553200
vn -0.795800 -0.453400 0.401500
vn -0.831000 -0.507600 0.227700
vn -0.830800 -0.507700 0.227900
vn -0.834000 -0.506900 0.217900
vn 0.797800 0.458100 0.392000
vn 0.740300 0.542600 0.396900
vn 0.838400 0.378300 0.392300
vn 0.820400 0.385200 0.422700
vn 0.593800 0.277600 0.755200
vn 0.586000 0.277500 0.761300
vn 0.302800 0.143600 0.942200
vn 0.311400 0.145500 0.939100
vn 0.049600 0.021600 0.998500
vn -0.385100 -0.211400 0.898300
vn -0.556600 -0.241600 0.794800
vn -0.733700 -0.352300 0.580900
vn -0.755700 -0.351100 0.552800
vn -0.883500 -0.410500 0.225400
vn -0.886900 -0.408200 0.216100
vn 0.860800 0.305500 0.407100
vn 0.622500 0.222000 0.750400
vn 0.619400 0.222300 0.753000
vn 0.359800 0.130300 0.923900
vn 0.029500 0.009900 0.999500
vn -0.287100 -0.096900 0.953000
vn -0.297300 -0.099900 0.949500
vn -0.297000 -0.099700 0.949600
vn -0.438600 -0.147200 0.886500
vn -0.479100 -0.155900 0.863800
vn -0.565400 -0.215400 0.796200
vn -0.788600 -0.266300 0.554300
vn -0.769500 -0.271300 0.578200
vn -0.918500 -0.323700 0.227100
vn -0.922600 -0.320300 0.215100
vn 0.880700 0.216800 0.421100
vn 0.881200 0.216600 0.420300
vn 0.637200 0.158100 0.754300
vn 0.644100 0.156900 0.748700
vn 0.330500 0.079400 0.940400
vn 0.308100 0.078800 0.948100
vn 0.054600 0.014100 0.998400
vn -0.392500 -0.119900 0.911900
vn -0.591800 -0.133500 0.795000
vn -0.722100 -0.196200 0.663300
vn -0.812400 -0.185000 0.553000
vn -0.936200 -0.242200 0.254600
vn -0.948700 -0.230100 0.216600
vn 0.898200 0.130400 0.419800
vn 0.896500 0.131500 0.423000
vn 0.655000 0.095900 0.749500
vn 0.650100 0.097400 0.753600
vn 0.378600 0.057000 0.923800
vn -0.099400 -0.008400 0.995000
vn -0.414700 -0.059600 0.908000
vn -0.478200 -0.061000 0.876100
vn -0.594000 -0.100400 0.798200
vn -0.743000 -0.091600 0.663000
vn -0.821300 -0.135500 0.554200
vn -0.821500 -0.135300 0.554000
vn -0.821500 -0.135600 0.553800
vn -0.965900 -0.128300 0.224900
vn -0.960100 -0.136400 0.244200
vn 0.910000 0.043900 0.412200
vn 0.907500 0.045800 0.417400
vn 0.664800 0.031000 0.746300
vn 0.660200 0.032800 0.750300
vn 0.330400 0.016600 0.943700
vn 0.320700 0.018300 0.947000
vn 0.072900 0.004200 0.997300
vn -0.333900 -0.016600 0.942500
vn -0.334200 -0.016500 0.942400
vn -0.602300 -0.029900 0.797700
vn -0.603400 -0.029500 0.796900
vn -0.847000 -0.041400 0.529900
vn -0.831100 -0.051600 0.553700
vn -0.976300 -0.029400 0.214200
vn -0.982200 -0.040000 0.183500
vn -0.003200 -0.001700 1.000000
vn -0.002800 0.000700 1.000000
vn 0.000000 0.000100 1.000000
vn 0.000000 -0.000100 1.000000
vn -0.000300 -0.004000 1.000000
vn -0.001600 -0.002400 1.000000
vn -0.000900 0.001200 1.000000
vn 0.001100 0.002900 1.000000
vn 0.000900 0.003200 1.000000
vn 0.000800 0.003200 1.000000
vn 0.001800 0.000200 1.000000
vn -0.000000 0.000000 1.000000
vn -0.002000 0.003500 1.000000
vn -0.000300 0.003400 1.000000
vn -0.000200 0.003200 1.000000
vn 0.001500 0.001900 1.000000
vn -0.000100 0.000100 1.000000
vn 0.002500 0.005000 1.000000
vn 0.003600 -0.001300 1.000000
vn 0.000100 0.000100 1.000000
vn 0.000100 0.000200 1.000000
vn 0.000800 0.003900 1.000000
vn 0.001700 0.002700 1.000000
vn 0.001100 -0.001500 1.000000
vn -0.001500 0.001800 1.000000
vn 0.000100 -0.000000 1.000000
vn 0.004500 -0.000600 1.000000
vn 0.002400 -0.002900 1.000000
vn -0.003500 -0.000700 1.000000
vn 0.003700 0.000500 1.000000
vn 0.002600 -0.002100 1.000000
vn 0.002800 -0.002100 1.000000
vn -0.001500 -0.002600 1.000000
vn -0.003100 0.000900 1.000000
vn -0.003400 0.000700 1.000000
vn -0.003300 0.000500 1.000000
vn -0.000100 0.001800 1.000000
vn -0.004800 -0.002300 1.000000
vn -0.003400 -0.000500 1.000000
vn -0.003200 -0.000900 1.000000
vn -0.005700 -0.002900 1.000000
vn -0.003700 0.000200 1.000000
vn 0.000500 -0.002500 1.000000
vn 0.002300 0.001700 1.000000
vn 0.003200 -0.000300 1.000000
vn 0.003300 -0.000300 1.000000
vn 0.003500 -0.000000 1.000000
vn 0.003300 0.000300 1.000000
vn 0.003300 0.000800 1.000000
vn -0.001900 -0.003200 1.000000
vn 0.003800 0.005800 1.000000
vn 0.005900 -0.002100 1.000000
vn -0.000200 0.000100 1.000000
vn -0.000100 0.000200 1.000000
vn -0.000100 0.000000 1.000000
vn -0.004600 0.000000 1.000000
vn -0.002700 0.001400 1.000000
vn -0.006500 0.001800 1.000000
vn 0.002000 0.003700 1.000000
vn -0.435400 0.061700 0.898100
vn -0.429400 0.127800 0.894000
vn -0.401000 0.204500 0.893000
vn -0.301800 0.321400 0.897600
vn -0.224200 0.379600 0.897600
vn -0.048200 0.447600 0.892900
vn 0.017600 0.424900 0.905100
vn 0.097400 0.428800 0.898100
vn 0.239200 0.386300 0.890800
vn 0.357500 0.283600 0.889800
vn 0.412400 0.199700 0.888800
vn 0.426600 0.106600 0.898200
vn 0.445900 0.043100 0.894000
vn 0.455800 -0.045900 0.888900
vn 0.419300 -0.132500 0.898100
vn 0.400400 -0.195700 0.895200
vn 0.294700 -0.340300 0.892900
vn 0.168200 -0.417600 0.892900
vn -0.083500 -0.450500 0.888900
vn -0.173100 -0.405400 0.897600
vn -0.308000 -0.325400 0.894000
vn -0.363500 -0.265600 0.892900
vn -0.376800 -0.197200 0.905000
vn -0.439800 -0.028600 0.897600
vn -0.380900 -0.035100 0.924000
vn -0.321700 -0.029600 0.946400
vn -0.311900 0.005700 0.950100
vn -0.243000 0.004500 0.970000
vn -0.189600 0.058200 0.980100
vn -0.421400 0.070300 0.904200
vn -0.393000 0.065600 0.917200
vn -0.353900 0.100100 0.929900
vn -0.318500 0.090100 0.943600
vn -0.286400 0.116300 0.951000
vn -0.240000 0.097500 0.965900
vn -0.324400 0.243000 0.914200
vn -0.255800 0.191700 0.947500
vn -0.126600 0.161800 0.978700
vn -0.259800 0.282200 0.923500
vn -0.224200 0.243600 0.943600
vn -0.177500 0.261100 0.948800
vn -0.145200 0.213500 0.966100
vn -0.084800 0.177800 0.980400
vn -0.294100 0.319500 0.900800
vn -0.098500 0.240400 0.965700
vn -0.077300 0.188600 0.979000
vn -0.244400 0.389600 0.888000
vn -0.203300 0.324000 0.924000
vn -0.140700 0.355700 0.924000
vn -0.117600 0.297200 0.947500
vn -0.158600 0.400900 0.902300
vn -0.061500 0.314700 0.947200
vn -0.049700 0.254200 0.965900
vn -0.023800 0.238700 0.970800
vn -0.021400 0.210000 0.977500
vn 0.008600 0.188800 0.982000
vn -0.080200 0.410500 0.908300
vn -0.073500 0.376500 0.923500
vn -0.002900 0.319600 0.947500
vn -0.002400 0.259500 0.965700
vn -0.003500 0.382500 0.924000
vn 0.055500 0.314800 0.947500
vn 0.046800 0.265700 0.962900
vn 0.070700 0.189500 0.979300
vn 0.179400 0.389300 0.903500
vn 0.162100 0.351800 0.922000
vn 0.191800 0.318600 0.928300
vn 0.164900 0.273800 0.947500
vn 0.212100 0.239100 0.947500
vn 0.171400 0.193200 0.966100
vn 0.299600 0.291500 0.908400
vn 0.285600 0.277800 0.917200
vn 0.290300 0.225900 0.929900
vn 0.261200 0.203300 0.943600
vn 0.274900 0.155400 0.948800
vn 0.224800 0.127100 0.966100
vn 0.399200 0.170700 0.900800
vn 0.360600 0.154300 0.919900
vn 0.360900 0.109300 0.926200
vn 0.312500 0.094600 0.945200
vn 0.310400 0.057700 0.948800
vn 0.263100 0.048900 0.963500
vn 0.416900 0.093400 0.904200
vn 0.388800 0.087100 0.917200
vn 0.365600 0.040500 0.929900
vn 0.329000 0.036400 0.943600
vn 0.309200 0.000000 0.951000
vn 0.267500 0.000000 0.963600
vn 0.240600 -0.025600 0.970300
vn 0.205700 -0.021900 0.978400
vn 0.193600 -0.030500 0.980600
vn 0.429500 -0.063600 0.900800
vn 0.378400 -0.056000 0.924000
vn 0.366100 -0.110800 0.924000
vn 0.309200 -0.093600 0.946400
vn 0.279600 -0.131900 0.951000
vn 0.241500 -0.114000 0.963700
vn 0.209300 -0.124600 0.969900
vn 0.177900 -0.106500 0.978300
vn 0.297800 -0.311800 0.902300
vn 0.267500 -0.280100 0.922000
vn 0.250300 -0.282100 0.926200
vn 0.212100 -0.239100 0.947500
vn 0.164900 -0.273800 0.947500
vn 0.133200 -0.221200 0.966100
vn 0.073900 -0.192100 0.978600
vn 0.180400 -0.391500 0.902300
vn 0.162100 -0.351800 0.922000
vn 0.129000 -0.344500 0.929900
vn 0.112400 -0.300300 0.947200
vn 0.011500 -0.204600 0.978800
vn 0.043500 -0.428900 0.902300
vn 0.039600 -0.390200 0.919900
vn -0.003500 -0.377100 0.926200
vn -0.002900 -0.319600 0.947500
vn -0.019700 -0.428300 0.903400
vn -0.017800 -0.386900 0.922000
vn -0.070500 -0.361000 0.929900
vn -0.063500 -0.324900 0.943600
vn -0.105300 -0.297700 0.948800
vn -0.084300 -0.238500 0.967500
vn -0.088600 -0.174400 0.980700
vn -0.098800 -0.422900 0.900800
vn -0.087100 -0.372400 0.924000
vn -0.174400 -0.397700 0.900800
vn -0.160100 -0.364900 0.917200
vn -0.200400 -0.319400 0.926200
vn -0.173500 -0.276600 0.945200
vn -0.196200 -0.247400 0.948800
vn -0.156800 -0.197700 0.967600
vn -0.159200 -0.107900 0.981300
vn -0.283000 -0.181200 0.941800
vn -0.216400 -0.138500 0.966400
vn -0.212300 -0.119000 0.969900
vn -0.181700 -0.101300 0.978100
vn -0.315400 -0.274700 0.908300
vn -0.300500 -0.261700 0.917200
vn -0.302300 -0.209600 0.929900
vn -0.263500 -0.182700 0.947200
vn -0.188300 -0.053700 0.980600
vn -0.393800 -0.095900 0.914200
vn -0.313900 -0.076400 0.946400
vn -0.304900 -0.050900 0.951000
vn -0.255500 -0.042600 0.965900
vn -0.196100 0.006800 0.980600
vn -0.201500 0.016100 0.979400
vn -0.258900 0.020600 0.965700
vn -0.369100 -0.104400 0.923500
vn -0.417800 -0.118200 0.900800
vn -0.422900 -0.124100 0.897600
vn -0.433600 -0.023900 0.900800
vn -0.397900 -0.021900 0.917200
vn -0.375500 0.034600 0.926200
vn -0.325100 0.029900 0.945200
vn -0.309300 0.063400 0.948800
vn -0.253000 0.051800 0.966100
vn -0.193300 0.067500 0.978800
vn -0.233000 0.081300 0.969100
vn -0.209800 0.153200 0.965700
vn -0.161200 0.117700 0.979900
vn -0.158500 0.118400 0.980200
vn -0.207700 0.144000 0.967500
vn -0.254100 0.176200 0.951000
vn -0.289600 0.143200 0.946400
vn -0.338000 0.167200 0.926200
vn -0.369200 0.149900 0.917200
vn -0.387400 0.157400 0.908400
vn -0.127600 0.156500 0.979400
vn -0.153500 0.188300 0.970100
vn -0.181000 0.182700 0.966400
vn -0.225000 0.227100 0.947500
vn -0.315200 0.218600 0.923500
vn -0.357000 0.247500 0.900700
vn -0.346000 0.247200 0.905100
vn -0.040700 0.193500 0.980200
vn -0.101500 0.231400 0.967500
vn -0.124200 0.283100 0.951000
vn -0.171700 0.273600 0.946400
vn -0.140500 0.434300 0.889700
vn 0.012000 0.434100 0.900800
vn 0.011000 0.398300 0.917200
vn 0.065500 0.371400 0.926200
vn 0.080900 0.238000 0.967900
vn 0.063900 0.185300 0.980600
vn 0.112400 0.300300 0.947200
vn 0.090800 0.242600 0.965900
vn 0.104900 0.414100 0.904200
vn 0.097800 0.386300 0.917200
vn 0.129000 0.344500 0.929900
vn 0.147300 0.213900 0.965700
vn 0.115500 0.167700 0.979000
vn 0.124800 0.146300 0.981300
vn 0.125400 0.208200 0.970000
vn 0.162700 0.417300 0.894100
vn 0.249800 0.353200 0.901600
vn 0.226500 0.320300 0.919900
vn 0.250300 0.282100 0.926200
vn 0.189400 0.156000 0.969400
vn 0.164400 0.135400 0.977100
vn 0.172800 0.089500 0.980900
vn 0.186200 0.156300 0.970000
vn 0.244900 0.205500 0.947500
vn 0.289400 0.341900 0.894100
vn 0.230100 0.083200 0.969600
vn 0.199100 0.072500 0.977300
vn 0.184700 0.030500 0.982300
vn 0.222400 0.085600 0.971200
vn 0.291100 0.112100 0.950100
vn 0.286900 0.148500 0.946400
vn 0.330300 0.171000 0.928300
vn 0.322300 0.214800 0.922000
vn 0.356900 0.237900 0.903400
vn 0.171300 -0.086000 0.981500
vn 0.261800 -0.058700 0.963300
vn 0.301700 -0.067600 0.951000
vn 0.329000 -0.036400 0.943600
vn 0.365600 -0.040500 0.929900
vn 0.387000 0.014200 0.922000
vn 0.428500 0.015700 0.903400
vn 0.427100 -0.129300 0.894900
vn 0.339700 -0.175800 0.924000
vn 0.283900 -0.146900 0.947500
vn 0.385500 -0.199600 0.900900
vn 0.253000 -0.196900 0.947200
vn 0.207000 -0.161100 0.965000
vn 0.132400 -0.152600 0.979400
vn 0.302700 -0.235600 0.923500
vn 0.161200 -0.185000 0.969400
vn 0.132400 -0.152100 0.979500
vn 0.161300 -0.181800 0.970000
vn 0.295500 -0.213000 0.931300
vn 0.373100 -0.269000 0.887900
vn 0.350300 -0.267300 0.897700
vn 0.209100 -0.347200 0.914200
vn 0.092400 -0.227300 0.969400
vn 0.075900 -0.186800 0.979500
vn 0.088600 -0.236700 0.967500
vn 0.210300 -0.297400 0.931300
vn 0.265500 -0.375500 0.888000
vn 0.227700 -0.359200 0.905100
vn 0.055500 -0.314800 0.947500
vn 0.044700 -0.253200 0.966400
vn 0.013200 -0.239700 0.970700
vn 0.011300 -0.204800 0.978700
vn -0.037700 -0.195100 0.980100
vn -0.002300 -0.253000 0.967500
vn 0.064600 -0.366200 0.928300
vn 0.108800 -0.371700 0.922000
vn 0.129200 -0.441400 0.888000
vn 0.098700 -0.413700 0.905000
vn -0.057300 -0.202600 0.977600
vn -0.065300 -0.231100 0.970700
vn -0.040000 -0.254000 0.966400
vn -0.049700 -0.315800 0.947500
vn 0.017000 -0.456100 0.889800
vn -0.128500 -0.144900 0.981100
vn -0.122800 -0.172700 0.977300
vn -0.138500 -0.194200 0.971100
vn -0.120300 -0.227300 0.966400
vn -0.146000 -0.275700 0.950100
vn -0.118800 -0.300400 0.946400
vn -0.140700 -0.355700 0.924000
vn -0.196100 -0.183900 0.963200
vn -0.230300 -0.216000 0.948800
vn -0.224200 -0.243500 0.943600
vn -0.249100 -0.270600 0.929900
vn -0.236000 -0.321100 0.917200
vn -0.253000 -0.344200 0.904200
vn -0.251600 -0.360700 0.898100
vn -0.297100 -0.120700 0.947200
vn -0.243000 -0.098700 0.965000
vn -0.381900 -0.206700 0.900800
vn -0.350400 -0.189600 0.917200
vn -0.343900 -0.154600 0.926200
vn -0.279800 -0.125800 0.951800
vn -0.241100 -0.052800 0.969100
vn -0.200500 -0.043900 0.978700
vn -0.343200 0.679800 0.648200
vn -0.322200 -0.309700 -0.894600
vn -0.366800 -0.386600 -0.846200
vn -0.364800 -0.465500 -0.806300
vn -0.363600 -0.540100 -0.759000
vn -0.352700 -0.617400 -0.703200
vn -0.366600 -0.670400 -0.645100
vn -0.370800 -0.730000 -0.574100
vn -0.321800 -0.796500 -0.511900
vn -0.361500 -0.609600 0.705400
vn -0.341800 -0.463800 0.817400
vn -0.404800 -0.217800 0.888100
vn -0.408500 -0.131800 0.903200
vn -0.417900 -0.048500 0.907200
vn -0.123300 -0.573600 -0.809800
vn -0.207800 -0.664200 -0.718100
vn -0.222400 -0.779700 -0.585300
vn -0.107600 -0.885900 -0.451300
vn -0.215700 -0.945700 -0.243000
vn -0.215700 -0.945600 -0.243300
vn -0.014900 -0.985600 -0.168300
vn -0.228000 -0.971700 -0.062200
vn -0.175400 -0.981600 -0.075000
vn -0.041600 -0.998400 0.039000
vn -0.431100 -0.902300 0.004600
vn -0.112200 -0.987800 0.107800
vn -0.181800 -0.976200 0.118400
vn -0.405900 -0.907300 0.109900
vn -0.433800 -0.893300 0.117900
vn -0.702700 -0.708100 0.069100
vn -0.199700 -0.951900 0.232300
vn -0.199500 -0.952000 0.232000
vn -0.112900 -0.970100 0.214800
vn -0.406800 -0.891900 0.197800
vn -0.406300 -0.892100 0.197700
vn -0.683700 -0.712500 0.157800
vn -0.707500 -0.687700 0.162700
vn -0.050000 -0.953900 0.295900
vn -0.050100 -0.953800 0.296200
vn -0.407500 -0.863700 0.296700
vn -0.529100 -0.812200 0.245800
vn -0.684200 -0.689500 0.237600
vn -0.798800 -0.576200 0.173000
vn -0.232600 -0.888300 0.396000
vn -0.195300 -0.898400 0.393300
vn -0.194700 -0.898400 0.393600
vn -0.408800 -0.842900 0.349800
vn -0.530100 -0.770800 0.353300
vn -0.699900 -0.661600 0.268900
vn -0.800800 -0.542200 0.254600
vn -0.945100 -0.302600 0.123600
vn -0.015900 -0.873400 0.486700
vn -0.434100 -0.787000 0.438400
vn -0.411600 -0.800700 0.435200
vn -0.703900 -0.611600 0.361300
vn -0.775000 -0.559400 0.294100
vn -0.951000 -0.264400 0.160400
vn -0.229400 -0.796300 0.559700
vn -0.182200 -0.809100 0.558700
vn -0.411300 -0.750100 0.517800
vn -0.436400 -0.735500 0.518300
vn -0.679300 -0.611700 0.405500
vn -0.775600 -0.508400 0.374100
vn -0.877400 -0.399900 0.265100
vn -0.924900 -0.310900 0.218800
vn -0.957800 -0.237200 0.162600
vn -0.999400 0.029400 -0.018300
vn -0.015200 -0.764500 0.644500
vn -0.405700 -0.698700 0.589300
vn -0.410900 -0.695700 0.589200
vn -0.704900 -0.541200 0.458500
vn -0.681100 -0.566600 0.463800
vn -0.911500 -0.301800 0.279500
vn -0.115800 -0.702300 0.702400
vn -0.181900 -0.687400 0.703200
vn -0.407000 -0.638500 0.653200
vn -0.406400 -0.638800 0.653200
vn -0.702600 -0.497900 0.508400
vn -0.707700 -0.492500 0.506700
vn -0.932900 -0.251300 0.258100
vn -0.908300 -0.305200 0.286000
vn -0.994700 -0.070600 0.074900
vn -0.996000 0.061600 -0.064200
vn -0.947100 0.222200 -0.231600
vn -0.116600 -0.616600 0.778600
vn -0.215200 -0.625100 0.750300
vn -0.407800 -0.560500 0.720800
vn -0.573400 -0.525100 0.628900
vn -0.705900 -0.424600 0.567000
vn -0.861500 -0.330300 0.385600
vn -0.931100 -0.219900 0.290900
vn -0.992400 -0.079400 0.093600
vn -0.924900 0.237900 -0.296800
vn -0.139400 -0.551000 0.822800
vn -0.228700 -0.519000 0.823600
vn -0.529600 -0.471800 0.704900
vn -0.576900 -0.440000 0.688200
vn -0.795000 -0.344800 0.499000
vn -0.898000 -0.215600 0.383400
vn -0.756300 -0.360000 0.546300
vn -0.756200 -0.360500 0.546000
vn -0.999500 0.016500 -0.025600
vn -0.999500 0.016400 -0.025600
vn -0.936100 0.190100 -0.295800
vn -0.936200 0.189700 -0.295800
vn -0.948700 0.162500 -0.271200
vn -0.948800 0.162300 -0.270900
vn -0.948900 0.162600 -0.270600
vn -0.200200 -0.436500 0.877100
vn -0.141100 -0.453900 0.879800
vn -0.405600 -0.437900 0.802300
vn -0.529800 -0.378000 0.759200
vn -0.529400 -0.378100 0.759500
vn -0.702300 -0.345100 0.622600
vn -0.796700 -0.266700 0.542300
vn -0.927100 -0.178100 0.329800
vn -0.902200 -0.213100 0.374900
vn -0.999800 0.020300 -0.008400
vn -0.999700 0.020500 -0.009000
vn -0.999700 0.020700 -0.008500
vn -0.920700 0.186900 -0.342600
vn -0.769200 0.284100 -0.572400
vn -0.050100 -0.389100 0.919800
vn -0.406900 -0.329900 0.851800
vn -0.530000 -0.335600 0.778800
vn -0.707200 -0.250000 0.661300
vn -0.707000 -0.249900 0.661600
vn -0.795600 -0.241200 0.555700
vn -0.952200 -0.104400 0.287100
vn -0.943000 0.125500 -0.308400
vn -0.943200 0.125000 -0.307700
vn -0.943300 0.125200 -0.307400
vn -0.769200 0.240400 -0.592100
vn -0.768200 0.241200 -0.593000
vn -0.539900 0.317100 -0.779700
vn -0.471500 0.505500 0.722600
vn -0.417800 -0.048500 0.907300
vn -0.745900 -0.033700 0.665200
vn -0.750200 -0.031100 0.660400
vn -0.925200 -0.017800 0.379200
vn -0.999600 -0.002000 0.029600
vn -0.971500 0.012100 -0.236600
vn -0.975900 0.010600 -0.218100
vn -0.906900 0.020400 -0.420900
vn -0.909200 0.019500 -0.415900
vn -0.780000 0.029200 -0.625100
vn -0.797000 0.017700 -0.603700
vn -0.797300 0.017700 -0.603300
vn -0.529300 0.057600 -0.846500
vn -0.434000 0.025800 -0.900600
vn -0.050200 0.061800 -0.996800
vn -0.416400 -0.134500 0.899200
vn -0.746100 -0.099000 0.658400
vn -0.752700 -0.094300 0.651600
vn -0.943400 -0.047600 0.328100
vn -0.947300 -0.043500 0.317500
vn -0.998900 -0.006300 0.045700
vn -0.942700 0.048100 -0.330200
vn -0.797700 0.086800 -0.596800
vn -0.779200 0.099100 -0.618800
vn -0.553500 0.105200 -0.826200
vn -0.431300 0.147500 -0.890100
vn -0.227800 0.124200 -0.965800
vn -0.216700 0.127100 -0.967900
vn -0.476600 -0.229900 0.848500
vn -0.768400 -0.144100 0.623600
vn -0.752700 -0.157200 0.639300
vn -0.925100 -0.090400 0.368700
vn -0.999400 -0.011600 0.031300
vn -0.981800 0.016900 -0.189000
vn -0.910900 0.097600 -0.400800
vn -0.798800 0.142300 -0.584500
vn -0.796400 0.144200 -0.587300
vn -0.555200 0.197900 -0.807900
vn -0.552400 0.199300 -0.809400
vn -0.227100 0.232600 -0.945700
vn -0.215900 0.237400 -0.947100
vn -0.484300 -0.289400 0.825700
vn -0.478900 -0.292300 0.827800
vn -0.764900 -0.214300 0.607400
vn -0.769700 -0.210500 0.602700
vn -0.943800 -0.109600 0.311900
vn -0.943600 -0.109400 0.312400
vn -0.947300 -0.103700 0.303100
vn -0.999600 -0.008800 0.025900
vn -0.952900 0.094300 -0.288200
vn -0.939200 0.113200 -0.324100
vn -0.780100 0.206800 -0.590500
vn -0.798600 0.188000 -0.571700
vn -0.552300 0.289900 -0.781600
vn -0.432900 0.281800 -0.856300
vn -0.215000 0.341400 -0.915000
vn -0.114000 0.323500 -0.939300
vn -0.378000 -0.394800 0.837400
vn -0.488700 -0.352800 0.797900
vn -0.488400 -0.352900 0.798100
vn -0.670500 -0.325600 0.666600
vn -0.766500 -0.257600 0.588300
vn -0.920900 -0.170100 0.350600
vn -0.999800 -0.014100 0.015400
vn -0.959400 0.119000 -0.255600
vn -0.796400 0.254400 -0.548700
vn -0.779500 0.271000 -0.564800
vn -0.553000 0.337200 -0.761900
vn -0.430200 0.396500 -0.811000
vn -0.226900 0.396000 -0.889800
vn -0.227000 0.395500 -0.890000
vn -0.227200 0.395900 -0.889700
vn -0.113400 0.427700 -0.896800
vn -0.485300 -0.459600 0.743800
vn -0.485800 -0.459400 0.743600
vn -0.675400 -0.360700 0.643200
vn -0.768800 -0.334900 0.544800
vn -0.947100 -0.152100 0.282700
vn -0.935800 -0.175400 0.305900
vn -0.999200 -0.021000 0.034200
vn -0.999700 0.016900 -0.017300
vn -0.964300 0.121400 -0.235300
vn -0.964200 0.121400 -0.235900
vn -0.931600 0.183600 -0.313600
vn -0.779400 0.316800 -0.540600
vn -0.795300 0.298000 -0.527900
vn -0.553000 0.434600 -0.710800
vn -0.552700 0.434600 -0.711100
vn -0.431900 0.440800 -0.786900
vn -0.213500 0.510100 -0.833200
vn -0.213000 0.510100 -0.833300
vn -0.173000 0.505700 -0.845200
vn -0.413700 -0.533400 0.737800
vn -0.479700 -0.503200 0.718800
vn -0.669700 -0.449100 0.591400
vn -0.769200 -0.363700 0.525400
vn -0.917500 -0.238100 0.318700
vn -0.917500 -0.238200 0.318400
vn -0.998300 -0.034600 0.046800
vn -0.990900 0.076400 -0.110700
vn -0.902300 0.265600 -0.339400
vn -0.946900 0.180400 -0.266000
vn -0.778400 0.381800 -0.498300
vn -0.705800 0.401600 -0.583600
vn -0.406800 0.544700 -0.733300
vn -0.429700 0.530700 -0.730600
vn -0.018500 0.587600 -0.808900
vn -0.483200 -0.593600 0.643500
vn -0.674300 -0.477200 0.563600
vn -0.770200 -0.432000 0.469100
vn -0.931000 -0.235300 0.279100
vn -0.931300 -0.234500 0.278800
vn -0.910700 0.259500 -0.321500
vn -0.687400 0.488300 -0.537600
vn -0.701800 0.473500 -0.532200
vn -0.402400 0.609000 -0.683500
vn -0.402100 0.609200 -0.683500
vn -0.405600 0.607100 -0.683300
vn -0.405900 0.607100 -0.683100
vn -0.111600 0.659600 -0.743300
vn -0.203900 0.633300 -0.746600
vn -0.492400 -0.633500 0.596900
vn -0.472200 -0.646500 0.599200
vn -0.768400 -0.468900 0.435500
vn -0.770800 -0.466200 0.434300
vn -0.941800 -0.245900 0.229300
vn -0.942800 -0.243500 0.227800
vn -0.998800 -0.037100 0.030600
vn -0.990500 0.106000 -0.087500
vn -0.906400 0.310000 -0.287000
vn -0.877100 0.357200 -0.321200
vn -0.798100 0.431500 -0.420600
vn -0.684800 0.541400 -0.487800
vn -0.555600 0.598600 -0.577000
vn -0.402600 0.678500 -0.614400
vn -0.227600 0.701600 -0.675300
vn -0.110900 0.734500 -0.669400
vn -0.490200 -0.688800 0.534100
vn -0.477200 -0.697300 0.534800
vn -0.770000 -0.506300 0.388300
vn -0.769200 -0.507200 0.388600
vn -0.921800 -0.307900 0.235700
vn -0.999900 -0.006400 0.009200
vn -0.999700 -0.020600 0.011900
vn -0.957000 0.230400 -0.176300
vn -0.798400 0.478000 -0.366200
vn -0.797300 0.479500 -0.366600
vn -0.554100 0.661500 -0.505300
vn -0.554600 0.661200 -0.505200
vn -0.226900 0.773500 -0.591700
vn -0.215800 0.778100 -0.589900
vn -0.493100 -0.735500 0.464600
vn -0.472600 -0.749000 0.464400
vn -0.767900 -0.544500 0.337500
vn -0.771100 -0.540400 0.336600
vn -0.933600 -0.304200 0.189200
vn -0.941900 -0.280500 0.184800
vn -1.000000 -0.003900 0.005800
vn -0.959200 0.244400 -0.142400
vn -0.959100 0.244500 -0.142900
vn -0.789300 0.528800 -0.312000
vn -0.796300 0.520200 -0.308600
vn -0.684900 0.611700 -0.395800
vn -0.553600 0.713900 -0.428800
vn -0.407700 0.768400 -0.493300
vn -0.214100 0.839400 -0.499600
vn -0.213700 0.839400 -0.499700
vn -0.170200 0.841000 -0.513500
vn -0.493400 -0.776500 0.391900
vn -0.474000 -0.789200 0.390500
vn -0.768100 -0.574000 0.283800
vn -0.769800 -0.571900 0.283500
vn -0.941700 -0.301400 0.149500
vn -0.942500 -0.299100 0.149000
vn -0.997600 -0.063500 0.028500
vn -0.994200 0.094800 -0.050800
vn -0.994200 0.094500 -0.050600
vn -0.994200 0.095000 -0.050600
vn -0.889000 0.411700 -0.200500
vn -0.817700 0.500800 -0.283900
vn -0.683600 0.660700 -0.310200
vn -0.434100 0.803400 -0.407500
vn -0.407300 0.818700 -0.404800
vn -0.016300 0.896300 -0.443100
vn -0.494300 -0.810100 0.315400
vn -0.473400 -0.823500 0.312600
vn -0.768300 -0.598400 0.227200
vn -0.769300 -0.597100 0.227200
vn -0.921500 -0.363000 0.138200
vn -0.997000 -0.072800 0.025400
vn -0.937400 0.322000 -0.132700
vn -0.764100 0.606100 -0.220900
vn -0.707700 0.654100 -0.267100
vn -0.407300 0.857600 -0.314000
vn -0.407500 0.857500 -0.314100
vn -0.432000 0.843200 -0.319800
vn -0.111600 0.929200 -0.352400
vn -0.200000 0.908400 -0.367100
vn -0.495100 -0.836200 0.236100
vn -0.472900 -0.850100 0.231900
vn -0.768100 -0.617800 0.168500
vn -0.769500 -0.616000 0.168600
vn -0.933500 -0.345800 0.094600
vn -0.941600 -0.322500 0.097100
vn -0.995900 0.088400 -0.019900
vn -0.995900 0.088600 -0.019700
vn -0.995900 0.088200 -0.019700
vn -0.905600 0.409300 -0.111100
vn -0.905800 0.409000 -0.111000
vn -0.779700 0.599200 -0.181700
vn -0.702700 0.690600 -0.170800
vn -0.433800 0.866800 -0.245700
vn -0.407100 0.881200 -0.240100
vn -0.183100 0.948500 -0.258500
vn -0.111000 0.962000 -0.249400
vn -0.495700 -0.854600 0.154600
vn -0.471800 -0.869100 0.148700
vn -0.768200 -0.631000 0.108000
vn -0.769300 -0.629700 0.108200
vn -0.943400 -0.326800 0.056200
vn -0.942800 -0.328500 0.056100
vn -1.000000 -0.008300 -0.000400
vn -0.999900 -0.015300 -0.000600
vn -0.957100 0.285700 -0.049200
vn -0.779900 0.616800 -0.106300
vn -0.779500 0.617400 -0.106100
vn -0.434000 0.887900 -0.152600
vn -0.432000 0.889000 -0.151900
vn -0.016000 0.985600 -0.168300
vn -0.499100 -0.863500 0.072700
vn -0.471100 -0.879700 0.064200
vn -0.768200 -0.638500 0.046600
vn -0.769400 -0.637100 0.047000
vn -0.925200 -0.378300 0.028200
vn -0.925100 -0.378700 0.028000
vn -0.925300 -0.378300 0.028100
vn -0.999900 -0.012500 0.003600
vn -0.958800 0.283400 -0.021000
vn -0.780000 0.624100 -0.046300
vn -0.779400 0.624800 -0.046000
vn -0.433800 0.898600 -0.066100
vn -0.431900 0.899500 -0.065400
vn -0.182600 0.980600 -0.071400
vn -0.230000 0.970000 -0.078800
vn -0.497700 -0.867300 -0.012200
vn -0.472400 -0.881100 -0.020900
vn -0.768200 -0.640000 -0.015200
vn -0.769300 -0.638700 -0.014700
vn -0.941700 -0.336400 -0.007700
vn -0.946800 -0.321800 -0.004300
vn -0.997700 -0.067300 -0.002000
vn -0.994200 0.107200 -0.000900
vn -0.909400 0.415800 0.012000
vn -0.918500 0.395200 0.009000
vn -0.797900 0.602700 0.013700
vn -0.779200 0.626400 0.023300
vn -0.529700 0.848200 0.002700
vn -0.431100 0.901500 0.039000
vn -0.041700 0.999100 0.009400
vn -0.497800 -0.862100 -0.095000
vn -0.470300 -0.876100 -0.106000
vn -0.768300 -0.635400 -0.076900
vn -0.769400 -0.634300 -0.076300
vn -0.921500 -0.385500 -0.046400
vn -0.997000 -0.076200 -0.011300
vn -0.942400 0.332200 0.039700
vn -0.798000 0.598300 0.071700
vn -0.796600 0.600100 0.072600
vn -0.530200 0.841700 0.101800
vn -0.529900 0.841900 0.101900
vn -0.193400 0.974000 0.117900
vn -0.228100 0.967500 0.109100
vn -0.498000 -0.848900 -0.177000
vn -0.469300 -0.862400 -0.189900
vn -0.768200 -0.625300 -0.137600
vn -0.769400 -0.623900 -0.136800
vn -0.933700 -0.349800 -0.076700
vn -0.941600 -0.330700 -0.063900
vn -0.995300 0.096200 0.013000
vn -0.995300 0.095900 0.013000
vn -0.883700 0.455700 0.107100
vn -0.908800 0.407500 0.089600
vn -0.779600 0.611600 0.134400
vn -0.797300 0.591800 0.118900
vn -0.529500 0.824600 0.199200
vn -0.433900 0.883400 0.176900
vn -0.050200 0.972200 0.228700
vn -0.499100 -0.827400 -0.257700
vn -0.467900 -0.840600 -0.273000
vn -0.768500 -0.608500 -0.197900
vn -0.769200 -0.607800 -0.197400
vn -0.943100 -0.316100 -0.103200
vn -0.943000 -0.316300 -0.103100
vn -0.943000 -0.316500 -0.102800
vn -0.943100 -0.316300 -0.102600
vn -0.999300 -0.034700 -0.013000
vn -0.999700 -0.024400 -0.008300
vn -0.937700 0.329000 0.111700
vn -0.937600 0.329200 0.111900
vn -0.876200 0.455400 0.157700
vn -0.876400 0.455000 0.157700
vn -0.910500 0.399300 0.107200
vn -0.778500 0.591600 0.209600
vn -0.685100 0.697400 0.210500
vn -0.406100 0.865600 0.293100
vn -0.431900 0.857700 0.279000
vn -0.181600 0.935400 0.303500
vn -0.181800 0.935200 0.303900
vn -0.230300 0.928000 0.292800
vn -0.314100 -0.847100 -0.428700
vn -0.422400 -0.833900 -0.355100
vn -0.473200 -0.814200 -0.336500
vn -0.666400 -0.677000 -0.312500
vn -0.769900 -0.591000 -0.240900
vn -0.920700 -0.355500 -0.161200
vn -0.952500 0.284600 0.108200
vn -0.853200 0.477300 0.210500
vn -0.795000 0.561300 0.229900
vn -0.683700 0.664200 0.302300
vn -0.683900 0.664000 0.302200
vn -0.529800 0.784800 0.321600
vn -0.404700 0.832500 0.378500
vn -0.041800 0.921800 0.385400
vn -0.041600 0.921700 0.385600
vn -0.424900 -0.791400 -0.439600
vn -0.650200 -0.664300 -0.368600
vn -0.671100 -0.652100 -0.352600
vn -0.875400 -0.415400 -0.247200
vn -0.931400 -0.324100 -0.165700
vn -0.973100 -0.200000 -0.114200
vn -0.994800 -0.089000 -0.050000
vn -0.996800 0.070300 0.038700
vn -0.996800 0.069900 0.038900
vn -0.996800 0.070200 0.039200
vn -0.907900 0.366500 0.203800
vn -0.910900 0.361100 0.199800
vn -0.797600 0.527800 0.291800
vn -0.794000 0.531100 0.295700
vn -0.527700 0.742000 0.413500
vn -0.529700 0.741300 0.412100
vn -0.141200 0.865500 0.480600
vn -0.205600 0.865300 0.457100
vn -0.205300 0.865200 0.457400
vn -0.438500 -0.734600 -0.517700
vn -0.656700 -0.625000 -0.422000
vn -0.740200 -0.543800 -0.395500
vn -0.875200 -0.406800 -0.261700
vn -0.936100 -0.286700 -0.203700
vn -0.943200 0.273600 0.188600
vn -0.795500 0.499000 0.343900
vn -0.796700 0.498000 0.342400
vn -0.527500 0.699300 0.482500
vn -0.526900 0.699400 0.482900
vn -0.191500 0.807700 0.557700
vn -0.139900 0.808000 0.572300
vn -0.445900 -0.681600 -0.580200
vn -0.744100 -0.509900 -0.431700
vn -0.745300 -0.509300 -0.430300
vn -0.943900 -0.252400 -0.212800
vn -0.943600 -0.252900 -0.213500
vn -0.999900 -0.010900 -0.011600
vn -0.999800 -0.012400 -0.013500
vn -0.979400 0.155400 0.128700
vn -0.936900 0.273100 0.218500
vn -0.911600 0.315000 0.264200
vn -0.799000 0.460700 0.386500
vn -0.794200 0.464000 0.392400
vn -0.525000 0.651100 0.548100
vn -0.527000 0.650700 0.546600
vn -0.068600 0.763300 0.642400
vn -0.424500 -0.631300 -0.649000
vn -0.745700 -0.464100 -0.478000
vn -0.749900 -0.462500 -0.473100
vn -0.925700 -0.264300 -0.270500
vn -0.999900 -0.008300 -0.014700
vn -0.952200 0.221900 0.210100
vn -0.796800 0.412600 0.441500
vn -0.709500 0.505400 0.491000
vn -0.524900 0.581300 0.621800
vn -0.401500 0.649800 0.645400
vn -0.174500 0.684700 0.707700
vn -0.230000 0.685700 0.690600
vn -0.440600 -0.559700 -0.701900
vn -0.744600 -0.415900 -0.522100
vn -0.751700 -0.414000 -0.513400
vn -0.944800 -0.206000 -0.254800
vn -0.947600 -0.202200 -0.247200
vn -1.000000 -0.001100 -0.001300
vn -0.960100 0.184600 0.210300
vn -0.926700 0.231900 0.295700
vn -0.781000 0.405000 0.475400
vn -0.704900 0.431400 0.563100
vn -0.431900 0.573400 0.696200
vn -0.400800 0.574100 0.714000
vn -0.015800 0.626400 0.779400
vn -0.440600 -0.488900 -0.752900
vn -0.746400 -0.362400 -0.558200
vn -0.750000 -0.361900 -0.553700
vn -0.925500 -0.206600 -0.317500
vn -0.925600 -0.206600 -0.317100
vn -1.000000 -0.008200 -0.005300
vn -0.978700 0.107800 0.174900
vn -0.978700 0.108000 0.174600
vn -0.926800 0.193000 0.322000
vn -0.950000 0.170900 0.261500
vn -0.775900 0.344900 0.528300
vn -0.780700 0.344000 0.521700
vn -0.435200 0.494600 0.752300
vn -0.430000 0.494200 0.755600
vn -0.110700 0.544200 0.831600
vn -0.201300 0.554300 0.807600
vn -0.442600 -0.413600 -0.795600
vn -0.742900 -0.308600 -0.594100
vn -0.751300 -0.308400 -0.583500
vn -0.944000 -0.154200 -0.291600
vn -0.946700 -0.152100 -0.284000
vn -0.998900 -0.021700 -0.040500
vn -0.937000 0.170300 0.304900
vn -0.774800 0.280700 0.566400
vn -0.707600 0.343500 0.617500
vn -0.409200 0.415300 0.812400
vn -0.409500 0.415100 0.812400
vn -0.433100 0.419100 0.798000
vn -0.181400 0.457100 0.870700
vn -0.110100 0.451200 0.885600
vn -0.436300 -0.340600 -0.832800
vn -0.667700 -0.264500 -0.695800
vn -0.746900 -0.266300 -0.609300
vn -0.921000 -0.140800 -0.363200
vn -0.999400 -0.009000 -0.032100
vn -0.976100 0.116000 0.183600
vn -0.907200 0.159800 0.389100
vn -0.709200 0.267700 0.652200
vn -0.703700 0.267100 0.658300
vn -0.403700 0.343600 0.847900
vn -0.408500 0.344300 0.845400
vn -0.015200 0.377500 0.925900
vn -0.484100 -0.227200 -0.845000
vn -0.470500 -0.231400 -0.851500
vn -0.671000 -0.227100 -0.705800
vn -0.766400 -0.172000 -0.618900
vn -0.948900 -0.102400 -0.298400
vn -0.936200 -0.103400 -0.335800
vn -0.999600 -0.008100 -0.026200
vn -0.953200 0.092800 0.287800
vn -0.926400 0.103300 0.362200
vn -0.926300 0.103600 0.362200
vn -0.779000 0.196300 0.595500
vn -0.704400 0.187800 0.684500
vn -0.435400 0.267800 0.859500
vn -0.403700 0.261500 0.876700
vn -0.181300 0.281100 0.942400
vn -0.230000 0.286300 0.930100
vn -0.472100 -0.145500 -0.869500
vn -0.517000 -0.165100 -0.839900
vn -0.517400 -0.165200 -0.839700
vn -0.767500 -0.123700 -0.629100
vn -0.767400 -0.123700 -0.629200
vn -0.925100 -0.073300 -0.372600
vn -0.999700 -0.001500 -0.022800
vn -0.959600 0.054400 0.275900
vn -0.779900 0.121200 0.614000
vn -0.779000 0.120900 0.615300
vn -0.433800 0.173700 0.884100
vn -0.433300 0.173500 0.884400
vn -0.015600 0.192400 0.981200
vn -0.015900 0.192400 0.981200
vn -0.472400 -0.062200 -0.879200
vn -0.515400 -0.083300 -0.852900
vn -0.768100 -0.062300 -0.637300
vn -0.768700 -0.062500 -0.636600
vn -0.943500 -0.032400 -0.329800
vn -0.947100 -0.033700 -0.319100
vn -0.947300 -0.034000 -0.318600
vn -0.999500 -0.003200 -0.030300
vn -0.999800 -0.003500 0.021800
vn -0.950200 0.038300 0.309400
vn -0.931200 0.035800 0.362800
vn -0.797800 0.059100 0.600000
vn -0.798000 0.059100 0.599700
vn -0.779200 0.052000 0.624600
vn -0.779100 0.052400 0.624700
vn -0.553900 0.095800 0.827100
vn -0.431100 0.069900 0.899600
vn -0.227900 0.110600 0.967400
vn -0.216600 0.108300 0.970200
vn -0.356600 0.038900 -0.933500
vn -0.503100 -0.015000 -0.864100
vn -0.744100 0.009900 -0.668000
vn -0.769300 -0.000700 -0.638900
vn -0.925100 -0.000400 -0.379700
vn -0.958700 0.000400 0.284300
vn -0.797800 0.000900 0.602900
vn -0.796600 0.000300 0.604500
vn -0.554200 0.000400 0.832400
vn -0.553500 0.000200 0.832900
vn -0.226300 0.000200 0.974100
vn -0.215900 -0.003800 0.976400
vn -0.215900 -0.098100 0.971500
vn -0.226300 -0.093800 0.969500
vn -0.553500 -0.080200 0.829000
vn -0.554200 -0.079900 0.828600
vn -0.796600 -0.058000 0.601700
vn -0.797800 -0.057300 0.600200
vn -0.929900 -0.035300 0.366100
vn -0.929800 -0.035000 0.366500
vn -0.913300 -0.044400 0.404800
vn -0.997900 -0.001700 0.065400
vn -0.997900 -0.001600 0.064900
vn -0.997900 -0.002000 0.065000
vn -0.995300 0.009200 -0.096100
vn -0.946800 0.027600 -0.320600
vn -0.941700 0.032100 -0.335000
vn -0.747200 0.063400 -0.661500
vn -0.767400 0.049700 -0.639200
vn -0.463200 0.106500 -0.879800
vn -0.479200 0.109300 -0.870900
vn -0.111800 -0.184300 0.976500
vn -0.214100 -0.205900 0.954900
vn -0.433800 -0.155500 0.887500
vn -0.553000 -0.174300 0.814700
vn -0.797000 -0.104800 0.594800
vn -0.780000 -0.119300 0.614300
vn -0.942400 -0.063800 0.328400
vn -0.997800 0.011700 -0.064900
vn -0.921600 0.074200 -0.381000
vn -0.769000 0.122100 -0.627500
vn -0.768100 0.122800 -0.628500
vn -0.507500 0.165200 -0.845700
vn -0.464500 0.191900 -0.864600
vn -0.111200 -0.295700 0.948800
vn -0.196200 -0.278000 0.940300
vn -0.431200 -0.274500 0.859500
vn -0.530200 -0.225200 0.817400
vn -0.779200 -0.187000 0.598300
vn -0.797600 -0.171700 0.578300
vn -0.909000 -0.118600 0.399500
vn -0.936600 -0.091400 0.338300
vn -0.979500 -0.055900 0.193800
vn -0.999900 -0.001400 0.012500
vn -0.944400 0.089600 -0.316500
vn -0.940200 0.097000 -0.326400
vn -0.769200 0.182000 -0.612600
vn -0.768000 0.182900 -0.613800
vn -0.506900 0.246200 -0.826100
vn -0.538000 0.224700 -0.812500
vn -0.269500 0.309900 -0.911800
vn -0.406700 -0.900500 -0.153800
vn -0.406800 -0.912100 -0.050700
vn -0.529500 -0.844700 -0.078500
vn -0.529700 -0.847300 0.038300
vn -0.874500 -0.476000 0.092900
vn -0.910800 -0.385900 0.146500
vn -0.921600 -0.364900 0.132200
vn -0.999800 0.016300 -0.011400
vn -0.941900 0.235000 -0.240000
vn -0.770600 0.399000 -0.497000
vn -0.769700 0.359900 -0.527300
vn -0.666700 0.392900 -0.633300
vn -0.665700 0.361500 -0.652800
vn -0.491500 0.389800 -0.778800
vn -0.456600 0.353200 -0.816500
vn -0.506900 0.347900 -0.788700
vn -0.107700 -0.932000 -0.346100
vn -0.215300 -0.906000 -0.364400
vn -0.229300 -0.943500 -0.239100
vn -0.406100 -0.878400 -0.251800
vn -0.406500 -0.900600 -0.153900
vn -0.779200 -0.626700 0.007000
vn -0.779500 -0.619400 0.093100
vn -0.935900 0.288300 -0.202600
vn -0.919700 0.303500 -0.249100
vn -0.775700 0.441000 -0.451400
vn -0.775000 0.394200 -0.494000
vn -0.322800 0.465700 -0.824000
vn -0.176000 -0.882300 -0.436600
vn -0.703600 -0.700500 -0.119300
vn -0.707400 -0.706000 -0.033100
vn -0.796000 -0.602600 -0.057700
vn -0.797900 -0.602600 0.015500
vn -0.955200 -0.294900 0.025300
vn -0.955200 -0.295100 0.024900
vn -0.891200 -0.444200 0.092000
vn -0.994500 -0.102900 0.017100
vn -0.563700 -0.784200 0.259500
vn -0.999800 0.019200 -0.007600
vn -0.999700 0.024100 -0.010700
vn -0.948500 0.253400 -0.190400
vn -0.768300 0.478300 -0.425200
vn -0.767200 0.450800 -0.456200
vn -0.498400 0.541600 -0.677000
vn -0.456600 0.504700 -0.732700
vn -0.471800 0.502200 -0.724700
vn -0.008500 -0.849900 -0.526900
vn -0.407800 -0.818400 -0.404800
vn -0.409000 -0.857700 -0.311500
vn -0.562600 -0.767500 -0.307300
vn -0.561600 -0.802300 -0.202400
vn -0.701700 -0.683800 -0.200100
vn -0.706200 -0.698200 -0.117500
vn -0.957000 -0.290000 0.007500
vn -0.947500 0.292100 -0.130400
vn -0.925100 0.331400 -0.185300
vn -0.498500 0.608100 -0.617800
vn -0.454300 0.574100 -0.681200
vn -0.198900 -0.781200 -0.591700
vn -0.429800 -0.766100 -0.477900
vn -0.431800 -0.812200 -0.392300
vn -0.905400 -0.423600 -0.028800
vn -0.998400 0.055300 -0.012700
vn -0.942300 0.307000 -0.133300
vn -0.768300 0.559300 -0.311300
vn -0.767800 0.534500 -0.353200
vn -0.665200 0.604800 -0.437800
vn -0.663900 0.580900 -0.471000
vn -0.494800 0.652700 -0.573700
vn -0.465500 0.632700 -0.618900
vn -0.050600 -0.722600 -0.689400
vn -0.418100 -0.713900 -0.561700
vn -0.416600 -0.768400 -0.485800
vn -0.704400 -0.628500 -0.329900
vn -0.709000 -0.664600 -0.236100
vn -0.788800 -0.569900 -0.230400
vn -0.792000 -0.593200 -0.144600
vn -0.949900 -0.308200 -0.052100
vn -0.908700 -0.416500 -0.027200
vn -0.976600 -0.214300 -0.017000
vn -0.936300 0.342200 -0.078700
vn -0.920400 0.373500 -0.115600
vn -0.771700 0.582700 -0.254800
vn -0.770400 0.556600 -0.310900
vn -0.316500 0.743600 -0.588900
vn -0.123700 -0.659200 -0.741800
vn -0.950400 -0.297400 -0.091000
vn -0.999700 0.022400 0.003500
vn -0.997300 0.073200 -0.002400
vn -0.948600 0.306300 -0.080400
vn -0.769400 0.602600 -0.212000
vn -0.768300 0.587100 -0.255100
vn -0.501500 0.755400 -0.421700
vn -0.465200 0.740300 -0.485400
vn -0.465300 0.740300 -0.485200
vn -0.411200 0.757200 -0.507500
vn -0.172400 -0.576000 -0.799000
vn -0.423300 -0.600300 -0.678500
vn -0.424600 -0.676300 -0.602000
vn -0.425000 -0.676100 -0.601900
vn -0.518700 -0.616500 -0.592300
vn -0.519800 -0.687700 -0.506800
vn -0.701500 -0.553000 -0.449600
vn -0.708000 -0.609700 -0.356300
vn -0.776300 -0.528200 -0.344000
vn -0.776500 -0.571500 -0.265400
vn -0.932000 -0.341800 -0.121000
vn 0.000000 -1.000000 -0.000000
vn -0.947200 0.320300 -0.010500
vn -0.947400 0.319900 -0.010400
vn -0.947300 0.320100 -0.011000
vn -0.925100 0.377000 -0.046400
vn -0.499300 0.794300 -0.346100
vn -0.461600 0.784100 -0.414900
vn -0.400600 -0.534900 -0.743900
vn -0.400300 -0.534800 -0.744200
vn -0.401000 -0.600000 -0.692300
vn -0.952000 -0.269000 -0.146300
vn -0.942300 -0.317300 -0.107000
vn -0.999600 0.025500 0.007900
vn -0.999500 0.030300 0.006100
vn -0.943600 0.331000 -0.008400
vn -0.943400 0.331500 -0.008300
vn -0.943500 0.331300 -0.007900
vn -0.770000 0.633300 -0.078100
vn -0.769400 0.626400 -0.125300
vn -0.668300 0.722600 -0.176900
vn -0.666600 0.713600 -0.215400
vn -0.489900 0.823600 -0.285900
vn -0.462600 0.819700 -0.337700
vn -0.431800 -0.535000 -0.726200
vn -0.815800 -0.436000 -0.379900
vn -0.815200 -0.471200 -0.336700
vn -0.944300 -0.284900 -0.165000
vn -1.000000 0.008300 -0.001600
vn -0.946900 0.317500 0.050600
vn -0.946800 0.317800 0.050800
vn -0.925100 0.378800 0.027100
vn -0.769300 0.638700 -0.016100
vn -0.768200 0.635400 -0.077600
vn -0.332100 0.903900 -0.269500
vn -0.698900 -0.424700 -0.575400
vn -0.702300 -0.485100 -0.521100
vn -0.785800 -0.393700 -0.477000
vn -0.787300 -0.451600 -0.419800
vn -0.951100 -0.242200 -0.191500
vn -0.948200 -0.276200 -0.157000
vn -0.999800 0.015300 0.008100
vn -0.942200 0.330400 0.055800
vn -0.769400 0.637200 0.045500
vn -0.768300 0.639900 -0.015700
vn -0.497100 0.861300 -0.105100
vn -0.465500 0.868500 -0.170500
vn -0.441300 0.879700 -0.177100
vn -0.680600 -0.427500 -0.595000
vn -0.954100 -0.219300 -0.204100
vn -0.937100 -0.265200 -0.227000
vn -0.999700 0.022200 0.012900
vn -0.941500 0.318100 0.110800
vn -0.922000 0.373700 0.101700
vn -0.768300 0.631100 0.107000
vn -0.767400 0.639400 0.046500
vn -0.496800 0.867600 -0.021300
vn -0.463300 0.881500 -0.091400
vn -0.955400 -0.203100 -0.214400
vn -0.942500 0.299500 0.148100
vn -0.933200 0.336200 0.127200
vn -0.769500 0.616300 0.167500
vn -0.768400 0.631000 0.107000
vn -0.497400 0.865200 0.062900
vn -0.465300 0.885100 -0.007100
vn -0.840600 -0.329400 -0.430000
vn -0.907400 -0.243200 -0.342600
vn -0.999900 0.008500 0.010800
vn -0.999400 0.027400 0.020700
vn -0.944100 0.295900 0.145200
vn -0.772100 0.593900 0.226200
vn -0.771000 0.614700 0.166400
vn -0.496700 0.855600 0.145600
vn -0.465500 0.881600 0.078600
vn -0.988300 -0.094600 -0.119500
vn -0.988400 -0.094300 -0.119100
vn -1.000000 0.004400 0.000400
vn -0.947400 0.255900 0.192100
vn -0.925700 0.321600 0.199100
vn -0.771800 0.571300 0.279200
vn -0.770900 0.595000 0.227200
vn -0.494900 0.838700 0.227300
vn -0.466000 0.869800 0.162400
vn -0.999800 0.013500 0.013100
vn -0.941200 0.267600 0.206000
vn -0.770100 0.542900 0.334900
vn -0.769000 0.573800 0.281800
vn -0.493900 0.812000 0.311000
vn -0.464300 0.851100 0.245200
vn -0.974000 0.147500 0.172200
vn -0.921300 0.274900 0.275100
vn -0.917000 0.286500 0.277400
vn -0.762300 0.512200 0.395700
vn -0.760000 0.550900 0.344800
vn -0.500000 0.777000 0.382500
vn -0.473300 0.819200 0.323900
vn -0.779400 0.466100 0.418700
vn -0.777300 0.501900 0.379400
vn -0.498600 0.737400 0.455600
vn -0.473500 0.784800 0.399900
vn -0.937600 0.194100 0.288500
vn -0.484500 0.696000 0.530000
vn -0.464800 0.745400 0.477800
vn -0.761200 0.390300 0.518000
vn -0.758500 0.418400 0.499700
vn -0.684000 0.492800 0.537900
vn -0.682500 0.521400 0.512200
vn -0.478900 0.654900 0.584500
vn -0.467400 0.698900 0.541300
vn -0.772300 0.387500 0.503300
vn -0.406800 0.597000 0.691400
vn -0.406800 0.597100 0.691400
vn -0.406800 0.597100 0.691300
vn -0.396100 0.601600 0.693600
vn -0.369600 0.461400 0.806600
vn -0.484900 0.457700 0.745200
vn -0.645300 0.377100 0.664400
vn -0.773700 0.331300 0.540000
vn -0.873800 0.234100 0.426200
vn -0.873700 0.234300 0.426200
vn -0.874000 0.234000 0.426000
vn -0.939300 0.179900 0.292100
vn -0.899200 -0.218800 -0.379000
vn -0.697000 -0.362200 -0.618800
vn -0.677800 -0.364600 -0.638500
vn -0.390100 -0.458400 -0.798500
vn -0.431000 -0.461300 -0.775500
vn -0.016800 -0.508200 -0.861100
vn -0.431700 0.525900 0.732800
vn -0.405500 0.379800 0.831500
vn -0.404300 0.379500 0.832200
vn -0.644700 0.335900 0.686700
vn -0.756500 0.261100 0.599600
vn -0.873700 0.217500 0.435200
vn -0.938400 0.138500 0.316500
vn -0.977000 0.096800 0.189900
vn -0.995900 0.039900 0.080600
vn -0.990100 -0.068000 -0.122600
vn -0.864600 -0.208900 -0.456900
vn -0.819100 -0.257000 -0.512800
vn -0.696900 -0.291000 -0.655500
vn -0.528100 -0.377000 -0.760900
vn -0.388300 -0.374100 -0.842200
vn -0.195900 -0.414300 -0.888800
vn -0.237300 -0.416900 -0.877400
vn -0.417400 0.302000 0.857100
vn -0.418700 0.302400 0.856300
vn -0.755000 0.218100 0.618400
vn -0.756300 0.218300 0.616700
vn -0.923700 0.128000 0.361100
vn -0.999500 0.009700 0.028700
vn -0.937700 -0.111000 -0.329100
vn -0.937700 -0.111300 -0.329000
vn -0.949400 -0.101100 -0.297300
vn -0.949400 -0.101400 -0.297300
vn -0.900300 -0.149500 -0.408800
vn -0.780800 -0.197700 -0.592700
vn -0.815200 -0.206000 -0.541400
vn -0.528400 -0.266100 -0.806200
vn -0.432100 -0.316400 -0.844500
vn -0.051200 -0.318000 -0.946700
vn -0.422400 0.216200 0.880300
vn -0.424000 0.216800 0.879400
vn -0.750700 0.157700 0.641600
vn -0.755000 0.158700 0.636300
vn -0.943400 0.080100 0.321800
vn -0.946700 0.079800 0.312100
vn -0.998400 0.014000 0.055000
vn -0.936500 -0.091900 -0.338400
vn -0.779900 -0.134300 -0.611400
vn -0.706500 -0.187300 -0.682500
vn -0.409000 -0.209000 -0.888300
vn -0.409400 -0.208700 -0.888200
vn -0.429800 -0.215300 -0.876900
vn -0.430100 -0.215300 -0.876700
vn -0.180700 -0.235000 -0.955000
vn -0.231300 -0.240900 -0.942600
vn -0.423800 0.131100 0.896200
vn -0.425200 0.131700 0.895500
vn -0.750500 0.096000 0.653900
vn -0.750900 0.096100 0.653400
vn -0.925000 0.055400 0.375900
vn -0.996800 -0.011600 -0.079100
vn -0.907000 -0.060800 -0.416700
vn -0.905800 -0.060900 -0.419400
vn -0.797500 -0.102700 -0.594600
vn -0.702000 -0.086400 -0.706900
vn -0.529900 -0.139800 -0.836500
vn -0.407200 -0.117000 -0.905800
vn -0.041200 -0.159300 -0.986400
vn -0.424000 0.045800 0.904500
vn -0.423300 0.045500 0.904900
vn -0.746500 0.030700 0.664700
vn -0.750900 0.032700 0.659600
vn -0.943400 0.016400 0.331100
vn -0.947200 0.018300 0.320100
vn -0.947300 0.018500 0.319900
vn -0.997300 0.004200 0.073100
vn -0.942400 -0.016700 -0.334000
vn -0.797800 -0.030000 -0.602200
vn -0.796500 -0.029500 -0.603900
vn -0.530000 -0.041400 -0.847000
vn -0.529600 -0.041300 -0.847200
vn -0.529900 -0.041300 -0.847000
vn -0.193600 -0.047800 -0.979900
vn -0.228100 -0.055400 -0.972100
vn -1.000000 -0.000000 -0.000000
vn -1.000000 -0.000000 -0.000100
vn -1.000000 -0.000100 -0.000000
vn -1.000000 0.002700 0.001800
vn -1.000000 -0.000300 0.003300
vn -1.000000 -0.000000 0.003500
vn -1.000000 0.000300 0.003300
vn -1.000000 -0.001700 0.001100
vn -1.000000 -0.000000 0.000100
vn -1.000000 -0.001300 0.006500
vn -1.000000 -0.002600 -0.001100
vn -1.000000 -0.004900 0.001400
vn -1.000000 -0.002400 -0.002400
vn -1.000000 -0.002700 -0.001500
vn -1.000000 0.000900 -0.003200
vn -1.000000 0.000900 -0.003300
vn -1.000000 0.000500 -0.003300
vn -1.000000 0.001800 -0.000100
vn -1.000000 0.002500 -0.004000
vn -1.000000 0.002800 -0.002100
vn -1.000000 0.002400 -0.002200
vn -1.000000 0.000600 0.003200
vn -1.000000 0.001300 -0.008200
vn -1.000000 0.003600 0.001900
vn 0.924700 -0.128900 -0.358100
vn 0.859900 -0.392700 -0.326100
vn 0.815600 -0.477200 -0.327400
vn 0.761700 -0.538000 -0.361000
vn 0.702200 -0.615800 -0.357400
vn 0.645800 -0.671200 -0.363900
vn 0.574500 -0.730500 -0.369200
vn 0.500200 -0.789100 -0.356500
vn -0.504700 -0.784900 -0.359500
vn -0.569500 -0.731200 -0.375500
vn -0.643700 -0.666700 -0.375900
vn -0.692600 -0.601900 -0.397500
vn -0.748100 -0.530200 -0.399000
vn -0.801400 -0.458300 -0.384200
vn -0.801700 -0.458300 -0.383700
vn -0.835100 -0.384100 -0.393800
vn -0.859900 -0.300600 -0.412500
vn -0.883600 -0.216700 -0.415100
vn -0.899200 -0.131000 -0.417500
vn -0.911500 -0.041100 -0.409200
vn 0.782800 -0.578900 -0.228300
vn 0.657300 -0.719100 -0.225500
vn 0.506700 -0.831500 -0.227700
vn 0.337500 -0.913500 -0.227000
vn 0.337200 -0.913600 -0.227400
vn 0.172900 -0.967600 -0.183800
vn 0.181700 -0.959900 -0.213700
vn 0.081700 -0.986900 -0.139200
vn 0.053500 -0.972300 -0.227600
vn -0.044800 -0.978800 -0.199900
vn -0.030900 -0.989600 -0.140700
vn -0.004500 -0.902200 -0.431200
vn -0.106800 -0.993000 -0.050200
vn -0.126200 -0.892100 -0.433700
vn -0.085400 -0.843600 -0.530100
vn -0.202000 -0.969400 -0.139400
vn -0.212000 -0.957900 -0.193500
vn -0.183300 -0.829600 -0.527400
vn -0.184100 -0.827700 -0.530000
vn -0.131100 -0.589600 -0.797000
vn -0.312300 -0.939500 -0.140700
vn -0.312200 -0.939500 -0.141000
vn -0.285200 -0.934400 -0.213400
vn -0.265600 -0.772900 -0.576200
vn -0.250000 -0.812200 -0.527200
vn -0.200000 -0.567600 -0.798600
vn -0.144600 -0.483500 -0.863300
vn -0.402800 -0.889100 -0.217600
vn -0.404900 -0.885200 -0.229000
vn -0.330900 -0.780200 -0.530800
vn -0.334300 -0.745200 -0.577100
vn -0.230000 -0.566000 -0.791600
vn -0.202900 -0.389500 -0.898400
vn -0.497400 -0.866400 -0.043500
vn -0.433600 -0.812300 -0.390200
vn -0.431100 -0.729000 -0.531800
vn -0.330200 -0.619800 -0.711900
vn -0.309400 -0.525400 -0.792600
vn -0.205900 -0.372100 -0.905100
vn -0.221000 -0.410600 -0.884600
vn -0.049400 -0.080700 -0.995500
vn -0.558500 -0.794500 -0.238300
vn -0.557800 -0.808400 -0.188000
vn -0.520200 -0.754900 -0.399500
vn -0.519800 -0.759700 -0.390700
vn -0.400400 -0.587900 -0.702900
vn -0.398500 -0.572800 -0.716300
vn -0.206300 -0.296500 -0.932500
vn -0.644200 -0.764500 -0.021300
vn -0.589800 -0.694100 -0.412800
vn -0.590200 -0.702300 -0.398100
vn -0.475600 -0.568800 -0.671000
vn -0.464200 -0.531600 -0.708500
vn -0.297100 -0.371100 -0.879800
vn -0.271900 -0.324900 -0.905800
vn -0.070400 -0.079800 -0.994300
vn -0.702300 -0.702300 -0.116100
vn -0.702300 -0.702300 -0.116400
vn -0.702700 -0.686700 -0.186100
vn -0.703000 -0.686600 -0.185700
vn -0.645100 -0.632600 -0.428500
vn -0.645600 -0.641900 -0.413700
vn -0.540700 -0.503500 -0.673900
vn -0.435500 -0.449800 -0.779700
vn -0.284600 -0.239300 -0.928300
vn -0.018600 -0.027600 -0.999400
vn 0.021700 0.020800 -0.999500
vn 0.252700 0.242200 -0.936800
vn -0.778500 -0.616600 -0.117000
vn -0.750700 -0.624800 -0.214600
vn -0.715100 -0.550600 -0.430600
vn -0.656800 -0.538500 -0.527800
vn -0.471100 -0.352900 -0.808400
vn -0.488800 -0.388700 -0.781000
vn -0.317500 -0.251600 -0.914300
vn -0.311400 -0.245200 -0.918100
vn -0.169200 -0.135600 -0.976200
vn 0.001800 0.007900 -1.000000
vn 0.313000 0.249800 -0.916300
vn -0.814600 -0.537500 -0.217800
vn -0.814800 -0.533600 -0.226500
vn -0.699600 -0.455700 -0.550300
vn -0.706600 -0.469400 -0.529500
vn -0.508300 -0.340300 -0.791000
vn -0.493000 -0.319500 -0.809200
vn -0.275200 -0.177500 -0.944900
vn 0.040000 0.028100 -0.998800
vn 0.277000 0.181500 -0.943600
vn 0.304000 0.209800 -0.929300
vn 0.304200 0.209600 -0.929300
vn 0.549200 0.342600 -0.762200
vn -0.870200 -0.441300 -0.218900
vn -0.869600 -0.437300 -0.229500
vn -0.746300 -0.402600 -0.530100
vn -0.737400 -0.388600 -0.552400
vn -0.537600 -0.282400 -0.794500
vn -0.539200 -0.284200 -0.792800
vn -0.372600 -0.197600 -0.906700
vn -0.361600 -0.189800 -0.912800
vn -0.070900 -0.037200 -0.996800
vn 0.302900 0.148900 -0.941300
vn 0.316400 0.165100 -0.934100
vn 0.316800 0.164800 -0.934100
vn 0.316500 0.164400 -0.934200
vn 0.574000 0.298000 -0.762700
vn 0.575200 0.299300 -0.761300
vn -0.930800 -0.363100 -0.041300
vn -0.841100 -0.358500 -0.405000
vn -0.792800 -0.302100 -0.529300
vn -0.666600 -0.284200 -0.689200
vn -0.563400 -0.216100 -0.797400
vn -0.485400 -0.200000 -0.851100
vn -0.290700 -0.102200 -0.951400
vn 0.053800 0.022400 -0.998300
vn 0.363200 0.146300 -0.920200
vn 0.590400 0.238300 -0.771100
vn 0.599000 0.246100 -0.762000
vn 0.776600 0.318300 -0.543700
vn -0.717700 0.511700 -0.472400
vn -0.717800 0.511800 -0.472100
vn -0.903400 -0.048200 -0.426100
vn -0.665300 -0.033700 -0.745800
vn -0.660500 -0.031200 -0.750200
vn -0.353700 -0.016700 -0.935200
vn -0.331200 -0.010000 -0.943500
vn 0.343600 0.039100 -0.938300
vn 0.282400 0.013300 -0.959200
vn 0.625100 0.029300 -0.780000
vn 0.603500 0.017700 -0.797200
vn 0.846400 0.057600 -0.529400
vn 0.900600 0.025800 -0.433800
vn 0.996800 0.061800 -0.050100
vn -0.894800 -0.134300 -0.425700
vn -0.658500 -0.099400 -0.746000
vn -0.651600 -0.094700 -0.752600
vn -0.378900 -0.055100 -0.923800
vn -0.022500 -0.003400 -0.999700
vn -0.017500 -0.001800 -0.999800
vn 0.682200 0.102200 0.724000
vn 0.298000 0.043000 -0.953600
vn 0.597200 0.086200 -0.797500
vn 0.619000 0.098400 -0.779200
vn 0.825600 0.104700 -0.554500
vn 0.890100 0.147400 -0.431200
vn 0.965800 0.124100 -0.227700
vn 0.968000 0.127100 -0.216400
vn -0.878000 -0.220100 -0.425100
vn -0.646600 -0.162500 -0.745300
vn -0.639600 -0.156700 -0.752600
vn -0.343000 -0.084000 -0.935600
vn -0.318400 -0.068000 -0.945500
vn 0.282000 0.069200 -0.956900
vn 0.588900 0.144400 -0.795200
vn 0.587600 0.143400 -0.796300
vn 0.806600 0.197400 -0.557200
vn 0.808300 0.198900 -0.554200
vn 0.945800 0.232900 -0.226300
vn 0.947200 0.237400 -0.215700
vn 0.947200 0.237400 -0.215400
vn -0.862000 -0.299600 -0.409000
vn -0.708600 -0.265600 -0.653700
vn -0.628100 -0.205000 -0.750600
vn -0.454200 -0.175100 -0.873500
vn -0.326400 -0.107300 -0.939100
vn 0.075700 0.026800 -0.996800
vn 0.401400 0.139900 -0.905100
vn 0.406200 0.142100 -0.902700
vn 0.590000 0.206500 -0.780500
vn 0.576400 0.192800 -0.794100
vn 0.778300 0.290700 -0.556600
vn 0.855800 0.282200 -0.433400
vn 0.915000 0.341800 -0.214200
vn 0.939700 0.323500 -0.111200
vn -0.825300 -0.386400 -0.411800
vn -0.674700 -0.317200 -0.666500
vn -0.679900 -0.324200 -0.657700
vn -0.448400 -0.190400 -0.873300
vn -0.332900 -0.167200 -0.928000
vn -0.333200 -0.166900 -0.928000
vn -0.332800 -0.167100 -0.928100
vn -0.196500 -0.082800 -0.977000
vn -0.082200 -0.035800 -0.996000
vn 0.305200 0.140600 -0.941800
vn 0.545300 0.251700 -0.799500
vn 0.564300 0.271100 -0.779800
vn 0.762300 0.336800 -0.552700
vn 0.811100 0.395500 -0.431000
vn 0.889900 0.395000 -0.228100
vn 0.897100 0.427800 -0.110300
vn -0.775200 -0.464400 -0.428200
vn -0.643300 -0.364100 -0.673500
vn -0.564800 -0.349500 -0.747600
vn -0.343600 -0.193800 -0.918900
vn -0.009000 -0.009700 -0.999900
vn 0.205400 0.118800 -0.971400
vn 0.205600 0.119000 -0.971400
vn 0.147200 0.079700 -0.985900
vn 0.147100 0.079400 -0.985900
vn 0.147200 0.079800 -0.985900
vn 0.368000 0.219700 -0.903500
vn 0.440800 0.254100 -0.860900
vn 0.513500 0.316600 -0.797500
vn 0.631900 0.356700 -0.688100
vn 0.711500 0.434800 -0.552000
vn 0.711800 0.434900 -0.551600
vn 0.711800 0.434800 -0.551600
vn 0.795000 0.452800 -0.403500
vn 0.832200 0.511300 -0.214600
vn 0.832400 0.511000 -0.214400
vn 0.845700 0.506000 -0.169400
vn -0.726300 -0.535500 -0.430900
vn -0.537900 -0.397000 -0.743700
vn -0.531900 -0.385300 -0.754100
vn -0.269500 -0.195600 -0.942900
vn -0.269200 -0.195800 -0.943000
vn -0.261400 -0.186500 -0.947000
vn -0.261500 -0.186200 -0.947100
vn -0.261300 -0.186200 -0.947100
vn -0.024900 -0.017800 -0.999500
vn 0.015500 0.018400 -0.999700
vn 0.353800 0.255800 -0.899600
vn 0.584800 0.424100 -0.691500
vn 0.586900 0.427700 -0.687500
vn 0.738900 0.537100 -0.406800
vn 0.739500 0.538900 -0.403400
vn 0.809100 0.587500 -0.015100
vn -0.682000 -0.602800 -0.414000
vn -0.542800 -0.505600 -0.670600
vn -0.506000 -0.426400 -0.749700
vn -0.289000 -0.264400 -0.920100
vn -0.288900 -0.264800 -0.920000
vn 0.080000 0.068900 -0.994400
vn 0.287000 0.266600 -0.920100
vn 0.184400 0.137700 -0.973200
vn 0.386900 0.347700 -0.854100
vn 0.482000 0.404600 -0.777200
vn 0.533100 0.489400 -0.690100
vn 0.681400 0.589100 -0.434400
vn 0.684700 0.604900 -0.406600
vn 0.744200 0.658400 -0.112800
vn 0.747600 0.634200 -0.197200
vn -0.616100 -0.666200 -0.420200
vn -0.506900 -0.548700 -0.664800
vn -0.504000 -0.537200 -0.676300
vn -0.247200 -0.262200 -0.932800
vn -0.244500 -0.257100 -0.935000
vn -0.065900 -0.070700 -0.995300
vn 0.229200 0.243500 -0.942400
vn 0.409700 0.436100 -0.801200
vn 0.422600 0.467600 -0.776400
vn 0.577800 0.598900 -0.554500
vn 0.601200 0.672100 -0.432200
vn 0.675300 0.701600 -0.227700
vn 0.669500 0.734300 -0.112200
vn -0.547400 -0.722600 -0.422200
vn -0.452100 -0.598300 -0.661600
vn -0.450300 -0.586700 -0.673000
vn -0.247400 -0.323000 -0.913500
vn -0.036000 -0.048200 -0.998200
vn 0.056100 0.073400 -0.995700
vn 0.056400 0.073800 -0.995700
vn 0.257000 0.336100 -0.906100
vn 0.257200 0.336500 -0.905900
vn 0.256100 0.334700 -0.906800
vn 0.361000 0.471700 -0.804500
vn 0.362800 0.477800 -0.800100
vn 0.505600 0.665600 -0.549000
vn 0.505000 0.661800 -0.554000
vn 0.591300 0.774300 -0.225300
vn 0.589600 0.778400 -0.215400
vn -0.446400 -0.749700 -0.488500
vn -0.406700 -0.623000 -0.668200
vn -0.326400 -0.549900 -0.768800
vn -0.200200 -0.305700 -0.930800
vn -0.200100 -0.304400 -0.931300
vn -0.011900 -0.019700 -0.999700
vn 0.357800 0.593100 -0.721200
vn 0.177200 0.284900 -0.942000
vn 0.316400 0.508200 -0.801000
vn 0.315600 0.504400 -0.803800
vn 0.442500 0.708600 -0.549600
vn 0.442600 0.710000 -0.547700
vn 0.514400 0.827400 -0.225300
vn 0.512200 0.831500 -0.214800
vn -0.392300 -0.778300 -0.490300
vn -0.391200 -0.788700 -0.474300
vn -0.283600 -0.570700 -0.770600
vn -0.283700 -0.572300 -0.769400
vn -0.149800 -0.302500 -0.941300
vn -0.148900 -0.298900 -0.942600
vn -0.028600 -0.063500 -0.997600
vn 0.046400 0.093900 -0.994500
vn 0.046300 0.093600 -0.994500
vn 0.186700 0.377600 -0.906900
vn 0.185500 0.374200 -0.908600
vn 0.267500 0.539600 -0.798300
vn 0.267300 0.537300 -0.799900
vn 0.371000 0.746600 -0.552200
vn 0.370800 0.749300 -0.548700
vn 0.432300 0.872800 -0.226500
vn 0.429500 0.877100 -0.215000
vn -0.316000 -0.811100 -0.492200
vn -0.313100 -0.824900 -0.470700
vn -0.226400 -0.596400 -0.770100
vn -0.226400 -0.594300 -0.771700
vn -0.138500 -0.363300 -0.921300
vn -0.025400 -0.072800 -0.997000
vn 0.119500 0.313000 -0.942200
vn 0.222900 0.584300 -0.780300
vn 0.224900 0.559800 -0.797500
vn 0.282500 0.785400 -0.550800
vn 0.336000 0.836400 -0.433100
vn 0.336000 0.836100 -0.433500
vn 0.328700 0.919800 -0.214300
vn 0.358700 0.926800 -0.111700
vn 0.358600 0.926800 -0.111400
vn -0.236000 -0.835900 -0.495600
vn -0.231200 -0.851500 -0.470600
vn -0.167700 -0.618500 -0.767600
vn -0.168100 -0.614200 -0.771000
vn -0.094600 -0.345400 -0.933700
vn -0.094200 -0.345700 -0.933600
vn -0.094500 -0.345400 -0.933700
vn -0.096700 -0.322200 -0.941700
vn -0.097200 -0.321900 -0.941800
vn -0.096900 -0.322000 -0.941800
vn 0.019700 0.088200 -0.995900
vn 0.019600 0.088700 -0.995900
vn 0.019700 0.088600 -0.995900
vn 0.112500 0.414100 -0.903300
vn 0.111000 0.396600 -0.911300
vn 0.149300 0.608600 -0.779300
vn 0.202900 0.676800 -0.707600
vn 0.230200 0.883700 -0.407500
vn 0.237100 0.870400 -0.431500
vn 0.258500 0.948500 -0.183200
vn 0.258400 0.948400 -0.183500
vn 0.249400 0.962000 -0.110800
vn 0.249500 0.962000 -0.111200
vn -0.154600 -0.854500 -0.495900
vn -0.148800 -0.868800 -0.472300
vn -0.108100 -0.631300 -0.768000
vn -0.108300 -0.630200 -0.768900
vn -0.057000 -0.331700 -0.941700
vn -0.057200 -0.329000 -0.942600
vn -0.057200 -0.328700 -0.942700
vn 0.000600 -0.015800 -0.999900
vn 0.000600 -0.015300 -0.999900
vn 0.036800 0.284500 -0.958000
vn 0.123000 0.614400 -0.779300
vn 0.103300 0.704200 -0.702500
vn 0.160800 0.886500 -0.433900
vn 0.153800 0.900300 -0.407100
vn 0.168400 0.985600 -0.016000
vn -0.072700 -0.863400 -0.499200
vn -0.064300 -0.879600 -0.471300
vn -0.046700 -0.638500 -0.768200
vn -0.047000 -0.637400 -0.769100
vn -0.028600 -0.387200 -0.921600
vn -0.004100 -0.018300 -0.999800
vn -0.003900 -0.020300 -0.999800
vn 0.021100 0.283200 -0.958800
vn 0.046300 0.624100 -0.780000
vn 0.046000 0.625000 -0.779300
vn 0.066100 0.898600 -0.433800
vn 0.065400 0.899500 -0.432000
vn 0.072100 0.991100 -0.112100
vn 0.092000 0.975500 -0.200000
vn 0.012200 -0.867200 -0.497800
vn 0.020900 -0.881100 -0.472500
vn 0.015200 -0.640100 -0.768100
vn 0.014700 -0.638700 -0.769300
vn 0.008200 -0.358200 -0.933600
vn -0.000900 -0.336600 -0.941600
vn 0.000900 0.107200 -0.994200
vn -0.012000 0.415800 -0.909400
vn -0.009000 0.395300 -0.918500
vn -0.013700 0.602800 -0.797800
vn -0.023300 0.626400 -0.779200
vn -0.002700 0.848400 -0.529400
vn -0.002700 0.848100 -0.529800
vn -0.039000 0.901400 -0.431100
vn -0.021200 0.980300 -0.196200
vn -0.036000 0.993100 -0.111500
vn 0.095000 -0.862200 -0.497600
vn 0.106000 -0.876100 -0.470300
vn 0.076800 -0.635600 -0.768200
vn 0.076200 -0.634300 -0.769300
vn 0.039500 -0.328900 -0.943500
vn 0.040200 -0.330700 -0.942900
vn 0.010600 -0.074800 -0.997100
vn -0.039800 0.332100 -0.942400
vn -0.074500 0.621300 -0.780000
vn -0.061400 0.600700 -0.797100
vn -0.118800 0.840000 -0.529400
vn -0.090900 0.896400 -0.433900
vn -0.133900 0.989700 -0.050100
vn 0.176900 -0.848300 -0.499100
vn 0.190500 -0.862500 -0.468900
vn 0.138300 -0.625900 -0.767600
vn 0.137100 -0.623900 -0.769300
vn 0.081500 -0.370700 -0.925200
vn -0.019900 0.090200 -0.995700
vn -0.092200 0.417300 -0.904100
vn -0.085100 0.400500 -0.912300
vn -0.150600 0.608800 -0.778900
vn -0.135000 0.693700 -0.707500
vn -0.207100 0.889400 -0.407400
vn -0.194500 0.880700 -0.431900
vn -0.214300 0.970300 -0.111800
vn -0.214200 0.970300 -0.112300
vn -0.190800 0.961100 -0.199800
vn 0.257500 -0.827200 -0.499300
vn 0.257400 -0.827000 -0.499800
vn 0.272300 -0.839800 -0.469700
vn 0.272300 -0.840000 -0.469400
vn 0.197600 -0.609400 -0.767800
vn 0.197100 -0.608800 -0.768500
vn 0.102000 -0.315300 -0.943500
vn 0.096400 -0.305700 -0.947200
vn 0.005600 -0.017800 -0.999800
vn 0.012300 -0.032000 -0.999400
vn -0.313500 0.899600 -0.303900
vn -0.110700 0.343800 -0.932500
vn -0.216600 0.673000 -0.707300
vn -0.219200 0.675500 -0.704100
vn -0.281900 0.868700 -0.407300
vn -0.282200 0.868900 -0.406600
vn -0.303700 0.935100 -0.182800
vn -0.303600 0.935000 -0.183300
vn -0.318500 0.941300 -0.111400
vn -0.318400 0.941400 -0.111800
vn 0.335600 -0.798300 -0.500200
vn 0.352800 -0.810500 -0.467600
vn 0.255500 -0.587200 -0.768100
vn 0.254600 -0.586200 -0.769100
vn 0.151100 -0.348100 -0.925200
vn 0.151300 -0.347800 -0.925300
vn -0.118800 0.315000 -0.941600
vn -0.167000 0.386500 -0.907000
vn -0.280200 0.648600 -0.707700
vn -0.283400 0.651200 -0.704000
vn -0.283200 0.650900 -0.704300
vn -0.364500 0.837500 -0.407100
vn -0.364700 0.837600 -0.406700
vn -0.399200 0.916700 -0.016100
vn 0.428900 -0.788400 -0.440900
vn 0.414100 -0.777600 -0.473200
vn 0.333800 -0.579500 -0.743500
vn 0.309600 -0.558600 -0.769500
vn 0.160800 -0.290000 -0.943400
vn 0.153300 -0.281500 -0.947200
vn 0.010900 -0.020000 -0.999700
vn 0.019400 -0.031600 -0.999300
vn -0.157500 0.262700 -0.951900
vn -0.157200 0.262500 -0.952000
vn -0.288100 0.555100 -0.780300
vn -0.360200 0.613300 -0.703000
vn -0.429600 0.792100 -0.433600
vn -0.443800 0.798500 -0.406700
vn -0.477700 0.859300 -0.182900
vn -0.465600 0.854500 -0.230200
vn 0.512600 -0.735800 -0.442600
vn 0.381900 -0.548500 -0.743800
vn 0.376100 -0.545300 -0.749100
vn 0.215600 -0.312800 -0.925000
vn -0.172200 0.271500 -0.946900
vn -0.183900 0.283200 -0.941300
vn -0.368300 0.506500 -0.779600
vn -0.385900 0.591500 -0.708000
vn -0.527900 0.746000 -0.405900
vn -0.512200 0.742500 -0.431600
vn -0.567700 0.823000 -0.016200
vn 0.581000 -0.681900 -0.444300
vn 0.436100 -0.511200 -0.740500
vn 0.425300 -0.506600 -0.750000
vn 0.210900 -0.251700 -0.944500
vn 0.204900 -0.247100 -0.947100
vn 0.022300 -0.026900 -0.999400
vn -0.261300 0.267500 -0.927500
vn -0.201500 0.239500 -0.949800
vn -0.453800 0.540200 -0.708600
vn -0.458000 0.541900 -0.704700
vn -0.590100 0.699500 -0.403100
vn -0.589100 0.699300 -0.404900
vn -0.633400 0.751400 -0.185000
vn -0.621000 0.749000 -0.230800
vn 0.649900 -0.629000 -0.426600
vn 0.482700 -0.466900 -0.740900
vn 0.475500 -0.464700 -0.747000
vn 0.271100 -0.264200 -0.925600
vn 0.015200 -0.014700 -0.999800
vn -0.702400 0.678800 -0.214100
vn -0.702000 0.679100 -0.214300
vn -0.702200 0.679100 -0.213800
vn -0.254900 0.242000 -0.936200
vn -0.415200 0.428900 -0.802300
vn -0.519600 0.484100 -0.704000
vn -0.594500 0.606000 -0.528500
vn -0.665900 0.628500 -0.402000
vn -0.704700 0.708200 -0.042200
vn -0.704900 0.708100 -0.041800
vn 0.700200 -0.558900 -0.444100
vn 0.700300 -0.558900 -0.444100
vn 0.523200 -0.417400 -0.743000
vn 0.518000 -0.416300 -0.747200
vn 0.260300 -0.209100 -0.942600
vn 0.248800 -0.203400 -0.947000
vn 0.025600 -0.021000 -0.999500
vn -0.215500 0.193800 -0.957100
vn -0.336100 0.267700 -0.903000
vn -0.473700 0.378000 -0.795400
vn -0.466800 0.375800 -0.800500
vn -0.660700 0.530900 -0.530700
vn -0.661900 0.531000 -0.529000
vn -0.765300 0.614600 -0.191300
vn -0.754000 0.616200 -0.227800
vn -0.753700 0.616400 -0.228000
vn 0.758700 -0.495000 -0.423600
vn 0.636900 -0.393400 -0.663000
vn 0.546400 -0.377900 -0.747400
vn 0.331400 -0.209600 -0.919900
vn -0.241400 0.140400 -0.960200
vn -0.412700 0.280200 -0.866700
vn -0.514900 0.323600 -0.793800
vn -0.598200 0.406300 -0.690700
vn -0.719600 0.448500 -0.530100
vn -0.758500 0.515800 -0.398200
vn -0.842500 0.536400 -0.049600
vn 0.795500 -0.418800 -0.437900
vn 0.675200 -0.356100 -0.646000
vn 0.654900 -0.354800 -0.667200
vn 0.434600 -0.213100 -0.875000
vn 0.318400 -0.181800 -0.930400
vn 0.318000 -0.181900 -0.930500
vn 0.205100 -0.104700 -0.973100
vn 0.001800 -0.002400 -1.000000
vn 0.021800 -0.009700 -0.999700
vn -0.637600 0.320000 -0.700700
vn -0.637400 0.320500 -0.700700
vn -0.371500 0.169300 -0.912900
vn -0.531500 0.294200 -0.794300
vn -0.645800 0.327400 -0.689700
vn -0.739400 0.411800 -0.532600
vn -0.818900 0.413100 -0.398500
vn -0.867100 0.457700 -0.196500
vn -0.857500 0.459400 -0.231500
vn 0.818300 -0.307600 -0.485500
vn 0.825900 -0.313700 -0.468500
vn 0.698600 -0.298100 -0.650400
vn 0.594500 -0.230500 -0.770400
vn 0.442600 -0.196600 -0.874900
vn 0.329000 -0.128400 -0.935600
vn -0.003700 -0.003400 -1.000000
vn -0.287600 0.132500 -0.948500
vn -0.439900 0.180300 -0.879800
vn -0.557400 0.228300 -0.798300
vn -0.563800 0.228400 -0.793700
vn -0.787100 0.318900 -0.528000
vn -0.783800 0.319700 -0.532400
vn -0.923900 0.376400 -0.069200
vn 0.907200 -0.226800 -0.354200
vn 0.823700 -0.260300 -0.503700
vn 0.642800 -0.180300 -0.744500
vn 0.610200 -0.182200 -0.771000
vn 0.319700 -0.095100 -0.942700
vn 0.318400 -0.095000 -0.943200
vn 0.057000 -0.015400 -0.998300
vn -0.276600 0.095800 -0.956200
vn -0.276300 0.095800 -0.956300
vn -0.583700 0.160000 -0.796100
vn -0.671700 0.219700 -0.707500
vn -0.818600 0.226600 -0.527800
vn -0.818900 0.226500 -0.527300
vn -0.870900 0.275800 -0.406900
vn -0.954600 0.275800 -0.112300
vn -0.931400 0.300000 -0.206000
vn 0.880100 -0.170100 -0.443400
vn 0.656900 -0.126900 -0.743200
vn 0.650900 -0.128600 -0.748200
vn 0.373000 -0.073800 -0.924900
vn -0.062700 0.017100 -0.997900
vn -0.410000 0.074700 -0.909000
vn -0.375900 0.074700 -0.923700
vn -0.693500 0.137800 -0.707200
vn -0.697100 0.136700 -0.703800
vn -0.895900 0.175900 -0.408000
vn -0.896400 0.175700 -0.407000
vn -0.964800 0.189000 -0.182800
vn -0.977500 0.179300 -0.111300
vn -0.977500 0.179100 -0.111500
vn 0.893200 -0.072000 -0.443800
vn 0.879800 -0.064500 -0.471000
vn 0.636500 -0.074000 -0.767700
vn 0.661000 -0.064900 -0.747600
vn 0.330000 -0.032400 -0.943400
vn 0.318800 -0.033700 -0.947200
vn 0.072900 -0.007700 -0.997300
vn -0.347900 0.027100 -0.937100
vn -0.598600 0.073800 -0.797600
vn -0.709500 0.052100 -0.702800
vn -0.842300 0.099500 -0.529800
vn -0.910700 0.073100 -0.406600
vn -0.992900 0.111100 -0.041800
vn 0.933500 0.038600 -0.356500
vn 0.933300 0.038900 -0.356900
vn 0.933300 0.039000 -0.356900
vn 0.864100 -0.015000 -0.503200
vn 0.668000 0.009900 -0.744100
vn 0.638900 -0.000700 -0.769300
vn 0.379700 -0.000400 -0.925100
vn 0.024100 0.001600 -0.999700
vn -0.222200 -0.000400 -0.975000
vn -0.222500 -0.000300 -0.974900
vn -0.399200 0.005300 -0.916900
vn -0.398800 0.005100 -0.917000
vn -0.409900 0.003300 -0.912100
vn -0.605200 -0.013700 -0.796000
vn -0.706500 0.018200 -0.707500
vn -0.848200 -0.017000 -0.529400
vn -0.913100 0.015500 -0.407300
vn -0.993700 -0.008600 -0.112200
vn -0.978400 0.021100 -0.205600
vn -0.987900 -0.107900 -0.111500
vn -0.978500 -0.094700 -0.183000
vn -0.909100 -0.087900 -0.407100
vn -0.909300 -0.088100 -0.406600
vn -0.706900 -0.068700 -0.704000
vn -0.703400 -0.066400 -0.707700
vn -0.309900 -0.029300 -0.950300
vn 0.027300 0.002400 -0.999600
vn 0.319400 0.028200 -0.947200
vn 0.330000 0.032100 -0.943400
vn 0.330100 0.031700 -0.943400
vn 0.661500 0.063400 -0.747300
vn 0.665400 0.065800 -0.743600
vn 0.892000 0.088300 -0.443300
vn 0.923000 0.136000 -0.359900
vn -0.981300 -0.191800 -0.016200
vn -0.896700 -0.175500 -0.406500
vn -0.897200 -0.176100 -0.405000
vn -0.696700 -0.136500 -0.704200
vn -0.693500 -0.133900 -0.707900
vn -0.316400 -0.061100 -0.946700
vn -0.387100 -0.103100 -0.916300
vn 0.373300 0.072900 -0.924900
vn 0.652300 0.127200 -0.747200
vn 0.629600 0.110200 -0.769000
vn 0.866500 0.190400 -0.461400
vn 0.877800 0.187900 -0.440600
vn -0.934800 -0.270200 -0.230400
vn -0.942200 -0.281100 -0.182300
vn -0.876900 -0.261400 -0.403400
vn -0.876400 -0.260700 -0.405000
vn -0.679600 -0.203800 -0.704700
vn -0.689900 -0.213900 -0.691500
vn -0.406200 -0.100100 -0.908300
vn -0.680000 -0.203500 -0.704500
vn -0.474100 -0.139400 -0.869400
vn 0.019900 0.004600 -0.999800
vn 0.038200 0.012200 -0.999200
vn 0.310600 0.089000 -0.946400
vn 0.325900 0.097300 -0.940400
vn 0.609700 0.182400 -0.771400
vn 0.612200 0.184200 -0.769000
vn 0.826100 0.248000 -0.506100
vn 0.810400 0.223300 -0.541700
vn 0.913900 0.312700 -0.258900
vn 0.275900 -0.959900 -0.049600
vn 0.070100 -0.845100 -0.530000
vn -0.038300 -0.847200 -0.529900
vn -0.084200 -0.598300 -0.796800
vn -0.131300 -0.588300 -0.797900
vn 0.050800 0.072400 -0.996100
vn 0.233400 0.209600 -0.949500
vn 0.762900 0.397700 -0.509800
vn 0.811700 0.352500 -0.465600
vn 0.825700 0.355000 -0.438400
vn 0.347700 -0.919400 -0.184000
vn 0.128500 -0.822100 -0.554700
vn 0.128500 -0.822300 -0.554300
vn 0.060000 -0.830100 -0.554400
vn -0.007000 -0.626900 -0.779100
vn -0.076500 -0.621100 -0.780000
vn -0.061100 -0.272800 -0.960100
vn -0.105600 -0.285300 -0.952600
vn -0.227700 -0.552500 -0.801800
vn 0.011900 0.032000 -0.999400
vn 0.191600 0.272600 -0.942900
vn 0.244900 0.297000 -0.922900
vn 0.588200 0.470200 -0.657900
vn 0.621200 0.427000 -0.657100
vn 0.732900 0.463500 -0.498100
vn 0.774100 0.430600 -0.464200
vn 0.774200 0.430700 -0.463800
vn 0.429600 -0.902100 -0.041600
vn 0.323200 -0.855400 -0.404800
vn 0.226000 -0.885400 -0.406100
vn 0.240900 -0.812800 -0.530300
vn 0.141800 -0.835300 -0.531200
vn 0.043500 -0.603100 -0.796500
vn -0.015500 -0.602800 -0.797700
vn -0.044500 -0.360600 -0.931600
vn 0.005400 0.009600 -0.999900
vn 0.186800 0.260900 -0.947100
vn 0.403800 0.486400 -0.774800
vn 0.444300 0.450100 -0.774600
vn 0.548300 0.507000 -0.665100
vn 0.586300 0.465600 -0.663000
vn 0.770300 0.539300 -0.340200
vn 0.520200 -0.834100 -0.183600
vn 0.418700 -0.812300 -0.406000
vn 0.322900 -0.855300 -0.405200
vn 0.101300 -0.596400 -0.796200
vn 0.042800 -0.601500 -0.797700
vn -0.007300 -0.282400 -0.959300
vn -0.046200 -0.286800 -0.956900
vn 0.003300 0.017300 -0.999800
vn 0.089500 0.212300 -0.973100
vn 0.141300 0.301700 -0.942900
vn 0.182000 0.331100 -0.925900
vn 0.356100 0.501900 -0.788200
vn 0.398200 0.471600 -0.786700
vn 0.757900 0.602300 -0.250600
vn 0.653400 0.567200 -0.501400
vn 0.595800 -0.802000 -0.041800
vn 0.256400 -0.679400 -0.687600
vn 0.179300 -0.703800 -0.687400
vn 0.171400 -0.580100 -0.796300
vn 0.171600 -0.580600 -0.795900
vn 0.100500 -0.595000 -0.797400
vn 0.023700 -0.333300 -0.942500
vn 0.016500 -0.352400 -0.935700
vn 0.004000 0.025900 -0.999700
vn 0.312500 0.568500 -0.761000
vn 0.365500 0.536400 -0.760700
vn 0.562200 0.664400 -0.492400
vn 0.623000 0.637700 -0.452900
vn 0.640900 0.646700 -0.413500
vn 0.672000 -0.718800 -0.178200
vn 0.569800 -0.718400 -0.399000
vn 0.469600 -0.787400 -0.399300
vn 0.463000 -0.710900 -0.529400
vn 0.463000 -0.711200 -0.529000
vn 0.359200 -0.767700 -0.530700
vn 0.329800 -0.631400 -0.701800
vn 0.241500 -0.664000 -0.707700
vn 0.069100 -0.409800 -0.909500
vn 0.071600 0.324000 -0.943300
vn 0.071800 0.323700 -0.943400
vn 0.104100 0.336700 -0.935800
vn 0.164600 0.456200 -0.874500
vn 0.181100 0.449300 -0.874900
vn 0.265200 0.577500 -0.772100
vn 0.310300 0.555100 -0.771800
vn 0.489800 0.717500 -0.495300
vn 0.560600 0.693500 -0.452600
vn 0.738100 -0.673400 -0.042300
vn 0.195900 -0.493200 -0.847600
vn 0.088300 -0.403400 -0.910700
vn 0.085400 -0.462300 -0.882600
vn 0.021900 -0.161500 -0.986600
vn 0.075600 -0.976000 -0.204200
vn -0.001000 0.024100 -0.999700
vn 0.001100 0.035000 -0.999400
vn 0.071600 0.322500 -0.943800
vn 0.423300 0.754700 -0.501200
vn 0.486500 0.739800 -0.464800
vn 0.798300 -0.575700 -0.176900
vn 0.694300 -0.595900 -0.403400
vn 0.611400 -0.680700 -0.403400
vn 0.589200 -0.605200 -0.535400
vn 0.589000 -0.604900 -0.535800
vn 0.497300 -0.683200 -0.534700
vn 0.497200 -0.683100 -0.535000
vn 0.448700 -0.570400 -0.688000
vn 0.372600 -0.623500 -0.687400
vn 0.331100 -0.510700 -0.793500
vn 0.255400 -0.551500 -0.794100
vn 0.101400 -0.318700 -0.942400
vn 0.056000 -0.132000 -0.989700
vn 0.010900 0.320200 -0.947300
vn 0.010500 0.320600 -0.947200
vn 0.011000 0.320400 -0.947200
vn 0.045800 0.376400 -0.925300
vn 0.138900 0.624500 -0.768600
vn 0.188100 0.613000 -0.767400
vn 0.245600 0.718000 -0.651300
vn 0.292800 0.701000 -0.650300
vn 0.365200 0.793000 -0.487600
vn 0.416200 0.785100 -0.458700
vn 0.187900 -0.378100 -0.906500
vn -0.011700 0.066300 -0.997700
vn 0.008400 0.331400 -0.943400
vn 0.077300 0.633300 -0.770000
vn 0.138900 0.624300 -0.768800
vn 0.354200 0.881400 -0.312600
vn 0.730200 -0.549500 -0.406000
vn 0.695500 -0.482300 -0.532600
vn 0.619700 -0.576100 -0.533000
vn 0.549300 -0.473200 -0.688700
vn 0.485300 -0.537800 -0.689400
vn 0.425400 -0.438800 -0.791500
vn 0.357700 -0.491300 -0.794200
vn 0.318300 -0.413200 -0.853200
vn 0.197200 -0.360000 -0.911900
vn 0.209200 -0.409800 -0.887900
vn 0.071200 -0.155900 -0.985200
vn -0.022200 0.073900 -0.997000
vn -0.050700 0.317700 -0.946800
vn -0.027000 0.378700 -0.925100
vn 0.016200 0.638900 -0.769100
vn 0.076700 0.636000 -0.767800
vn 0.188400 0.846900 -0.497300
vn 0.252100 0.848200 -0.465900
vn 0.274600 0.878000 -0.392000
vn 0.127400 -0.198900 -0.971700
vn 0.169700 -0.327800 -0.929400
vn -0.010800 0.018400 -0.999800
vn -0.057000 0.333600 -0.941000
vn -0.057300 0.333400 -0.941000
vn -0.045400 0.637300 -0.769300
vn 0.015800 0.640100 -0.768100
vn 0.104200 0.862100 -0.495900
vn 0.175500 0.870100 -0.460600
vn 0.561600 -0.427200 -0.708700
vn 0.516500 -0.365600 -0.774300
vn 0.396700 -0.384800 -0.833400
vn 0.429400 -0.441700 -0.787700
vn 0.276000 -0.282700 -0.918700
vn -0.011500 0.019300 -0.999700
vn -0.110800 0.317600 -0.941700
vn -0.101200 0.375500 -0.921300
vn -0.101300 0.375200 -0.921400
vn -0.107600 0.630400 -0.768800
vn -0.046100 0.638900 -0.767900
vn 0.021300 0.867400 -0.497200
vn 0.091300 0.881000 -0.464200
vn 0.169400 -0.192600 -0.966500
vn -0.033200 0.035500 -0.998800
vn -0.146000 0.295300 -0.944200
vn -0.124700 0.332800 -0.934700
vn -0.124400 0.332600 -0.934800
vn -0.125000 0.332500 -0.934800
vn -0.165900 0.615600 -0.770400
vn -0.107700 0.630600 -0.768600
vn -0.062300 0.865200 -0.497600
vn 0.007100 0.884900 -0.465800
vn 0.262900 -0.203900 -0.943000
vn 0.000300 0.005900 -1.000000
vn -0.007000 0.009400 -0.999900
vn -0.145700 0.295000 -0.944300
vn -0.226400 0.601900 -0.765800
vn -0.169700 0.621100 -0.765200
vn -0.146500 0.855900 -0.496000
vn -0.078600 0.882100 -0.464400
vn 0.339600 -0.240000 -0.909500
vn 0.049700 -0.041900 -0.997900
vn -0.211700 0.282000 -0.935700
vn -0.212000 0.326200 -0.921200
vn -0.284100 0.574700 -0.767500
vn -0.226500 0.602000 -0.765700
vn -0.228400 0.837800 -0.495800
vn -0.162300 0.869300 -0.466900
vn -0.042300 0.038100 -0.998400
vn -0.177800 0.256100 -0.950200
vn -0.324300 0.546100 -0.772400
vn -0.280100 0.570900 -0.771700
vn -0.306000 0.812100 -0.496800
vn -0.244600 0.849000 -0.468300
vn -0.236800 0.213400 -0.947800
vn -0.256700 0.276600 -0.926100
vn -0.384700 0.781500 -0.491100
vn -0.325200 0.823200 -0.465400
vn -0.245500 0.218300 -0.944500
vn -0.434400 0.469000 -0.769000
vn -0.397400 0.500800 -0.769000
vn -0.436200 0.599200 -0.671400
vn -0.407300 0.621100 -0.669500
vn -0.448800 0.752100 -0.482600
vn -0.403700 0.790000 -0.461500
vn -0.306500 0.221900 -0.925600
vn -0.475400 0.422000 -0.771900
vn -0.432500 0.468000 -0.770700
vn -0.511600 0.788900 -0.340400
vn -0.516400 0.374700 -0.770000
vn -0.479400 0.423600 -0.768600
vn -0.593500 0.640300 -0.487700
vn -0.551500 0.689300 -0.469700
vn -0.551300 0.689200 -0.470100
vn -0.564900 0.738700 -0.367700
vn -0.517900 0.375100 -0.768900
vn -0.653300 0.578500 -0.488500
vn -0.653000 0.578400 -0.488900
vn -0.604900 0.642100 -0.471000
vn -0.706100 0.512100 -0.489000
vn -0.666900 0.579400 -0.468500
vn -0.762800 0.440400 -0.473500
vn -0.750400 0.441900 -0.491500
vn -0.552100 0.325300 -0.767700
vn -0.549600 0.324800 -0.769700
vn -0.284700 0.168300 -0.943700
vn -0.275500 0.165300 -0.947000
vn -0.062900 0.037800 -0.997300
vn 0.303600 -0.171300 -0.937300
vn 0.511000 -0.318800 -0.798300
vn 0.620200 -0.345800 -0.704200
vn 0.722300 -0.445600 -0.528800
vn 0.722100 -0.445600 -0.529200
vn 0.722400 -0.445600 -0.528800
vn 0.795600 -0.450400 -0.405100
vn 0.853700 -0.519100 -0.041800
vn -0.826600 0.375000 -0.419700
vn -0.784200 0.381400 -0.489500
vn -0.601800 0.272000 -0.750900
vn -0.579700 0.270100 -0.768800
vn -0.343900 0.160200 -0.925200
vn -0.024100 0.009800 -0.999700
vn 0.413600 -0.185800 -0.891300
vn 0.079500 -0.052100 -0.995500
vn 0.357200 -0.174900 -0.917500
vn 0.397700 -0.202400 -0.894900
vn 0.553200 -0.243900 -0.796500
vn 0.653800 -0.318800 -0.686200
vn 0.776400 -0.342100 -0.529300
vn 0.821700 -0.399100 -0.406800
vn 0.894100 -0.411700 -0.176500
vn 0.879500 -0.417900 -0.227800
vn -0.856600 0.298700 -0.420700
vn -0.852200 0.300800 -0.428100
vn -0.623200 0.219800 -0.750600
vn -0.622600 0.219800 -0.751100
vn -0.312700 0.110400 -0.943400
vn -0.301400 0.109000 -0.947300
vn -0.031100 0.011300 -0.999500
vn 0.297600 -0.120300 -0.947100
vn 0.424500 -0.132300 -0.895700
vn 0.663200 -0.243700 -0.707600
vn 0.687200 -0.241900 -0.685000
vn 0.861500 -0.303200 -0.407400
vn 0.943200 -0.331900 -0.016100
vn -0.880400 0.215800 -0.422300
vn -0.878000 0.217200 -0.426500
vn -0.641700 0.158600 -0.750400
vn -0.640900 0.158700 -0.751100
vn -0.368600 0.091300 -0.925100
vn 0.304600 -0.055300 -0.950900
vn 0.484400 -0.131700 -0.864900
vn 0.728200 -0.167700 -0.664500
vn 0.685100 -0.182900 -0.705100
vn 0.890600 -0.204300 -0.406200
vn 0.932900 -0.253800 -0.255700
vn 0.944400 -0.247300 -0.216600
vn -0.896200 0.131200 -0.423800
vn -0.895500 0.131600 -0.425200
vn -0.895500 0.131500 -0.425200
vn -0.654100 0.096000 -0.750300
vn -0.653400 0.096200 -0.750900
vn -0.333000 0.049000 -0.941700
vn -0.318000 0.050000 -0.946800
vn -0.031100 0.003700 -0.999500
vn -0.025100 0.003500 -0.999700
vn 0.548700 -0.077600 -0.832400
vn 0.405100 -0.037200 -0.913500
vn 0.616800 -0.108200 -0.779600
vn 0.743300 -0.087300 -0.663300
vn 0.888000 -0.152300 -0.433800
vn 0.963500 -0.114900 -0.241800
vn 0.982300 -0.150200 -0.112000
vn -0.909700 0.041500 -0.413200
vn -0.904900 0.045600 -0.423200
vn -0.664800 0.030700 -0.746400
vn -0.659700 0.032700 -0.750800
vn -0.387800 0.019200 -0.921500
vn -0.036700 0.001300 -0.999300
vn 0.290300 -0.030200 -0.956500
vn 0.478900 -0.023900 -0.877500
vn 0.602000 -0.030000 -0.797900
vn 0.626400 -0.022100 -0.779200
vn 0.846100 -0.058700 -0.529700
vn 0.901900 -0.026400 -0.431200
vn 0.979300 -0.049800 -0.196200
vn 0.993100 -0.036000 -0.111400
vn 0.001500 -0.002700 -1.000000
vn 0.003200 0.000900 -1.000000
vn 0.003300 0.000800 -1.000000
vn 0.003300 0.000500 -1.000000
vn 0.000100 0.001800 -1.000000
vn 0.000000 -0.000000 -1.000000
vn 0.002400 -0.003400 -1.000000
vn 0.003300 -0.001000 -1.000000
vn -0.000300 0.001900 -1.000000
vn 0.000000 -0.000100 -1.000000
vn 0.001600 0.003100 -1.000000
vn 0.001700 0.002900 -1.000000
vn 0.001600 0.002800 -1.000000
vn 0.002100 0.002700 -1.000000
vn 0.002200 0.002400 -1.000000
vn -0.003200 0.000600 -1.000000
vn 0.008200 0.001300 -1.000000
vn -0.002000 0.003600 -1.000000
vn 0.004100 0.002500 -1.000000
vn 0.000300 -0.003600 -1.000000
vn -0.005400 -0.000200 -1.000000
vn -0.003200 -0.001900 -1.000000
vn -0.005300 -0.002200 -1.000000
vn -0.000500 -0.003100 -1.000000
vn -0.001700 -0.002300 -1.000000
vn 0.000300 -0.003300 -1.000000
vn 0.002800 -0.000000 -1.000000
vn -0.004000 -0.002500 -1.000000
vn 0.348900 0.795600 -0.495300
vn 0.345100 0.307000 0.886900
vn 0.358900 0.215600 0.908100
vn 0.354600 0.134000 0.925400
vn 0.375500 0.037100 0.926100
vn 0.360700 -0.045500 0.931600
vn 0.359500 -0.133500 0.923600
vn 0.369000 -0.388100 0.844500
vn 0.337300 -0.472200 0.814400
vn 0.332000 -0.618400 0.712300
vn 0.351600 -0.677300 0.646300
vn 0.366900 -0.787200 0.495700
vn 0.380900 -0.821500 0.424300
vn 0.381200 -0.860500 0.338000
vn 0.375400 -0.889700 0.260000
vn 0.360200 -0.915600 0.178900
vn 0.367800 -0.926000 0.085000
vn 0.387000 -0.922100 -0.003400
vn 0.383600 -0.918700 -0.093700
vn 0.367200 -0.913800 -0.173800
vn 0.385700 -0.883500 -0.265700
vn 0.388000 -0.856300 -0.340900
vn 0.395200 -0.815100 -0.423500
vn 0.379500 -0.776400 -0.503100
vn 0.393300 -0.721000 -0.570400
vn 0.369400 -0.668500 -0.645500
vn 0.383000 -0.606300 -0.696900
vn 0.382900 -0.533900 -0.753900
vn 0.396400 -0.454800 -0.797500
vn 0.410500 -0.381900 -0.828000
vn 0.411500 -0.300900 -0.860300
vn 0.414400 -0.216800 -0.883900
vn 0.404800 -0.131800 -0.904900
vn 0.409200 -0.041100 -0.911500
vn 0.228600 -0.579000 0.782600
vn 0.214500 -0.837000 0.503400
vn 0.112600 -0.924800 0.363400
vn 0.216100 -0.961800 0.168200
vn 0.215700 -0.961900 0.168300
vn 0.139200 -0.986900 0.081700
vn 0.228100 -0.972200 0.053300
vn 0.199900 -0.978800 -0.044800
vn 0.140700 -0.989600 -0.030800
vn 0.406300 -0.913700 -0.007000
vn 0.050200 -0.993000 -0.106900
vn 0.406800 -0.904900 -0.125400
vn 0.529100 -0.844300 -0.085300
vn 0.183900 -0.961400 -0.204500
vn 0.183700 -0.961400 -0.204800
vn 0.215400 -0.957200 -0.193100
vn 0.555000 -0.809600 -0.191000
vn 0.529700 -0.828200 -0.183100
vn 0.798300 -0.587900 -0.130800
vn 0.218200 -0.923700 -0.314900
vn 0.218300 -0.923800 -0.314600
vn 0.218100 -0.923900 -0.314400
vn 0.229100 -0.920200 -0.317300
vn 0.228700 -0.920300 -0.317300
vn 0.529300 -0.809600 -0.253700
vn 0.555300 -0.790700 -0.257600
vn 0.793500 -0.578800 -0.188000
vn 0.799700 -0.570100 -0.188400
vn 0.040400 -0.909700 -0.413400
vn 0.430400 -0.834200 -0.344700
vn 0.529200 -0.770700 -0.355100
vn 0.528900 -0.770700 -0.355300
vn 0.780400 -0.576400 -0.242200
vn 0.794500 -0.557300 -0.241400
vn 0.943600 -0.303400 -0.132800
vn 0.109700 -0.874500 -0.472500
vn 0.180600 -0.859600 -0.477900
vn 0.410500 -0.797200 -0.442700
vn 0.433000 -0.784100 -0.444600
vn 0.688200 -0.640900 -0.340100
vn 0.780600 -0.537400 -0.319100
vn 0.876100 -0.425400 -0.226900
vn 0.909100 -0.364400 -0.201900
vn 0.990500 -0.122800 -0.061900
vn 0.109900 -0.814300 -0.569900
vn 0.211000 -0.814600 -0.540200
vn 0.411700 -0.741200 -0.530300
vn 0.551000 -0.693200 -0.464600
vn 0.689400 -0.588300 -0.422700
vn 0.782600 -0.517200 -0.346400
vn 0.910300 -0.330200 -0.249800
vn 0.219900 -0.736400 -0.639800
vn 0.225300 -0.734700 -0.639900
vn 0.415100 -0.705100 -0.574900
vn 0.414900 -0.705000 -0.575200
vn 0.551200 -0.630300 -0.546600
vn 0.685600 -0.564200 -0.460000
vn 0.839200 -0.399800 -0.368700
vn 0.887900 -0.362600 -0.283000
vn 0.990800 -0.101000 -0.089500
vn 0.013700 -0.696000 -0.717900
vn 0.415100 -0.635300 -0.651300
vn 0.417000 -0.634100 -0.651100
vn 0.690000 -0.505700 -0.517800
vn 0.686600 -0.509000 -0.519200
vn 0.882400 -0.327100 -0.338200
vn 0.823800 -0.412100 -0.389300
vn 0.975900 -0.145400 -0.163000
vn 0.999700 -0.020800 -0.013000
vn 0.999500 0.021100 0.022000
vn 0.946500 0.223500 0.232900
vn 0.165100 -0.623300 -0.764400
vn 0.165700 -0.623500 -0.764100
vn 0.213300 -0.626500 -0.749600
vn 0.414400 -0.557900 -0.719000
vn 0.555700 -0.529700 -0.640800
vn 0.691300 -0.442000 -0.571700
vn 0.800900 -0.385300 -0.458300
vn 0.911100 -0.242800 -0.332900
vn 0.916800 -0.246100 -0.314500
vn 0.999900 0.008900 0.006200
vn 0.917900 0.242800 0.313800
vn 0.110000 -0.553100 -0.825800
vn 0.226900 -0.519800 -0.823600
vn 0.403600 -0.512400 -0.758000
vn 0.556300 -0.443600 -0.702600
vn 0.701700 -0.403200 -0.587500
vn 0.802300 -0.311700 -0.509200
vn 0.950100 -0.179200 -0.255500
vn 0.930700 -0.223900 -0.289100
vn 0.999400 0.019000 0.029700
vn 0.951400 0.166300 0.259100
vn 0.926200 0.217400 0.308000
vn 0.758800 0.351700 0.548200
vn 0.198000 -0.436700 -0.877500
vn 0.110200 -0.461600 -0.880200
vn 0.407500 -0.424000 -0.808800
vn 0.407100 -0.424200 -0.808900
vn 0.404900 -0.425400 -0.809400
vn 0.681000 -0.340500 -0.648300
vn 0.706500 -0.319700 -0.631400
vn 0.860200 -0.246100 -0.446700
vn 0.946100 -0.133500 -0.295000
vn 0.922500 0.168500 0.347300
vn 0.759500 0.308000 0.573000
vn 0.666600 0.328000 0.669300
vn 0.012800 -0.377000 -0.926100
vn 0.409300 -0.342900 -0.845500
vn 0.407200 -0.344000 -0.846100
vn 0.683500 -0.275100 -0.676200
vn 0.682300 -0.275900 -0.677000
vn 0.901900 -0.162000 -0.400500
vn 0.877600 -0.186500 -0.441700
vn 0.999700 0.009500 0.020200
vn 0.999600 0.011600 0.023800
vn 0.946600 0.122300 0.298400
vn 0.931700 0.140400 0.334900
vn 0.873300 0.168600 0.457000
vn 0.650400 0.293300 0.700700
vn 0.664900 0.281900 0.691600
vn 0.411000 -0.041900 -0.910700
vn 0.669700 -0.052500 -0.740700
vn 0.749500 -0.015200 -0.661800
vn 0.926000 -0.025400 -0.376700
vn 0.941700 -0.007300 -0.336500
vn 0.932700 0.045900 0.357700
vn 0.932800 0.045300 0.357700
vn 0.959300 0.013200 0.282200
vn 0.779800 0.029400 0.625300
vn 0.796900 0.017800 0.603900
vn 0.529500 0.057700 0.846400
vn 0.433800 0.025800 0.900600
vn 0.050100 0.061800 0.996800
vn 0.424900 -0.138100 -0.894700
vn 0.673900 -0.094300 -0.732800
vn 0.745700 -0.110000 -0.657200
vn 0.949500 -0.032300 -0.312100
vn 0.932300 -0.052200 -0.357800
vn 0.999300 -0.007000 -0.036400
vn 0.999900 -0.001700 -0.016500
vn 0.800100 0.090200 0.593100
vn 0.911200 0.038000 0.410100
vn 0.778100 0.106800 0.618900
vn 0.685900 0.090100 0.722100
vn 0.406200 0.142800 0.902500
vn 0.432100 0.130200 0.892400
vn 0.182800 0.141900 0.972900
vn 0.230100 0.132300 0.964100
vn 0.424300 -0.220200 -0.878300
vn 0.746500 -0.162200 -0.645300
vn 0.750900 -0.158700 -0.641100
vn 0.925900 -0.090700 -0.366800
vn 0.986500 0.037800 0.159200
vn 0.870400 0.122100 0.477100
vn 0.881200 0.112600 0.459100
vn 0.685100 0.173400 0.707500
vn 0.685800 0.172900 0.707000
vn 0.409600 0.216800 0.886100
vn 0.404800 0.218900 0.887800
vn 0.016300 0.239200 0.970800
vn 0.425000 -0.305000 -0.852300
vn 0.751200 -0.221100 -0.621900
vn 0.753700 -0.218800 -0.619700
vn 0.940400 -0.113300 -0.320700
vn 0.946900 -0.103500 -0.304500
vn 0.995300 -0.032100 -0.091400
vn 0.989300 0.059800 0.133000
vn 0.989400 0.059200 0.132700
vn 0.989400 0.059100 0.132800
vn 0.901600 0.144100 0.407900
vn 0.663500 0.248400 0.705800
vn 0.685200 0.231000 0.690700
vn 0.408600 0.317000 0.855900
vn 0.256900 0.298700 0.919100
vn 0.216900 0.310800 0.925400
vn 0.423400 -0.384600 -0.820300
vn 0.747900 -0.282900 -0.600500
vn 0.756700 -0.274400 -0.593500
vn 0.920500 -0.163800 -0.354600
vn 0.998200 -0.026000 -0.054400
vn 0.906500 0.160600 0.390400
vn 0.867400 0.205500 0.453200
vn 0.697400 0.296800 0.652400
vn 0.662700 0.323500 0.675400
vn 0.403100 0.372300 0.836000
vn 0.242800 0.431200 0.869000
vn 0.173200 0.421700 0.890000
vn 0.416800 -0.459400 -0.784300
vn 0.669700 -0.392800 -0.630300
vn 0.754100 -0.317400 -0.574900
vn 0.926300 -0.196700 -0.321300
vn 0.941400 -0.163200 -0.295000
vn 1.000000 -0.006800 -0.007200
vn 0.964300 0.132700 0.229100
vn 0.941200 0.165300 0.294800
vn 0.866400 0.264500 0.423500
vn 0.776900 0.311000 0.547400
vn 0.697600 0.379400 0.607800
vn 0.423800 0.452400 0.784700
vn 0.403000 0.463400 0.789200
vn 0.020200 0.506800 0.861800
vn 0.418900 -0.537200 -0.732100
vn 0.669200 -0.439400 -0.599300
vn 0.675700 -0.433200 -0.596400
vn 0.932500 -0.211900 -0.292500
vn 0.932500 -0.211800 -0.292400
vn 0.999300 -0.023000 -0.028900
vn 1.000000 0.003700 0.000000
vn 0.953100 0.166100 0.253100
vn 0.777500 0.379200 0.501700
vn 0.712200 0.396700 0.579200
vn 0.409100 0.542200 0.733900
vn 0.421400 0.534700 0.732400
vn 0.111000 0.585000 0.803400
vn 0.204200 0.558200 0.804200
vn 0.203700 0.558300 0.804200
vn 0.408000 -0.606100 -0.682800
vn 0.666100 -0.495900 -0.557100
vn 0.677300 -0.485100 -0.553100
vn 0.915600 -0.265300 -0.302200
vn 0.990800 0.086200 0.104400
vn 0.910300 0.284100 0.301000
vn 0.926100 0.255000 0.278200
vn 0.778800 0.405000 0.479000
vn 0.703900 0.485100 0.518800
vn 0.422600 0.596000 0.682800
vn 0.410200 0.603100 0.684100
vn 0.188200 0.650300 0.736000
vn 0.110300 0.668100 0.735900
vn 0.427800 -0.667600 -0.609300
vn 0.673100 -0.533100 -0.512600
vn 0.742900 -0.499200 -0.446100
vn 0.954100 -0.209300 -0.214100
vn 0.936200 -0.254900 -0.242000
vn 0.992700 -0.089900 -0.080800
vn 0.916800 0.276600 0.288100
vn 0.777100 0.473600 0.414400
vn 0.668300 0.533600 0.518300
vn 0.399100 0.677400 0.618000
vn 0.420800 0.664000 0.618100
vn 0.018400 0.732200 0.680900
vn 0.422700 -0.720900 -0.549200
vn 0.654400 -0.612300 -0.443700
vn 0.748600 -0.519600 -0.411700
vn 0.873900 -0.396100 -0.281800
vn 0.996300 -0.067500 -0.052300
vn 0.990600 0.108500 0.083100
vn 0.875100 0.386200 0.291700
vn 0.890200 0.359200 0.280100
vn 0.687000 0.571900 0.448300
vn 0.668800 0.589700 0.452700
vn 0.409000 0.723700 0.555800
vn 0.398900 0.729400 0.555800
vn 0.109900 0.790400 0.602700
vn 0.203600 0.764900 0.611100
vn 0.433400 -0.769500 -0.469100
vn 0.658500 -0.633700 -0.406000
vn 0.744300 -0.574400 -0.340700
vn 0.879200 -0.394900 -0.266400
vn 0.936600 -0.300900 -0.179800
vn 0.999700 -0.019600 -0.011800
vn 0.883500 0.401100 0.242000
vn 0.914000 0.356000 0.194500
vn 0.776600 0.526300 0.346300
vn 0.682500 0.628900 0.372400
vn 0.435400 0.759800 0.482800
vn 0.410700 0.774200 0.481600
vn 0.187600 0.833800 0.519300
vn 0.109300 0.850700 0.514200
vn 0.433000 -0.809900 -0.395700
vn 0.743100 -0.601500 -0.293400
vn 0.750900 -0.591600 -0.293400
vn 0.941200 -0.302700 -0.149700
vn 0.943400 -0.296700 -0.148200
vn 0.997600 -0.063400 -0.028500
vn 0.994900 0.092600 0.040300
vn 0.902600 0.383800 0.194900
vn 0.881000 0.423700 0.210500
vn 0.776000 0.564900 0.280600
vn 0.777900 0.562300 0.280500
vn 0.437200 0.805200 0.400600
vn 0.431700 0.808700 0.399700
vn 0.018100 0.896600 0.442500
vn 0.427800 -0.847000 -0.315600
vn 0.745300 -0.624800 -0.232800
vn 0.751200 -0.617400 -0.233600
vn 0.921200 -0.363900 -0.138000
vn 0.997000 -0.072600 -0.025400
vn 0.941700 0.313700 0.122000
vn 0.801200 0.557700 0.216800
vn 0.774700 0.594000 0.216900
vn 0.532100 0.785300 0.316500
vn 0.434100 0.848300 0.303100
vn 0.197100 0.915800 0.350100
vn 0.230600 0.906800 0.352800
vn 0.425200 -0.873300 -0.237700
vn 0.667100 -0.723700 -0.176900
vn 0.750900 -0.632300 -0.190300
vn 0.925600 -0.366800 -0.092800
vn 0.941200 -0.323600 -0.097600
vn 0.995900 0.088400 0.019700
vn 0.903500 0.413600 0.112300
vn 0.904100 0.412300 0.112100
vn 0.800100 0.578800 0.157600
vn 0.799300 0.580000 0.157500
vn 0.531400 0.817500 0.222000
vn 0.532400 0.816800 0.222300
vn 0.068900 0.962500 0.262300
vn 0.427100 -0.892500 -0.145100
vn 0.671800 -0.728000 -0.136900
vn 0.745100 -0.659800 -0.097500
vn 0.947200 -0.313700 -0.066000
vn 0.931900 -0.357300 -0.062200
vn 0.999900 -0.015800 0.000600
vn 0.999900 -0.015300 0.000600
vn 0.957100 0.285700 0.048700
vn 0.799400 0.592200 0.101000
vn 0.798900 0.592900 0.100900
vn 0.799200 0.592500 0.100800
vn 0.551600 0.822300 0.139800
vn 0.530000 0.837300 0.134300
vn 0.227800 0.956800 0.180800
vn 0.217900 0.959600 0.178200
vn 0.433100 -0.899300 -0.060400
vn 0.743200 -0.667600 -0.044800
vn 0.751000 -0.658500 -0.048600
vn 0.921600 -0.387000 -0.028600
vn 0.999800 -0.018300 -0.004100
vn 0.999800 -0.020300 -0.003900
vn 0.999800 -0.020100 -0.004200
vn 0.959100 0.282700 0.012900
vn 0.789200 0.613400 0.030500
vn 0.796700 0.603600 0.031600
vn 0.685300 0.725200 0.066500
vn 0.552000 0.832500 0.047800
vn 0.407100 0.909900 0.079500
vn 0.214000 0.975400 0.052300
vn 0.112100 0.990600 0.078700
vn 0.426200 -0.904400 0.021900
vn 0.667400 -0.743700 0.037200
vn 0.749100 -0.662500 -0.000800
vn 0.925800 -0.377700 0.016500
vn 0.926000 -0.377300 0.016400
vn 0.941700 -0.336400 -0.000900
vn 0.994200 0.107400 0.001000
vn 0.889000 0.457600 -0.013800
vn 0.836200 0.548400 0.010400
vn 0.684200 0.728700 -0.030000
vn 0.530000 0.848000 -0.002600
vn 0.406300 0.913000 -0.037100
vn 0.196100 0.980400 -0.021200
vn 0.111400 0.993100 -0.036000
vn 0.423700 -0.898900 0.111700
vn 0.643800 -0.759300 0.094500
vn 0.672300 -0.735900 0.080400
vn 0.875100 -0.478500 0.072100
vn 0.929800 -0.366600 0.032400
vn 0.973400 -0.226300 0.035000
vn 0.997900 -0.064900 0.008000
vn 0.945200 0.324500 -0.035700
vn 0.797100 0.600000 -0.068300
vn 0.784300 0.615900 -0.074900
vn 0.529600 0.842100 -0.102200
vn 0.530100 0.841800 -0.101900
vn 0.068600 0.990400 -0.119900
vn 0.427600 -0.881100 0.201800
vn 0.650200 -0.744100 0.153300
vn 0.742400 -0.650700 0.159500
vn 0.874900 -0.476100 0.089000
vn 0.941700 -0.326900 0.079700
vn 0.995400 0.094800 -0.014500
vn 0.909100 0.406600 -0.090700
vn 0.867800 0.486800 -0.099600
vn 0.794100 0.590800 -0.142600
vn 0.684900 0.714200 -0.144200
vn 0.529200 0.824600 -0.199900
vn 0.407000 0.895100 -0.182000
vn 0.111900 0.968400 -0.223000
vn 0.111400 0.968400 -0.223100
vn 0.112000 0.968400 -0.222900
vn 0.205800 0.959800 -0.190900
vn 0.205500 0.959900 -0.190500
vn 0.430900 -0.856700 0.283300
vn 0.742900 -0.635600 0.210300
vn 0.748100 -0.630900 0.205600
vn 0.943500 -0.315000 0.102600
vn 0.943600 -0.314700 0.102500
vn 0.997200 0.074000 -0.006500
vn 0.911600 0.384900 -0.144500
vn 0.804800 0.568900 -0.169100
vn 0.684900 0.688900 -0.237300
vn 0.553100 0.796400 -0.244600
vn 0.405700 0.865300 -0.294500
vn 0.228000 0.931100 -0.284800
vn 0.110600 0.942100 -0.316400
vn 0.111100 0.942100 -0.316400
vn 0.110900 0.942100 -0.316600
vn 0.434800 -0.823700 0.363800
vn 0.747900 -0.607100 0.268400
vn 0.750300 -0.605200 0.266100
vn 0.924300 -0.349400 0.153600
vn 0.994000 0.100900 -0.042700
vn 0.874500 0.446600 -0.189000
vn 0.874100 0.447400 -0.189300
vn 0.804400 0.538400 -0.251100
vn 0.683600 0.674100 -0.279900
vn 0.551400 0.759400 -0.345400
vn 0.404700 0.843400 -0.353500
vn 0.214200 0.887900 -0.407200
vn 0.168900 0.900600 -0.400500
vn 0.429600 -0.788700 0.439800
vn 0.637700 -0.664600 0.389500
vn 0.752900 -0.584400 0.302800
vn 0.868400 -0.429000 0.248800
vn 0.942700 -0.295100 0.155300
vn 0.975100 -0.192700 0.110100
vn 0.999900 -0.014500 0.006900
vn 0.999600 -0.023800 0.013700
vn 0.782900 0.543200 -0.303200
vn 0.916400 0.338500 -0.213400
vn 0.799800 0.531400 -0.279200
vn 0.681900 0.633100 -0.366300
vn 0.525000 0.752400 -0.397800
vn 0.525600 0.752100 -0.397700
vn 0.403800 0.792600 -0.456800
vn 0.042600 0.880700 -0.471800
vn 0.353400 -0.731100 0.583600
vn 0.428700 -0.745400 0.510400
vn 0.652600 -0.625400 0.427800
vn 0.641900 -0.630500 0.436400
vn 0.833500 -0.454500 0.314100
vn 0.971500 0.199700 -0.127400
vn 0.853000 0.422100 -0.307100
vn 0.784600 0.501600 -0.364400
vn 0.797300 0.489900 -0.352600
vn 0.683600 0.609000 -0.402300
vn 0.524800 0.691400 -0.496500
vn 0.525000 0.691400 -0.496400
vn 0.408900 0.759500 -0.506000
vn 0.409400 0.759200 -0.506000
vn 0.112100 0.812300 -0.572400
vn 0.208200 0.816700 -0.538200
vn 0.421800 -0.688500 0.590000
vn 0.655100 -0.573500 0.491900
vn 0.660100 -0.571700 0.487200
vn 0.870800 -0.387000 0.303200
vn 0.933700 -0.271200 0.233700
vn 0.951100 -0.236200 0.199300
vn 0.999700 -0.016800 0.016400
vn 0.939300 0.246200 -0.239100
vn 0.814300 0.463600 -0.349200
vn 0.680400 0.550500 -0.483700
vn 0.433800 0.694300 -0.574300
vn 0.433400 0.694600 -0.574200
vn 0.409000 0.697600 -0.588200
vn 0.182400 0.751500 -0.634000
vn 0.111600 0.751700 -0.650000
vn 0.414800 -0.636900 0.649900
vn 0.677500 -0.514300 0.525700
vn 0.662100 -0.518500 0.541100
vn 0.916500 -0.276600 0.289100
vn 0.999800 -0.014800 0.015300
vn 0.262800 0.671100 -0.693200
vn 0.943500 0.235600 -0.233000
vn 0.805000 0.420100 -0.418900
vn 0.763100 0.446300 -0.467500
vn 0.526600 0.605700 -0.596400
vn 0.430300 0.618100 -0.657800
vn 0.041300 0.708400 -0.704600
vn 0.348400 -0.542400 0.764500
vn 0.418000 -0.563300 0.712700
vn 0.635800 -0.478700 0.605500
vn 0.683700 -0.467200 0.560700
vn 0.875400 -0.294300 0.383400
vn 0.928600 -0.242900 0.280500
vn 0.973200 -0.141900 0.180700
vn 0.999600 -0.019100 0.022500
vn 0.959000 0.189400 -0.210600
vn 0.898700 0.270800 -0.344900
vn 0.780000 0.386400 -0.492200
vn 0.803000 0.376500 -0.462100
vn 0.562300 0.521900 -0.641500
vn 0.525600 0.526300 -0.668400
vn 0.227200 0.623000 -0.748600
vn 0.217800 0.622100 -0.752100
vn 0.423500 -0.496100 0.758000
vn 0.666400 -0.408100 0.624000
vn 0.642800 -0.409600 0.647400
vn 0.875100 -0.277000 0.396800
vn 0.925700 -0.198500 0.322100
vn 0.931800 0.174600 -0.318100
vn 0.961300 0.153800 -0.228800
vn 0.803000 0.333200 -0.494200
vn 0.779700 0.340200 -0.525600
vn 0.551400 0.454000 -0.699900
vn 0.561300 0.453400 -0.692400
vn 0.226300 0.534400 -0.814400
vn 0.214800 0.532100 -0.819000
vn 0.431200 -0.416000 0.800600
vn 0.671100 -0.358400 0.648900
vn 0.737700 -0.304700 0.602400
vn 0.952700 -0.155400 0.261300
vn 0.931500 -0.168900 0.322100
vn 1.000000 0.000900 0.002400
vn 1.000000 -0.001300 0.009100
vn 0.912500 0.194300 -0.359900
vn 0.911700 0.208700 -0.353800
vn 0.800900 0.267400 -0.535700
vn 0.665000 0.364300 -0.652000
vn 0.549700 0.375500 -0.746200
vn 0.253700 0.459200 -0.851400
vn 0.216000 0.450500 -0.866200
vn 0.351200 -0.305800 0.884900
vn 0.428100 -0.339700 0.837500
vn 0.662900 -0.264800 0.700300
vn 0.741500 -0.267000 0.615600
vn 0.923800 -0.136800 0.357500
vn 1.000000 -0.004600 -0.001900
vn 0.975800 0.091600 -0.198500
vn 0.975900 0.091000 -0.198200
vn 0.823600 0.190900 -0.534000
vn 0.881800 0.178100 -0.436700
vn 0.664300 0.281300 -0.692600
vn 0.665900 0.281500 -0.690900
vn 0.254000 0.365600 -0.895400
vn 0.243000 0.362000 -0.899900
vn 0.337500 -0.218100 0.915700
vn 0.424700 -0.258500 0.867600
vn 0.644100 -0.217800 0.733300
vn 0.667100 -0.220500 0.711500
vn 0.874900 -0.124100 0.468200
vn 0.932600 -0.115400 0.342000
vn 0.973100 -0.063500 0.221300
vn 0.998300 -0.017100 0.056000
vn 0.994400 0.031700 -0.101000
vn 0.907500 0.110200 -0.405300
vn 0.837100 0.179000 -0.517000
vn 0.663200 0.198100 -0.721800
vn 0.553600 0.253100 -0.793300
vn 0.225300 0.266600 -0.937100
vn 0.244600 0.273800 -0.930200
vn 0.422700 -0.168800 0.890400
vn 0.647900 -0.158600 0.745000
vn 0.745400 -0.111700 0.657200
vn 0.874800 -0.107200 0.472600
vn 0.934800 -0.063000 0.349700
vn 0.945000 0.066500 -0.320200
vn 0.779700 0.125000 -0.613500
vn 0.793400 0.127700 -0.595200
vn 0.553000 0.145600 -0.820300
vn 0.433900 0.190500 -0.880600
vn 0.214500 0.169300 -0.961900
vn 0.170100 0.181900 -0.968500
vn 0.426500 -0.084900 0.900500
vn 0.742600 -0.062800 0.666800
vn 0.747700 -0.065100 0.660800
vn 0.942100 -0.033000 0.333800
vn 0.942500 -0.033100 0.332600
vn 0.998900 -0.001800 0.047900
vn 0.995700 0.008900 -0.092200
vn 0.904100 0.041200 -0.425300
vn 0.904000 0.041000 -0.425600
vn 0.912600 0.043100 -0.406500
vn 0.912800 0.042900 -0.406100
vn 0.778800 0.045000 -0.625700
vn 0.707800 0.086000 -0.701200
vn 0.407500 0.077800 -0.909900
vn 0.432000 0.087100 -0.897600
vn 0.016400 0.096500 -0.995200
vn 0.429500 0.002400 0.903100
vn 0.743200 0.001500 0.669100
vn 0.746900 -0.000600 0.664900
vn 0.921800 -0.000300 0.387800
vn 0.999800 -0.002800 0.018300
vn 0.999300 0.000500 0.036600
vn 0.720800 -0.009000 -0.693000
vn 0.932600 0.001000 -0.360900
vn 0.707400 0.001900 -0.706800
vn 0.704200 0.000200 -0.710000
vn 0.407300 0.000200 -0.913300
vn 0.406900 0.000100 -0.913500
vn 0.112200 0.000100 -0.993700
vn 0.200000 0.021100 -0.979600
vn 0.111500 -0.107900 -0.987900
vn 0.183100 -0.094700 -0.978500
vn 0.406800 -0.088000 -0.909300
vn 0.407200 -0.087800 -0.909100
vn 0.704100 -0.068200 -0.706800
vn 0.707100 -0.066400 -0.704000
vn 0.906900 -0.039300 -0.419500
vn 0.907100 -0.039500 -0.419100
vn 0.887600 -0.050800 -0.457800
vn 0.990900 -0.010100 -0.134000
vn 0.941600 0.023500 0.335800
vn 0.941600 0.023100 0.336000
vn 0.926000 0.043500 0.375000
vn 0.925900 0.043900 0.375300
vn 0.746500 0.047100 0.663700
vn 0.665700 0.089500 0.740800
vn 0.427900 0.086000 0.899700
vn 0.016300 -0.192100 -0.981200
vn 0.406600 -0.175700 -0.896500
vn 0.408400 -0.174900 -0.895900
vn 0.703700 -0.136600 -0.697200
vn 0.686100 -0.148800 -0.712100
vn 0.910000 -0.060600 -0.410100
vn 0.996900 0.016900 0.076600
vn 0.972400 0.050300 0.227700
vn 0.930700 0.062200 0.360400
vn 0.870800 0.106400 0.480000
vn 0.668600 0.132300 0.731800
vn 0.668300 0.132400 0.732000
vn 0.638800 0.148000 0.755000
vn 0.639100 0.148200 0.754700
vn 0.427700 0.174200 0.887000
vn 0.229600 -0.270300 -0.935000
vn 0.177700 -0.282000 -0.942800
vn 0.407800 -0.261800 -0.874700
vn 0.409600 -0.261000 -0.874100
vn 0.685200 -0.208000 -0.698000
vn 0.684700 -0.208300 -0.698400
vn 0.880800 -0.134900 -0.454000
vn 0.869400 -0.145800 -0.472100
vn 0.990700 -0.038800 -0.130200
vn 0.838000 0.158100 0.522300
vn 0.642000 0.221900 0.733900
vn 0.647900 0.218300 0.729800
vn 0.419600 0.258200 0.870200
vn 0.113100 -0.960400 0.254500
vn 0.213700 -0.937600 0.274200
vn 0.225500 -0.960300 0.164200
vn 0.225300 -0.960400 0.163900
vn 0.529600 -0.845400 0.070000
vn 0.529600 -0.847400 -0.038300
vn 0.684200 -0.729300 -0.005100
vn 0.685400 -0.721100 -0.100900
vn 0.796300 -0.601900 -0.060500
vn 0.912500 -0.388400 -0.128100
vn 0.994400 0.087100 0.059400
vn 0.934900 0.250900 0.250900
vn 0.264200 0.363800 0.893200
vn 0.495700 0.367200 0.787100
vn 0.181200 -0.919500 0.348900
vn 0.576200 -0.805700 0.137400
vn 0.578700 -0.814100 0.049500
vn 0.959700 -0.274300 -0.061000
vn 0.951400 -0.288100 -0.108900
vn 0.320000 -0.876300 -0.360100
vn 0.999800 0.020200 0.007100
vn 0.973800 0.188600 0.126800
vn 0.954300 0.242700 0.174200
vn 0.927700 0.275600 0.251800
vn 0.772000 0.428800 0.469200
vn 0.770700 0.408000 0.489500
vn 0.673100 0.449300 0.587400
vn 0.671200 0.423000 0.608700
vn 0.480900 0.467700 0.741600
vn 0.450800 0.432800 0.780700
vn 0.442700 0.433700 0.784800
vn 0.013700 -0.896100 0.443700
vn 0.431900 -0.843400 0.319700
vn 0.432300 -0.843200 0.319700
vn 0.434300 -0.873700 0.219100
vn 0.553000 -0.800000 0.232800
vn 0.554300 -0.818700 0.149900
vn 0.775600 -0.628700 0.057400
vn 0.836200 -0.547300 -0.036800
vn 0.789200 -0.611200 -0.059900
vn 0.918000 -0.394700 -0.037900
vn 0.999800 0.021000 0.007300
vn 0.302100 0.541200 0.784700
vn 0.407000 -0.818800 0.404800
vn 0.407800 -0.850000 0.333400
vn 0.407700 -0.850200 0.332900
vn 0.971300 -0.235000 -0.037700
vn 0.999300 0.036500 0.006400
vn 0.943700 0.303100 0.132500
vn 0.936600 0.309100 0.164900
vn 0.874700 0.416400 0.248100
vn 0.874600 0.413000 0.253900
vn 0.732800 0.557500 0.390000
vn 0.732700 0.523200 0.435200
vn 0.666000 0.561000 0.491600
vn 0.663400 0.531700 0.526400
vn 0.479400 0.598300 0.642100
vn 0.458300 0.573200 0.679200
vn 0.413200 0.582200 0.700200
vn 0.243600 -0.768200 0.592100
vn 0.254800 -0.833500 0.490300
vn 0.405700 -0.768500 0.494800
vn 0.406800 -0.818900 0.404900
vn 0.813000 -0.565100 0.140300
vn 0.816900 -0.571300 0.079200
vn 0.864100 -0.494400 0.094300
vn 0.896500 -0.443000 0.006300
vn 0.936900 -0.349300 0.018000
vn 0.999900 0.015300 0.004400
vn 0.999900 0.015200 0.004000
vn 0.932500 0.333600 0.138500
vn 0.318900 0.670700 0.669700
vn 0.169700 -0.716600 0.676500
vn 0.215600 -0.702100 0.678700
vn 0.227100 -0.766700 0.600500
vn 0.685900 -0.652400 0.322300
vn 0.686700 -0.685000 0.243100
vn 0.777200 -0.582900 0.237100
vn 0.779000 -0.601900 0.175700
vn 0.973200 0.225000 0.047100
vn 0.932200 0.350400 0.090400
vn 0.918200 0.376800 0.122200
vn 0.768100 0.579000 0.273500
vn 0.767700 0.566200 0.300000
vn 0.649800 0.659300 0.378200
vn 0.651700 0.630200 0.422100
vn 0.529700 0.690800 0.492100
vn 0.519400 0.661700 0.540700
vn 0.421200 0.696600 0.580800
vn 0.041900 -0.673700 0.737800
vn 0.689800 -0.621400 0.371500
vn 0.689500 -0.650000 0.319400
vn 0.977000 -0.211100 0.028800
vn 0.797400 -0.601600 0.047200
vn 0.999700 0.024000 -0.001000
vn 0.999700 0.023300 -0.001200
vn 0.320300 0.782900 0.533400
vn 0.446100 0.751700 0.485800
vn 0.176600 -0.575700 0.798400
vn 0.430300 -0.585700 0.686900
vn 0.430000 -0.585700 0.687000
vn 0.432800 -0.672100 0.600700
vn 0.555900 -0.598200 0.577100
vn 0.554800 -0.670300 0.492900
vn 0.665500 -0.582400 0.466800
vn 0.666600 -0.633100 0.393400
vn 0.883000 -0.420900 0.207800
vn 0.883000 -0.420500 0.208300
vn 0.912800 -0.389500 0.122600
vn 0.872000 -0.472400 0.128100
vn 0.989900 -0.134000 0.047100
vn 0.942900 0.333100 0.008100
vn 0.935200 0.352200 0.037000
vn 0.935200 0.352300 0.037200
vn 0.935300 0.351800 0.037300
vn 0.874400 0.479700 0.073300
vn 0.874600 0.476400 0.090100
vn 0.659000 0.715700 0.231200
vn 0.659300 0.715400 0.231300
vn 0.655900 0.697300 0.289000
vn 0.494900 0.789900 0.362200
vn 0.473900 0.780100 0.408600
vn 0.437000 0.794200 0.422300
vn 0.901500 -0.367600 0.228400
vn 0.871500 -0.437400 0.221800
vn 0.871300 -0.437600 0.222000
vn 0.996100 0.086400 -0.016700
vn 0.943600 0.330900 0.008500
vn 0.665300 0.727100 0.169300
vn 0.661200 0.713600 0.231600
vn 0.336200 0.868600 0.363900
vn 0.428700 -0.545000 0.720600
vn 0.531300 -0.482200 0.696600
vn 0.531900 -0.575500 0.621200
vn 0.798700 -0.448100 0.401600
vn 0.799400 -0.485300 0.354200
vn 0.858800 -0.405300 0.313300
vn 0.954600 -0.266500 0.133300
vn 0.993400 0.111100 -0.029900
vn 0.946900 0.317400 -0.051000
vn 0.925200 0.378600 -0.027100
vn 0.770200 0.637600 0.016200
vn 0.770000 0.634600 0.066200
vn 0.645200 0.756700 0.105600
vn 0.643800 0.747200 0.165200
vn 0.325100 0.899800 0.291100
vn 0.447900 0.858900 0.248400
vn 0.777000 -0.411900 0.476000
vn 0.778400 -0.458700 0.428700
vn 0.970800 -0.201300 0.130300
vn 0.970900 -0.201000 0.129900
vn 0.913400 -0.361400 0.187200
vn 0.999800 0.018200 -0.010700
vn 0.973800 0.218000 -0.064000
vn 0.943500 0.321300 -0.081000
vn 0.943800 0.326000 -0.055100
vn 0.745700 0.664600 -0.047600
vn 0.744400 0.667700 0.006000
vn 0.328300 0.922400 0.203700
vn 0.442200 0.880900 0.168900
vn 0.796200 -0.363400 0.483800
vn 0.796600 -0.402300 0.451100
vn 0.928200 -0.271900 0.254100
vn 0.999900 0.011200 -0.005900
vn 0.746400 0.656200 -0.110700
vn 0.744200 0.666100 -0.048500
vn 0.538100 0.842200 0.033400
vn 0.536300 0.838700 0.094800
vn 0.327700 0.937300 0.118900
vn 0.445600 0.891400 0.082900
vn 0.783000 -0.366800 0.502400
vn 0.958200 -0.190300 0.213700
vn 0.949600 -0.234800 0.207700
vn 0.999700 0.015900 -0.015800
vn 0.970500 0.213600 -0.112100
vn 0.952100 0.275600 -0.132700
vn 0.867800 0.476300 -0.141700
vn 0.772600 0.615500 -0.155400
vn 0.769700 0.631500 -0.093300
vn 0.376900 0.926200 0.014000
vn 0.459500 0.888200 -0.005100
vn 0.928300 -0.219200 0.300200
vn 1.000000 0.005600 0.000600
vn 0.999900 0.011000 -0.010600
vn 0.886400 0.417200 -0.200800
vn 0.836100 0.513500 -0.193100
vn 0.365900 0.928200 -0.067800
vn 0.450300 0.888400 -0.089300
vn 0.911800 -0.237500 0.335000
vn 0.997900 -0.041900 0.049500
vn 0.937800 0.275700 -0.211000
vn 0.930200 0.307500 -0.200400
vn 0.877900 0.411100 -0.245600
vn 0.877700 0.429500 -0.212500
vn 0.640800 0.718300 -0.271000
vn 0.640100 0.737400 -0.215700
vn 0.479000 0.850700 -0.216500
vn 0.463000 0.870300 -0.168200
vn 0.435800 0.884900 -0.164300
vn 0.435800 0.884900 -0.164200
vn 0.998400 0.038100 -0.042200
vn 0.933100 0.284000 -0.220800
vn 0.642800 0.687100 -0.338700
vn 0.642600 0.717100 -0.269800
vn 0.361600 0.896700 -0.255400
vn 0.956600 0.195200 -0.216500
vn 0.914100 0.292700 -0.280700
vn 0.786300 0.504200 -0.357100
vn 0.785800 0.516000 -0.340900
vn 0.641700 0.657100 -0.395600
vn 0.637600 0.690100 -0.342300
vn 0.343900 0.879000 -0.330400
vn 0.432100 0.836000 -0.338100
vn 0.866000 0.355800 -0.351300
vn 0.345300 0.842100 -0.414400
vn 0.420200 0.805800 -0.417300
vn 0.927800 0.224300 -0.298200
vn 0.665800 0.549800 -0.504500
vn 0.663300 0.585800 -0.465600
vn 0.541400 0.673100 -0.503800
vn 0.539200 0.709800 -0.453200
vn 0.761300 0.395800 -0.513600
vn 0.741500 0.433600 -0.512100
vn 0.644100 0.517900 -0.563000
vn 0.642900 0.558300 -0.524400
vn 0.404900 0.726400 -0.555400
vn 0.730700 0.402800 -0.551200
vn 0.379900 0.673900 -0.633700
vn 0.419700 0.653700 -0.629700
vn 0.392400 0.606400 -0.691700
vn 0.425700 0.589500 -0.686400
vn 0.403400 0.462900 -0.789300
vn 0.756000 0.334200 -0.562900
vn 0.735200 0.336100 -0.588700
vn 0.940100 0.169000 -0.295900
vn 0.951200 0.159000 -0.264400
vn 0.951100 0.158600 -0.264900
vn 0.997300 0.037800 -0.062900
vn 0.946200 -0.159500 0.281600
vn 0.778400 -0.309600 0.546100
vn 0.781800 -0.308900 0.541700
vn 0.527200 -0.446800 0.722800
vn 0.426900 -0.443900 0.787800
vn 0.042300 -0.519300 0.853500
vn 0.416300 0.455600 -0.786900
vn 0.391300 0.542500 -0.743400
vn 0.420500 0.526700 -0.738700
vn 0.421400 0.377800 -0.824400
vn 0.425200 0.378700 -0.822100
vn 0.749400 0.278600 -0.600700
vn 0.755100 0.278500 -0.593500
vn 0.924000 0.162300 -0.346400
vn 0.999700 0.008700 -0.022500
vn 0.974800 -0.093700 0.202600
vn 0.924300 -0.165000 0.344200
vn 0.928000 -0.162200 0.335400
vn 0.778100 -0.273400 0.565500
vn 0.526500 -0.343600 0.777600
vn 0.432900 -0.395700 0.809900
vn 0.175600 -0.411300 0.894400
vn 0.228800 -0.417800 0.879300
vn 0.422600 0.298700 -0.855700
vn 0.429700 0.300800 -0.851400
vn 0.753700 0.218700 -0.619800
vn 0.750100 0.218300 -0.624200
vn 0.941600 0.111200 -0.317900
vn 0.946900 0.109300 -0.302400
vn 0.999600 0.009300 -0.025600
vn 0.951100 -0.113800 0.287200
vn 0.777500 -0.194800 0.597900
vn 0.706400 -0.252700 0.661100
vn 0.411300 -0.294300 0.862700
vn 0.431400 -0.299300 0.851100
vn 0.015400 -0.331300 0.943400
vn 0.015500 -0.331800 0.943200
vn 0.422700 0.215600 -0.880200
vn 0.428200 0.217500 -0.877100
vn 0.749700 0.159100 -0.642400
vn 0.753600 0.160000 -0.637600
vn 0.924200 0.093000 -0.370500
vn 0.943800 -0.063400 0.324300
vn 0.865200 -0.131400 0.483800
vn 0.664200 -0.167300 0.728600
vn 0.704500 -0.182400 0.685900
vn 0.408600 -0.203700 0.889700
vn 0.255900 -0.254000 0.932700
vn 0.215800 -0.247400 0.944600
vn 0.409800 0.132200 -0.902600
vn 0.425900 0.136900 -0.894400
vn 0.425900 0.136800 -0.894400
vn 0.672200 0.093000 -0.734500
vn 0.750600 0.112000 -0.651200
vn 0.927700 0.046500 -0.370500
vn 0.946800 0.049900 -0.317900
vn 0.999500 0.003700 -0.031100
vn 0.999800 0.003400 -0.019000
vn 0.667400 -0.113400 0.736000
vn 0.913600 -0.037200 0.405000
vn 0.779400 -0.108300 0.617000
vn 0.663000 -0.087400 0.743500
vn 0.434200 -0.152400 0.887800
vn 0.241900 -0.114800 0.963500
vn 0.112000 -0.150200 0.982300
vn 0.413200 0.041500 -0.909700
vn 0.407900 0.039400 -0.912200
vn 0.674000 0.049500 -0.737100
vn 0.747500 0.017600 -0.664000
vn 0.916000 0.025900 -0.400500
vn 0.999500 0.003200 -0.032200
vn 0.956500 -0.030200 0.290200
vn 0.877500 -0.023900 0.478900
vn 0.797600 -0.030000 0.602400
vn 0.779100 -0.022100 0.626500
vn 0.529800 -0.058600 0.846100
vn 0.431300 -0.026400 0.901800
vn 0.196100 -0.049800 0.979300
vn 0.111500 -0.036000 0.993100
vn 1.000000 -0.000000 0.000000
vn 1.000000 -0.004000 0.000900
vn 1.000000 -0.002800 0.002000
vn 1.000000 -0.002700 0.002000
vn 1.000000 0.002700 0.002400
vn 1.000000 -0.003400 0.002400
vn 1.000000 -0.001000 0.003300
vn 1.000000 0.001900 -0.000300
vn 1.000000 -0.000400 0.002400
vn 1.000000 -0.005200 -0.001700
vn 1.000000 -0.003500 0.000600
vn 1.000000 -0.003300 0.000300
vn 1.000000 -0.000000 0.002800
vn 1.000000 -0.005300 -0.004300
vn 1.000000 -0.004400 0.001300
vn 1.000000 -0.000600 -0.004200
vn 1.000000 -0.002600 -0.002200
vn 1.000000 -0.001300 0.001300
vn 1.000000 -0.000800 -0.004400
vn 1.000000 -0.001800 -0.003100
vn 1.000000 0.003000 -0.001100
vn 1.000000 -0.001500 -0.002400
vn 1.000000 0.005500 0.003400
vn 1.000000 0.002000 -0.001400
vn 1.000000 -0.000900 0.003800
vn 1.000000 -0.000000 -0.000100
vn 1.000000 0.002800 -0.003600
vn 1.000000 0.001200 -0.003300
vn 1.000000 -0.000300 0.004200
vn 1.000000 0.003100 -0.005500
vn 1.000000 -0.000100 -0.003500
vn 1.000000 0.001600 -0.003100
vn 1.000000 0.001700 -0.002800
vn 1.000000 0.000200 -0.003000
vn 1.000000 0.001900 0.001400
vn -0.898100 0.061700 -0.435400
vn -0.894000 0.127800 -0.429400
vn -0.893000 0.204500 -0.401000
vn -0.897700 0.321300 -0.301600
vn -0.897600 0.379500 -0.224100
vn -0.893000 0.447600 -0.048200
vn -0.905100 0.424900 0.017600
vn -0.898100 0.428800 0.097400
vn -0.888900 0.386000 0.246800
vn -0.898100 0.314300 0.307600
vn -0.894000 0.270300 0.357300
vn -0.888900 0.199500 0.412400
vn -0.898100 0.106700 0.426600
vn -0.894000 0.043100 0.445900
vn -0.888900 -0.045900 0.455900
vn -0.898100 -0.132500 0.419300
vn -0.895200 -0.195700 0.400300
vn -0.898100 -0.332500 0.287800
vn -0.893000 -0.417600 0.168100
vn -0.888900 -0.450500 -0.083400
vn -0.897600 -0.405300 -0.173100
vn -0.897600 -0.292700 -0.329500
vn -0.897700 -0.213500 -0.385500
vn -0.897600 -0.028600 -0.439800
vn -0.924000 -0.035100 -0.380900
vn -0.946400 -0.029600 -0.321600
vn -0.950100 0.005700 -0.311900
vn -0.970000 0.004500 -0.243000
vn -0.980700 0.054300 -0.188100
vn -0.904200 0.070300 -0.421400
vn -0.917200 0.065600 -0.393100
vn -0.929900 0.100100 -0.354000
vn -0.943600 0.090100 -0.318500
vn -0.951000 0.116300 -0.286400
vn -0.965900 0.097500 -0.240000
vn -0.914200 0.243100 -0.324400
vn -0.947500 0.191600 -0.255800
vn -0.978700 0.161800 -0.126600
vn -0.923500 0.282200 -0.259800
vn -0.943600 0.243500 -0.224200
vn -0.948800 0.261100 -0.177500
vn -0.966100 0.213500 -0.145200
vn -0.980400 0.177800 -0.084800
vn -0.900800 0.319400 -0.294100
vn -0.965700 0.240300 -0.098500
vn -0.979000 0.188600 -0.077300
vn -0.888000 0.389600 -0.244400
vn -0.924000 0.324000 -0.203300
vn -0.924000 0.355700 -0.140700
vn -0.947500 0.297200 -0.117600
vn -0.902300 0.400900 -0.158600
vn -0.947200 0.314600 -0.061500
vn -0.965900 0.254200 -0.049700
vn -0.969200 0.244000 -0.032600
vn -0.978400 0.204900 -0.027400
vn -0.981100 0.193300 0.008800
vn -0.908400 0.410500 -0.080200
vn -0.923500 0.376500 -0.073500
vn -0.947500 0.319600 -0.002900
vn -0.965500 0.260400 -0.002400
vn -0.968200 0.246900 0.040900
vn -0.978800 0.202300 0.032800
vn -0.924000 0.382500 -0.003500
vn -0.947500 0.314800 0.055500
vn -0.967400 0.249300 0.044000
vn -0.982700 0.173600 0.064800
vn -0.903400 0.389400 0.179400
vn -0.921900 0.351800 0.162100
vn -0.928300 0.318600 0.191800
vn -0.946400 0.276700 0.166600
vn -0.951000 0.238600 0.196500
vn -0.965000 0.202500 0.166800
vn -0.904200 0.297900 0.306200
vn -0.917200 0.277900 0.285600
vn -0.929900 0.225900 0.290300
vn -0.943600 0.203300 0.261200
vn -0.948800 0.155400 0.274900
vn -0.966100 0.127100 0.224800
vn -0.900800 0.170800 0.399200
vn -0.919800 0.154300 0.360700
vn -0.926200 0.109300 0.361000
vn -0.945200 0.094600 0.312500
vn -0.948800 0.057700 0.310400
vn -0.965500 0.047600 0.256000
vn -0.968600 0.020800 0.247600
vn -0.979000 0.017800 0.203300
vn -0.904200 0.093400 0.416900
vn -0.917200 0.087100 0.388900
vn -0.929900 0.040500 0.365600
vn -0.943600 0.036400 0.329000
vn -0.951000 0.000000 0.309100
vn -0.963200 0.000000 0.268700
vn -0.982400 -0.029100 0.184600
vn -0.900800 -0.063600 0.429500
vn -0.924000 -0.056000 0.378400
vn -0.924000 -0.110800 0.366100
vn -0.946400 -0.093600 0.309100
vn -0.951000 -0.131900 0.279600
vn -0.965000 -0.112000 0.237200
vn -0.924000 -0.286100 0.253800
vn -0.947500 -0.239100 0.212100
vn -0.947500 -0.273800 0.164900
vn -0.966100 -0.221200 0.133200
vn -0.978600 -0.192000 0.073900
vn -0.908400 -0.373100 0.188800
vn -0.917200 -0.355600 0.179900
vn -0.929900 -0.344500 0.129000
vn -0.947200 -0.300200 0.112400
vn -0.978800 -0.204600 0.011500
vn -0.902300 -0.428900 0.043500
vn -0.919800 -0.390300 0.039600
vn -0.926200 -0.377100 -0.003500
vn -0.947500 -0.319600 -0.002900
vn -0.903400 -0.428300 -0.019700
vn -0.921900 -0.386900 -0.017800
vn -0.929900 -0.361000 -0.070500
vn -0.943600 -0.324900 -0.063500
vn -0.948800 -0.297700 -0.105300
vn -0.967400 -0.238900 -0.084500
vn -0.982300 -0.167100 -0.084900
vn -0.900800 -0.422800 -0.098800
vn -0.924000 -0.372500 -0.087100
vn -0.900800 -0.397600 -0.174400
vn -0.917200 -0.364900 -0.160100
vn -0.926200 -0.319500 -0.200400
vn -0.947500 -0.270700 -0.169900
vn -0.968600 -0.183200 -0.168000
vn -0.978600 -0.151700 -0.139000
vn -0.947200 -0.235900 -0.217100
vn -0.968400 -0.183400 -0.168900
vn -0.982300 -0.103900 -0.155800
vn -0.947200 -0.182700 -0.263500
vn -0.961700 -0.156300 -0.225300
vn -0.900800 -0.285100 -0.327400
vn -0.917200 -0.261700 -0.300500
vn -0.929900 -0.209600 -0.302300
vn -0.968700 -0.094800 -0.229300
vn -0.977900 -0.079900 -0.193400
vn -0.981700 -0.053900 -0.182700
vn -0.914200 -0.095900 -0.393900
vn -0.946400 -0.076400 -0.313800
vn -0.951000 -0.050900 -0.304900
vn -0.961400 -0.045300 -0.271400
vn -0.980400 -0.000600 -0.196800
vn -0.978500 0.009400 -0.206100
vn -0.968400 0.010600 -0.249100
vn -0.923500 -0.104400 -0.369100
vn -0.900800 -0.118200 -0.417800
vn -0.897600 -0.124000 -0.422900
vn -0.900800 -0.023900 -0.433600
vn -0.917200 -0.022000 -0.397900
vn -0.926200 0.034600 -0.375500
vn -0.945200 0.029900 -0.325100
vn -0.948800 0.063400 -0.309300
vn -0.966100 0.051800 -0.253000
vn -0.978800 0.067500 -0.193300
vn -0.969100 0.081300 -0.233000
vn -0.965700 0.153200 -0.209800
vn -0.979900 0.117700 -0.161200
vn -0.980200 0.118400 -0.158500
vn -0.967500 0.144000 -0.207700
vn -0.951000 0.176100 -0.254000
vn -0.946400 0.143200 -0.289500
vn -0.926200 0.167200 -0.338000
vn -0.917200 0.150000 -0.369200
vn -0.908400 0.157400 -0.387500
vn -0.979400 0.156500 -0.127500
vn -0.970100 0.188300 -0.153500
vn -0.966400 0.182700 -0.181000
vn -0.947500 0.227000 -0.225000
vn -0.923500 0.218600 -0.315200
vn -0.900800 0.247400 -0.356800
vn -0.905000 0.247100 -0.346200
vn -0.980300 0.193500 -0.040700
vn -0.967500 0.231400 -0.101500
vn -0.951000 0.283100 -0.124200
vn -0.946400 0.273600 -0.171700
vn -0.889800 0.434300 -0.140500
vn -0.900800 0.434100 0.012000
vn -0.917200 0.398300 0.011000
vn -0.926200 0.371400 0.065500
vn -0.947500 0.303200 0.101000
vn -0.962900 0.255900 0.085200
vn -0.904200 0.414100 0.104900
vn -0.917200 0.386300 0.097800
vn -0.929900 0.344500 0.129000
vn -0.943600 0.310000 0.116100
vn -0.948800 0.276300 0.152800
vn -0.966200 0.225600 0.124800
vn -0.969800 0.205700 0.130800
vn -0.978100 0.175400 0.112100
vn -0.981300 0.146300 0.124700
vn -0.894000 0.417300 0.162900
vn -0.900800 0.354600 0.250700
vn -0.919800 0.320300 0.226500
vn -0.926200 0.282100 0.250300
vn -0.947500 0.239100 0.212100
vn -0.969400 0.156000 0.189400
vn -0.977100 0.135400 0.164400
vn -0.980900 0.089500 0.172800
vn -0.970000 0.156300 0.186200
vn -0.947500 0.205400 0.244800
vn -0.969100 0.091700 0.229100
vn -0.978300 0.076900 0.192200
vn -0.981000 0.031700 0.191600
vn -0.968300 0.089800 0.233200
vn -0.950100 0.112000 0.291100
vn -0.946400 0.148500 0.286800
vn -0.928300 0.171000 0.330300
vn -0.921900 0.214800 0.322300
vn -0.903400 0.237800 0.356700
vn -0.981100 -0.086800 0.172800
vn -0.978100 -0.065600 0.197500
vn -0.969800 -0.076300 0.231500
vn -0.963500 -0.058500 0.261100
vn -0.951000 -0.067600 0.301700
vn -0.943600 -0.036400 0.329000
vn -0.929900 -0.040500 0.365600
vn -0.921900 0.014200 0.387100
vn -0.903400 0.015700 0.428500
vn -0.894900 -0.129300 0.427100
vn -0.924000 -0.175800 0.339700
vn -0.947500 -0.146900 0.283800
vn -0.969100 -0.141700 0.202100
vn -0.977700 -0.120400 0.171800
vn -0.900800 -0.199600 0.385600
vn -0.947200 -0.196900 0.253000
vn -0.965900 -0.159100 0.204400
vn -0.981200 -0.145700 0.126500
vn -0.923500 -0.235600 0.302700
vn -0.965700 -0.204500 0.160200
vn -0.979600 -0.158000 0.123800
vn -0.970000 -0.181800 0.161300
vn -0.900800 -0.266700 0.342600
vn -0.897600 -0.267300 0.350400
vn -0.904200 -0.329800 0.271600
vn -0.917200 -0.307600 0.253300
vn -0.926200 -0.323100 0.194500
vn -0.969400 -0.227300 0.092400
vn -0.979500 -0.186800 0.075900
vn -0.967500 -0.236700 0.088600
vn -0.894100 -0.378300 0.239900
vn -0.947500 -0.314800 0.055500
vn -0.966400 -0.253200 0.044700
vn -0.970700 -0.239700 0.013200
vn -0.978700 -0.204700 0.011300
vn -0.980100 -0.195100 -0.037800
vn -0.967500 -0.253000 -0.002300
vn -0.928300 -0.366300 0.064600
vn -0.921900 -0.371700 0.108800
vn -0.888000 -0.441400 0.129200
vn -0.905000 -0.413700 0.098700
vn -0.977300 -0.203400 -0.059500
vn -0.971100 -0.229100 -0.067400
vn -0.966400 -0.254000 -0.040000
vn -0.947500 -0.315700 -0.049700
vn -0.889800 -0.456100 0.017000
vn -0.979200 -0.151300 -0.135400
vn -0.961300 -0.238500 -0.137700
vn -0.951000 -0.267700 -0.154600
vn -0.946400 -0.300400 -0.118800
vn -0.924000 -0.355700 -0.140700
vn -0.929900 -0.270600 -0.249100
vn -0.917200 -0.321100 -0.236000
vn -0.900800 -0.349900 -0.257200
vn -0.897600 -0.357600 -0.257500
vn -0.947200 -0.120600 -0.297000
vn -0.968200 -0.094100 -0.231800
vn -0.900800 -0.206600 -0.381800
vn -0.917200 -0.189700 -0.350500
vn -0.926200 -0.154700 -0.344000
vn -0.951800 -0.125800 -0.279800
vn 0.445700 0.063100 -0.893000
vn 0.407600 0.121400 -0.905000
vn 0.391800 0.199700 -0.898100
vn 0.313600 0.334000 -0.888900
vn 0.224100 0.379500 -0.897600
vn 0.040700 0.438900 -0.897600
vn -0.056300 0.437100 -0.897600
vn -0.237500 0.371300 -0.897600
vn -0.312900 0.310400 -0.897600
vn -0.438500 0.091900 -0.894000
vn -0.441600 -0.087600 -0.892900
vn -0.400300 -0.143700 -0.905100
vn -0.380200 -0.221000 -0.898100
vn -0.283300 -0.337400 -0.897700
vn -0.202800 -0.391300 -0.897600
vn 0.041000 -0.423300 -0.905100
vn 0.184600 -0.405600 -0.895200
vn 0.306300 -0.323700 -0.895200
vn 0.355100 -0.259400 -0.898100
vn 0.396900 -0.207700 -0.894000
vn 0.439800 -0.028600 -0.897600
vn 0.246400 0.037900 -0.968400
vn 0.204900 0.032100 -0.978200
vn 0.187000 0.052100 -0.981000
vn 0.369100 0.104400 -0.923500
vn 0.318500 0.090100 -0.943600
vn 0.286400 0.116300 -0.951000
vn 0.240000 0.097500 -0.965900
vn 0.222100 0.106200 -0.969200
vn 0.187800 0.089800 -0.978100
vn 0.162200 0.106000 -0.981000
vn 0.375700 0.203300 -0.904200
vn 0.350500 0.189700 -0.917200
vn 0.301800 0.226100 -0.926200
vn 0.255800 0.191600 -0.947500
vn 0.333500 0.269500 -0.903400
vn 0.301200 0.243500 -0.921900
vn 0.249100 0.270600 -0.929900
vn 0.224200 0.243500 -0.943600
vn 0.177500 0.261100 -0.948800
vn 0.151500 0.222800 -0.963000
vn 0.088500 0.175600 -0.980500
vn 0.282200 0.330000 -0.900800
vn 0.248600 0.290700 -0.924000
vn 0.103000 0.227100 -0.968400
vn 0.084400 0.187600 -0.978600
vn 0.217100 0.376000 -0.900800
vn 0.199200 0.345100 -0.917200
vn 0.138700 0.350700 -0.926200
vn 0.117600 0.297200 -0.947500
vn 0.072800 0.311200 -0.947500
vn 0.058500 0.250400 -0.966400
vn 0.032100 0.240800 -0.970000
vn 0.027400 0.204900 -0.978400
vn -0.007300 0.193100 -0.981200
vn -0.042700 0.256300 -0.965700
vn -0.032800 0.202400 -0.978800
vn 0.035900 0.432700 -0.900800
vn 0.032900 0.397100 -0.917200
vn 0.003500 0.377100 -0.926200
vn 0.003000 0.323000 -0.946400
vn -0.042500 0.306200 -0.951000
vn -0.034400 0.247700 -0.968200
vn -0.062600 0.175100 -0.982600
vn -0.197300 0.327700 -0.924000
vn -0.166600 0.276700 -0.946400
vn -0.196500 0.238600 -0.951000
vn -0.166800 0.202500 -0.965000
vn -0.158500 0.130300 -0.978700
vn -0.311300 0.302800 -0.900800
vn -0.285600 0.277900 -0.917200
vn -0.288900 0.242400 -0.926200
vn -0.235000 0.197200 -0.951800
vn -0.362800 0.124600 -0.923500
vn -0.303200 0.104100 -0.947200
vn -0.381300 0.042200 -0.923500
vn -0.318700 0.035300 -0.947200
vn -0.250300 -0.019700 -0.968000
vn -0.203600 -0.016800 -0.978900
vn -0.191800 -0.030200 -0.981000
vn -0.415700 0.046000 -0.908400
vn -0.318700 -0.035300 -0.947200
vn -0.257500 -0.028500 -0.965900
vn -0.415700 -0.046000 -0.908400
vn -0.381300 -0.042200 -0.923500
vn -0.305900 -0.092600 -0.947500
vn -0.232700 -0.070400 -0.970000
vn -0.362800 -0.124600 -0.923500
vn -0.313100 -0.107500 -0.943600
vn -0.280400 -0.145100 -0.948800
vn -0.229300 -0.118700 -0.966100
vn -0.253900 -0.286100 -0.924000
vn -0.212100 -0.239100 -0.947500
vn -0.164900 -0.273800 -0.947500
vn -0.133200 -0.221200 -0.966100
vn -0.073700 -0.188400 -0.979300
vn -0.196100 -0.387400 -0.900800
vn -0.179900 -0.355600 -0.917200
vn -0.129000 -0.344500 -0.929900
vn -0.112400 -0.300200 -0.947200
vn -0.043500 -0.428900 -0.902300
vn -0.039600 -0.390300 -0.919800
vn 0.003500 -0.377100 -0.926200
vn 0.002900 -0.319600 -0.947500
vn 0.055300 -0.197800 -0.978700
vn 0.035900 -0.432700 -0.900800
vn 0.032900 -0.397100 -0.917200
vn 0.070500 -0.361000 -0.929900
vn 0.061500 -0.314600 -0.947200
vn 0.093300 -0.174200 -0.980300
vn 0.128800 -0.293600 -0.947200
vn 0.105400 -0.240200 -0.965000
vn 0.188900 -0.391000 -0.900800
vn 0.166400 -0.344400 -0.924000
vn 0.179700 -0.264300 -0.947500
vn 0.136700 -0.201000 -0.970000
vn 0.215100 -0.316300 -0.924000
vn 0.225000 -0.227000 -0.947500
vn 0.181700 -0.183400 -0.966100
vn 0.176000 -0.117400 -0.977400
vn 0.305600 -0.308400 -0.900800
vn 0.269200 -0.271700 -0.924000
vn 0.263500 -0.182700 -0.947200
vn 0.207700 -0.144000 -0.967500
vn 0.306100 -0.229400 -0.924000
vn 0.245500 -0.183900 -0.951800
vn 0.198000 -0.058300 -0.978500
vn 0.391000 -0.175800 -0.903400
vn 0.353300 -0.158800 -0.921900
vn 0.353900 -0.114300 -0.928300
vn 0.307400 -0.099200 -0.946400
vn 0.305600 -0.062600 -0.950100
vn 0.254000 -0.052000 -0.965800
vn 0.188400 -0.000500 -0.982100
vn 0.269300 -0.005000 -0.963000
vn 0.315700 -0.005800 -0.948800
vn 0.323800 -0.041900 -0.945200
vn 0.374000 -0.048400 -0.926200
vn 0.381100 -0.092800 -0.919800
vn 0.421900 -0.102700 -0.900800
vn 0.439600 -0.129000 -0.888900
vn 0.457900 -0.042200 -0.888000
vn 0.385700 -0.035500 -0.921900
vn 0.367300 0.020300 -0.929900
vn 0.330500 0.018200 -0.943600
vn 0.304900 0.050900 -0.951000
vn 0.249300 0.041600 -0.967500
vn 0.380900 0.035100 -0.924000
vn 0.429300 0.039500 -0.902300
vn 0.417800 0.118100 -0.900800
vn 0.130000 0.140700 -0.981500
vn 0.150800 0.137400 -0.979000
vn 0.183100 0.168100 -0.968600
vn 0.218300 0.151400 -0.964100
vn 0.254000 0.176100 -0.951000
vn 0.289500 0.143200 -0.946400
vn 0.342900 0.169600 -0.924000
vn 0.182500 0.184200 -0.965800
vn 0.225000 0.227000 -0.947500
vn 0.364600 0.260400 -0.894000
vn 0.041300 0.193500 -0.980200
vn 0.101500 0.231500 -0.967500
vn 0.124200 0.283100 -0.951000
vn 0.171700 0.273600 -0.946400
vn 0.203300 0.324000 -0.924000
vn 0.011900 0.257900 -0.966100
vn 0.014500 0.315400 -0.948800
vn 0.063500 0.324900 -0.943600
vn 0.070500 0.361000 -0.929900
vn 0.119000 0.380300 -0.917200
vn 0.129600 0.414400 -0.900800
vn 0.135700 0.419300 -0.897600
vn -0.070400 0.399200 -0.914200
vn -0.055500 0.314800 -0.947500
vn -0.059600 0.430100 -0.900800
vn -0.052700 0.380000 -0.923500
vn -0.101000 0.303200 -0.947500
vn -0.085200 0.255900 -0.962900
vn -0.134500 0.359300 -0.923500
vn -0.116100 0.310000 -0.943600
vn -0.152800 0.276300 -0.948800
vn -0.124800 0.225600 -0.966200
vn -0.130800 0.205700 -0.969800
vn -0.111500 0.174400 -0.978300
vn -0.116900 0.160600 -0.980100
vn -0.152200 0.406600 -0.900800
vn -0.150500 0.414300 -0.897600
vn -0.237500 0.363500 -0.900800
vn -0.218000 0.333600 -0.917200
vn -0.250300 0.282100 -0.926200
vn -0.212100 0.239100 -0.947500
vn -0.189400 0.156000 -0.969400
vn -0.158300 0.130400 -0.978700
vn -0.179500 0.085200 -0.980100
vn -0.199400 0.155200 -0.967500
vn -0.253000 0.196900 -0.947200
vn -0.352900 0.199500 -0.914200
vn -0.281200 0.158900 -0.946400
vn -0.280400 0.145200 -0.948800
vn -0.228400 0.118200 -0.966400
vn -0.224500 0.081300 -0.971100
vn -0.199200 0.072500 -0.977300
vn -0.184700 0.030500 -0.982300
vn -0.242300 0.073400 -0.967400
vn -0.321700 0.097400 -0.941800
vn -0.326800 0.200900 -0.923500
vn -0.369900 0.227400 -0.900800
vn -0.373200 0.234500 -0.897600
vn -0.273500 0.030300 -0.961400
vn -0.318600 0.035300 -0.947200
vn -0.404000 0.138700 -0.904200
vn -0.412300 0.153000 -0.898100
vn -0.174900 -0.085000 -0.980900
vn -0.191300 -0.070900 -0.979000
vn -0.243500 -0.090300 -0.965700
vn -0.318600 -0.035300 -0.947200
vn -0.456400 0.004500 -0.889800
vn -0.410700 -0.141000 -0.900800
vn -0.202100 -0.141700 -0.969100
vn -0.171100 -0.119900 -0.977900
vn -0.134400 -0.136500 -0.981500
vn -0.333000 -0.188200 -0.924000
vn -0.281200 -0.158900 -0.946400
vn -0.243900 -0.189900 -0.951000
vn -0.204400 -0.159100 -0.965900
vn -0.388500 -0.219600 -0.894900
vn -0.293000 -0.245900 -0.923900
vn -0.244800 -0.205500 -0.947500
vn -0.160200 -0.204500 -0.965700
vn -0.126900 -0.162000 -0.978600
vn -0.161300 -0.181800 -0.970000
vn -0.293000 -0.245900 -0.924000
vn -0.332500 -0.279000 -0.900900
vn -0.347900 -0.278500 -0.895200
vn -0.276000 -0.335200 -0.900800
vn -0.253300 -0.307600 -0.917200
vn -0.194500 -0.323100 -0.926200
vn -0.092400 -0.227300 -0.969400
vn -0.075000 -0.184600 -0.979900
vn -0.088600 -0.236700 -0.967500
vn -0.055500 -0.314800 -0.947500
vn -0.044700 -0.253200 -0.966400
vn -0.013200 -0.239700 -0.970700
vn -0.011500 -0.208400 -0.978000
vn 0.001200 -0.197900 -0.980200
vn 0.002300 -0.253000 -0.967500
vn -0.064600 -0.366300 -0.928300
vn -0.108800 -0.371700 -0.921900
vn -0.129200 -0.441400 -0.888000
vn -0.112400 -0.426200 -0.897600
vn 0.056000 -0.198200 -0.978600
vn 0.065800 -0.232700 -0.970300
vn 0.049700 -0.254200 -0.965900
vn -0.023500 -0.449500 -0.893000
vn 0.131200 -0.146600 -0.980500
vn 0.119900 -0.172900 -0.977600
vn 0.139800 -0.201700 -0.969400
vn 0.147800 -0.336900 -0.929900
vn 0.102000 -0.373700 -0.921900
vn 0.117500 -0.430600 -0.894900
vn 0.120900 -0.422800 -0.898100
vn 0.161800 -0.118900 -0.979600
vn 0.197700 -0.145300 -0.969400
vn 0.250900 -0.369000 -0.894900
vn 0.251700 -0.360600 -0.898100
vn 0.351100 -0.243400 -0.904200
vn 0.327500 -0.227100 -0.917200
vn 0.338100 -0.167200 -0.926200
vn 0.289500 -0.143200 -0.946400
vn 0.286400 -0.116300 -0.951000
vn 0.240000 -0.097500 -0.965900
vn 0.229700 -0.069100 -0.970800
vn 0.195900 -0.059400 -0.978800
vn 0.892900 0.063100 0.445700
vn 0.905100 0.121500 0.407500
vn 0.898000 0.199700 0.392000
vn 0.890800 0.326700 0.315900
vn 0.893000 0.407700 0.190900
vn 0.897600 0.438900 0.040700
vn 0.897600 0.437100 -0.056300
vn 0.897600 0.371400 -0.237400
vn 0.897700 0.310200 -0.312900
vn 0.894000 0.091900 -0.438500
vn 0.892900 -0.087600 -0.441600
vn 0.905100 -0.143700 -0.400300
vn 0.898100 -0.221000 -0.380200
vn 0.898100 -0.332500 -0.287900
vn 0.893000 -0.417600 -0.168100
vn 0.905100 -0.423300 0.041000
vn 0.895200 -0.405600 0.184700
vn 0.895200 -0.323600 0.306400
vn 0.898100 -0.259500 0.355100
vn 0.894000 -0.207700 0.396900
vn 0.897600 -0.028600 0.439800
vn 0.968600 0.040100 0.245200
vn 0.978000 0.033600 0.205700
vn 0.982100 0.052300 0.181100
vn 0.923500 0.104400 0.369100
vn 0.943600 0.090100 0.318500
vn 0.951000 0.116300 0.286400
vn 0.961800 0.103000 0.253700
vn 0.904200 0.203300 0.375700
vn 0.917200 0.189700 0.350400
vn 0.926200 0.226100 0.301800
vn 0.947500 0.191700 0.255800
vn 0.965700 0.195400 0.171200
vn 0.979200 0.152800 0.133900
vn 0.980400 0.155100 0.121600
vn 0.903400 0.269500 0.333400
vn 0.922000 0.243500 0.301200
vn 0.929900 0.270600 0.249100
vn 0.943600 0.243600 0.224200
vn 0.948800 0.261100 0.177500
vn 0.966100 0.213500 0.145200
vn 0.978500 0.186000 0.088700
vn 0.901600 0.328800 0.281100
vn 0.924000 0.290700 0.248500
vn 0.969400 0.221900 0.104700
vn 0.978400 0.187100 0.088300
vn 0.908400 0.362100 0.209100
vn 0.917200 0.345100 0.199200
vn 0.926200 0.350700 0.138700
vn 0.947500 0.297200 0.117600
vn 0.947500 0.311300 0.072800
vn 0.966400 0.250400 0.058500
vn 0.971100 0.237700 0.023800
vn 0.977500 0.209900 0.021400
vn 0.981900 0.189300 -0.007200
vn 0.900800 0.432700 0.035900
vn 0.917200 0.397100 0.032900
vn 0.926200 0.377100 0.003500
vn 0.946400 0.323000 0.003000
vn 0.951000 0.306200 -0.042500
vn 0.961400 0.272500 -0.037800
vn 0.979500 0.189500 -0.067800
vn 0.924000 0.327700 -0.197300
vn 0.946400 0.276700 -0.166600
vn 0.951000 0.238600 -0.196500
vn 0.965000 0.202500 -0.166800
vn 0.978700 0.130300 -0.158500
vn 0.900800 0.302900 -0.311300
vn 0.917200 0.277800 -0.285600
vn 0.926200 0.242400 -0.288900
vn 0.951800 0.197200 -0.235000
vn 0.923500 0.124600 -0.362800
vn 0.947200 0.104100 -0.303200
vn 0.923500 0.042200 -0.381300
vn 0.947200 0.035300 -0.318700
vn 0.968000 -0.019700 -0.250300
vn 0.978900 -0.016700 -0.203700
vn 0.981000 -0.030200 -0.191800
vn 0.908300 0.046000 -0.415700
vn 0.947200 -0.035300 -0.318700
vn 0.965900 -0.028500 -0.257500
vn 0.908400 -0.046000 -0.415700
vn 0.923500 -0.042200 -0.381300
vn 0.947500 -0.092600 -0.305900
vn 0.970000 -0.070400 -0.232700
vn 0.923500 -0.124500 -0.362800
vn 0.943600 -0.107500 -0.313100
vn 0.948800 -0.145200 -0.280400
vn 0.966100 -0.118700 -0.229300
vn 0.924000 -0.286100 -0.253800
vn 0.947500 -0.239100 -0.212100
vn 0.947500 -0.273800 -0.164900
vn 0.966100 -0.221200 -0.133200
vn 0.979300 -0.188400 -0.073700
vn 0.908400 -0.373100 -0.188800
vn 0.917200 -0.355500 -0.179900
vn 0.929900 -0.344500 -0.129000
vn 0.947200 -0.300300 -0.112400
vn 0.902300 -0.428900 -0.043500
vn 0.919900 -0.390200 -0.039600
vn 0.926200 -0.377100 0.003500
vn 0.946400 -0.323000 0.003000
vn 0.951000 -0.308100 0.025500
vn 0.965000 -0.261400 0.021700
vn 0.978700 -0.197800 0.055300
vn 0.900800 -0.432700 0.035900
vn 0.917200 -0.397100 0.032900
vn 0.929900 -0.361000 0.070500
vn 0.943600 -0.324900 0.063500
vn 0.948800 -0.304600 0.083100
vn 0.970000 -0.234500 0.064000
vn 0.980300 -0.174200 0.093300
vn 0.941800 -0.302600 0.146200
vn 0.966100 -0.232500 0.112300
vn 0.900800 -0.391100 0.189000
vn 0.924000 -0.344400 0.166400
vn 0.947500 -0.264300 0.179700
vn 0.970000 -0.201000 0.136700
vn 0.924000 -0.316300 0.215000
vn 0.947500 -0.227100 0.225000
vn 0.966100 -0.183400 0.181700
vn 0.977400 -0.117400 0.175900
vn 0.900800 -0.308500 0.305700
vn 0.924000 -0.271700 0.269200
vn 0.947200 -0.182700 0.263500
vn 0.967500 -0.144000 0.207700
vn 0.924000 -0.229300 0.306100
vn 0.951800 -0.184000 0.245500
vn 0.978500 -0.058300 0.198000
vn 0.903400 -0.175800 0.391100
vn 0.922000 -0.158800 0.353200
vn 0.928300 -0.114300 0.353900
vn 0.946400 -0.099300 0.307400
vn 0.950100 -0.062600 0.305600
vn 0.965800 -0.052000 0.254000
vn 0.982100 -0.000500 0.188400
vn 0.963000 -0.005000 0.269300
vn 0.948800 -0.005800 0.315700
vn 0.945200 -0.041900 0.323800
vn 0.926200 -0.048400 0.374000
vn 0.919900 -0.092800 0.381100
vn 0.900800 -0.102700 0.421900
vn 0.888900 -0.129000 0.439600
vn 0.888000 -0.042200 0.458000
vn 0.922000 -0.035500 0.385700
vn 0.929900 0.020300 0.367300
vn 0.943600 0.018200 0.330500
vn 0.951000 0.050900 0.304900
vn 0.968400 0.041100 0.246100
vn 0.924000 0.035100 0.380900
vn 0.902300 0.039500 0.429300
vn 0.900700 0.118200 0.418000
vn 0.968300 0.134900 0.210500
vn 0.978900 0.110900 0.171800
vn 0.980900 0.116300 0.155600
vn 0.965900 0.147600 0.212900
vn 0.951000 0.176200 0.254100
vn 0.946400 0.143200 0.289600
vn 0.924000 0.169600 0.342800
vn 0.970000 0.172700 0.171100
vn 0.947500 0.227100 0.225000
vn 0.894000 0.260300 0.364600
vn 0.980200 0.193400 0.041300
vn 0.967500 0.231500 0.101500
vn 0.951000 0.283100 0.124200
vn 0.946400 0.273600 0.171700
vn 0.924000 0.324000 0.203300
vn 0.894000 0.364600 0.260300
vn 0.967400 0.253100 0.011600
vn 0.948800 0.315400 0.014500
vn 0.943600 0.324900 0.063500
vn 0.929900 0.361000 0.070500
vn 0.917200 0.380300 0.118900
vn 0.900800 0.414400 0.129600
vn 0.905000 0.407600 0.121300
vn 0.914200 0.399200 -0.070400
vn 0.947500 0.314800 -0.055500
vn 0.968000 0.237700 -0.080300
vn 0.980200 0.187400 -0.064100
vn 0.900800 0.430100 -0.059600
vn 0.923500 0.379900 -0.052700
vn 0.947500 0.303300 -0.101000
vn 0.968300 0.237100 -0.079000
vn 0.923500 0.359200 -0.134500
vn 0.943600 0.310000 -0.116100
vn 0.948800 0.276300 -0.152800
vn 0.965500 0.227800 -0.126000
vn 0.968600 0.204800 -0.141100
vn 0.979400 0.166400 -0.114600
vn 0.980100 0.160600 -0.116900
vn 0.900800 0.406700 -0.152300
vn 0.897600 0.414300 -0.150500
vn 0.900900 0.363400 -0.237400
vn 0.917200 0.333600 -0.217900
vn 0.926200 0.282100 -0.250300
vn 0.947500 0.239100 -0.212100
vn 0.969400 0.156000 -0.189400
vn 0.978700 0.130400 -0.158300
vn 0.980100 0.085200 -0.179500
vn 0.967500 0.155200 -0.199400
vn 0.947200 0.196900 -0.253000
vn 0.914200 0.199400 -0.352900
vn 0.946400 0.158900 -0.281200
vn 0.948800 0.145200 -0.280400
vn 0.966400 0.118200 -0.228400
vn 0.971100 0.081300 -0.224600
vn 0.977300 0.072500 -0.199100
vn 0.982300 0.030500 -0.184700
vn 0.967400 0.073400 -0.242400
vn 0.941800 0.097400 -0.321700
vn 0.923500 0.200900 -0.326800
vn 0.900900 0.227300 -0.369800
vn 0.897600 0.234600 -0.373200
vn 0.961400 0.030300 -0.273500
vn 0.904200 0.138700 -0.404000
vn 0.898200 0.152900 -0.412200
vn 0.980900 -0.085000 -0.174900
vn 0.979000 -0.070900 -0.191300
vn 0.965700 -0.090300 -0.243500
vn 0.889800 0.004500 -0.456400
vn 0.900800 -0.141000 -0.410700
vn 0.923500 -0.124600 -0.362800
vn 0.969100 -0.141700 -0.202100
vn 0.977900 -0.119900 -0.171000
vn 0.981500 -0.136500 -0.134400
vn 0.924000 -0.188200 -0.333000
vn 0.946400 -0.158900 -0.281200
vn 0.951000 -0.189900 -0.244000
vn 0.965900 -0.159100 -0.204400
vn 0.894900 -0.219600 -0.388500
vn 0.924000 -0.245900 -0.293000
vn 0.947500 -0.205500 -0.244900
vn 0.965700 -0.204500 -0.160200
vn 0.978600 -0.162000 -0.126900
vn 0.970000 -0.181800 -0.161300
vn 0.924000 -0.245800 -0.293000
vn 0.900800 -0.279100 -0.332700
vn 0.895200 -0.278600 -0.347800
vn 0.904200 -0.329800 -0.271600
vn 0.917200 -0.307600 -0.253300
vn 0.926200 -0.323100 -0.194500
vn 0.969400 -0.227300 -0.092400
vn 0.979900 -0.184600 -0.075000
vn 0.967500 -0.236700 -0.088600
vn 0.894000 -0.378400 -0.239800
vn 0.947200 -0.317600 -0.044000
vn 0.965900 -0.256600 -0.035600
vn 0.970300 -0.241500 -0.013300
vn 0.978000 -0.208400 -0.011500
vn 0.980200 -0.197900 0.001200
vn 0.951800 -0.302100 -0.053300
vn 0.928300 -0.366200 -0.064600
vn 0.922000 -0.371700 -0.108800
vn 0.888000 -0.441400 -0.129200
vn 0.905100 -0.413700 -0.098700
vn 0.978600 -0.198200 0.056000
vn 0.969400 -0.236100 0.066800
vn 0.892900 -0.449500 -0.023500
vn 0.980500 -0.146600 0.131200
vn 0.977600 -0.172900 0.119900
vn 0.969400 -0.201700 0.139800
vn 0.947200 -0.293600 0.128800
vn 0.929900 -0.336800 0.147800
vn 0.922000 -0.373600 0.102000
vn 0.894900 -0.430600 0.117500
vn 0.898100 -0.422800 0.120900
vn 0.979600 -0.118900 0.161800
vn 0.969400 -0.145300 0.197700
vn 0.924000 -0.316300 0.215100
vn 0.894900 -0.369100 0.250900
vn 0.898100 -0.360800 0.251600
vn 0.904200 -0.243400 0.351100
vn 0.917200 -0.227100 0.327500
vn 0.926200 -0.167200 0.338000
vn 0.946400 -0.143200 0.289600
vn 0.951000 -0.116300 0.286400
vn 0.965900 -0.097500 0.240000
vn 0.970800 -0.069100 0.229700
vn 0.978800 -0.059400 0.195800
vn -0.000500 -0.003900 1.000000
vn 0.000000 -0.011000 0.999900
vn -1.000000 0.000000 -0.000900
vn -0.999900 -0.013600 -0.000000
vn -0.001000 -0.016600 -0.999900
vn 1.000000 -0.004200 -0.000100
vn 1.000000 -0.003300 -0.000000
vn -0.157300 0.882800 -0.442700
vn 1.000000 0.005000 0.000200
vn 0.000700 -0.000000 1.000000
vn 0.000000 0.014700 0.999900
vn -1.000000 0.005800 -0.000000
vn -1.000000 0.005400 0.000000
vn 0.000800 0.023400 -0.999700
vn 0.000000 0.005100 -1.000000
vn -0.000100 1.000000 -0.000100
vn -0.013200 0.999900 -0.002100
vn -0.003400 1.000000 -0.008700
vn 0.019600 0.957900 -0.286600
vn 0.058400 0.957900 -0.281200
vn 0.096200 0.957900 -0.270600
vn 0.132100 0.957900 -0.255000
vn 0.165600 0.957900 -0.234700
vn 0.196100 0.957900 -0.209900
vn 0.222800 0.957900 -0.181300
vn 0.245400 0.957900 -0.149200
vn 0.263500 0.957900 -0.114400
vn 0.276600 0.957900 -0.077500
vn 0.284600 0.957900 -0.039100
vn 0.287200 0.957900 0.000000
vn 0.284600 0.957900 0.039100
vn 0.276600 0.957900 0.077500
vn 0.263500 0.957900 0.114400
vn 0.245400 0.957900 0.149200
vn 0.245400 0.957900 0.149300
vn 0.222800 0.957900 0.181300
vn 0.196100 0.957900 0.209900
vn 0.165600 0.957900 0.234700
vn 0.132100 0.957900 0.255000
vn 0.096200 0.957900 0.270700
vn 0.058400 0.957900 0.281200
vn 0.019600 0.957900 0.286600
vn -0.019600 0.957900 0.286600
vn -0.058400 0.957900 0.281200
vn -0.096200 0.957900 0.270700
vn -0.096200 0.957900 0.270600
vn -0.132100 0.957900 0.255000
vn -0.165600 0.957900 0.234700
vn -0.196100 0.957900 0.209900
vn -0.222800 0.957900 0.181300
vn -0.245400 0.957900 0.149200
vn -0.263500 0.957900 0.114400
vn -0.276600 0.957900 0.077500
vn -0.284600 0.957900 0.039100
vn -0.287200 0.957900 0.000000
vn -0.284600 0.957900 -0.039100
vn -0.276600 0.957900 -0.077500
vn -0.263500 0.957900 -0.114400
vn -0.245400 0.957900 -0.149200
vn -0.222800 0.957900 -0.181300
vn -0.196100 0.957900 -0.209900
vn -0.165600 0.957900 -0.234700
vn -0.132100 0.957900 -0.255000
vn -0.096200 0.957900 -0.270700
vn -0.096200 0.957900 -0.270600
vn -0.058400 0.957900 -0.281200
vn -0.019600 0.957900 -0.286600
vn -0.401400 0.882800 0.244100
vn -0.430900 0.882800 0.187200
vn 0.270900 0.882800 -0.383800
vn 0.032100 0.882800 -0.468700
vn -0.216100 0.882800 0.417100
vn -0.216100 0.882800 -0.417100
vn 0.095600 0.882800 -0.460000
vn -0.469800 0.882800 0.000000
vn 0.216100 0.882800 0.417100
vn 0.401400 0.882800 -0.244100
vn -0.270900 0.882800 0.383800
vn -0.364400 0.882800 0.296500
vn -0.465400 0.882800 0.064000
vn -0.095600 0.882800 -0.460000
vn -0.430900 0.882800 -0.187200
vn -0.452400 0.882800 -0.126700
vn 0.465400 0.882800 0.064000
vn 0.452400 0.882800 -0.126800
vn -0.320700 0.882800 -0.343300
vn 0.364400 0.882800 -0.296500
vn 0.320700 0.882800 -0.343300
vn -0.364400 0.882800 -0.296500
vn 0.095600 0.882800 0.460000
vn 0.157300 0.882800 0.442700
vn 0.320700 0.882800 0.343300
vn -0.095600 0.882800 0.460000
vn 0.364400 0.882800 0.296500
vn -0.401400 0.882800 -0.244100
vn 0.452400 0.882800 0.126800
vn 0.216100 0.882800 -0.417100
vn -0.157300 0.882800 0.442700
vn 0.401400 0.882800 0.244100
vn 0.430900 0.882800 0.187200
vn 0.465400 0.882800 -0.064000
vn -0.270900 0.882800 -0.383800
vn 0.032100 0.882800 0.468700
vn -0.320700 0.882800 0.343300
vn -0.452400 0.882800 0.126700
vn -0.032100 0.882800 0.468700
vn -0.465400 0.882800 -0.064000
vn 0.270900 0.882800 0.383800
vn 0.157300 0.882800 -0.442700
vn 0.469800 0.882800 0.000000
vn -0.032100 0.882800 -0.468700
vn 0.430900 0.882800 -0.187200
vn -0.009500 0.998900 -0.045600
vn 0.120500 -0.005800 -0.992700
vn 0.398000 0.007000 -0.917300
vn 0.419000 -0.005000 -0.908000
vn 0.663900 0.004900 -0.747800
vn 0.672600 0.000000 -0.740000
vn 0.816600 0.000000 -0.577300
vn 0.822600 -0.004200 -0.568700
vn 0.944300 0.004900 -0.329100
vn 0.948100 0.000000 -0.317900
vn 0.994400 0.000000 -0.105700
vn 0.995400 -0.004200 -0.095200
vn 0.980600 0.005600 0.195900
vn 0.976500 -0.005100 0.215700
vn 0.859400 0.005600 0.511300
vn 0.865000 0.011600 0.501600
vn 0.728900 -0.015000 0.684400
vn 0.657300 0.016600 0.753400
vn 0.468800 -0.013900 0.883200
vn 0.483200 -0.005200 0.875500
vn 0.183800 0.005600 0.982900
vn 0.164000 -0.005100 0.986400
vn -0.154000 0.005600 0.988000
vn -0.174000 -0.005100 0.984700
vn -0.474400 0.005600 0.880300
vn -0.492000 -0.005100 0.870600
vn -0.725000 0.004900 0.688800
vn -0.754000 -0.013100 0.656700
vn -0.862500 0.014900 0.505800
vn -0.930500 -0.024200 0.365500
vn -0.974000 0.023700 0.225400
vn -0.999200 -0.023600 0.032000
vn -0.995900 0.016100 -0.089100
vn -0.949600 -0.012100 -0.313300
vn -0.949700 -0.012100 -0.312800
vn -0.953800 -0.005000 -0.300400
vn -0.953800 -0.005400 -0.300300
vn -0.813000 0.005600 -0.582300
vn -0.819400 0.011600 -0.573100
vn -0.668400 -0.014900 -0.743700
vn -0.572300 0.024000 -0.819700
vn -0.407200 -0.023500 -0.913100
vn -0.266500 0.024000 -0.963500
vn -0.111100 -0.015600 -0.993700
vn 0.069700 0.014600 -0.997500
vn -0.000200 1.000000 -0.000000
vn 0.398000 0.006900 -0.917400
vn 0.418900 -0.005000 -0.908000
vn 0.680900 0.005700 -0.732300
vn 0.672700 0.011600 -0.739800
vn 0.822600 -0.015000 -0.568400
vn 0.885700 0.023900 -0.463600
vn 0.958000 -0.024100 -0.285700
vn 0.989600 0.023800 -0.141900
vn 0.998500 -0.023100 0.050200
vn 0.980400 0.023900 0.195800
vn 0.936900 -0.015400 0.349200
vn 0.859300 0.014600 0.511200
vn 0.834400 -0.004200 0.551200
vn 0.639900 0.005700 0.768500
vn 0.624200 -0.005100 0.781200
vn 0.347400 0.005700 0.937700
vn 0.328300 -0.005100 0.944600
vn 0.015100 0.005600 0.999900
vn -0.005100 -0.005100 1.000000
vn -0.318800 0.005600 0.947800
vn -0.337900 -0.005100 0.941200
vn -0.616300 0.005700 0.787500
vn -0.607500 0.011600 0.794200
vn -0.771400 -0.014900 0.636100
vn -0.843200 0.024000 0.537000
vn -0.929500 -0.023500 0.368100
vn -0.968700 0.016700 0.247700
vn -0.999700 -0.013800 0.021100
vn -0.997600 0.011600 0.068700
vn -0.987200 -0.014900 -0.158800
vn -0.966500 0.016700 -0.256100
vn -0.882900 -0.013800 -0.469400
vn -0.890600 -0.005100 -0.454800
vn -0.719100 0.004900 -0.694900
vn -0.688300 -0.013000 -0.725300
vn -0.542000 0.014900 -0.840200
vn -0.407100 -0.023400 -0.913100
vn 0.000000 0.707100 -0.707100
vn -0.706500 0.707700 0.001100
vn -0.706500 0.707700 0.000600
vn -0.706900 0.707300 0.001000
vn -0.707100 0.707100 0.000100
vn -0.705000 0.709200 0.000000
vn -0.704700 0.709500 0.000100
vn -0.726000 0.687600 -0.003600
vn -0.725300 0.688400 -0.005000
vn -0.725800 0.687900 -0.005200
vn -0.075300 0.724700 -0.684900
vn -0.274300 0.681700 -0.678300
vn -0.288700 0.705800 -0.646900
vn -0.486800 0.699200 -0.523600
vn -0.487600 0.705700 -0.514100
vn -0.633500 0.699100 -0.331600
vn -0.631000 0.705700 -0.322200
vn -0.703500 0.701000 -0.117500
vn -0.700600 0.704700 -0.111600
vn -0.707700 0.705100 0.045300
vn -0.705900 0.706700 0.047600
vn -0.671400 0.700900 0.240600
vn -0.648100 0.717100 0.256500
vn -0.609400 0.688400 0.393400
vn -0.530800 0.724800 0.439200
vn -0.465100 0.686900 0.558500
vn -0.430600 0.706800 0.561300
vn -0.248300 0.699200 0.670400
vn -0.239400 0.705700 0.666800
vn -0.027100 0.700900 0.712700
vn -0.003500 0.717100 0.696900
vn 0.137900 0.688400 0.712100
vn 0.223900 0.731200 0.644300
vn 0.331000 0.684300 0.649800
vn 0.446000 0.721900 0.529100
vn 0.442300 0.705700 0.553500
vn 0.592800 0.700900 0.396700
vn 0.592600 0.704700 0.390100
vn 0.664100 0.705000 0.248800
vn 0.664000 0.705400 0.248100
vn 0.702500 0.710600 0.037900
vn 0.722300 0.691300 0.017300
vn 0.678400 0.705700 -0.204400
vn 0.678200 0.705800 -0.204600
vn 0.589100 0.701000 -0.401900
vn 0.583100 0.704700 -0.404100
vn 0.479600 0.705100 -0.522300
vn 0.476800 0.706700 -0.522800
vn 0.298200 0.698300 -0.650800
vn 0.296500 0.699500 -0.650200
vn 0.086600 0.719900 -0.688700
vn 0.021000 0.672800 -0.739600
vn -0.708500 0.705500 0.017300
vn -0.712000 0.701900 0.021200
vn -0.075300 0.725000 -0.684600
vn -0.288700 0.705700 -0.647100
vn -0.486900 0.699100 -0.523600
vn -0.485500 0.688500 -0.538800
vn -0.566100 0.722300 -0.397300
vn -0.638100 0.684300 -0.352900
vn -0.665800 0.722000 -0.188100
vn -0.676800 0.705400 -0.210600
vn -0.665800 0.700100 0.258100
vn -0.658300 0.705700 0.261800
vn -0.543700 0.699100 0.464300
vn -0.534100 0.705700 0.465500
vn -0.358200 0.699200 0.618700
vn -0.348600 0.705900 0.616600
vn -0.131400 0.699300 0.702700
vn -0.123300 0.705700 0.697700
vn 0.110200 0.699200 0.706400
vn 0.116200 0.705700 0.698900
vn 0.323800 0.700900 0.635500
vn 0.336800 0.717200 0.610100
vn 0.467600 0.688500 0.554400
vn 0.502900 0.724900 0.470800
vn 0.599400 0.692600 0.401200
vn 0.605300 0.713800 0.352200
vn 0.678700 0.688400 0.255900
vn 0.666000 0.731300 0.147100
vn 0.726800 0.684400 0.058600
vn 0.684300 0.722000 -0.102500
vn 0.721700 0.688700 -0.070000
vn 0.655900 0.722400 -0.218800
vn 0.663100 0.684400 -0.303200
vn 0.547300 0.722000 -0.423400
vn 0.595900 0.688600 -0.413200
vn 0.465900 0.722300 -0.511100
vn 0.422300 0.674700 -0.605400
vn 0.282500 0.732200 -0.619800
vn 0.206400 0.685700 -0.698000
vn 0.086700 0.719200 -0.689300
vn 0.006900 0.681500 -0.731800
vn 0.731300 0.682100 -0.006600
vn 0.706300 0.707900 0.001600
vn 0.705200 0.709000 0.000000
vn 0.707100 0.707100 0.000100
vn 0.003700 0.705200 0.709000
vn -0.000300 0.706900 0.707300
vn 0.000800 0.710200 0.704000
vn -0.000000 0.707200 0.707000
vn -0.000100 0.706800 0.707400
vn 0.000000 0.709000 0.705300
vn -0.004700 0.727600 0.686000
vn 0.060100 0.705800 -0.705800
vn 0.178500 0.705800 -0.685500
vn 0.291800 0.705800 -0.645500
vn 0.396700 0.705800 -0.586900
vn 0.490200 0.705800 -0.511400
vn 0.490100 0.705800 -0.511400
vn 0.569500 0.705800 -0.421200
vn 0.569600 0.705800 -0.421200
vn 0.632500 0.705800 -0.318900
vn 0.632600 0.705800 -0.318900
vn 0.677400 0.705800 -0.207400
vn 0.702700 0.705800 -0.090000
vn 0.702600 0.705800 -0.090000
vn 0.707700 0.705800 0.030100
vn 0.692500 0.705800 0.149200
vn 0.657300 0.705800 0.264100
vn 0.603200 0.705800 0.371400
vn 0.531800 0.705800 0.468000
vn 0.531800 0.705800 0.468100
vn 0.445000 0.705800 0.551200
vn 0.445000 0.705800 0.551100
vn 0.345500 0.705800 0.618400
vn 0.236000 0.705800 0.667900
vn 0.236000 0.705900 0.667900
vn 0.119700 0.705800 0.698200
vn 0.000000 0.705800 0.708400
vn -0.119700 0.705800 0.698200
vn -0.119700 0.705900 0.698200
vn -0.236000 0.705900 0.667900
vn -0.236000 0.705800 0.667900
vn -0.345500 0.705800 0.618400
vn -0.445000 0.705800 0.551200
vn -0.531800 0.705800 0.468000
vn -0.531700 0.705800 0.468000
vn -0.603200 0.705800 0.371400
vn -0.657300 0.705800 0.264100
vn -0.692500 0.705800 0.149200
vn -0.692500 0.705800 0.149300
vn -0.707700 0.705800 0.030100
vn -0.702600 0.705800 -0.090000
vn -0.677300 0.705800 -0.207400
vn -0.632500 0.705800 -0.318900
vn -0.569600 0.705800 -0.421200
vn -0.490200 0.705800 -0.511400
vn -0.396700 0.705800 -0.586900
vn -0.291800 0.705800 -0.645500
vn -0.178500 0.705800 -0.685500
vn -0.060100 0.705800 -0.705800
vn 0.707100 0.707100 0.000000
vn 0.000000 0.707100 0.707100
vn -0.707100 0.707100 0.000000
vn 0.515400 0.856900 0.000500
vn 0.514900 0.857200 0.000500
vn 0.644600 0.764500 -0.000600
vn 0.910400 0.413600 -0.000200
vn 0.910400 0.413800 0.000300
vn 0.910500 0.413600 0.000300
vn 0.932200 0.361900 -0.000100
vn 0.932400 0.361500 -0.000400
vn 0.932300 0.361800 -0.000100
vn 0.508100 -0.000600 -0.861300
vn 0.651500 0.000700 -0.758600
vn 0.926800 -0.000700 -0.375500
vn 0.926700 -0.000300 -0.375700
vn 0.926800 -0.000300 -0.375600
vn 0.918500 -0.000100 -0.395400
vn 0.918600 -0.000400 -0.395100
vn 0.505200 -0.000100 0.863000
vn 0.521800 0.000100 0.853100
vn 0.907700 -0.000000 0.419600
vn 0.907600 -0.000000 0.419900
vn 0.913500 0.000100 0.406900
vn 0.497900 -0.867300 0.000100
vn 0.529500 -0.848300 -0.000200
vn 0.907400 -0.420300 0.000300
vn 0.907300 -0.420600 -0.000000
vn 0.907500 -0.420000 -0.000000
vn 0.913300 -0.407400 0.000100
vn 0.827600 -0.021800 -0.561000
vn 0.827400 -0.022200 -0.561200
vn 0.942300 -0.020500 -0.334200
vn 0.942300 -0.020800 -0.334200
vn 0.790600 0.030700 -0.611500
vn 0.790500 0.030200 -0.611700
vn 0.790500 0.030500 -0.611700
vn 0.982800 0.016500 -0.184100
vn 0.982700 0.016300 -0.184400
vn 0.882100 0.068100 -0.466100
vn -0.451700 0.158900 -0.877900
vn -0.051900 -0.452300 -0.890400
vn -0.051900 -0.452800 -0.890100
vn 0.819400 -0.136100 -0.556800
vn 0.819400 -0.136600 -0.556800
vn 0.603900 -0.038800 0.796100
vn 0.604700 0.052900 0.794700
vn 0.610000 -0.112800 0.784300
vn 0.620700 -0.034900 0.783300
vn 0.699700 0.219200 0.679900
vn 0.988700 0.059800 0.137600
vn 0.612000 -0.190800 0.767500
vn 0.622100 -0.109100 0.775300
vn 0.981200 0.058100 0.184300
vn 0.908200 -0.003500 0.418600
vn 0.856600 0.087700 0.508500
vn 0.690500 -0.240300 0.682300
vn 0.692800 -0.160100 0.703200
vn -0.835800 0.117600 0.536300
vn 0.595400 -0.403700 0.694600
vn 0.595300 -0.327000 0.734000
vn 0.715900 -0.300700 0.630100
vn 0.725900 -0.220800 0.651400
vn 0.864200 -0.024000 0.502500
vn 0.611300 -0.465500 0.640100
vn 0.622200 -0.388900 0.679400
vn 0.931900 -0.052200 0.358800
vn 0.858600 -0.025200 0.512000
vn 0.860600 -0.121100 0.494700
vn 0.710800 -0.460200 0.532000
vn 0.713800 -0.398100 0.576200
vn 0.710400 -0.506600 0.488500
vn 0.723000 -0.449600 0.524500
vn 0.890700 -0.229000 0.392700
vn 0.980900 -0.060300 0.185100
vn 0.981700 -0.064400 0.179100
vn 0.868400 -0.117300 0.481700
vn 0.645200 -0.609500 0.460700
vn 0.651000 -0.556600 0.516100
vn 0.958000 -0.174700 0.227600
vn 0.902500 -0.215500 0.373000
vn 0.704700 -0.638500 0.309400
vn 0.751000 -0.545500 0.372000
vn 0.910800 -0.312900 0.269500
vn 0.910700 -0.313100 0.269400
vn 0.910600 -0.313200 0.269500
vn 0.869300 -0.353300 0.345700
vn 0.926900 -0.245300 0.284000
vn 0.927000 -0.245200 0.283700
vn 0.803300 -0.499500 0.324500
vn 0.803200 -0.499300 0.324800
vn 0.803100 -0.499500 0.324700
vn -0.117500 -0.688400 0.715700
vn 0.702400 -0.683200 0.199500
vn 0.717900 -0.640500 0.272600
vn 0.708600 -0.695900 0.116800
vn 0.708900 -0.695600 0.116700
vn 0.752600 -0.628500 0.196400
vn 0.836800 -0.512500 0.192400
vn 0.836800 -0.512700 0.191800
vn 0.897100 -0.379900 0.225700
vn 0.846500 -0.530200 0.048800
vn 0.846500 -0.530200 0.048500
vn 0.897700 -0.426900 0.109200
vn -0.206500 -0.928100 0.309800
vn 0.705600 -0.692500 -0.150100
vn 0.724400 -0.687500 -0.050700
vn 0.883900 -0.467600 -0.001900
vn 0.827400 -0.559700 0.045800
vn 0.827600 -0.559500 0.045900
vn 0.816600 -0.574000 -0.060900
vn 0.708500 -0.649100 -0.277100
vn 0.725900 -0.664000 -0.179500
vn 0.839200 -0.518500 -0.164200
vn 0.897000 -0.438100 -0.059700
vn 0.772800 -0.630900 -0.069100
vn 0.889300 -0.405800 -0.211000
vn 0.889200 -0.405800 -0.211300
vn 0.837300 -0.511000 -0.194600
vn 0.837300 -0.510900 -0.194700
vn 0.837500 -0.510700 -0.194500
vn 0.804000 -0.499000 -0.323400
vn 0.803900 -0.499300 -0.323300
vn -0.017100 -0.943100 -0.332100
vn 0.709900 -0.449000 -0.542600
vn 0.726400 -0.507800 -0.463100
vn 0.886100 -0.363200 -0.287900
vn 0.816100 -0.486100 -0.312500
vn 0.820400 -0.409900 -0.398700
vn 0.820200 -0.410200 -0.398800
vn 0.716500 -0.276400 -0.640500
vn 0.732400 -0.353100 -0.582100
vn 0.825300 -0.326200 -0.460900
vn 0.921300 -0.277000 -0.272900
vn 0.895600 -0.321900 -0.307200
vn 0.892600 -0.273100 -0.358700
vn 0.843000 -0.259700 -0.471100
vn 0.835100 -0.237000 -0.496400
vn 0.835400 -0.236600 -0.496200
vn 0.892600 -0.147600 -0.425900
vn 0.892500 -0.147700 -0.426100
vn 0.892700 -0.147800 -0.425700
vn 0.722900 0.046200 -0.689400
vn 0.736500 -0.046200 -0.674900
vn 0.889100 -0.065900 -0.453000
vn 0.889100 -0.065500 -0.453100
vn 0.812400 -0.137200 -0.566700
vn 0.812700 -0.136800 -0.566400
vn 0.812800 -0.137100 -0.566200
vn 0.896700 0.087900 -0.433800
vn 0.896900 0.088000 -0.433300
vn 0.811800 0.138800 -0.567200
vn 0.812100 0.138700 -0.566800
vn 0.830500 0.189600 -0.523800
vn 0.853800 0.171500 -0.491600
vn 0.885600 0.191700 -0.423000
vn 0.885800 0.191200 -0.422800
vn 0.822500 0.288200 -0.490200
vn 0.732300 0.327500 -0.597000
vn 0.744800 0.384700 -0.545300
vn 0.727300 0.399100 -0.558300
vn 0.743200 0.439500 -0.504400
vn 0.802200 0.431900 -0.412100
vn 0.798800 0.384700 -0.462500
vn 0.404700 0.768800 -0.495200
vn 0.375100 0.729900 -0.571500
vn 0.940500 0.165700 -0.296600
vn 0.977500 0.122500 -0.171500
vn 0.977500 0.122800 -0.171600
vn 0.809300 0.423300 -0.407100
vn 0.804400 0.475100 -0.356700
vn 0.713800 0.546600 -0.437700
vn 0.711400 0.590800 -0.380600
vn 0.950100 0.206000 -0.234200
vn 0.771200 0.527200 -0.356800
vn 0.742700 0.596900 -0.303400
vn 0.792100 0.538200 -0.287900
vn 0.796000 0.561800 -0.225100
vn 0.572400 0.781200 -0.249200
vn 0.526000 0.838400 -0.142900
vn 0.525900 0.838400 -0.142900
vn 0.526000 0.838400 -0.143000
vn 0.807500 0.546100 -0.222900
vn 0.800900 0.578400 -0.154800
vn 0.164300 0.803300 -0.572500
vn 0.163800 0.803100 -0.572900
vn 0.164200 0.803100 -0.572700
vn 0.706200 0.693100 -0.144600
vn 0.713100 0.698900 -0.053900
vn 0.898800 0.419900 -0.125400
vn 0.957600 0.284700 -0.044300
vn 0.723200 0.688900 0.048500
vn 0.725500 0.674700 0.135800
vn 0.801400 0.595000 -0.060800
vn 0.887600 0.460700 -0.002600
vn 0.887500 0.460800 -0.002900
vn 0.916200 0.399300 -0.034200
vn 0.831200 0.553000 0.057700
vn 0.567200 0.770900 0.289800
vn 0.486400 0.766500 0.419400
vn 0.812400 0.575400 0.094600
vn 0.797300 0.579500 0.168800
vn 0.776700 0.603000 0.182100
vn 0.777000 0.602800 0.181700
vn 0.865300 0.454800 0.210500
vn 0.335900 0.742700 0.579300
vn -0.190200 0.973400 0.128000
vn 0.806700 0.534000 0.252900
vn 0.799600 0.503500 0.327400
vn 0.799500 0.503600 0.327500
vn 0.799300 0.503800 0.327700
vn 0.584600 0.597000 0.549300
vn 0.485700 0.552000 0.677800
vn 0.835200 0.495400 0.238900
vn 0.748900 0.547400 0.373600
vn 0.748800 0.547600 0.373300
vn 0.831200 0.440300 0.339500
vn 0.666200 0.492400 0.560100
vn 0.643100 0.456800 0.614600
vn 0.709500 0.508500 0.488000
vn 0.580200 0.472100 0.663700
vn 0.580100 0.472300 0.663600
vn 0.495800 0.412500 0.764200
vn 0.918700 0.329800 0.217200
vn 0.901500 0.317400 0.294300
vn 0.711000 0.361300 0.603200
vn 0.711200 0.294500 0.638300
vn 0.711000 0.294400 0.638600
vn 0.863300 0.365200 0.348200
vn 0.930700 0.241400 0.274800
vn 0.699300 0.296900 0.650300
vn 0.699600 0.296800 0.650000
vn 0.708700 0.217800 0.671100
vn 0.853200 0.301300 0.425700
vn 0.815400 0.330700 0.475200
vn 0.987900 0.064200 0.141500
vn 0.781300 0.169300 0.600700
vn 0.653900 0.091500 0.751100
vn -0.000000 0.926000 -0.377600
vn 0.000200 0.914100 -0.405500
vn 0.000000 0.570400 -0.821400
vn -0.000200 0.554300 -0.832300
vn -0.899300 -0.000000 -0.437300
vn -0.920100 -0.000500 -0.391700
vn -0.564900 0.000800 -0.825100
vn -0.417700 -0.000500 -0.908600
vn -0.417700 -0.000000 -0.908600
vn 0.921900 0.000000 -0.387500
vn 0.918300 0.000100 -0.395800
vn 0.571800 -0.000000 -0.820400
vn 0.553200 0.000200 -0.833100
vn 0.000000 -0.888300 -0.459200
vn -0.000600 -0.917500 -0.397700
vn 0.000700 -0.561300 -0.827600
vn -0.000400 -0.436300 -0.899800
vn -0.561300 -0.021800 -0.827300
vn -0.334100 -0.020500 -0.942300
vn -0.611300 0.030400 -0.790800
vn -0.184200 0.016300 -0.982800
vn -0.466200 0.068100 -0.882000
vn -0.876600 0.158700 0.454200
vn -0.891400 -0.453100 0.001900
vn -0.556600 -0.135800 -0.819600
vn -0.556900 -0.136100 -0.819400
vn -0.539300 0.707200 -0.457100
vn 0.937200 -0.073000 -0.341200
vn 0.854200 0.041800 -0.518300
vn 0.769700 0.087300 -0.632400
vn 0.718800 0.199200 -0.666100
vn 0.496500 0.110900 -0.860900
vn 0.388600 0.156900 -0.908000
vn 0.850700 -0.212000 -0.480900
vn 0.864800 -0.119000 -0.487800
vn 0.584600 0.257400 -0.769400
vn 0.584400 0.257100 -0.769700
vn 0.584400 0.257800 -0.769400
vn 0.879600 -0.329100 -0.343600
vn 0.879400 -0.329200 -0.344100
vn 0.826100 -0.199000 -0.527100
vn 0.759200 -0.131800 -0.637400
vn 0.752600 -0.011500 -0.658300
vn 0.425400 0.020700 -0.904800
vn 0.525700 0.084700 -0.846500
vn 0.796900 -0.364000 -0.482200
vn 0.825100 -0.284600 -0.488100
vn 0.571100 -0.029000 -0.820400
vn 0.982000 0.184600 -0.039700
vn 0.757000 -0.444800 -0.478700
vn 0.795200 -0.362500 -0.486000
vn 0.415500 -0.100100 -0.904100
vn 0.531400 -0.067600 -0.844400
vn 0.657900 -0.578800 -0.481800
vn 0.713500 -0.502100 -0.488700
vn 0.536400 -0.185300 -0.823400
vn 0.536600 -0.185200 -0.823200
vn 0.745900 -0.064700 0.662900
vn 0.615500 -0.465800 -0.635800
vn 0.615300 -0.465600 -0.636100
vn 0.615200 -0.465700 -0.636100
vn 0.664400 -0.355300 -0.657600
vn 0.397500 -0.181700 -0.899400
vn 0.543300 -0.188300 -0.818200
vn 0.541500 -0.688500 -0.482300
vn 0.606000 -0.627700 -0.488600
vn 0.472900 -0.278200 -0.836100
vn 0.469100 -0.742500 -0.478200
vn 0.541100 -0.686900 -0.485200
vn 0.540900 -0.686800 -0.485600
vn 0.516000 -0.573000 -0.636700
vn 0.584800 -0.474500 -0.657900
vn 0.584400 -0.474400 -0.658300
vn 0.379800 -0.342100 -0.859500
vn 0.354600 -0.225700 -0.907400
vn 0.337500 -0.802800 -0.491600
vn 0.434600 -0.800200 -0.413200
vn 0.542900 -0.323300 -0.775000
vn 0.542800 -0.323000 -0.775300
vn 0.260000 -0.835000 -0.484900
vn 0.337400 -0.841300 -0.422300
vn 0.336100 -0.698600 -0.631700
vn 0.428200 -0.622000 -0.655600
vn 0.264100 -0.336000 -0.904100
vn 0.377600 -0.382900 -0.843100
vn 0.182800 -0.876300 -0.445800
vn 0.253300 -0.899300 -0.356400
vn 0.307300 -0.480700 -0.821300
vn 0.719800 -0.694200 -0.006600
vn 0.095700 -0.868600 -0.486100
vn 0.181700 -0.889000 -0.420400
vn 0.012200 -0.875500 -0.483000
vn 0.012300 -0.875300 -0.483400
vn 0.012500 -0.875300 -0.483300
vn 0.087000 -0.898900 -0.429400
vn 0.114600 -0.655700 -0.746300
vn 0.198900 -0.639600 -0.742500
vn 0.137300 -0.502800 -0.853400
vn 0.182200 -0.440500 -0.879100
vn 0.196700 -0.460700 -0.865500
vn 0.190600 -0.317300 -0.929000
vn 0.260900 -0.402100 -0.877600
vn 0.260600 -0.402400 -0.877600
vn -0.073400 -0.874500 -0.479400
vn -0.073000 -0.874400 -0.479600
vn 0.001200 -0.902800 -0.430000
vn 0.000700 -0.902800 -0.430100
vn -0.160200 -0.885700 -0.435700
vn -0.100200 -0.925300 -0.365800
vn 0.048000 -0.495600 -0.867200
vn 0.047700 -0.495400 -0.867400
vn 0.100300 -0.409600 -0.906700
vn -0.238500 -0.844700 -0.479100
vn -0.161400 -0.888200 -0.430200
vn -0.139600 -0.670500 -0.728700
vn -0.052000 -0.668000 -0.742300
vn 0.000600 -0.437200 -0.899400
vn 0.044700 -0.545600 -0.836900
vn 0.148000 -0.549900 -0.822000
vn 0.147800 -0.550100 -0.821900
vn -0.319200 -0.819400 -0.476200
vn -0.252700 -0.863800 -0.436000
vn -0.056900 -0.546600 -0.835500
vn -0.395300 -0.784200 -0.478400
vn -0.331700 -0.833300 -0.442200
vn -0.476200 -0.739700 -0.475500
vn -0.410600 -0.798400 -0.440400
vn -0.151300 -0.517000 -0.842500
vn -0.043400 -0.367500 -0.929000
vn -0.545700 -0.673000 -0.499300
vn -0.468800 -0.733600 -0.492000
vn -0.183300 -0.461200 -0.868200
vn -0.183700 -0.460700 -0.868300
vn -0.107500 -0.415000 -0.903400
vn -0.042600 -0.443000 -0.895500
vn -0.042300 -0.442800 -0.895600
vn -0.201000 -0.390400 -0.898400
vn -0.212500 -0.509600 -0.833800
vn -0.212700 -0.509400 -0.833800
vn -0.293300 -0.455600 -0.840500
vn -0.541000 -0.448400 -0.711500
vn -0.541200 -0.448500 -0.711300
vn -0.541400 -0.448600 -0.711100
vn -0.462100 -0.506000 -0.728300
vn -0.273500 -0.358200 -0.892700
vn -0.305500 -0.470200 -0.828000
vn -0.400700 -0.412600 -0.818100
vn -0.650900 -0.279900 -0.705700
vn -0.591500 -0.359800 -0.721600
vn -0.462000 -0.327000 -0.824400
vn -0.273900 -0.277800 -0.920800
vn -0.310700 -0.326100 -0.892800
vn -0.310500 -0.325800 -0.893000
vn -0.358200 -0.273000 -0.892900
vn -0.471800 -0.259300 -0.842700
vn -0.497400 -0.237600 -0.834300
vn -0.426100 -0.147900 -0.892500
vn -0.689500 0.046200 -0.722800
vn -0.674900 -0.046200 -0.736500
vn -0.453500 -0.065600 -0.888800
vn -0.566600 -0.137200 -0.812500
vn -0.432900 0.087900 -0.897100
vn -0.567400 0.139000 -0.811600
vn -0.523700 0.190100 -0.830400
vn -0.523900 0.189700 -0.830400
vn -0.490200 0.170800 -0.854700
vn -0.406300 0.191200 -0.893500
vn -0.812200 0.361800 -0.457500
vn -0.489900 0.286100 -0.823500
vn -0.466000 0.267800 -0.843300
vn -0.766800 0.441200 -0.466200
vn -0.769500 0.444200 -0.458800
vn -0.357800 0.254400 -0.898400
vn -0.720500 0.511900 -0.467800
vn -0.723300 0.515700 -0.459300
vn -0.683900 0.605100 -0.407500
vn -0.671400 0.583300 -0.457200
vn -0.607000 0.627100 -0.488200
vn -0.607300 0.626800 -0.488200
vn -0.634800 0.673500 -0.378600
vn -0.465100 0.501100 -0.729800
vn -0.513100 0.428900 -0.743500
vn -0.413600 0.364000 -0.834500
vn -0.479900 0.736300 -0.477100
vn -0.406100 0.794600 -0.451300
vn -0.477800 0.572100 -0.666600
vn -0.400500 0.666800 -0.628500
vn -0.403400 0.778500 -0.480800
vn -0.327400 0.829200 -0.453100
vn -0.327700 0.829400 -0.452500
vn -0.481300 0.428300 -0.764800
vn -0.309400 0.293200 -0.904600
vn -0.309700 0.293000 -0.904600
vn -0.312100 0.413300 -0.855400
vn -0.311700 0.413300 -0.855600
vn -0.326400 0.812400 -0.483200
vn -0.247200 0.857500 -0.451200
vn -0.247000 0.857500 -0.451400
vn -0.247400 0.840500 -0.482100
vn -0.164200 0.879400 -0.446900
vn -0.296200 0.444400 -0.845400
vn -0.198700 0.382700 -0.902200
vn -0.162900 0.888900 -0.428200
vn -0.081400 0.921200 -0.380400
vn -0.575300 0.817900 -0.000800
vn -0.217800 0.542900 -0.811000
vn -0.217500 0.543000 -0.811100
vn -0.089100 0.868300 -0.488000
vn 0.007000 0.898000 -0.440000
vn -0.203000 0.490400 -0.847500
vn -0.120700 0.409700 -0.904200
vn -0.138400 0.655700 -0.742300
vn -0.055000 0.682600 -0.728800
vn -0.001100 0.872300 -0.489000
vn 0.092500 0.892800 -0.440900
vn 0.092600 0.892700 -0.441000
vn 0.092500 0.892900 -0.440600
vn -0.106800 0.562800 -0.819700
vn 0.081600 0.867000 -0.491700
vn 0.177600 0.880400 -0.439600
vn 0.163700 0.854500 -0.493000
vn 0.270000 0.861300 -0.430500
vn -0.057400 0.613500 -0.787600
vn -0.000600 0.451400 -0.892300
vn -0.070200 0.333500 -0.940100
vn -0.010000 0.184600 -0.982800
vn 0.052900 0.562500 -0.825100
vn 0.053300 0.562200 -0.825300
vn 0.321000 0.805700 -0.497800
vn 0.422600 0.797200 -0.431100
vn 0.016500 0.384900 -0.922800
vn 0.101600 0.529700 -0.842100
vn 0.187400 0.719600 -0.668700
vn 0.311800 0.715500 -0.625200
vn 0.395000 0.768800 -0.502900
vn 0.494800 0.752500 -0.434700
vn 0.022300 0.953100 -0.301700
vn 0.067600 0.423700 -0.903300
vn 0.152900 0.486700 -0.860100
vn 0.470000 0.731300 -0.494200
vn 0.570900 0.706300 -0.418600
vn 0.526600 0.675300 -0.516400
vn 0.634900 0.640300 -0.432300
vn 0.191900 0.503400 -0.842500
vn 0.196200 0.381700 -0.903200
vn 0.332400 0.943100 -0.008500
vn 0.332700 0.943000 -0.008600
vn 0.310000 0.481200 -0.819900
vn 0.658700 0.571600 -0.489200
vn 0.729600 0.511600 -0.453800
vn 0.308200 0.478900 -0.822000
vn 0.270300 0.349000 -0.897300
vn 0.498500 0.552800 -0.667800
vn 0.609600 0.495100 -0.619000
vn 0.609400 0.494700 -0.619500
vn 0.702100 0.501900 -0.505200
vn 0.797600 0.443700 -0.408700
vn 0.392600 0.404200 -0.826100
vn 0.736700 0.429000 -0.522800
vn 0.836000 0.359800 -0.414300
vn 0.299300 0.287800 -0.909700
vn 0.398600 0.285600 -0.871500
vn 0.814400 0.282000 -0.507200
vn 0.814400 0.281600 -0.507400
vn 0.814300 0.281900 -0.507400
vn 0.905800 0.195300 -0.375900
vn 0.438100 0.447700 -0.779500
vn 0.437800 0.447400 -0.779800
vn 0.450400 0.311100 -0.836900
vn 0.380500 0.222000 -0.897700
vn 0.670100 0.330300 -0.664800
vn 0.740400 0.231000 -0.631200
vn 0.509300 0.227400 -0.830000
vn 0.863400 0.128700 -0.487900
vn 0.876000 0.037200 -0.480900
vn -0.373500 0.927600 0.000000
vn -0.399000 0.916900 -0.000100
vn -0.818400 0.574600 -0.000100
vn -0.831800 0.555100 0.000200
vn -0.373000 -0.000000 0.927800
vn -0.397100 0.000100 0.917800
vn -0.817200 0.000100 0.576400
vn -0.831500 -0.000200 0.555500
vn -0.621300 -0.000800 -0.783600
vn -0.832800 0.000700 -0.553600
vn -0.925100 -0.000300 -0.379700
vn -0.378500 0.000500 -0.925600
vn -0.391400 -0.920200 0.000500
vn -0.616900 -0.787000 -0.000800
vn -0.823100 -0.567900 0.000700
vn -0.930800 -0.365700 -0.000400
vn -0.930700 -0.365700 0.000000
vn -0.944700 -0.068600 0.320800
vn -0.387300 -0.136700 0.911800
vn -0.929100 -0.064200 0.364200
vn -0.789200 -0.028000 0.613500
vn -0.982800 -0.001200 0.184800
vn -0.883500 0.022500 0.467800
vn -0.883300 0.022400 0.468200
vn 0.930500 0.042200 0.363900
vn -0.811500 0.084400 0.578200
vn -0.844700 0.071100 0.530500
vn -0.776100 -0.450600 0.441100
vn -0.776100 -0.450400 0.441400
vn -0.547900 -0.278000 0.789000
vn -0.563200 -0.180700 0.806300
vn 0.034000 -0.534900 0.844200
vn -0.711300 -0.175300 0.680700
vn -0.715900 -0.098900 0.691100
vn -0.468700 0.698400 0.540900
vn -0.339200 -0.066000 -0.938400
vn -0.519400 0.042100 -0.853500
vn -0.842600 0.176800 -0.508700
vn -0.927200 0.177900 -0.329600
vn -0.877500 0.241600 -0.414200
vn -0.351300 -0.154600 -0.923400
vn -0.511000 -0.039000 -0.858700
vn -0.867100 0.118000 -0.484000
vn -0.903200 0.153200 -0.400900
vn -0.903000 0.153500 -0.401200
vn -0.347400 -0.242700 -0.905800
vn -0.511800 -0.121100 -0.850500
vn -0.837500 0.121800 -0.532600
vn -0.480600 -0.286900 -0.828700
vn -0.487000 -0.204900 -0.849000
vn -0.899400 -0.022900 -0.436500
vn -0.819900 0.031900 -0.571700
vn -0.835500 0.028000 -0.548700
vn -0.481500 -0.364200 -0.797200
vn -0.481800 -0.364200 -0.797000
vn -0.487900 -0.284300 -0.825300
vn -0.840700 -0.076400 -0.536100
vn -0.480600 -0.438400 -0.759500
vn -0.487000 -0.362000 -0.794800
vn -0.898800 -0.102800 -0.426100
vn -0.823700 -0.083200 -0.560900
vn -0.484600 -0.507200 -0.712700
vn -0.490400 -0.434200 -0.755600
vn -0.842400 -0.175500 -0.509400
vn -0.484000 -0.578400 -0.656600
vn -0.490900 -0.504200 -0.710500
vn -0.898700 -0.181800 -0.399200
vn -0.823900 -0.188000 -0.534600
vn -0.842900 -0.268000 -0.466500
vn -0.486600 -0.686700 -0.540100
vn -0.493200 -0.625800 -0.604300
vn -0.897900 -0.255000 -0.358800
vn -0.822600 -0.286800 -0.491100
vn -0.477800 -0.739000 -0.474900
vn -0.483800 -0.688200 -0.540600
vn -0.637600 -0.572100 -0.516000
vn -0.658600 -0.474800 -0.583800
vn -0.832600 -0.366300 -0.415500
vn -0.832300 -0.366400 -0.415900
vn -0.478600 -0.784400 -0.394400
vn -0.486100 -0.734400 -0.473700
vn -0.863000 -0.397700 -0.311600
vn -0.905100 -0.292100 -0.309000
vn -0.905100 -0.292300 -0.308800
vn -0.489800 -0.832400 -0.259300
vn -0.406800 -0.840600 -0.357500
vn -0.899400 -0.367200 -0.237000
vn -0.836900 -0.435000 -0.332200
vn -0.770100 -0.424000 -0.476600
vn -0.487100 -0.855000 -0.178300
vn -0.425200 -0.868200 -0.255900
vn -0.637300 -0.723400 -0.265700
vn -0.667400 -0.651100 -0.361500
vn -0.834700 -0.491600 -0.248300
vn -0.443300 -0.891000 -0.098000
vn -0.360500 -0.918100 -0.164800
vn -0.483300 -0.875400 -0.011900
vn -0.483400 -0.875300 -0.012300
vn -0.483000 -0.875500 -0.012200
vn -0.422500 -0.901200 -0.096200
vn -0.842900 -0.516100 -0.152200
vn -0.929400 -0.331600 -0.162000
vn -0.479400 -0.874500 0.073400
vn -0.430000 -0.902800 -0.001200
vn -0.728700 -0.682600 -0.055000
vn -0.742400 -0.655500 -0.138400
vn -0.859700 -0.503300 -0.087300
vn -0.903200 -0.407700 -0.134100
vn -0.897100 -0.392600 -0.202500
vn -0.481400 -0.862500 0.156100
vn -0.433900 -0.897000 0.084500
vn -0.479900 -0.844300 0.238400
vn -0.436100 -0.883900 0.169100
vn -0.904900 -0.425700 -0.000500
vn -0.846600 -0.528800 -0.059600
vn -0.430300 -0.841200 0.327500
vn -0.369400 -0.888300 0.273000
vn -0.826100 -0.561000 0.052800
vn -0.048700 -0.989300 -0.137600
vn -0.476100 -0.785100 0.396200
vn -0.435800 -0.839000 0.325800
vn -0.898700 -0.430700 0.082400
vn -0.819100 -0.571000 0.055000
vn -0.475000 -0.744000 0.469900
vn -0.474700 -0.744000 0.470200
vn -0.442200 -0.797800 0.409900
vn -0.728700 -0.632100 0.263500
vn -0.728700 -0.632000 0.263900
vn -0.742200 -0.646200 0.177500
vn -0.834000 -0.528100 0.159700
vn -0.474000 -0.695800 0.539600
vn -0.445500 -0.753900 0.482800
vn -0.470400 -0.642200 0.605200
vn -0.445100 -0.704300 0.553000
vn -0.422600 -0.592400 0.685900
vn -0.423200 -0.592400 0.685600
vn -0.423100 -0.592500 0.685500
vn -0.382500 -0.661500 0.645100
vn -0.382200 -0.661400 0.645400
vn -0.842500 -0.479100 0.246200
vn -0.928900 -0.353000 0.112200
vn -0.895100 -0.427700 0.125800
vn -0.895300 -0.427500 0.125400
vn -0.895100 -0.427800 0.125400
vn -0.482600 -0.513400 0.709600
vn -0.489400 -0.575800 0.654900
vn -0.867300 -0.419300 0.268300
vn -0.903000 -0.388100 0.184500
vn -0.417100 -0.447300 0.791100
vn -0.384500 -0.526700 0.758100
vn -0.727000 -0.442400 0.525100
vn -0.740200 -0.494700 0.455300
vn -0.740400 -0.494500 0.455200
vn -0.898500 -0.345100 0.271300
vn -0.833700 -0.460200 0.305100
vn -0.834200 -0.395900 0.384000
vn -0.733700 -0.362800 0.574600
vn -0.740500 -0.398900 0.540900
vn -0.905600 -0.294200 0.305400
vn -0.857200 -0.290500 0.425300
vn -0.700800 -0.370400 0.609700
vn -0.671800 -0.287900 0.682500
vn -0.509500 -0.372500 0.775700
vn -0.539100 -0.277700 0.795100
vn -0.723600 -0.020100 0.689900
vn -0.730200 -0.100100 0.675900
vn -0.729900 -0.100300 0.676200
vn -0.953000 -0.096300 0.287400
vn -0.837700 -0.226200 0.497100
vn -0.893600 0.106700 0.435900
vn -0.808900 0.194400 0.554900
vn -0.735700 0.209100 0.644300
vn -0.849300 0.211500 0.483700
vn -0.720600 0.299100 0.625600
vn -0.485300 0.355900 0.798600
vn -0.904800 0.212000 0.369400
vn -0.473400 0.437700 0.764400
vn -0.477700 0.435900 0.762700
vn -0.472000 0.513400 0.716600
vn -0.467300 0.515600 0.718200
vn -0.483200 0.571100 0.663600
vn -0.483500 0.571000 0.663500
vn -0.463300 0.580600 0.669500
vn -0.511200 0.617600 0.597700
vn -0.476900 0.635900 0.606800
vn -0.476500 0.636000 0.607000
vn -0.477000 0.635800 0.606800
vn -0.404500 0.769900 0.493500
vn -0.435000 0.715200 0.547000
vn -0.812500 0.338200 0.474900
vn 0.673800 0.268200 0.688500
vn -0.905300 0.232600 0.355400
vn -0.868900 0.324400 0.373800
vn -0.470700 0.738700 0.482400
vn -0.445500 0.797700 0.406500
vn -0.840300 0.361100 0.404400
vn -0.895500 0.318100 0.311300
vn -0.742100 0.522000 0.420500
vn -0.728700 0.581900 0.361000
vn -0.481300 0.778300 0.403300
vn -0.452900 0.829200 0.327600
vn -0.452400 0.829300 0.327900
vn -0.818400 0.454900 0.351000
vn -0.475500 0.816700 0.327000
vn -0.444900 0.860600 0.247900
vn -0.485900 0.838000 0.248400
vn -0.449000 0.878300 0.164000
vn -0.929900 0.294100 0.220800
vn -0.846700 0.472000 0.245600
vn -0.484200 0.859000 0.166300
vn -0.445000 0.892000 0.079300
vn -0.895700 0.349500 0.275100
vn -0.901300 0.378500 0.210900
vn -0.863700 0.468400 0.186400
vn -0.485900 0.870000 0.084300
vn -0.440200 0.897900 -0.007000
vn -0.838400 0.508800 0.195400
vn -0.899500 0.418800 0.124300
vn -0.433900 0.900900 -0.008000
vn -0.374600 0.922300 -0.095500
vn -0.842000 0.529700 0.102700
vn -0.493100 0.866600 -0.077000
vn -0.438000 0.881300 -0.177400
vn -0.824700 0.555900 0.104300
vn -0.898800 0.436400 0.042300
vn -0.742200 0.670100 0.011700
vn -0.728600 0.680800 -0.075400
vn -0.489300 0.856600 -0.163900
vn -0.468900 0.846600 -0.251800
vn -0.834100 0.551600 -0.004500
vn -0.498500 0.832300 -0.242500
vn -0.438900 0.830800 -0.342200
vn -0.499500 0.804600 -0.321100
vn -0.434600 0.796000 -0.421300
vn -0.788300 0.612400 -0.059600
vn -0.788500 0.612200 -0.059500
vn -0.892800 0.442500 -0.084700
vn -0.497100 0.771400 -0.397200
vn -0.421900 0.753000 -0.504900
vn -0.942400 0.334500 0.004600
vn -0.982800 0.183200 -0.025100
vn -0.826700 0.540200 -0.157400
vn -0.903800 0.414800 -0.105200
vn -0.866200 0.464100 -0.185400
vn -0.501900 0.679700 -0.534900
vn -0.502100 0.679500 -0.535000
vn -0.423600 0.647500 -0.633500
vn 0.452100 0.869100 -0.200400
vn -0.834700 0.508200 -0.211900
vn -0.899300 0.388800 -0.200300
vn -0.670400 0.636400 -0.381500
vn -0.624100 0.598700 -0.502000
vn -0.456800 0.639300 -0.618600
vn -0.343900 0.605100 -0.718000
vn -0.836200 0.459100 -0.300000
vn -0.509100 0.567100 -0.647400
vn -0.418700 0.517600 -0.746200
vn -0.740900 0.494100 -0.454900
vn -0.727500 0.441600 -0.525200
vn -0.493900 0.505200 -0.707700
vn -0.455200 0.438700 -0.774800
vn -0.906800 0.343900 -0.243900
vn -0.906700 0.344300 -0.243600
vn -0.859200 0.363500 -0.360100
vn -0.465700 0.437400 -0.769300
vn -0.335100 0.381300 -0.861600
vn -0.766300 0.535900 -0.354500
vn -0.487100 0.368400 -0.791800
vn -0.480700 0.283200 -0.829900
vn -0.480300 0.283200 -0.830100
vn -0.844600 0.356900 -0.399100
vn -0.844600 0.357300 -0.398800
vn -0.904600 0.247400 -0.347100
vn -0.740700 0.346300 -0.575700
vn -0.724400 0.277300 -0.631100
vn -0.512600 0.281900 -0.811000
vn -0.387200 0.199800 -0.900100
vn -0.013500 0.685900 -0.727600
vn -0.821600 0.283900 -0.494300
vn -0.515000 0.203100 -0.832800
vn -0.387200 0.115500 -0.914700
vn -0.493600 0.126000 -0.860500
vn -0.479700 0.037200 -0.876600
vn 0.000200 0.855700 0.517500
vn -0.000500 0.893000 0.450100
vn 0.000700 0.543100 0.839700
vn -0.000400 0.417900 0.908500
vn -0.000400 0.418200 0.908400
vn -0.000400 0.418300 0.908300
vn 0.872200 0.000000 0.489200
vn 0.893500 -0.000400 0.449000
vn 0.549600 0.000700 0.835400
vn 0.407800 -0.000500 0.913100
vn 0.407400 -0.000500 0.913300
vn -0.857000 -0.000000 0.515300
vn -0.854600 0.000000 0.519300
vn -0.412500 0.000100 0.911000
vn -0.410300 0.000100 0.912000
vn 0.000000 -0.864200 0.503200
vn -0.000100 -0.853000 0.521800
vn -0.000100 -0.853200 0.521500
vn -0.000200 -0.423600 0.905800
vn 0.000100 -0.423900 0.905700
vn -0.000100 -0.406600 0.913600
vn -0.000600 -0.406500 0.913600
vn 0.483900 -0.159800 0.860400
vn 0.406500 -0.126200 0.904900
vn 0.527100 -0.066000 0.847300
vn 0.994600 -0.091800 -0.047800
vn 0.994600 -0.092300 -0.047800
vn 0.631200 -0.042000 0.774500
vn 0.663900 0.038400 0.746800
vn 0.593400 0.020300 0.804700
vn 0.601400 0.089200 0.793900
vn 0.670000 0.116000 0.733200
vn 0.386300 0.059600 0.920400
vn 0.258000 -0.271900 0.927100
vn 0.209700 -0.200400 0.957000
vn 0.377900 -0.262500 0.887900
vn 0.486000 -0.301600 0.820300
vn 0.567300 -0.257000 0.782400
vn 0.742600 -0.484800 0.462200
vn -0.832200 0.038700 0.553200
vn -0.541600 0.115000 0.832800
vn -0.426900 0.163300 0.889400
vn -0.392300 0.226700 0.891500
vn -0.712000 -0.050900 0.700300
vn -0.693400 0.049100 0.718900
vn -0.440000 0.100500 0.892300
vn -0.442100 0.021900 0.896700
vn -0.442500 0.021300 0.896500
vn -0.442600 0.021300 0.896500
vn -0.709300 -0.173100 0.683300
vn -0.613300 -0.067200 0.787000
vn -0.625500 -0.217500 0.749300
vn -0.783000 -0.208400 0.586000
vn -0.707800 -0.050000 0.704600
vn -0.707900 -0.050300 0.704500
vn -0.769700 -0.358800 0.528000
vn -0.190900 -0.014800 0.981500
vn -0.190600 -0.014700 0.981600
vn -0.190800 -0.014500 0.981500
vn -0.334500 0.020500 0.942200
vn -0.294100 -0.063700 0.953600
vn -0.571800 -0.428000 0.699900
vn -0.608900 -0.333900 0.719500
vn -0.405700 -0.165700 0.898900
vn -0.566000 -0.205100 0.798500
vn -0.603900 -0.105900 0.790000
vn -0.504100 -0.297600 0.810700
vn -0.504000 -0.549500 0.666400
vn -0.478000 -0.386800 0.788600
vn -0.478000 -0.386600 0.788700
vn -0.477400 -0.386900 0.788900
vn -0.567600 -0.423800 0.705900
vn -0.152300 -0.115700 0.981500
vn -0.293400 -0.163600 0.941900
vn -0.293300 -0.163900 0.941900
vn -0.293200 -0.164200 0.941900
vn -0.330800 -0.423200 0.843500
vn -0.330800 -0.423400 0.843400
vn -0.330400 -0.423400 0.843600
vn -0.325200 -0.309100 0.893700
vn -0.249900 -0.670600 0.698400
vn -0.333100 -0.611200 0.718000
vn -0.252700 -0.397300 0.882200
vn -0.344300 -0.450300 0.823900
vn -0.343900 -0.450200 0.824000
vn -0.344200 -0.449900 0.824100
vn -0.456100 -0.420800 0.784200
vn -0.455900 -0.421000 0.784200
vn -0.260500 -0.518600 0.814300
vn -0.066100 -0.704300 0.706800
vn -0.145700 -0.676200 0.722100
vn -0.159400 -0.551600 0.818700
vn -0.175000 -0.351500 0.919700
vn 0.016300 -0.704500 0.709500
vn -0.072800 -0.654500 0.752600
vn -0.091300 -0.537200 0.838500
vn -0.141800 -0.429900 0.891700
vn -0.203000 -0.392500 0.897100
vn -0.202500 -0.392300 0.897300
vn -0.202400 -0.392800 0.897000
vn 0.053500 -0.528800 0.847000
vn 0.053200 -0.529200 0.846800
vn -0.028100 -0.444000 0.895600
vn -0.125900 -0.955400 -0.267100
vn 0.087500 -0.455900 0.885700
vn 0.061500 -0.557000 0.828200
vn 0.162600 -0.546600 0.821500
vn 0.403200 -0.593000 0.697000
vn 0.304700 -0.628500 0.715600
vn 0.174700 -0.430500 0.885500
vn 0.164100 -0.549800 0.819000
vn 0.268000 -0.506600 0.819400
vn 0.642200 -0.451400 0.619500
vn 0.588800 -0.520200 0.618700
vn 0.534600 -0.450800 0.714800
vn 0.474900 -0.508600 0.718200
vn 0.425000 -0.427900 0.797700
vn 0.360600 -0.475600 0.802400
vn 0.324400 -0.400300 0.857100
vn 0.323900 -0.400500 0.857200
vn 0.324200 -0.400400 0.857100
vn 0.216700 -0.380700 0.898900
vn 0.216800 -0.381000 0.898800
vn 0.305500 -0.571700 0.761500
vn 0.622600 -0.347800 0.701000
vn 0.573700 -0.420000 0.703200
vn 0.529100 -0.248700 0.811300
vn 0.566900 -0.182700 0.803300
vn 0.666500 -0.241200 0.705400
vn 0.682900 -0.152000 0.714500
vn 0.687100 -0.033000 0.725800
vn 0.673100 -0.111900 0.731100
vn 0.546300 0.132500 0.827000
vn 0.410200 0.135900 0.901800
vn 0.558700 0.178100 0.810000
vn 0.668500 0.232700 0.706300
vn 0.625000 0.308700 0.717000
vn 0.552000 0.250600 0.795300
vn 0.496800 0.289300 0.818200
vn 0.589500 0.424500 0.687300
vn 0.756300 0.542700 0.365400
vn 0.702400 0.606700 0.372200
vn 0.702500 0.606600 0.372200
vn 0.400500 0.342000 0.850100
vn 0.512100 0.354200 0.782400
vn 0.346800 0.163000 0.923700
vn 0.500100 0.777800 0.380600
vn 0.344000 0.243700 0.906800
vn 0.440900 0.430100 0.787800
vn 0.396500 0.407900 0.822400
vn 0.438400 0.555900 0.706200
vn 0.338800 0.394900 0.854000
vn 0.337900 0.520800 0.783900
vn 0.600900 0.629900 -0.492000
vn 0.331900 0.505900 0.796200
vn 0.279600 0.544200 0.791000
vn 0.324000 0.760000 0.563400
vn 0.221000 0.828100 0.515200
vn 0.281900 0.553400 0.783700
vn 0.173300 0.497600 0.849900
vn 0.206600 0.664500 0.718100
vn 0.119100 0.679700 0.723800
vn 0.204300 0.658000 0.724800
vn 0.082500 0.686600 0.722300
vn 0.001700 0.694600 0.719300
vn 0.108600 0.421400 0.900400
vn 0.040800 0.525900 0.849600
vn 0.012800 0.645100 0.764000
vn -0.069700 0.664800 0.743800
vn 0.216700 0.701900 0.678500
vn -0.123900 0.701300 0.702000
vn -0.199400 0.680300 0.705300
vn -0.048100 0.598600 0.799600
vn -0.123700 0.578000 0.806600
vn -0.190100 0.663900 0.723200
vn -0.262000 0.635500 0.726200
vn 0.044300 0.997900 -0.047600
vn 0.044600 0.997900 -0.047700
vn -0.212400 0.560500 0.800500
vn -0.281600 0.517800 0.807800
vn -0.312800 0.626200 0.714200
vn -0.388400 0.583800 0.712900
vn -0.059700 0.331900 0.941400
vn -0.062900 0.206700 0.976400
vn -0.063100 0.207000 0.976300
vn -0.121200 0.293700 0.948200
vn -0.285400 0.468600 0.836000
vn -0.276800 0.357800 0.891800
vn -0.706700 0.509100 0.491400
vn -0.706400 0.509500 0.491400
vn -0.706200 0.510100 0.491000
vn -0.405800 0.429800 0.806600
vn -0.496900 0.861700 0.102800
vn -0.304000 0.345500 0.887800
vn -0.385500 0.338100 0.858500
vn -0.437200 0.368200 0.820500
vn -0.374900 0.267800 0.887600
vn -0.592500 0.361700 0.719900
vn -0.646500 0.280400 0.709600
vn -0.487300 0.276300 0.828400
vn -0.345100 0.192100 0.918700
vn -0.510100 0.179400 0.841200
vn -0.835300 0.204700 0.510300
vn -0.654500 0.093200 0.750300
vn -0.593800 -0.804600 0.000100
vn -0.548800 -0.836000 -0.000300
vn -0.789200 -0.614100 0.000200
vn -0.798400 -0.602200 0.000300
vn -0.935800 -0.352600 0.000500
vn -0.993300 -0.115900 -0.000200
vn -0.615400 -0.749900 -0.242800
vn -0.000100 -0.795700 0.605700
vn 0.000100 -0.776300 0.630400
vn 0.000200 -0.625500 0.780200
vn -0.000400 -0.711900 0.702200
vn 0.000100 -0.712000 0.702200
vn -0.253300 -0.899100 -0.357000
vn -0.002200 -0.663400 -0.748300
vn -0.003500 -0.827200 -0.561900
vn 0.919000 0.363500 -0.152900
vn -0.000300 -0.115900 -0.993300
vn -0.001000 0.112100 -0.993700
vn -0.000800 -0.828000 -0.560700
vn 0.000000 -0.623000 -0.782200
vn 0.000400 -0.806100 -0.591800
vn -0.000100 -0.770600 -0.637300
vn 0.220300 -0.975400 0.000300
vn 0.220300 -0.975400 -0.000000
vn 0.631600 -0.775300 0.000100
vn 0.652800 -0.757500 -0.000000
vn 0.661200 -0.750200 -0.000000
vn 0.708800 -0.705400 -0.000300
vn 0.047800 0.998800 0.007800
vn 0.047700 0.998800 0.007800
vn -0.000000 0.115500 0.993300
vn 0.000600 -0.107000 0.994300
vn 0.001000 0.834900 0.550400
vn 0.000100 0.674800 0.738000
vn -0.000200 0.734400 0.678700
vn -0.000300 0.926000 0.377500
vn 0.000100 0.925900 0.377800
vn -0.000000 0.926000 0.377500
vn -0.000100 0.914300 0.405000
vn 0.000100 0.914400 0.404700
vn 0.000200 0.998600 0.052800
vn -0.000000 0.996300 0.086500
vn -0.013200 0.998800 -0.046400
vn -0.010500 0.837600 0.546100
vn -0.916200 -0.367000 0.160700
vn -0.008800 0.726000 0.687700
vn -0.073900 0.997300 0.000200
vn -0.686000 0.727600 -0.000100
vn -0.685600 0.728000 -0.000300
vn -0.685800 0.727800 0.000000
vn -0.659700 0.751500 -0.000100
vn -0.434000 0.900900 0.000100
vn -0.461000 0.887400 -0.000100
vn -0.069600 0.997600 0.000200
vn 0.464700 0.821800 0.329700
vn 0.464600 0.821700 0.329900
vn 0.464700 0.821800 0.329600
vn 0.993300 0.115400 -0.000100
vn 0.993300 0.115900 -0.000100
vn 0.993300 0.115800 -0.000100
vn 0.950900 0.309600 0.000000
vn 0.934300 0.356600 -0.000200
vn 0.717100 0.697000 -0.000300
vn 0.753900 0.657000 0.000100
vn 0.333800 0.942700 -0.000200
vn 0.360000 0.933000 0.000000
vn 0.359600 0.933100 -0.000300
vn 0.359500 0.933100 -0.000100
vn -0.007700 1.000000 0.000000
vn 0.061100 0.998100 0.000300
vn 0.000300 0.144800 -0.989500
vn 0.000600 0.663800 -0.747900
vn -0.000200 0.757100 -0.653400
vn 0.000200 0.886400 -0.462800
vn -0.000300 0.942800 -0.333500
vn 0.000100 0.987400 -0.158300
vn 0.000100 0.998900 -0.047200
vn 0.998800 -0.047300 0.014000
vn 0.393400 -0.000600 0.919400
vn 0.640300 -0.000000 0.768100
vn 0.702200 -0.000200 0.712000
vn 0.853300 0.000300 0.521400
vn 0.919500 -0.000200 0.393200
vn 0.991400 0.000300 0.131000
vn 0.995900 0.000100 0.090700
vn 0.998600 0.023200 -0.047700
vn 0.379100 0.925400 -0.000700
vn 0.669800 0.742500 0.000100
vn 0.707400 0.706800 -0.000100
vn 0.918600 0.395200 -0.000000
vn 0.918800 0.394800 -0.000200
vn 0.935700 0.352800 0.000200
vn 0.996200 0.087300 -0.000200
vn 0.997800 0.065900 -0.000100
vn -0.010600 -0.999900 0.000000
vn 0.756400 -0.654100 -0.000200
vn 0.765700 -0.643200 -0.000100
vn 0.799300 -0.600900 -0.000200
vn 0.896900 -0.442200 0.000300
vn 0.974400 -0.225000 -0.000000
vn 0.997700 -0.067400 0.000300
vn 0.996700 -0.081700 0.000200
vn 0.996700 -0.081300 0.000300
vn 0.322200 0.001100 -0.946700
vn 0.729400 0.000500 -0.684100
vn 0.654100 -0.000200 -0.756400
vn 0.891700 0.000000 -0.452600
vn 0.932800 -0.000200 -0.360500
vn 0.932700 -0.000400 -0.360500
vn 0.932800 -0.000000 -0.360400
vn 0.988800 0.000100 -0.149600
vn 0.999000 -0.000200 0.045800
vn 0.999000 -0.000000 0.045800
vn 0.999000 -0.000100 0.045800
vn 0.219000 -0.005600 -0.975700
vn 0.825500 0.000400 -0.564400
vn 0.826200 0.000400 -0.563400
vn 0.826400 0.000100 -0.563100
vn 0.798000 0.000100 -0.602600
vn 0.519300 -0.000300 -0.854600
vn 0.376400 0.000300 -0.926500
vn 0.226800 -0.000200 -0.974000
vn 0.226700 -0.000300 -0.974000
vn 0.226600 -0.000600 -0.974000
vn -0.034900 0.000500 -0.999400
vn -0.000000 0.967900 0.251300
vn 0.001700 0.864400 -0.502800
vn 0.000300 0.602700 -0.798000
vn -0.000000 0.702700 -0.711500
vn -0.000200 0.541200 -0.840900
vn 0.000200 0.432900 -0.901500
vn -0.000100 0.152200 -0.988400
vn -0.000200 0.152200 -0.988400
vn 0.000000 0.152100 -0.988400
vn 0.000200 0.043900 -0.999000
vn 0.005200 0.708600 -0.705600
vn 0.003800 0.864400 -0.502900
vn 0.000500 -0.999900 0.011000
vn -0.001000 -0.785200 -0.619200
vn 0.000200 -0.657800 -0.753200
vn 0.000100 -0.439600 -0.898200
vn -0.000500 -0.309900 -0.950800
vn 0.000300 -0.061800 -0.998100
vn -0.795900 0.042400 -0.604000
vn -0.547300 0.267900 -0.792900
vn -0.006300 -0.536400 0.843900
vn -0.148100 -0.020500 -0.988800
vn -0.811700 0.000000 -0.584100
vn -0.791600 -0.000100 -0.611000
vn -0.769700 -0.000100 -0.638400
vn -0.755600 0.000100 -0.655100
vn -0.453200 0.000000 -0.891400
vn -0.451800 0.000000 -0.892100
vn -0.182800 0.000100 -0.983200
vn -0.179800 0.000100 -0.983700
vn -0.107700 0.048500 -0.993000
vn -0.724400 0.005800 0.689300
vn -0.724200 0.005700 0.689500
vn -0.724100 0.005500 0.689600
vn -0.572700 0.004500 0.819800
vn -0.572600 0.004500 0.819800
vn -0.496800 -0.000900 0.867900
vn -0.496500 -0.000400 0.868000
vn -0.496100 -0.000500 0.868300
vn -0.572300 0.000000 0.820000
vn -0.761300 0.000100 0.648300
vn -0.730100 -0.000100 0.683300
vn -0.942500 0.000200 0.334300
vn -0.913800 -0.000300 0.406200
vn -0.998500 0.000400 0.053900
vn -0.998900 0.000400 0.047800
vn 0.873100 -0.007600 0.487500
vn -0.641200 -0.766500 0.036000
vn -0.712900 -0.700300 -0.037400
vn -0.922700 -0.378400 0.074400
vn -0.644000 -0.765000 0.000200
vn -0.619000 -0.785400 -0.000000
vn -0.866500 -0.499200 0.000000
vn -0.826800 -0.562500 -0.000400
vn -0.992100 -0.125700 0.000200
vn -0.984600 -0.175000 0.000000
vn -0.860300 -0.508800 -0.033400
vn -0.495300 -0.693100 -0.523700
vn -0.476200 0.879300 0.000100
vn -0.491000 0.871200 -0.000000
vn -0.761900 0.647800 -0.000000
vn -0.757600 0.652800 0.000000
vn -0.931400 0.364000 0.000200
vn -0.931300 0.364200 -0.000000
vn -0.931400 0.363900 0.000100
vn -0.944400 0.328800 -0.000200
vn -0.996300 0.086400 0.000200
vn -0.998100 0.060900 0.000000
vn -0.998000 0.000400 0.063400
vn -0.998000 0.000400 0.063500
vn -0.994600 0.000200 -0.103700
vn -0.477300 -0.000100 -0.878700
vn -0.502500 -0.000200 -0.864600
vn -0.770800 0.000000 -0.637100
vn -0.757600 0.000200 -0.652700
vn -0.934700 -0.000300 -0.355500
vn -0.996300 0.000400 -0.085400
vn -0.998300 -0.056900 0.008400
vn 0.049700 -0.097800 0.994000
vn -0.000600 -0.937500 0.347900
vn -0.000100 -0.753900 0.657000
vn -0.000200 -0.755500 0.655200
vn 0.000300 -0.478300 0.878200
vn -0.000200 -0.379500 0.925200
vn -0.000000 -0.174800 0.984600
vn -0.000600 -0.013200 0.999900
vn -0.050900 -0.000200 0.998700
vn -0.825200 -0.001000 0.564900
vn -0.684800 -0.000700 0.728700
vn -0.839200 0.000600 0.543900
vn -0.742300 0.000100 0.670000
vn -0.466200 0.000300 0.884700
vn -0.405200 -0.000100 0.914200
vn 0.000900 0.000100 1.000000
vn 0.409500 0.021000 0.912100
vn 0.728200 -0.043700 0.684000
vn -0.811600 -0.063300 0.580700
vn -0.708700 0.692700 -0.133700
vn 0.993300 -0.000100 0.115400
vn 0.932200 0.000000 0.361900
vn 0.931100 0.000000 0.364700
vn 0.727100 -0.000100 0.686600
vn 0.720600 0.000000 0.693400
vn 0.360200 0.000300 0.932900
vn 0.136100 -0.000500 0.990700
vn 0.008200 0.000100 1.000000
vn -0.107900 0.869600 0.481800
vn 0.114200 0.784100 0.610100
vn 0.048300 0.042100 0.997900
vn 0.397700 0.357600 0.845000
vn 0.000100 0.993300 0.115500
vn 0.000300 0.994500 -0.104600
vn 0.001800 0.873900 0.486100
vn 0.000300 0.609900 0.792500
vn -0.000100 0.670500 0.741900
vn 0.000500 0.444200 0.895900
vn -0.000200 0.247700 0.968800
vn 0.000300 0.126900 0.991900
vn -0.916000 0.151200 -0.371500
vn -0.003200 0.246600 0.969100
vn -0.002000 0.247800 0.968800
vn -0.007100 0.655800 0.754900
vn -0.007200 0.655800 0.754900
vn -0.181700 0.571100 0.800500
vn -0.021400 0.998900 0.041300
vn -0.031800 0.998900 0.034000
vn 0.015600 0.998900 -0.043900
vn -0.044800 0.998900 -0.012600
vn -0.046100 0.998900 -0.006300
vn 0.042700 0.998900 -0.018500
vn -0.026800 0.998900 -0.038000
vn -0.003200 0.998900 -0.046400
vn -0.036100 0.998900 -0.029400
vn -0.042700 0.998900 -0.018500
vn -0.003200 0.998900 0.046400
vn 0.050800 0.998600 0.014200
vn 0.034600 0.998500 0.043100
vn 0.021400 0.998900 -0.041300
vn -0.036100 0.998900 0.029400
vn 0.036100 0.998900 -0.029400
vn 0.053800 0.998500 -0.009400
vn -0.039800 0.998900 0.024200
vn -0.015600 0.998900 0.043900
vn -0.026800 0.998900 0.038000
vn 0.009500 0.998900 -0.045600
vn 0.003200 0.998900 -0.046400
vn 0.052200 0.998600 -0.007200
vn 0.003200 0.998900 0.046400
vn -0.015600 0.998900 -0.043900
vn 0.031800 0.998900 0.034000
vn -0.042700 0.998900 0.018500
vn 0.021400 0.998900 0.041300
vn -0.046100 0.998900 0.006300
vn 0.052000 0.998500 0.016600
vn -0.046600 0.998900 0.000000
vn 0.027900 0.998700 0.042100
vn -0.031800 0.998900 -0.034000
vn 0.051300 0.998600 0.015900
vn 0.009500 0.998900 0.045600
vn 0.040200 0.998400 -0.040500
vn 0.026800 0.998900 0.038000
vn -0.009500 0.998900 0.045600
vn 0.015600 0.998900 0.043900
vn -0.044800 0.998900 0.012600
vn -0.039800 0.998900 -0.024200
vn 0.039800 0.998900 -0.024200
vn 0.026800 0.998900 -0.038000
vn 0.031800 0.998900 -0.034000
vn -0.021400 0.998900 -0.041300
vn -0.731600 -0.681800 -0.000000
vn 0.731600 -0.681800 -0.000000
vn 0.000000 -0.681800 -0.731600
vn 0.000000 -0.681800 0.731600
vn -0.990700 0.000000 0.136100
vn -0.682600 0.000000 -0.730800
vn -0.917200 0.000000 -0.398400
vn 0.071200 0.936900 -0.342400
vn 0.071100 0.936900 0.342400
vn -0.298800 0.936900 -0.181700
vn -0.682600 0.000000 0.730800
vn 0.576700 0.000000 -0.817000
vn -0.854400 0.000000 -0.519600
vn 0.854400 0.000000 0.519600
vn 0.854400 0.000000 -0.519600
vn -0.334900 0.000000 -0.942300
vn -0.775700 0.000000 -0.631100
vn -0.854400 0.000000 0.519600
vn 0.775700 0.000000 0.631100
vn 0.068200 0.000000 -0.997700
vn 0.990700 0.000000 0.136200
vn 0.203500 0.000000 -0.979100
vn -0.334900 0.000000 0.942300
vn -0.990700 0.000000 -0.136100
vn 0.917200 0.000000 0.398400
vn 0.990700 0.000000 -0.136200
vn 0.334900 0.000000 -0.942300
vn 0.203500 0.000000 0.979100
vn 0.460100 0.000000 0.887900
vn -0.962900 0.000000 0.269800
vn -0.068200 0.000000 0.997700
vn -0.576700 0.000000 -0.817000
vn 0.068200 0.000000 0.997700
vn -0.576700 0.000000 0.817000
vn 0.917200 0.000000 -0.398400
vn 0.682600 0.000000 -0.730800
vn -0.460000 0.000000 -0.887900
vn -0.460100 0.000000 0.887900
vn 0.775700 0.000000 -0.631100
vn -0.917200 0.000000 0.398400
vn -0.775700 0.000000 0.631100
vn 0.682600 0.000000 0.730800
vn 0.576700 0.000000 0.817000
vn -0.962900 0.000000 -0.269800
vn -0.203500 0.000000 0.979100
vn 0.460100 0.000000 -0.887900
vn 0.334900 0.000000 0.942300
vn -0.203500 0.000000 -0.979100
vn 0.962900 0.000000 0.269800
vn 0.962900 0.000000 -0.269800
vn -0.068200 0.000000 -0.997700
vn -0.320800 0.936900 -0.139300
vn 0.318900 0.947800 -0.005600
vn -0.336700 0.936900 -0.094400
vn 0.298800 0.936900 -0.181700
vn -0.271300 0.936900 0.220700
vn 0.271300 0.936900 -0.220700
vn 0.227000 0.938500 0.260300
vn -0.271300 0.936900 -0.220700
vn -0.349700 0.936900 0.000000
vn 0.235300 0.944500 0.229100
vn -0.023900 0.936900 -0.348900
vn -0.346500 0.936900 0.047600
vn -0.160900 0.936900 -0.310500
vn 0.291600 0.946900 0.135100
vn -0.298800 0.936900 0.181700
vn -0.071200 0.936900 -0.342400
vn -0.023900 0.936900 0.348900
vn -0.320800 0.936900 0.139300
vn 0.201700 0.936900 -0.285700
vn 0.315200 0.947800 0.049000
vn 0.329800 0.943000 -0.045300
vn -0.346400 0.936900 -0.047600
vn -0.117100 0.936900 -0.329500
vn 0.238700 0.936900 -0.255600
vn 0.117100 0.936900 -0.329500
vn 0.320800 0.936900 -0.139300
vn 0.201700 0.936900 0.285700
vn -0.238700 0.936900 0.255600
vn 0.320500 0.943000 0.089800
vn -0.336700 0.936900 0.094400
vn -0.201700 0.936900 0.285700
vn -0.117100 0.936900 0.329500
vn 0.160900 0.936900 -0.310500
vn 0.238700 0.936900 0.255600
vn -0.071100 0.936900 0.342400
vn -0.238700 0.936900 -0.255600
vn 0.288300 0.930900 -0.224200
vn 0.117100 0.936900 0.329500
vn -0.160900 0.936900 0.310500
vn -0.201700 0.936900 -0.285700
vn 0.023900 0.936900 -0.348900
vn 0.160900 0.936900 0.310500
vn 0.023900 0.936900 0.348900
vn -0.734300 0.671200 0.101600
vn -0.713500 0.671300 -0.200700
vn 0.068300 0.000000 0.997700
vn 0.334800 0.000000 0.942300
vn 0.460000 0.000000 -0.887900
vn -0.068300 0.000000 0.997700
vn -0.001800 0.999700 -0.026000
vn -0.012000 0.999700 -0.023100
vn -0.001800 0.999700 0.026000
vn 0.015000 0.999700 0.021300
vn 0.012000 0.999700 -0.023100
vn -0.008700 0.999700 -0.024500
vn -0.074000 0.988500 -0.131600
vn 0.017800 0.999700 0.019000
vn 0.005300 0.999700 -0.025500
vn -0.017800 0.999700 -0.019000
vn -0.012000 0.999700 0.023100
vn 0.008700 0.999700 -0.024500
vn 0.015000 0.999700 -0.021300
vn 0.025100 0.999700 -0.007000
vn -0.044600 0.998900 -0.012500
vn 0.017800 0.999700 -0.019000
vn -0.015000 0.999700 -0.021300
vn -0.023900 0.999700 0.010400
vn -0.008700 0.999700 0.024500
vn -0.017800 0.999700 0.019000
vn 0.008700 0.999700 0.024500
vn 0.025800 0.999700 0.003500
vn -0.045900 0.998900 0.006300
vn -0.043700 0.997500 0.055200
vn -0.015000 0.999700 0.021300
vn 0.023900 0.999700 -0.010400
vn 0.001800 0.999700 -0.026000
vn 0.005300 0.999700 0.025500
vn 0.022200 0.999700 -0.013500
vn -0.017000 0.998500 -0.051500
vn 0.012000 0.999700 0.023100
vn 0.025800 0.999700 -0.003500
vn 0.001800 0.999700 0.026000
vn -0.076200 0.994200 0.075500
vn 0.026000 0.999700 0.000000
vn 0.020200 0.999700 0.016400
vn -0.073000 0.996100 0.048600
vn -0.020200 0.999700 0.016400
vn 0.020200 0.999700 -0.016400
vn -0.022200 0.999700 0.013500
vn 0.025100 0.999700 0.007000
vn -0.035800 0.997500 -0.060700
vn 0.023900 0.999700 0.010400
vn 0.022200 0.999700 0.013500
vn -0.005300 0.999700 -0.025500
vn -0.005300 0.999700 0.025500
vn 0.000400 -0.000000 1.000000
vn 0.327900 -0.165700 0.930100
vn 0.362900 -0.062200 0.929800
vn 0.262900 -0.256800 0.930000
vn 0.194800 -0.312500 0.929700
vn 0.118600 -0.346900 0.930400
vn 0.027900 -0.366400 0.930100
vn -0.073400 -0.359400 0.930300
vn -0.185700 -0.316200 0.930300
vn -0.286200 -0.227000 0.930900
vn -0.347700 -0.115600 0.930500
vn -0.365800 -0.002800 0.930700
vn -0.348500 0.111800 0.930600
vn -0.287800 0.225000 0.930900
vn -0.188600 0.314400 0.930400
vn -0.077000 0.358600 0.930300
vn 0.025200 0.366500 0.930100
vn 0.117600 0.347700 0.930200
vn 0.206900 0.302800 0.930300
vn 0.277700 0.241500 0.929800
vn 0.332700 0.155700 0.930100
vn 0.364700 0.044300 0.930100
vn -1.000000 -0.000100 0.000400
vn -0.930100 -0.163700 0.328900
vn -0.930000 -0.050300 0.364000
vn -0.930000 -0.256800 0.262800
vn -0.929700 -0.312500 0.194800
vn -0.930400 -0.346900 0.118600
vn -0.930100 -0.366400 0.027900
vn -0.930300 -0.359400 -0.073400
vn -0.930400 -0.316200 -0.185600
vn -0.930900 -0.227000 -0.286200
vn -0.930500 -0.115600 -0.347700
vn -0.930700 -0.002900 -0.365800
vn -0.930600 0.111800 -0.348500
vn -0.930900 0.225000 -0.287800
vn -0.930400 0.314400 -0.188600
vn -0.930300 0.358600 -0.077000
vn -0.930100 0.366500 0.025200
vn -0.930200 0.347700 0.117600
vn -0.930300 0.302600 0.207100
vn -0.929900 0.239700 0.278900
vn -0.930100 0.154800 0.333100
vn -0.929800 0.054200 0.364000
vn -0.000500 0.000300 -1.000000
vn -0.334200 -0.152600 -0.930100
vn -0.364300 -0.047600 -0.930100
vn -0.280500 -0.237700 -0.929900
vn -0.210500 -0.300800 -0.930200
vn -0.121400 -0.345900 -0.930400
vn -0.029900 -0.366400 -0.930000
vn 0.070300 -0.360000 -0.930300
vn 0.170800 -0.325200 -0.930100
vn 0.250500 -0.267700 -0.930400
vn 0.310500 -0.195600 -0.930200
vn 0.349500 -0.109900 -0.930500
vn 0.365800 -0.002900 -0.930700
vn 0.349300 0.109200 -0.930600
vn 0.296500 0.214100 -0.930700
vn 0.197700 0.307200 -0.930900
vn 0.067400 0.360600 -0.930300
vn -0.050900 0.363600 -0.930200
vn -0.136300 0.342000 -0.929800
vn -0.209200 0.301200 -0.930300
vn -0.278900 0.239700 -0.929900
vn -0.333100 0.154800 -0.930100
vn -0.364000 0.054200 -0.929800
vn 1.000000 0.000200 -0.000600
vn 0.930100 -0.163700 -0.328900
vn 0.930000 -0.050300 -0.364000
vn 0.930000 -0.256800 -0.262900
vn 0.929700 -0.312500 -0.194800
vn 0.930400 -0.346800 -0.118800
vn 0.930000 -0.366400 -0.029900
vn 0.930300 -0.360000 0.070300
vn 0.930100 -0.325200 0.170900
vn 0.930400 -0.267700 0.250500
vn 0.930200 -0.195700 0.310500
vn 0.930500 -0.109900 0.349600
vn 0.930700 -0.002900 0.365800
vn 0.930600 0.109300 0.349300
vn 0.930700 0.214100 0.296500
vn 0.930900 0.307200 0.197800
vn 0.930300 0.360600 0.067400
vn 0.930200 0.363600 -0.050900
vn 0.929800 0.342000 -0.136300
vn 0.930300 0.301100 -0.209300
vn 0.929900 0.239700 -0.278900
vn 0.930100 0.154800 -0.333100
vn 0.929800 0.054200 -0.364000
usemtl None
s off
f 1/1/1 2/2/1 3/3/1
f 3/3/2 4/4/2 5/5/2
f 3/3/3 5/5/3 6/6/3
f 3/3/4 6/6/4 1/1/4
f 7/7/5 8/8/5 9/9/5
f 10/10/5 11/11/5 12/12/5
f 13/13/6 14/14/6 15/15/6
f 9/9/5 16/16/5 7/7/5
f 7/7/5 16/16/5 17/17/5
f 7/7/5 17/17/5 18/18/5
f 18/18/5 19/19/5 7/7/5
f 7/7/5 19/19/5 20/20/5
f 7/7/5 20/20/5 21/21/5
f 21/21/5 20/20/5 22/22/5
f 21/21/5 22/22/5 23/23/5
f 15/15/5 24/24/5 13/13/5
f 13/13/5 24/24/5 21/21/5
f 13/13/5 21/21/5 10/10/5
f 10/10/5 21/21/5 25/25/5
f 10/10/5 25/25/5 11/11/5
f 28/26/5 29/27/5 30/28/5
f 26/29/7 27/30/7 30/28/7
f 23/23/5 31/31/5 21/21/5
f 21/21/5 31/31/5 32/32/5
f 21/21/5 32/32/5 25/25/5
f 25/25/5 32/32/5 33/33/5
f 25/25/5 33/33/5 34/34/5
f 35/35/8 36/36/8 37/37/8
f 30/28/9 27/30/9 28/26/9
f 30/28/4 29/27/4 38/38/4
f 30/28/10 38/38/10 39/39/10
f 37/37/11 36/36/11 40/40/11
f 12/12/12 41/41/12 42/42/12
f 42/42/13 43/43/13 12/12/13
f 12/12/14 43/43/14 10/10/14
f 30/28/15 39/39/15 44/44/15
f 30/28/16 44/44/16 37/37/16
f 37/37/8 44/44/8 45/45/8
f 37/37/15 45/45/15 35/35/15
f 15/15/17 14/14/17 46/46/17
f 15/15/18 46/46/18 47/47/18
f 15/15/12 47/47/12 48/48/12
f 15/15/18 48/48/18 49/49/18
f 26/29/15 50/50/15 27/30/19
f 27/30/4 50/50/4 51/51/4
f 52/52/5 53/53/5 12/12/5
f 53/53/5 54/54/5 12/12/5
f 12/12/18 54/54/18 41/41/18
f 51/51/8 55/55/8 27/30/8
f 27/30/19 55/55/15 56/56/15
f 56/56/8 57/57/8 27/30/8
f 27/30/8 57/57/8 58/58/8
f 59/59/5 60/60/5 52/52/5
f 34/34/5 61/61/5 25/25/5
f 25/25/5 61/61/5 62/62/5
f 25/25/5 62/62/5 52/52/5
f 52/52/5 62/62/5 63/63/5
f 52/52/5 63/63/5 59/59/5
f 15/15/12 49/49/12 64/64/12
f 15/15/5 64/64/5 7/7/5
f 7/7/5 64/64/5 27/30/5
f 7/7/5 27/30/5 8/8/5
f 8/8/5 27/30/5 65/65/5
f 60/60/5 66/66/5 52/52/5
f 52/52/5 66/66/5 67/67/5
f 52/52/5 67/67/5 53/53/5
f 53/53/5 67/67/5 68/68/5
f 68/68/5 69/69/5 53/53/5
f 53/53/5 69/69/5 70/70/5
f 53/53/5 70/70/5 71/71/5
f 72/72/5 73/73/5 58/58/5
f 58/58/5 73/73/5 74/74/5
f 58/58/5 74/74/5 75/75/5
f 76/76/5 27/30/5 77/77/5
f 77/77/5 27/30/5 58/58/5
f 77/77/5 58/58/5 78/78/5
f 78/78/5 58/58/5 75/75/5
f 76/76/5 79/79/5 27/30/5
f 27/30/5 79/79/5 80/80/5
f 27/30/5 80/80/5 81/81/5
f 58/58/20 82/82/20 72/72/20
f 72/72/20 82/82/20 83/83/20
f 72/72/5 83/83/5 71/71/5
f 71/71/10 83/83/10 53/53/10
f 81/81/5 84/84/5 27/30/5
f 27/30/5 84/84/5 85/85/5
f 27/30/5 85/85/5 65/65/5
f 87/86/21 86/87/21 88/88/21
f 87/86/22 88/88/22 89/89/22
f 89/89/23 88/88/23 90/90/23
f 89/89/23 90/90/23 91/91/23
f 91/91/24 90/90/24 92/92/24
f 91/91/24 92/92/24 93/93/24
f 93/93/25 92/92/25 94/94/25
f 93/93/25 94/94/25 95/95/25
f 95/95/26 94/94/26 96/96/26
f 95/95/26 96/96/26 97/97/26
f 97/97/27 96/96/27 98/98/27
f 97/97/27 98/98/27 99/99/27
f 99/99/28 98/98/28 100/100/28
f 99/99/28 100/100/28 101/101/28
f 101/101/29 100/100/29 102/102/29
f 101/101/29 102/102/29 103/103/29
f 103/103/30 102/102/30 104/104/30
f 103/103/30 104/104/30 105/105/30
f 105/105/31 104/104/31 106/106/31
f 105/105/31 106/106/31 107/107/31
f 107/107/32 106/106/32 108/108/32
f 107/107/32 108/108/32 109/109/32
f 109/109/33 108/108/33 110/110/33
f 109/109/33 110/110/33 111/111/33
f 111/111/34 110/110/34 112/112/34
f 111/111/34 112/112/34 113/113/34
f 113/113/35 112/112/35 114/114/35
f 113/113/35 114/114/35 115/115/35
f 115/115/36 114/114/36 116/116/36
f 115/115/36 116/116/36 117/117/36
f 117/117/37 116/116/37 118/118/37
f 117/117/37 118/118/37 119/119/37
f 119/119/38 118/118/38 120/120/38
f 119/119/38 120/120/38 121/121/38
f 121/121/39 120/120/39 122/122/39
f 121/121/39 122/122/39 123/123/39
f 123/123/40 122/122/40 124/124/40
f 123/123/40 124/124/40 125/125/40
f 125/125/41 124/124/41 126/126/41
f 125/125/41 126/126/41 127/127/41
f 127/127/42 126/126/42 128/128/42
f 127/127/42 128/128/42 129/129/42
f 129/129/43 128/128/43 130/130/43
f 129/129/43 130/130/43 131/131/43
f 131/131/44 130/130/44 132/132/44
f 131/131/44 132/132/44 133/133/44
f 133/133/45 132/132/45 134/134/45
f 133/133/45 134/134/45 135/135/45
f 135/135/46 134/134/46 136/136/46
f 135/135/46 136/136/46 137/137/46
f 137/137/47 136/136/47 138/138/47
f 137/137/47 138/138/47 139/139/47
f 139/139/48 138/138/48 140/140/48
f 139/139/48 140/140/48 141/141/48
f 141/141/49 140/140/49 142/142/49
f 141/141/49 142/142/49 143/143/49
f 143/143/50 142/142/50 144/144/50
f 143/143/50 144/144/50 145/145/50
f 145/145/51 144/144/51 146/146/51
f 145/145/51 146/146/51 147/147/51
f 147/147/52 146/146/52 148/148/52
f 147/147/52 148/148/52 149/149/52
f 149/149/53 148/148/53 150/150/53
f 149/149/53 150/150/53 151/151/53
f 151/151/54 150/150/54 152/152/54
f 151/151/54 152/152/54 153/153/54
f 153/153/55 152/152/55 154/154/55
f 153/153/55 154/154/55 155/155/55
f 155/155/56 154/154/56 156/156/56
f 155/155/56 156/156/56 157/157/56
f 157/157/57 156/156/57 158/158/57
f 157/157/57 158/158/57 159/159/57
f 159/159/58 158/158/58 86/87/58
f 159/159/59 86/87/59 87/86/59
f 162/160/60 163/161/60 164/162/60
f 164/162/61 163/161/61 165/163/61
f 165/163/62 163/161/62 166/164/62
f 165/163/63 166/164/63 167/165/63
f 168/166/64 169/167/64 170/168/64
f 161/169/65 171/170/65 168/166/65
f 161/169/66 168/166/66 170/168/66
f 172/171/67 170/168/67 173/172/67
f 160/173/68 3864/174/68 161/169/68
f 161/169/69 3864/174/69 174/175/69
f 169/167/70 175/176/70 170/168/70
f 170/168/71 175/176/72 173/172/72
f 172/171/73 176/177/73 170/168/73
f 170/168/74 176/177/74 177/178/74
f 164/162/75 178/179/75 162/160/75
f 174/175/76 3862/180/76 161/169/76
f 161/169/77 3862/180/77 179/181/77
f 179/181/78 180/182/78 161/169/78
f 161/169/79 180/182/79 181/183/79
f 165/163/80 167/165/80 182/184/80
f 165/163/81 183/185/81 184/186/81
f 164/162/82 185/187/82 186/188/82
f 182/184/83 187/189/83 165/163/83
f 165/163/84 187/189/84 188/190/84
f 161/169/85 181/183/85 171/170/85
f 165/163/86 184/186/86 189/191/86
f 165/163/87 189/191/87 161/169/87
f 161/169/88 189/191/88 160/173/88
f 170/168/89 177/178/89 190/192/89
f 170/168/90 190/192/90 164/162/90
f 164/162/91 190/192/92 191/193/91
f 164/162/93 186/188/93 192/194/93
f 164/162/94 192/194/94 193/195/94
f 188/190/95 183/185/95 165/163/95
f 164/162/96 191/193/96 194/196/96
f 164/162/97 194/196/97 185/187/97
f 193/195/98 195/197/98 164/162/98
f 164/162/99 195/197/99 178/179/99
f 197/198/100 198/199/100 3887/200/100
f 3887/200/101 198/199/101 3883/201/101
f 3883/201/102 198/199/102 199/202/102
f 3883/201/103 199/202/103 200/203/103
f 201/204/104 202/205/104 203/206/104
f 3884/207/105 204/208/105 201/204/105
f 3884/207/106 201/204/106 203/206/106
f 205/209/107 203/206/107 206/210/107
f 196/211/108 207/212/108 3884/207/108
f 3884/207/109 207/212/109 208/213/109
f 203/206/110 202/205/110 209/214/110
f 209/214/111 210/215/111 203/206/111
f 203/206/112 210/215/112 206/210/112
f 203/206/113 205/209/113 211/216/113
f 3887/200/114 212/217/114 197/198/114
f 208/213/109 213/218/109 3884/207/109
f 213/218/115 214/219/115 3884/207/115
f 3884/207/116 214/219/116 215/220/116
f 3883/201/117 200/203/117 216/221/117
f 3887/200/118 218/222/118 219/223/118
f 216/221/119 220/224/119 3883/201/119
f 3883/201/120 220/224/120 221/225/120
f 3884/207/121 215/220/121 204/208/121
f 217/226/122 222/227/122 3883/201/122
f 3883/201/123 222/227/123 223/228/123
f 3883/201/124 223/228/124 3884/207/124
f 3884/207/125 223/228/125 196/211/125
f 203/206/126 211/216/126 224/229/126
f 203/206/127 224/229/127 3887/200/127
f 3887/200/128 224/229/128 225/230/128
f 3887/200/129 219/223/129 226/231/129
f 221/225/130 227/232/130 3883/201/130
f 3883/201/131 227/232/131 217/226/131
f 225/230/132 218/222/132 3887/200/132
f 226/231/133 228/233/133 3887/200/133
f 3887/200/134 228/233/134 212/217/134
f 229/234/135 230/235/135 3955/236/135
f 232/237/136 231/238/136 233/239/136
f 232/237/137 233/239/137 3954/240/137
f 233/239/138 234/241/138 3954/240/138
f 235/242/139 236/243/139 3957/244/139
f 237/245/140 238/246/140 3955/236/140
f 3955/236/141 238/246/141 3957/244/141
f 3957/244/142 238/246/142 235/242/142
f 239/247/143 3957/244/143 240/248/143
f 3955/236/144 230/235/144 241/249/144
f 3955/236/145 241/249/145 242/250/145
f 3957/244/146 236/243/146 243/251/146
f 3957/244/147 243/251/147 244/252/147
f 3957/244/148 244/252/148 240/248/148
f 3957/244/149 239/247/149 245/253/149
f 232/237/150 246/254/150 231/238/150
f 3955/236/151 242/250/151 247/255/151
f 247/255/152 248/256/152 3955/236/152
f 3955/236/153 248/256/153 249/257/153
f 234/241/154 250/258/154 3954/240/154
f 3954/240/155 250/258/155 251/259/155
f 3954/240/156 252/260/156 253/261/156
f 3954/240/157 251/259/157 255/262/157
f 3955/236/158 249/257/158 237/245/158
f 3954/240/159 253/261/159 229/234/159
f 3954/240/160 229/234/160 3955/236/160
f 245/253/161 256/263/161 3957/244/161
f 3957/244/162 256/263/162 232/237/162
f 232/237/163 256/263/163 257/264/163
f 254/265/164 258/266/164 232/237/164
f 232/237/165 258/266/165 259/267/165
f 255/262/166 260/268/166 3954/240/166
f 3954/240/167 260/268/167 252/260/167
f 257/264/168 261/269/168 232/237/168
f 232/237/169 261/269/169 254/265/169
f 259/267/170 262/270/170 232/237/170
f 232/237/171 262/270/171 246/254/171
f 4053/271/172 263/272/172 4034/273/172
f 264/274/173 265/275/173 266/276/174
f 266/276/175 265/275/175 267/277/175
f 266/276/176 267/277/176 268/278/176
f 267/277/177 269/279/177 268/278/177
f 268/278/178 269/279/178 270/280/178
f 271/281/179 272/282/179 273/283/179
f 274/284/180 275/285/180 4034/273/180
f 4034/273/181 275/285/181 273/283/181
f 273/283/182 275/285/182 271/281/182
f 276/286/183 273/283/183 277/287/183
f 4034/273/184 263/272/184 278/288/184
f 4034/273/185 278/288/185 279/289/185
f 273/283/186 272/282/186 280/290/186
f 273/283/187 280/290/187 281/291/187
f 273/283/188 281/291/188 277/287/188
f 276/286/189 282/292/189 273/283/189
f 273/283/190 282/292/190 283/293/190
f 284/294/191 285/295/191 266/276/192
f 266/276/193 285/295/194 264/274/194
f 4034/273/195 279/289/195 286/296/195
f 286/296/196 287/297/196 4034/273/196
f 4034/273/197 287/297/197 288/298/197
f 270/280/198 289/299/198 268/278/198
f 268/278/199 289/299/199 290/300/199
f 268/278/200 291/301/200 292/302/200
f 266/276/201 293/303/202 294/304/202
f 268/278/203 290/300/203 295/305/203
f 268/278/204 295/305/204 296/306/204
f 4034/273/205 288/298/205 274/284/205
f 268/278/206 292/302/206 297/307/206
f 268/278/207 297/307/207 4034/273/207
f 4034/273/208 297/307/208 4053/271/208
f 283/293/209 298/308/209 273/283/209
f 273/283/210 298/308/210 299/309/210
f 273/283/211 299/309/211 266/276/211
f 266/276/212 299/309/212 300/310/212
f 294/304/213 301/311/213 266/276/214
f 266/276/215 301/311/216 302/312/216
f 268/278/217 296/306/217 291/301/217
f 266/276/218 300/310/218 293/303/218
f 266/276/219 302/312/220 284/294/220
f 303/313/221 304/314/221 305/315/221
f 305/315/222 304/314/222 306/316/222
f 305/315/223 306/316/223 307/317/223
f 307/317/224 306/316/224 308/318/224
f 307/317/225 308/318/225 309/319/225
f 309/319/226 308/318/226 310/320/226
f 309/319/227 310/320/227 311/321/227
f 311/321/228 310/320/228 312/322/228
f 311/321/229 312/322/229 313/323/229
f 313/323/230 312/322/230 314/324/230
f 313/323/231 314/324/231 315/325/231
f 315/325/232 314/324/232 316/326/232
f 315/325/233 316/326/233 317/327/233
f 317/327/234 316/326/234 318/328/234
f 317/327/235 318/328/235 319/329/235
f 319/329/236 318/328/236 351/330/236
f 322/331/237 323/332/237 324/333/237
f 323/332/238 325/334/238 326/335/238
f 325/334/239 327/336/239 328/337/239
f 327/336/240 329/338/240 330/339/240
f 330/339/241 329/338/241 331/340/241
f 333/341/242 306/316/242 304/314/242
f 328/337/243 327/336/243 330/339/243
f 328/337/244 330/339/244 342/342/244
f 342/342/245 330/339/245 341/343/245
f 342/342/246 341/343/246 343/344/246
f 343/344/247 341/343/247 340/345/247
f 343/344/248 340/345/248 344/346/248
f 344/346/249 340/345/249 339/347/249
f 344/346/250 339/347/250 345/348/250
f 345/348/251 339/347/251 338/349/251
f 345/348/252 338/349/252 346/350/252
f 346/350/253 338/349/253 337/351/253
f 346/350/254 337/351/254 336/352/254
f 326/335/239 325/334/239 328/337/239
f 326/335/255 328/337/255 347/353/255
f 347/353/255 328/337/255 342/342/255
f 347/353/256 342/342/256 348/354/256
f 348/354/256 342/342/256 343/344/256
f 348/354/257 343/344/257 349/355/257
f 349/355/258 343/344/258 344/346/258
f 349/355/259 344/346/259 345/348/259
f 350/356/260 336/352/260 334/357/260
f 350/356/261 334/357/261 351/330/261
f 351/330/262 334/357/262 335/358/262
f 324/333/238 323/332/238 326/335/238
f 324/333/263 326/335/263 352/359/263
f 352/359/263 326/335/263 347/353/263
f 352/359/264 347/353/264 353/360/264
f 353/360/264 347/353/264 348/354/264
f 353/360/265 348/354/265 349/355/265
f 354/361/266 349/355/266 345/348/266
f 354/361/267 345/348/267 355/362/267
f 355/362/268 345/348/268 346/350/268
f 355/362/269 346/350/269 356/363/269
f 356/363/270 346/350/270 336/352/270
f 356/363/271 336/352/271 350/356/271
f 322/331/272 324/333/272 357/364/272
f 357/364/273 324/333/273 352/359/273
f 357/364/274 352/359/274 358/365/274
f 358/365/274 352/359/274 353/360/274
f 358/365/275 353/360/275 359/366/275
f 359/366/276 353/360/276 349/355/276
f 359/366/277 349/355/277 360/367/277
f 360/367/278 349/355/278 354/361/278
f 360/367/279 354/361/279 355/362/279
f 355/362/280 356/363/280 361/368/280
f 355/362/281 361/368/281 360/367/281
f 358/365/282 359/366/282 362/369/282
f 358/365/283 362/369/283 357/364/283
f 357/364/283 362/369/283 363/370/283
f 357/364/284 363/370/284 322/331/284
f 322/331/285 363/370/285 364/371/285
f 365/372/286 364/371/286 366/373/286
f 366/373/287 364/371/287 363/370/287
f 366/373/288 363/370/288 367/374/288
f 367/374/288 363/370/288 362/369/288
f 367/374/289 362/369/289 368/375/289
f 368/375/290 362/369/290 359/366/290
f 368/375/291 359/366/291 369/376/291
f 369/376/292 359/366/292 360/367/292
f 369/376/293 360/367/293 361/368/293
f 320/377/294 365/372/294 321/378/294
f 321/378/295 365/372/295 370/379/295
f 370/379/296 365/372/296 366/373/296
f 370/379/297 366/373/297 371/380/297
f 371/380/297 366/373/297 367/374/297
f 371/380/298 367/374/298 368/375/298
f 316/326/299 361/368/299 356/363/299
f 316/326/300 356/363/300 318/328/300
f 318/328/301 356/363/301 350/356/301
f 318/328/302 350/356/302 351/330/302
f 332/381/303 320/377/303 333/341/303
f 333/341/304 320/377/304 321/378/304
f 333/341/305 321/378/305 306/316/305
f 306/316/306 321/378/306 370/379/306
f 306/316/307 370/379/307 308/318/307
f 308/318/308 370/379/308 371/380/308
f 308/318/309 371/380/309 310/320/309
f 310/320/310 371/380/310 368/375/310
f 310/320/311 368/375/311 312/322/311
f 312/322/312 368/375/312 369/376/312
f 312/322/313 369/376/313 314/324/313
f 314/324/314 369/376/314 361/368/314
f 314/324/315 361/368/315 316/326/315
f 376/382/316 377/383/316 378/384/316
f 377/383/317 379/385/317 380/386/317
f 4086/387/318 381/388/318 382/389/318
f 305/315/319 383/390/319 303/313/319
f 381/388/320 389/391/320 382/389/320
f 380/386/321 379/385/321 383/390/321
f 380/386/322 383/390/322 390/392/322
f 390/392/323 383/390/323 305/315/323
f 390/392/324 305/315/324 391/393/324
f 391/393/325 305/315/325 307/317/325
f 391/393/326 307/317/326 392/394/326
f 392/394/327 307/317/327 309/319/327
f 392/394/328 309/319/328 393/395/328
f 393/395/329 309/319/329 311/321/329
f 393/395/330 311/321/330 394/396/330
f 394/396/331 311/321/331 313/323/331
f 394/396/332 313/323/332 315/325/332
f 378/384/333 377/383/333 380/386/333
f 378/384/334 380/386/334 395/397/334
f 395/397/335 380/386/335 390/392/335
f 395/397/336 390/392/336 396/398/336
f 396/398/336 390/392/336 391/393/336
f 396/398/337 391/393/337 392/394/337
f 397/399/338 392/394/338 393/395/338
f 397/399/339 393/395/339 394/396/339
f 398/400/340 315/325/340 317/327/340
f 398/400/341 317/327/341 319/329/341
f 376/382/342 378/384/342 399/401/342
f 399/401/343 378/384/343 395/397/343
f 399/401/344 395/397/344 400/402/344
f 400/402/345 395/397/345 396/398/345
f 400/402/346 396/398/346 401/403/346
f 401/403/347 396/398/347 392/394/347
f 401/403/348 392/394/348 397/399/348
f 402/404/349 397/399/349 394/396/349
f 402/404/350 394/396/350 403/405/350
f 403/405/351 394/396/351 315/325/351
f 403/405/352 315/325/352 398/400/352
f 397/399/353 402/404/353 404/406/353
f 397/399/354 404/406/354 401/403/354
f 401/403/355 404/406/355 405/407/355
f 401/403/356 405/407/356 400/402/356
f 400/402/357 405/407/357 406/408/357
f 400/402/358 406/408/358 399/401/358
f 399/401/358 406/408/358 407/409/358
f 399/401/359 407/409/359 376/382/359
f 376/382/360 407/409/360 408/410/360
f 398/400/361 319/329/361 409/411/361
f 398/400/362 409/411/362 403/405/362
f 402/404/363 403/405/363 410/412/363
f 402/404/364 410/412/364 404/406/364
f 406/408/365 405/407/365 411/413/365
f 406/408/366 411/413/366 407/409/366
f 407/409/366 411/413/366 412/414/366
f 407/409/367 412/414/367 408/410/367
f 408/410/368 412/414/368 413/415/368
f 374/416/369 413/415/369 375/417/369
f 375/417/370 413/415/370 414/418/370
f 414/418/371 413/415/371 412/414/371
f 414/418/372 412/414/372 415/419/372
f 415/419/372 412/414/372 411/413/372
f 415/419/373 411/413/373 416/420/373
f 416/420/374 411/413/374 405/407/374
f 416/420/375 405/407/375 417/421/375
f 417/421/376 405/407/376 404/406/376
f 417/421/377 404/406/377 410/412/377
f 372/422/378 374/416/378 373/423/378
f 373/423/379 374/416/379 375/417/379
f 373/423/380 375/417/380 418/424/380
f 418/424/380 375/417/380 414/418/380
f 418/424/381 414/418/381 419/425/381
f 419/425/382 414/418/382 415/419/382
f 419/425/383 415/419/383 416/420/383
f 384/426/384 410/412/384 403/405/384
f 384/426/385 403/405/385 409/411/385
f 381/388/386 372/422/386 373/423/386
f 381/388/387 373/423/387 389/391/387
f 389/391/388 373/423/388 418/424/388
f 389/391/389 418/424/389 388/427/389
f 388/427/390 418/424/390 419/425/390
f 388/427/391 419/425/391 387/428/391
f 387/428/392 419/425/392 416/420/392
f 387/428/393 416/420/393 386/429/393
f 386/429/394 416/420/394 417/421/394
f 386/429/395 417/421/395 385/430/395
f 385/430/396 417/421/396 410/412/396
f 385/430/397 410/412/397 384/426/397
f 332/381/398 420/431/399 320/377/399
f 320/377/400 420/431/400 421/432/400
f 320/377/401 421/432/401 365/372/401
f 365/372/402 421/432/402 422/433/402
f 365/372/403 422/433/403 364/371/403
f 364/371/404 422/433/404 423/434/404
f 364/371/405 423/434/405 322/331/405
f 322/331/406 423/434/406 424/435/406
f 322/331/407 424/435/407 323/332/407
f 323/332/408 424/435/408 425/436/408
f 323/332/409 425/436/409 325/334/409
f 325/334/410 425/436/410 426/437/410
f 325/334/411 426/437/412 427/438/411
f 325/334/413 427/438/413 327/336/413
f 327/336/414 427/438/414 329/338/414
f 329/338/415 427/438/415 428/439/415
f 329/338/416 428/439/416 331/340/416
f 331/340/417 428/439/417 429/440/417
f 430/441/418 335/358/418 431/442/418
f 431/442/419 335/358/419 334/357/419
f 431/442/420 334/357/420 432/443/420
f 432/443/421 334/357/421 336/352/421
f 432/443/422 336/352/422 433/444/422
f 433/444/423 336/352/423 337/351/423
f 433/444/424 337/351/425 434/445/426
f 434/445/427 337/351/428 338/349/427
f 434/445/429 338/349/429 435/446/429
f 435/446/430 338/349/430 339/347/430
f 435/446/431 339/347/431 436/447/431
f 436/447/431 339/347/431 340/345/431
f 436/447/432 340/345/432 437/448/432
f 437/448/433 340/345/433 341/343/433
f 437/448/434 341/343/434 438/449/434
f 438/449/435 341/343/435 330/339/435
f 438/449/436 330/339/436 439/450/436
f 439/450/437 330/339/437 331/340/437
f 599/451/438 440/452/438 441/453/438
f 441/453/439 440/452/439 442/454/439
f 441/453/440 442/454/440 443/455/440
f 443/455/441 442/454/441 444/456/441
f 443/455/442 444/456/442 445/457/442
f 445/457/443 444/456/443 446/458/443
f 445/457/444 446/458/444 447/459/444
f 447/459/445 446/458/445 448/460/445
f 447/459/446 448/460/446 449/461/446
f 449/461/447 448/460/447 450/462/447
f 449/461/448 450/462/448 451/463/448
f 451/463/449 450/462/449 452/464/449
f 451/463/450 452/464/450 453/465/450
f 453/465/451 452/464/451 454/466/451
f 453/465/452 454/466/452 455/467/452
f 455/467/453 454/466/453 456/468/453
f 455/467/454 456/468/454 584/469/454
f 319/329/455 457/470/455 409/411/455
f 409/411/456 457/470/456 458/471/456
f 409/411/457 458/471/457 384/426/457
f 384/426/458 458/471/458 459/472/458
f 384/426/459 459/472/459 385/430/459
f 385/430/460 459/472/460 460/473/460
f 385/430/461 460/473/461 386/429/461
f 386/429/462 460/473/462 461/474/462
f 386/429/463 461/474/463 387/428/463
f 387/428/464 461/474/464 462/475/464
f 387/428/465 462/475/465 388/427/465
f 388/427/466 462/475/466 463/476/466
f 388/427/467 463/476/467 389/391/467
f 389/391/468 463/476/468 464/477/468
f 389/391/469 464/477/469 382/389/469
f 382/389/470 464/477/470 465/478/470
f 382/389/471 465/478/471 583/479/471
f 381/388/472 466/480/472 372/422/472
f 372/422/473 466/480/473 467/481/473
f 372/422/474 467/481/474 374/416/474
f 374/416/475 467/481/475 468/482/475
f 374/416/476 468/482/476 413/415/476
f 413/415/477 468/482/477 469/483/477
f 413/415/478 469/483/478 408/410/478
f 408/410/479 469/483/479 470/484/479
f 408/410/480 470/484/480 376/382/480
f 376/382/481 470/484/481 471/485/481
f 376/382/482 471/485/482 377/383/482
f 377/383/483 471/485/483 472/486/483
f 377/383/484 472/486/485 379/385/484
f 379/385/486 472/486/486 473/487/486
f 379/385/487 473/487/487 383/390/487
f 383/390/488 473/487/488 474/488/488
f 383/390/489 474/488/489 303/313/489
f 303/313/490 474/488/490 490/489/490
f 475/490/491 476/491/491 477/492/491
f 477/492/492 476/491/492 478/493/492
f 477/492/493 478/493/493 479/494/493
f 479/494/494 478/493/494 532/495/494
f 479/494/495 532/495/495 480/496/495
f 480/496/496 532/495/496 481/497/496
f 480/496/497 481/497/497 482/498/497
f 482/498/498 481/497/498 483/499/498
f 482/498/499 483/499/499 484/500/499
f 484/500/500 483/499/500 485/501/500
f 484/500/501 485/501/501 486/502/501
f 486/502/502 485/501/502 487/503/502
f 486/502/503 487/503/503 488/504/503
f 488/504/504 487/503/504 489/505/504
f 488/504/505 489/505/505 490/489/505
f 490/489/506 489/505/506 491/506/506
f 420/431/507 4115/507/507 494/508/507
f 495/509/508 429/440/508 428/439/508
f 492/510/509 493/511/509 496/512/509
f 492/510/510 496/512/510 478/493/510
f 492/510/511 478/493/511 476/491/511
f 428/439/512 427/438/512 497/513/512
f 497/513/513 427/438/513 426/437/513
f 426/437/514 425/436/514 498/514/514
f 498/514/515 425/436/515 424/435/515
f 422/433/516 421/432/516 499/515/516
f 499/515/517 421/432/517 494/508/517
f 494/508/518 421/432/518 420/431/518
f 489/505/519 494/508/519 491/506/519
f 491/506/520 494/508/520 4115/507/520
f 494/508/521 489/505/521 502/516/521
f 494/508/522 502/516/522 499/515/522
f 499/515/523 502/516/523 503/517/523
f 499/515/524 503/517/524 422/433/524
f 422/433/525 503/517/525 504/518/525
f 422/433/526 504/518/526 423/434/526
f 423/434/527 504/518/527 505/519/527
f 423/434/528 505/519/528 424/435/528
f 424/435/529 505/519/529 506/520/529
f 424/435/530 506/520/530 498/514/530
f 498/514/531 506/520/531 507/521/531
f 498/514/532 507/521/532 426/437/532
f 426/437/533 507/521/533 508/522/533
f 426/437/534 508/522/534 497/513/534
f 497/513/535 508/522/535 501/523/535
f 497/513/536 501/523/536 428/439/536
f 428/439/537 501/523/537 495/509/537
f 500/524/538 501/523/538 508/522/538
f 500/524/539 508/522/539 509/525/539
f 509/525/540 508/522/540 507/521/540
f 509/525/540 507/521/540 510/526/540
f 510/526/541 507/521/541 506/520/541
f 510/526/541 506/520/541 511/527/541
f 511/527/542 506/520/542 505/519/542
f 511/527/542 505/519/542 512/528/542
f 512/528/543 505/519/543 504/518/543
f 512/528/543 504/518/543 513/529/543
f 513/529/544 504/518/544 503/517/544
f 513/529/545 503/517/545 514/530/545
f 514/530/546 503/517/546 502/516/546
f 514/530/547 502/516/547 515/531/547
f 515/531/548 502/516/548 489/505/548
f 515/531/549 489/505/549 487/503/549
f 487/503/550 485/501/550 518/532/550
f 487/503/551 518/532/551 515/531/551
f 515/531/552 518/532/552 514/530/552
f 514/530/553 518/532/553 519/533/553
f 514/530/554 519/533/554 513/529/554
f 513/529/555 519/533/555 512/528/555
f 512/528/556 519/533/556 520/534/556
f 512/528/557 520/534/557 511/527/557
f 511/527/558 520/534/558 510/526/558
f 510/526/559 520/534/559 521/535/559
f 510/526/560 521/535/560 509/525/560
f 509/525/561 521/535/561 517/536/561
f 509/525/562 517/536/562 500/524/562
f 516/537/563 517/536/563 521/535/563
f 516/537/564 521/535/564 522/538/564
f 522/538/565 521/535/565 520/534/565
f 522/538/566 520/534/566 523/539/566
f 523/539/567 520/534/567 519/533/567
f 523/539/568 519/533/568 524/540/568
f 524/540/569 519/533/569 518/532/569
f 524/540/570 518/532/570 525/541/570
f 525/541/571 518/532/571 485/501/571
f 525/541/572 485/501/572 483/499/572
f 483/499/573 481/497/573 528/542/573
f 483/499/574 528/542/574 525/541/574
f 525/541/575 528/542/575 524/540/575
f 524/540/576 528/542/576 529/543/576
f 524/540/577 529/543/577 523/539/577
f 523/539/578 529/543/578 530/544/578
f 523/539/579 530/544/579 522/538/579
f 522/538/580 530/544/580 527/545/580
f 522/538/581 527/545/581 516/537/581
f 526/546/582 527/545/582 530/544/582
f 526/546/583 530/544/583 531/547/583
f 531/547/584 530/544/584 529/543/584
f 531/547/585 529/543/585 528/542/585
f 531/547/586 528/542/586 532/495/586
f 532/495/587 528/542/587 481/497/587
f 493/511/588 526/546/588 531/547/588
f 493/511/589 531/547/589 496/512/589
f 496/512/590 531/547/590 532/495/590
f 496/512/591 532/495/591 478/493/591
f 539/548/592 540/549/592 541/550/592
f 542/551/593 543/552/593 439/450/593
f 540/549/594 544/553/594 456/468/594
f 456/468/595 544/553/595 545/554/595
f 437/448/596 438/449/596 543/552/596
f 543/552/597 438/449/597 439/450/597
f 541/550/598 540/549/598 456/468/598
f 541/550/599 456/468/599 546/555/599
f 546/555/600 456/468/600 454/466/600
f 546/555/601 454/466/601 547/556/601
f 547/556/602 454/466/602 452/464/602
f 547/556/603 452/464/603 548/557/603
f 548/557/604 452/464/604 450/462/604
f 548/557/605 450/462/605 549/558/605
f 549/558/606 450/462/606 448/460/606
f 549/558/607 448/460/607 550/559/607
f 550/559/608 448/460/608 446/458/608
f 550/559/609 446/458/609 444/456/609
f 539/548/610 541/550/610 551/560/610
f 551/560/611 541/550/611 546/555/611
f 551/560/612 546/555/612 552/561/612
f 552/561/613 546/555/613 547/556/613
f 552/561/614 547/556/614 548/557/614
f 553/562/615 444/456/615 442/454/615
f 553/562/616 442/454/616 440/452/616
f 538/563/617 539/548/617 554/564/617
f 554/564/618 539/548/618 551/560/618
f 554/564/619 551/560/619 555/565/619
f 555/565/619 551/560/619 552/561/619
f 555/565/620 552/561/620 556/566/620
f 556/566/621 552/561/621 548/557/621
f 556/566/622 548/557/622 557/567/622
f 557/567/623 548/557/623 549/558/623
f 557/567/624 549/558/624 558/568/624
f 558/568/625 549/558/625 550/559/625
f 558/568/626 550/559/626 559/569/626
f 559/569/627 550/559/627 444/456/627
f 559/569/628 444/456/628 553/562/628
f 555/565/629 556/566/629 560/570/629
f 555/565/630 560/570/630 554/564/630
f 554/564/630 560/570/630 561/571/630
f 554/564/631 561/571/631 538/563/631
f 538/563/632 561/571/632 562/572/632
f 536/573/633 562/572/633 537/574/633
f 537/574/634 562/572/634 563/575/634
f 563/575/635 562/572/635 561/571/635
f 563/575/636 561/571/636 564/576/636
f 564/576/637 561/571/637 560/570/637
f 564/576/638 560/570/638 565/577/638
f 565/577/639 560/570/639 556/566/639
f 565/577/640 556/566/640 566/578/640
f 566/578/641 556/566/641 557/567/641
f 566/578/642 557/567/642 558/568/642
f 535/579/643 536/573/643 537/574/643
f 535/579/644 537/574/644 567/580/644
f 567/580/645 537/574/645 563/575/645
f 567/580/646 563/575/646 568/581/646
f 568/581/647 563/575/647 564/576/647
f 568/581/648 564/576/648 569/582/648
f 569/582/649 564/576/649 565/577/649
f 569/582/650 565/577/650 566/578/650
f 570/583/651 566/578/651 558/568/651
f 570/583/652 558/568/652 432/443/652
f 432/443/653 558/568/653 559/569/653
f 432/443/654 559/569/654 431/442/654
f 431/442/655 559/569/655 553/562/655
f 431/442/656 553/562/656 440/452/656
f 534/584/657 533/585/657 535/579/657
f 534/584/658 535/579/658 571/586/658
f 571/586/659 535/579/659 567/580/659
f 571/586/660 567/580/660 572/587/660
f 572/587/660 567/580/660 568/581/660
f 572/587/661 568/581/661 569/582/661
f 573/588/662 569/582/662 566/578/662
f 573/588/663 566/578/663 570/583/663
f 430/441/664 431/442/664 440/452/664
f 542/551/665 533/585/665 543/552/665
f 543/552/666 533/585/666 534/584/666
f 543/552/667 534/584/667 437/448/667
f 437/448/668 534/584/668 571/586/668
f 437/448/669 571/586/669 436/447/669
f 436/447/670 571/586/670 572/587/670
f 436/447/671 572/587/671 435/446/671
f 435/446/672 572/587/672 569/582/672
f 435/446/673 569/582/673 434/445/673
f 434/445/674 569/582/674 573/588/674
f 434/445/675 573/588/675 433/444/675
f 433/444/676 573/588/676 570/583/676
f 433/444/677 570/583/677 432/443/677
f 578/589/678 579/590/678 580/591/678
f 579/590/679 581/592/679 582/593/679
f 581/592/680 583/479/680 465/478/680
f 582/593/681 581/592/681 465/478/681
f 582/593/682 465/478/682 585/594/682
f 585/594/683 465/478/683 464/477/683
f 585/594/684 464/477/684 586/595/684
f 586/595/685 464/477/685 463/476/685
f 586/595/686 463/476/686 587/596/686
f 587/596/687 463/476/687 462/475/687
f 587/596/688 462/475/688 588/597/688
f 588/597/689 462/475/689 461/474/689
f 588/597/690 461/474/690 589/598/690
f 589/598/691 461/474/691 460/473/691
f 589/598/692 460/473/692 459/472/692
f 580/591/693 579/590/693 582/593/693
f 580/591/694 582/593/694 590/599/694
f 590/599/694 582/593/694 585/594/694
f 590/599/695 585/594/695 591/600/695
f 591/600/696 585/594/696 586/595/696
f 591/600/697 586/595/697 587/596/697
f 578/589/698 580/591/698 592/601/698
f 592/601/699 580/591/699 590/599/699
f 592/601/700 590/599/700 593/602/700
f 593/602/700 590/599/700 591/600/700
f 593/602/701 591/600/701 594/603/701
f 594/603/702 591/600/702 587/596/702
f 594/603/703 587/596/703 595/604/703
f 595/604/704 587/596/704 588/597/704
f 595/604/705 588/597/705 596/605/705
f 596/605/706 588/597/706 589/598/706
f 596/605/707 589/598/707 597/606/707
f 597/606/708 589/598/708 459/472/708
f 597/606/709 459/472/709 598/607/709
f 598/607/710 459/472/710 458/471/710
f 598/607/711 458/471/711 599/451/711
f 599/451/712 458/471/712 457/470/712
f 593/602/713 594/603/713 600/608/713
f 593/602/714 600/608/714 592/601/714
f 592/601/714 600/608/714 601/609/714
f 592/601/715 601/609/715 578/589/715
f 578/589/716 601/609/716 602/610/716
f 598/607/717 599/451/717 441/453/717
f 598/607/718 441/453/718 597/606/718
f 597/606/719 441/453/719 603/611/719
f 597/606/720 603/611/720 596/605/720
f 596/605/721 603/611/721 604/612/721
f 596/605/722 604/612/722 595/604/722
f 595/604/723 604/612/723 605/613/723
f 595/604/724 605/613/724 594/603/724
f 594/603/725 605/613/725 606/614/725
f 594/603/726 606/614/726 600/608/726
f 600/608/727 606/614/727 607/615/727
f 600/608/728 607/615/728 601/609/728
f 601/609/729 607/615/729 608/616/729
f 601/609/730 608/616/730 602/610/730
f 602/610/731 608/616/731 609/617/731
f 576/618/732 609/617/732 577/619/732
f 577/619/733 609/617/733 610/620/733
f 610/620/734 609/617/734 608/616/734
f 610/620/735 608/616/735 611/621/735
f 611/621/735 608/616/735 607/615/735
f 611/621/736 607/615/736 606/614/736
f 612/622/737 606/614/737 605/613/737
f 612/622/738 605/613/738 604/612/738
f 574/623/739 576/618/739 575/624/739
f 575/624/740 576/618/740 577/619/740
f 575/624/741 577/619/741 613/625/741
f 613/625/742 577/619/742 610/620/742
f 613/625/743 610/620/743 614/626/743
f 614/626/743 610/620/743 611/621/743
f 614/626/744 611/621/744 615/627/744
f 615/627/745 611/621/745 606/614/745
f 615/627/746 606/614/746 612/622/746
f 445/457/747 612/622/747 604/612/747
f 445/457/748 604/612/748 603/611/748
f 584/469/749 574/623/749 455/467/749
f 455/467/750 574/623/750 575/624/750
f 455/467/751 575/624/751 453/465/751
f 453/465/752 575/624/752 613/625/752
f 453/465/753 613/625/753 451/463/753
f 451/463/754 613/625/754 614/626/754
f 451/463/755 614/626/755 449/461/755
f 449/461/756 614/626/756 615/627/756
f 449/461/757 615/627/757 447/459/757
f 447/459/758 615/627/758 612/622/758
f 447/459/759 612/622/759 445/457/759
f 443/455/760 445/457/760 603/611/760
f 443/455/761 603/611/761 441/453/761
f 466/480/762 4080/628/762 616/629/762
f 475/490/763 477/492/763 617/630/763
f 475/490/764 617/630/765 618/631/766
f 618/631/767 617/630/767 619/632/767
f 474/488/768 473/487/768 620/633/768
f 620/633/769 473/487/769 472/486/769
f 620/633/770 472/486/770 621/634/770
f 621/634/771 472/486/771 471/485/771
f 469/483/772 468/482/772 622/635/772
f 622/635/773 468/482/773 623/636/773
f 468/482/774 467/481/774 623/636/774
f 623/636/775 467/481/775 616/629/775
f 616/629/776 467/481/776 466/480/776
f 624/637/777 616/629/777 625/638/777
f 625/638/778 616/629/778 4080/628/778
f 616/629/779 624/637/779 626/639/779
f 616/629/780 626/639/780 623/636/780
f 623/636/781 626/639/781 627/640/781
f 623/636/781 627/640/781 622/635/781
f 622/635/782 627/640/782 628/641/782
f 622/635/783 628/641/783 469/483/783
f 469/483/784 628/641/784 629/642/784
f 469/483/785 629/642/785 470/484/785
f 470/484/786 629/642/786 630/643/786
f 470/484/787 630/643/787 471/485/787
f 471/485/788 630/643/788 631/644/788
f 471/485/789 631/644/789 621/634/789
f 621/634/790 631/644/790 632/645/790
f 621/634/791 632/645/791 620/633/791
f 620/633/792 632/645/792 488/504/792
f 620/633/793 488/504/793 474/488/793
f 474/488/794 488/504/794 490/489/794
f 486/502/795 488/504/795 632/645/795
f 486/502/796 632/645/796 633/646/796
f 633/646/797 632/645/797 631/644/797
f 633/646/798 631/644/798 634/647/798
f 634/647/799 631/644/799 630/643/799
f 634/647/799 630/643/799 635/648/799
f 635/648/800 630/643/800 629/642/800
f 635/648/800 629/642/800 636/649/800
f 636/649/801 629/642/801 628/641/801
f 636/649/801 628/641/801 637/650/801
f 637/650/802 628/641/802 627/640/802
f 637/650/802 627/640/802 638/651/802
f 638/651/803 627/640/803 626/639/803
f 638/651/804 626/639/804 639/652/804
f 639/652/805 626/639/805 624/637/805
f 639/652/806 624/637/806 640/653/806
f 640/653/807 641/654/807 642/655/807
f 640/653/808 642/655/808 639/652/808
f 639/652/809 642/655/809 638/651/809
f 638/651/810 642/655/810 643/656/810
f 638/651/811 643/656/811 637/650/811
f 637/650/812 643/656/812 644/657/812
f 637/650/813 644/657/813 636/649/813
f 636/649/814 644/657/814 635/648/814
f 635/648/815 644/657/815 645/658/815
f 635/648/816 645/658/816 634/647/816
f 634/647/817 645/658/817 633/646/817
f 633/646/818 645/658/818 484/500/818
f 633/646/819 484/500/819 486/502/819
f 482/498/820 484/500/820 645/658/820
f 482/498/821 645/658/821 646/659/821
f 646/659/822 645/658/822 644/657/822
f 646/659/823 644/657/823 647/660/823
f 647/660/824 644/657/824 643/656/824
f 647/660/825 643/656/825 648/661/825
f 648/661/826 643/656/826 642/655/826
f 648/661/827 642/655/827 649/662/827
f 649/662/828 642/655/828 641/654/828
f 649/662/829 641/654/829 650/663/829
f 650/663/830 651/664/830 652/665/830
f 650/663/831 652/665/831 649/662/831
f 649/662/832 652/665/832 648/661/832
f 648/661/833 652/665/833 653/666/833
f 648/661/834 653/666/834 647/660/834
f 647/660/835 653/666/835 654/667/835
f 647/660/836 654/667/836 646/659/836
f 646/659/837 654/667/837 480/496/837
f 646/659/838 480/496/838 482/498/838
f 479/494/839 480/496/839 654/667/839
f 479/494/840 654/667/840 655/668/840
f 655/668/841 654/667/841 653/666/841
f 655/668/842 653/666/842 656/669/842
f 656/669/843 653/666/843 652/665/843
f 656/669/844 652/665/844 657/670/844
f 657/670/845 652/665/845 651/664/845
f 477/492/846 479/494/846 655/668/846
f 477/492/847 655/668/847 617/630/847
f 617/630/848 655/668/848 656/669/848
f 617/630/849 656/669/849 657/670/849
f 617/630/850 657/670/850 619/632/850
f 658/671/851 429/440/851 659/672/851
f 659/672/852 429/440/852 495/509/852
f 659/672/853 495/509/853 660/673/853
f 660/673/854 495/509/854 501/523/854
f 660/673/855 501/523/855 661/674/855
f 661/674/856 501/523/856 500/524/856
f 661/674/857 500/524/857 662/675/857
f 662/675/858 500/524/858 517/536/858
f 662/675/859 517/536/859 663/676/859
f 663/676/860 517/536/860 516/537/860
f 663/676/861 516/537/861 664/677/861
f 664/677/862 516/537/862 527/545/862
f 664/677/863 527/545/863 735/678/863
f 735/678/864 527/545/864 526/546/864
f 735/678/865 526/546/865 697/679/865
f 697/679/866 526/546/866 493/511/866
f 697/679/867 493/511/867 665/680/867
f 665/680/868 493/511/868 492/510/868
f 542/551/869 658/671/869 666/681/869
f 542/551/870 666/681/870 533/585/870
f 533/585/871 666/681/871 667/682/871
f 533/585/872 667/682/872 668/683/872
f 533/585/873 668/683/873 535/579/873
f 535/579/874 668/683/874 536/573/874
f 536/573/875 668/683/875 669/684/876
f 536/573/877 669/684/877 562/572/877
f 562/572/878 669/684/878 670/685/878
f 562/572/879 670/685/879 538/563/879
f 538/563/880 670/685/880 671/686/880
f 538/563/881 671/686/881 539/548/881
f 539/548/882 671/686/882 672/687/882
f 539/548/883 672/687/883 540/549/883
f 540/549/884 672/687/884 673/688/884
f 540/549/885 673/688/885 544/553/885
f 544/553/886 673/688/886 674/689/886
f 584/469/887 675/690/887 574/623/887
f 574/623/888 675/690/888 676/691/888
f 574/623/889 676/691/889 576/618/889
f 576/618/890 676/691/890 677/692/890
f 576/618/891 677/692/891 609/617/891
f 609/617/892 677/692/892 678/693/892
f 609/617/893 678/693/893 602/610/893
f 602/610/894 678/693/894 679/694/894
f 602/610/895 679/694/895 578/589/895
f 578/589/896 679/694/896 680/695/896
f 578/589/897 680/695/897 579/590/897
f 579/590/898 680/695/898 681/696/898
f 579/590/899 681/696/899 581/592/899
f 581/592/900 681/696/900 682/697/900
f 581/592/901 682/697/901 583/479/901
f 583/479/902 682/697/902 683/698/902
f 684/699/903 618/631/903 685/700/903
f 685/700/904 618/631/904 619/632/904
f 685/700/905 619/632/905 686/701/905
f 686/701/906 619/632/906 657/670/906
f 686/701/907 657/670/907 687/702/907
f 687/702/908 657/670/908 651/664/908
f 687/702/909 651/664/909 688/703/909
f 688/703/910 651/664/910 650/663/910
f 688/703/911 650/663/911 689/704/911
f 689/704/912 650/663/912 641/654/912
f 689/704/913 641/654/913 690/705/913
f 690/705/914 641/654/914 640/653/914
f 690/705/915 640/653/915 691/706/915
f 691/706/916 640/653/916 624/637/916
f 691/706/917 624/637/917 692/707/917
f 692/707/918 624/637/918 625/638/918
f 694/708/919 695/709/919 696/710/919
f 694/708/920 696/710/920 665/680/920
f 665/680/921 696/710/921 697/679/921
f 693/711/922 674/689/922 673/688/922
f 693/711/923 673/688/923 699/712/923
f 699/712/924 673/688/924 672/687/924
f 670/685/925 669/684/925 700/713/925
f 700/713/926 669/684/927 701/714/926
f 669/684/928 668/683/928 701/714/928
f 701/714/929 668/683/929 702/715/929
f 668/683/930 667/682/930 702/715/930
f 702/715/931 667/682/931 659/672/931
f 659/672/932 667/682/932 666/681/932
f 659/672/933 666/681/933 658/671/933
f 659/672/934 660/673/934 705/716/934
f 659/672/935 705/716/935 702/715/935
f 702/715/936 705/716/936 706/717/936
f 702/715/936 706/717/936 701/714/936
f 701/714/937 706/717/937 707/718/937
f 701/714/937 707/718/937 700/713/937
f 700/713/938 707/718/938 708/719/938
f 700/713/939 708/719/939 670/685/939
f 670/685/940 708/719/940 709/720/940
f 670/685/941 709/720/941 671/686/941
f 671/686/942 709/720/942 710/721/942
f 671/686/943 710/721/943 672/687/943
f 672/687/944 710/721/944 711/722/944
f 672/687/945 711/722/945 699/712/945
f 699/712/946 711/722/946 704/723/946
f 699/712/947 704/723/947 693/711/947
f 693/711/948 704/723/948 698/724/948
f 703/725/949 704/723/949 711/722/949
f 703/725/950 711/722/950 712/726/950
f 712/726/951 711/722/951 710/721/951
f 712/726/951 710/721/951 713/727/951
f 713/727/952 710/721/952 709/720/952
f 713/727/952 709/720/952 714/728/952
f 714/728/953 709/720/953 708/719/953
f 714/728/954 708/719/954 715/729/954
f 715/729/955 708/719/955 707/718/955
f 715/729/955 707/718/955 716/730/955
f 716/730/956 707/718/956 706/717/956
f 716/730/957 706/717/957 717/731/957
f 717/731/958 706/717/958 705/716/958
f 717/731/959 705/716/959 718/732/959
f 718/732/960 705/716/960 660/673/960
f 718/732/961 660/673/961 661/674/961
f 661/674/962 662/675/962 721/733/962
f 661/674/963 721/733/963 718/732/963
f 718/732/964 721/733/964 722/734/964
f 718/732/965 722/734/965 717/731/965
f 717/731/966 722/734/966 716/730/966
f 716/730/967 722/734/967 723/735/967
f 716/730/968 723/735/968 715/729/968
f 715/729/969 723/735/969 714/728/969
f 714/728/970 723/735/970 724/736/970
f 714/728/971 724/736/971 713/727/971
f 713/727/972 724/736/972 712/726/972
f 712/726/973 724/736/973 720/737/973
f 712/726/974 720/737/974 703/725/974
f 719/738/975 720/737/975 724/736/975
f 719/738/976 724/736/976 725/739/976
f 725/739/977 724/736/977 723/735/977
f 725/739/978 723/735/978 726/740/978
f 726/740/979 723/735/979 722/734/979
f 726/740/980 722/734/980 727/741/980
f 727/741/981 722/734/981 728/742/981
f 728/742/982 722/734/982 721/733/982
f 728/742/983 721/733/983 662/675/983
f 728/742/984 662/675/984 663/676/984
f 663/676/985 664/677/985 731/743/985
f 663/676/986 731/743/986 728/742/986
f 728/742/987 731/743/987 732/744/987
f 728/742/988 732/744/988 727/741/988
f 727/741/989 732/744/989 726/740/989
f 726/740/990 732/744/990 733/745/990
f 726/740/991 733/745/991 725/739/991
f 725/739/992 733/745/992 730/746/992
f 725/739/993 730/746/993 719/738/993
f 729/747/994 730/746/994 733/745/994
f 729/747/995 733/745/995 734/748/995
f 734/748/996 733/745/996 732/744/996
f 734/748/997 732/744/997 731/743/997
f 734/748/998 731/743/998 735/678/998
f 735/678/999 731/743/999 664/677/999
f 695/709/1000 729/747/1000 734/748/1000
f 695/709/1001 734/748/1001 696/710/1001
f 696/710/1002 734/748/1002 735/678/1002
f 696/710/1003 735/678/1003 697/679/1003
f 684/699/1004 685/700/1004 737/749/1004
f 684/699/1005 737/749/1005 738/750/1005
f 738/750/1006 737/749/1006 739/751/1006
f 675/690/1007 740/752/1007 741/753/1007
f 736/754/1008 683/698/1008 682/697/1008
f 736/754/1009 682/697/1009 742/755/1009
f 742/755/1010 682/697/1010 681/696/1010
f 742/755/1011 681/696/1011 743/756/1011
f 743/756/1012 681/696/1012 680/695/1012
f 678/693/1013 677/692/1013 744/757/1013
f 744/757/1014 677/692/1014 745/758/1014
f 677/692/1015 676/691/1015 745/758/1015
f 745/758/1016 676/691/1016 741/753/1016
f 741/753/1017 676/691/1017 675/690/1017
f 746/759/1018 741/753/1018 740/752/1018
f 741/753/1019 746/759/1019 747/760/1019
f 741/753/1020 747/760/1020 745/758/1020
f 745/758/1021 747/760/1021 748/761/1021
f 745/758/1022 748/761/1022 744/757/1022
f 744/757/1023 748/761/1023 749/762/1023
f 744/757/1024 749/762/1024 678/693/1024
f 678/693/1025 749/762/1025 750/763/1025
f 678/693/1026 750/763/1026 679/694/1026
f 679/694/1027 750/763/1027 751/764/1027
f 679/694/1028 751/764/1028 680/695/1028
f 680/695/1029 751/764/1029 752/765/1029
f 680/695/1030 752/765/1030 743/756/1030
f 743/756/1031 752/765/1031 753/766/1031
f 743/756/1031 753/766/1031 742/755/1031
f 742/755/1032 753/766/1032 691/706/1032
f 742/755/1033 691/706/1033 736/754/1033
f 736/754/1034 691/706/1034 692/707/1034
f 690/705/1035 691/706/1035 753/766/1035
f 690/705/1036 753/766/1036 754/767/1036
f 754/767/1037 753/766/1037 752/765/1037
f 754/767/1038 752/765/1038 755/768/1038
f 755/768/1039 752/765/1039 751/764/1039
f 755/768/1039 751/764/1039 756/769/1039
f 756/769/1040 751/764/1040 750/763/1040
f 756/769/1040 750/763/1040 757/770/1040
f 757/770/1041 750/763/1041 749/762/1041
f 757/770/1041 749/762/1041 758/771/1041
f 758/771/1042 749/762/1042 748/761/1042
f 758/771/1043 748/761/1043 759/772/1043
f 759/772/1044 748/761/1044 747/760/1044
f 759/772/1045 747/760/1045 760/773/1045
f 760/773/1046 747/760/1046 746/759/1046
f 760/773/1047 746/759/1047 761/774/1047
f 761/774/1048 762/775/1048 763/776/1048
f 761/774/1049 763/776/1049 760/773/1049
f 760/773/1050 763/776/1050 759/772/1050
f 759/772/1051 763/776/1051 764/777/1051
f 759/772/1052 764/777/1052 758/771/1052
f 758/771/1053 764/777/1053 757/770/1053
f 757/770/1054 764/777/1054 765/778/1054
f 757/770/1055 765/778/1055 756/769/1055
f 756/769/1056 765/778/1056 755/768/1056
f 755/768/1057 765/778/1057 766/779/1057
f 755/768/1058 766/779/1058 754/767/1058
f 754/767/1059 766/779/1059 689/704/1059
f 754/767/1060 689/704/1060 690/705/1060
f 688/703/1061 689/704/1061 766/779/1061
f 688/703/1062 766/779/1062 767/780/1062
f 767/780/1063 766/779/1063 765/778/1063
f 767/780/1064 765/778/1064 768/781/1064
f 768/781/1065 765/778/1065 764/777/1065
f 768/781/1066 764/777/1066 769/782/1066
f 769/782/1067 764/777/1067 763/776/1067
f 769/782/1068 763/776/1068 770/783/1068
f 770/783/1069 763/776/1069 762/775/1069
f 770/783/1070 762/775/1070 771/784/1070
f 771/784/1071 772/785/1071 773/786/1071
f 771/784/1072 773/786/1072 770/783/1072
f 770/783/1073 773/786/1073 774/787/1073
f 770/783/1074 774/787/1074 769/782/1074
f 769/782/1075 774/787/1075 775/788/1075
f 769/782/1076 775/788/1076 768/781/1076
f 768/781/1077 775/788/1077 687/702/1077
f 768/781/1078 687/702/1078 767/780/1078
f 767/780/1079 687/702/1079 688/703/1079
f 686/701/1080 687/702/1080 775/788/1080
f 686/701/1081 775/788/1081 776/789/1081
f 776/789/1082 775/788/1082 774/787/1082
f 776/789/1083 774/787/1083 773/786/1083
f 776/789/1084 773/786/1084 777/790/1084
f 777/790/1085 773/786/1085 772/785/1085
f 685/700/1086 686/701/1086 776/789/1086
f 685/700/1087 776/789/1087 737/749/1087
f 737/749/1088 776/789/1088 777/790/1088
f 737/749/1089 777/790/1089 739/751/1089
f 740/752/1090 698/724/1090 746/759/1090
f 746/759/1091 698/724/1091 704/723/1091
f 746/759/1092 704/723/1092 761/774/1092
f 761/774/1093 704/723/1093 703/725/1093
f 761/774/1094 703/725/1094 762/775/1094
f 762/775/1095 703/725/1095 720/737/1095
f 762/775/1096 720/737/1096 771/784/1096
f 771/784/1097 720/737/1097 719/738/1097
f 771/784/1098 719/738/1098 772/785/1098
f 772/785/1099 719/738/1099 730/746/1099
f 772/785/1100 730/746/1100 777/790/1100
f 777/790/1101 730/746/1101 729/747/1101
f 777/790/1102 729/747/1102 739/751/1102
f 739/751/1103 729/747/1103 695/709/1103
f 739/751/1104 695/709/1104 738/750/1104
f 738/750/1105 695/709/1105 694/708/1105
f 778/791/1106 779/792/1106 780/793/1106
f 780/793/1107 779/792/1107 781/794/1107
f 780/793/1108 781/794/1108 4124/795/1108
f 4124/795/1109 781/794/1109 782/796/1109
f 4124/795/1110 782/796/1110 783/797/1110
f 783/797/1111 782/796/1111 784/798/1111
f 783/797/1112 784/798/1112 778/791/1112
f 778/791/1113 784/798/1113 779/792/1113
f 785/799/1114 786/800/1114 787/801/1114
f 787/801/1115 786/800/1115 788/802/1115
f 787/801/1116 788/802/1116 789/803/1116
f 789/803/1117 788/802/1117 790/804/1117
f 789/803/1118 790/804/1118 791/805/1118
f 791/805/1119 790/804/1119 792/806/1119
f 791/805/1120 792/806/1120 785/799/1120
f 785/799/1121 792/806/1121 786/800/1121
f 793/807/1122 794/808/1122 795/809/1122
f 795/809/1123 794/808/1123 796/810/1123
f 795/809/1124 796/810/1124 797/811/1124
f 797/811/1125 796/810/1125 798/812/1125
f 797/811/1126 798/812/1127 799/813/1128
f 799/813/1129 798/812/1130 800/814/1131
f 799/813/1132 800/814/1133 793/807/1134
f 793/807/1135 800/814/1136 794/808/1132
f 801/815/1137 802/816/1138 4112/817/1139
f 4112/817/1140 802/816/1141 803/818/1142
f 4112/817/1143 803/818/1144 804/819/1145
f 804/819/1146 803/818/1147 3958/820/1148
f 804/819/1149 3958/820/1149 805/821/1149
f 805/821/1150 3958/820/1150 806/822/1150
f 805/821/1151 806/822/1151 801/815/1151
f 801/815/1152 806/822/1152 802/816/1152
f 807/823/1153 808/824/1153 809/825/1153
f 819/826/1154 820/827/1154 821/828/1154
f 852/829/1155 853/830/1156 854/831/1156
f 853/830/1157 855/832/1157 856/833/1157
f 855/832/1158 857/834/1158 858/835/1158
f 857/834/1159 859/836/1159 860/837/1159
f 859/836/1160 861/838/1160 862/839/1160
f 861/838/1161 863/840/1161 864/841/1161
f 863/840/1162 865/842/1162 866/843/1162
f 865/842/1163 867/844/1163 868/845/1163
f 867/844/1164 869/846/1164 870/847/1164
f 869/846/1165 871/848/1165 872/849/1165
f 871/848/1166 873/850/1166 874/851/1166
f 873/850/1167 875/852/1167 876/853/1167
f 875/852/1168 877/854/1168 878/855/1168
f 877/854/1169 879/856/1169 880/857/1169
f 879/856/1170 881/858/1170 882/859/1170
f 881/858/1171 883/860/1171 884/861/1171
f 883/860/1172 885/862/1172 886/863/1172
f 885/862/1173 887/864/1173 888/865/1173
f 887/864/1174 889/866/1174 890/867/1174
f 889/866/1175 891/868/1175 892/869/1175
f 891/868/1176 893/870/1176 894/871/1176
f 896/872/1177 897/873/1177 898/874/1177
f 897/873/1178 899/875/1178 900/876/1178
f 899/875/1179 901/877/1179 902/878/1179
f 901/877/1180 903/879/1180 904/880/1180
f 903/879/1181 905/881/1181 906/882/1182
f 905/881/1183 907/883/1183 908/884/1183
f 907/883/1184 909/885/1184 910/886/1184
f 909/885/1185 911/887/1185 912/888/1185
f 911/887/1186 913/889/1186 914/890/1187
f 913/889/1188 915/891/1188 916/892/1188
f 915/891/1189 917/893/1189 918/894/1189
f 917/893/1190 919/895/1190 920/896/1190
f 919/895/1191 4038/897/1191 921/898/1191
f 4038/897/1192 922/899/1192 923/900/1192
f 922/899/1193 924/901/1193 925/902/1193
f 928/903/1194 929/904/1194 927/905/1194
f 931/906/1195 932/907/1195 930/908/1195
f 934/909/1196 935/910/1196 932/907/1196
f 937/911/1197 938/912/1197 935/910/1198
f 939/913/1199 938/912/1199 937/911/1199
f 940/914/1200 938/912/1200 941/915/1200
f 941/915/1201 938/912/1201 939/913/1201
f 941/915/1202 939/913/1202 942/916/1202
f 943/917/1203 940/914/1203 941/915/1203
f 943/917/1204 941/915/1204 942/916/1204
f 943/917/1205 942/916/1205 944/918/1205
f 945/919/1206 940/914/1206 946/920/1206
f 946/920/1207 940/914/1207 943/917/1207
f 946/920/1208 943/917/1208 947/921/1208
f 947/921/1209 943/917/1209 944/918/1209
f 948/922/1210 945/919/1210 946/920/1210
f 948/922/1211 946/920/1211 949/923/1211
f 949/923/1212 946/920/1212 947/921/1212
f 949/923/1213 947/921/1213 950/924/1213
f 951/925/1214 945/919/1215 952/926/1215
f 952/926/1216 945/919/1216 948/922/1217
f 952/926/1218 948/922/1218 953/927/1218
f 953/927/1219 948/922/1219 949/923/1219
f 953/927/1220 949/923/1220 954/928/1220
f 954/928/1221 949/923/1221 950/924/1221
f 955/929/1222 951/925/1222 952/926/1222
f 955/929/1223 952/926/1223 956/930/1223
f 956/930/1224 952/926/1224 953/927/1224
f 956/930/1225 953/927/1225 957/931/1225
f 957/931/1226 953/927/1226 954/928/1226
f 959/932/1227 951/925/1227 960/933/1227
f 960/933/1228 951/925/1228 955/929/1228
f 960/933/1229 955/929/1229 956/930/1229
f 960/933/1230 956/930/1230 961/934/1230
f 961/934/1231 956/930/1231 957/931/1231
f 961/934/1232 957/931/1232 962/935/1232
f 962/935/1233 957/931/1233 954/928/1233
f 962/935/1234 954/928/1235 963/936/1236
f 963/936/1237 954/928/1238 958/937/1238
f 964/938/1239 959/932/1239 960/933/1239
f 964/938/1240 960/933/1240 965/939/1240
f 965/939/1241 960/933/1241 966/940/1241
f 966/940/1242 960/933/1242 961/934/1242
f 966/940/1243 961/934/1243 967/941/1243
f 967/941/1244 961/934/1244 962/935/1244
f 967/941/1245 962/935/1245 963/936/1245
f 968/942/1246 963/936/1246 958/937/1246
f 968/942/1247 958/937/1247 969/943/1247
f 970/944/1248 964/938/1248 971/945/1248
f 971/945/1249 964/938/1250 965/939/1249
f 971/945/1251 965/939/1251 972/946/1251
f 972/946/1252 965/939/1252 966/940/1252
f 972/946/1253 966/940/1253 973/947/1253
f 973/947/1254 966/940/1254 967/941/1254
f 973/947/1255 967/941/1255 974/948/1255
f 974/948/1256 967/941/1256 963/936/1256
f 974/948/1257 963/936/1257 968/942/1257
f 976/949/1258 970/944/1258 971/945/1258
f 976/949/1259 971/945/1260 977/950/1260
f 977/950/1261 971/945/1261 972/946/1261
f 977/950/1262 972/946/1262 978/951/1262
f 978/951/1263 972/946/1263 973/947/1263
f 978/951/1264 973/947/1264 979/952/1264
f 979/952/1265 973/947/1265 974/948/1265
f 980/953/1266 968/942/1266 969/943/1266
f 980/953/1267 969/943/1267 975/954/1267
f 980/953/1268 975/954/1268 981/955/1268
f 982/956/1269 976/949/1269 983/957/1269
f 983/957/1270 976/949/1270 977/950/1270
f 983/957/1271 977/950/1271 978/951/1271
f 983/957/1272 978/951/1272 984/958/1272
f 984/958/1273 978/951/1273 979/952/1273
f 984/958/1274 979/952/1274 985/959/1274
f 985/959/1275 979/952/1275 974/948/1275
f 985/959/1276 974/948/1276 968/942/1276
f 986/960/1277 980/953/1277 981/955/1277
f 986/960/1278 981/955/1278 987/961/1278
f 988/962/1279 982/956/1279 989/963/1279
f 989/963/1280 982/956/1280 983/957/1280
f 989/963/1281 983/957/1281 990/964/1281
f 990/964/1282 983/957/1282 984/958/1282
f 990/964/1283 984/958/1283 991/965/1283
f 991/965/1284 984/958/1284 985/959/1284
f 999/966/1285 985/959/1285 968/942/1285
f 999/966/1286 968/942/1286 992/967/1286
f 992/967/1287 968/942/1287 980/953/1287
f 992/967/1288 980/953/1288 986/960/1288
f 992/967/1289 986/960/1289 993/968/1289
f 993/968/1290 986/960/1290 987/961/1290
f 993/968/1291 987/961/1291 994/969/1291
f 995/970/1292 988/962/1292 989/963/1292
f 995/970/1293 989/963/1293 996/971/1293
f 996/971/1294 989/963/1294 990/964/1294
f 996/971/1295 990/964/1295 997/972/1295
f 997/972/1296 990/964/1296 991/965/1296
f 997/972/1297 991/965/1297 998/973/1297
f 998/973/1298 991/965/1298 999/966/1298
f 999/966/1299 991/965/1299 985/959/1299
f 1000/974/1300 992/967/1300 993/968/1300
f 1000/974/1301 993/968/1301 1001/975/1301
f 1001/975/1302 993/968/1302 994/969/1302
f 1002/976/1303 988/962/1303 1003/977/1303
f 1003/977/1304 988/962/1304 995/970/1304
f 1003/977/1305 995/970/1305 1004/978/1305
f 1004/978/1306 995/970/1306 996/971/1306
f 1004/978/1307 996/971/1307 1005/979/1307
f 1005/979/1308 996/971/1308 997/972/1308
f 1005/979/1309 997/972/1309 998/973/1309
f 1006/980/1310 999/966/1310 992/967/1310
f 1006/980/1311 992/967/1311 1007/981/1311
f 1007/981/1312 992/967/1312 1000/974/1312
f 1007/981/1313 1000/974/1313 1008/982/1313
f 1008/982/1314 1000/974/1314 1001/975/1314
f 1008/982/1315 1001/975/1315 854/831/1315
f 1303/983/1316 1009/984/1316 1010/985/1316
f 923/900/1317 922/899/1317 925/902/1317
f 923/900/1318 925/902/1318 1011/986/1318
f 1011/986/1319 925/902/1319 1012/987/1319
f 1011/986/1320 1012/987/1320 1013/988/1320
f 1014/989/1321 1013/988/1321 1322/990/1321
f 1014/989/1322 1322/990/1322 1015/991/1322
f 1015/991/1323 1322/990/1323 1016/992/1323
f 1015/991/1324 1016/992/1324 1017/993/1324
f 1017/993/1325 1016/992/1325 1018/994/1325
f 1017/993/1326 1018/994/1326 1019/995/1326
f 1017/993/1327 1019/995/1327 1020/996/1327
f 1020/996/1328 1019/995/1328 1021/997/1328
f 1020/996/1329 1021/997/1329 1022/998/1329
f 1022/998/1330 1021/997/1330 1023/999/1330
f 921/898/1331 4038/897/1331 923/900/1331
f 921/898/1332 923/900/1332 1024/1000/1332
f 1024/1000/1333 923/900/1333 1011/986/1333
f 1024/1000/1334 1011/986/1334 1025/1001/1334
f 1025/1001/1335 1011/986/1335 1013/988/1335
f 1025/1001/1336 1013/988/1336 1031/1002/1336
f 1031/1002/1337 1013/988/1337 1014/989/1337
f 1026/1003/1338 1015/991/1339 1017/993/1338
f 1026/1003/1340 1017/993/1340 1027/1004/1340
f 1027/1004/1341 1017/993/1341 1020/996/1341
f 1027/1004/1342 1020/996/1343 1028/1005/1342
f 1028/1005/1344 1020/996/1344 1022/998/1344
f 1028/1005/1345 1022/998/1345 1029/1006/1345
f 1029/1006/1346 1022/998/1346 1023/999/1346
f 920/896/1347 919/895/1347 921/898/1347
f 920/896/1348 921/898/1348 1030/1007/1348
f 1030/1007/1349 921/898/1349 1024/1000/1349
f 1030/1007/1350 1024/1000/1350 1025/1001/1350
f 1032/1008/1351 1014/989/1351 1015/991/1351
f 1032/1008/1352 1015/991/1352 1033/1009/1352
f 1033/1009/1353 1015/991/1353 1026/1003/1353
f 1033/1009/1354 1026/1003/1354 1034/1010/1354
f 1034/1010/1355 1026/1003/1355 1027/1004/1355
f 1034/1010/1356 1027/1004/1356 1035/1011/1356
f 1035/1011/1357 1027/1004/1357 1028/1005/1357
f 1035/1011/1358 1028/1005/1358 1036/1012/1358
f 1036/1012/1359 1028/1005/1359 1029/1006/1359
f 918/894/1360 917/893/1360 920/896/1360
f 918/894/1361 920/896/1361 1030/1007/1361
f 918/894/1362 1030/1007/1362 1037/1013/1362
f 1037/1013/1363 1030/1007/1363 1025/1001/1363
f 1037/1013/1364 1025/1001/1364 1038/1014/1364
f 1038/1014/1365 1025/1001/1365 1031/1002/1365
f 1038/1014/1366 1031/1002/1366 1014/989/1366
f 1044/1015/1367 1014/989/1367 1032/1008/1367
f 1032/1008/1368 1033/1009/1368 1039/1016/1368
f 1039/1016/1369 1033/1009/1369 1034/1010/1369
f 1039/1016/1370 1034/1010/1370 1040/1017/1370
f 1040/1017/1371 1034/1010/1371 1035/1011/1371
f 1040/1017/1372 1035/1011/1372 1041/1018/1372
f 1041/1018/1373 1035/1011/1373 1036/1012/1373
f 1041/1018/1374 1036/1012/1374 1042/1019/1374
f 916/892/1375 915/891/1375 918/894/1375
f 916/892/1376 918/894/1376 1043/1020/1376
f 1043/1020/1377 918/894/1377 1037/1013/1377
f 1043/1020/1378 1037/1013/1378 1038/1014/1378
f 1044/1015/1379 1038/1014/1379 1014/989/1379
f 1045/1021/1380 1044/1015/1380 1032/1008/1380
f 1045/1021/1381 1032/1008/1381 1039/1016/1381
f 1045/1021/1382 1039/1016/1382 1046/1022/1382
f 1046/1022/1383 1039/1016/1383 1040/1017/1383
f 1046/1022/1384 1040/1017/1384 1047/1023/1384
f 1047/1023/1385 1040/1017/1385 1041/1018/1385
f 1047/1023/1386 1041/1018/1387 1048/1024/1387
f 1048/1024/1388 1041/1018/1388 1042/1019/1388
f 914/890/1389 913/889/1389 916/892/1389
f 914/890/1390 916/892/1390 1043/1020/1390
f 914/890/1391 1043/1020/1391 1049/1025/1391
f 1049/1025/1392 1043/1020/1392 1050/1026/1392
f 1050/1026/1393 1043/1020/1393 1038/1014/1393
f 1050/1026/1394 1038/1014/1394 1051/1027/1394
f 1051/1027/1395 1038/1014/1395 1044/1015/1395
f 1052/1028/1396 1044/1015/1396 1045/1021/1396
f 1052/1028/1397 1045/1021/1397 1053/1029/1397
f 1053/1029/1398 1045/1021/1398 1046/1022/1398
f 1053/1029/1399 1046/1022/1399 1054/1030/1399
f 1054/1030/1400 1046/1022/1400 1047/1023/1400
f 1054/1030/1401 1047/1023/1402 1055/1031/1401
f 1055/1031/1403 1047/1023/1403 1048/1024/1403
f 912/888/1404 911/887/1404 914/890/1404
f 912/888/1405 914/890/1405 1056/1032/1405
f 1056/1032/1406 914/890/1406 1049/1025/1406
f 1056/1032/1407 1049/1025/1408 1050/1026/1408
f 1064/1033/1409 1050/1026/1409 1051/1027/1409
f 1057/1034/1410 1051/1027/1410 1044/1015/1410
f 1057/1034/1411 1044/1015/1411 1058/1035/1411
f 1058/1035/1412 1044/1015/1412 1052/1028/1412
f 1058/1035/1413 1052/1028/1413 1059/1036/1413
f 1059/1036/1414 1052/1028/1414 1053/1029/1414
f 1059/1036/1415 1053/1029/1415 1054/1030/1415
f 1059/1036/1416 1054/1030/1416 1060/1037/1416
f 1060/1037/1417 1054/1030/1417 1055/1031/1417
f 1060/1037/1418 1055/1031/1418 1061/1038/1418
f 910/886/1419 909/885/1419 912/888/1419
f 910/886/1420 912/888/1420 1062/1039/1420
f 1062/1039/1421 912/888/1421 1056/1032/1421
f 1062/1039/1422 1056/1032/1422 1063/1040/1422
f 1063/1040/1423 1056/1032/1423 1064/1033/1423
f 1064/1033/1424 1056/1032/1424 1050/1026/1424
f 1065/1041/1425 1057/1034/1425 1058/1035/1425
f 1065/1041/1426 1058/1035/1426 1066/1042/1426
f 1066/1042/1427 1058/1035/1427 1059/1036/1427
f 1066/1042/1428 1059/1036/1428 1067/1043/1428
f 1067/1043/1429 1059/1036/1429 1060/1037/1430
f 1067/1043/1431 1060/1037/1431 1068/1044/1431
f 1068/1044/1432 1060/1037/1432 1061/1038/1432
f 908/884/1433 907/883/1433 910/886/1433
f 908/884/1434 910/886/1434 1062/1039/1434
f 908/884/1435 1062/1039/1435 1063/1040/1435
f 1069/1045/1436 1051/1027/1436 1057/1034/1436
f 1069/1045/1437 1057/1034/1437 1070/1046/1437
f 1070/1046/1438 1057/1034/1438 1065/1041/1438
f 1070/1046/1439 1065/1041/1439 1066/1042/1440
f 1070/1046/1441 1066/1042/1441 1071/1047/1441
f 1071/1047/1442 1066/1042/1442 1072/1048/1442
f 1072/1048/1443 1066/1042/1443 1067/1043/1443
f 1072/1048/1444 1067/1043/1444 1068/1044/1444
f 906/882/1445 905/881/1445 908/884/1445
f 906/882/1446 908/884/1446 1073/1049/1446
f 1073/1049/1447 908/884/1447 1063/1040/1447
f 1073/1049/1448 1063/1040/1448 1074/1050/1448
f 1074/1050/1449 1063/1040/1450 1064/1033/1449
f 1074/1050/1451 1064/1033/1451 1081/1051/1451
f 1081/1051/1452 1064/1033/1452 1075/1052/1452
f 1075/1052/1453 1064/1033/1453 1051/1027/1453
f 1075/1052/1454 1051/1027/1454 1069/1045/1454
f 1069/1045/1455 1070/1046/1455 1076/1053/1455
f 1076/1053/1456 1070/1046/1456 1077/1054/1456
f 1077/1054/1457 1070/1046/1457 1071/1047/1457
f 1077/1054/1458 1071/1047/1458 1078/1055/1458
f 1078/1055/1459 1071/1047/1459 1072/1048/1459
f 1078/1055/1460 1072/1048/1460 1079/1056/1460
f 1079/1056/1461 1072/1048/1461 1068/1044/1461
f 904/880/1462 903/879/1462 906/882/1462
f 904/880/1463 906/882/1463 1080/1057/1463
f 1080/1057/1464 906/882/1464 1073/1049/1464
f 1080/1057/1465 1073/1049/1465 1074/1050/1465
f 1082/1058/1466 1081/1051/1466 1075/1052/1466
f 1075/1052/1467 1069/1045/1467 1083/1059/1467
f 1083/1059/1468 1069/1045/1468 1076/1053/1468
f 1083/1059/1469 1076/1053/1469 1084/1060/1469
f 1084/1060/1470 1076/1053/1470 1077/1054/1470
f 1084/1060/1471 1077/1054/1471 1085/1061/1471
f 1085/1061/1472 1077/1054/1472 1078/1055/1472
f 1085/1061/1473 1078/1055/1473 1079/1056/1473
f 902/878/1474 901/877/1474 904/880/1474
f 902/878/1475 904/880/1475 1086/1062/1475
f 1086/1062/1476 904/880/1476 1080/1057/1476
f 1086/1062/1477 1080/1057/1477 1087/1063/1477
f 1087/1063/1478 1080/1057/1478 1074/1050/1478
f 1087/1063/1479 1074/1050/1479 1081/1051/1480
f 1087/1063/1481 1081/1051/1481 1094/1064/1481
f 1094/1064/1482 1081/1051/1482 1082/1058/1482
f 1088/1065/1483 1082/1058/1483 1075/1052/1483
f 1088/1065/1484 1075/1052/1484 1089/1066/1484
f 1089/1066/1485 1075/1052/1485 1083/1059/1485
f 1089/1066/1486 1083/1059/1486 1090/1067/1486
f 1090/1067/1487 1083/1059/1487 1084/1060/1487
f 1090/1067/1488 1084/1060/1488 1091/1068/1488
f 1091/1068/1489 1084/1060/1489 1085/1061/1489
f 1091/1068/1490 1085/1061/1490 1092/1069/1490
f 1092/1069/1491 1085/1061/1491 1079/1056/1491
f 900/876/1492 899/875/1492 902/878/1492
f 900/876/1493 902/878/1493 1086/1062/1493
f 900/876/1494 1086/1062/1494 1093/1070/1494
f 1093/1070/1495 1086/1062/1495 1087/1063/1495
f 1093/1070/1496 1087/1063/1496 1094/1064/1496
f 1088/1065/1497 1089/1066/1497 1095/1071/1497
f 1095/1071/1498 1089/1066/1498 1090/1067/1498
f 1095/1071/1499 1090/1067/1499 1096/1072/1499
f 1096/1072/1500 1090/1067/1500 1091/1068/1500
f 1096/1072/1501 1091/1068/1501 1097/1073/1501
f 1097/1073/1502 1091/1068/1503 1098/1074/1504
f 1098/1074/1505 1091/1068/1505 1092/1069/1505
f 898/874/1506 897/873/1506 900/876/1506
f 898/874/1507 900/876/1507 1099/1075/1507
f 1099/1075/1508 900/876/1508 1093/1070/1508
f 1099/1075/1509 1093/1070/1509 1100/1076/1509
f 1100/1076/1510 1093/1070/1510 1094/1064/1510
f 1100/1076/1511 1094/1064/1511 1106/1077/1511
f 1106/1077/1512 1094/1064/1512 1082/1058/1512
f 1101/1078/1513 1082/1058/1513 1088/1065/1513
f 1101/1078/1514 1088/1065/1514 1102/1079/1514
f 1102/1079/1515 1088/1065/1515 1095/1071/1515
f 1102/1079/1516 1095/1071/1517 1103/1080/1516
f 1103/1080/1518 1095/1071/1518 1096/1072/1519
f 1103/1080/1520 1096/1072/1520 1104/1081/1520
f 1104/1081/1521 1096/1072/1521 1097/1073/1521
f 1104/1081/1522 1097/1073/1522 1098/1074/1522
f 893/870/1523 896/872/1523 895/1082/1523
f 895/1082/1524 896/872/1524 898/874/1525
f 895/1082/1526 898/874/1526 1105/1083/1526
f 1105/1083/1527 898/874/1527 1099/1075/1527
f 1105/1083/1528 1099/1075/1528 1100/1076/1528
f 1107/1084/1529 1106/1077/1529 1082/1058/1529
f 1107/1084/1530 1082/1058/1530 1101/1078/1530
f 1108/1085/1531 1101/1078/1531 1102/1079/1531
f 1108/1085/1532 1102/1079/1532 1109/1086/1532
f 1109/1086/1533 1102/1079/1533 1103/1080/1533
f 1109/1086/1534 1103/1080/1534 1104/1081/1534
f 1109/1086/1535 1104/1081/1535 1110/1087/1535
f 1110/1087/1536 1104/1081/1536 1098/1074/1536
f 894/871/1537 893/870/1537 895/1082/1537
f 894/871/1538 895/1082/1538 1105/1083/1538
f 894/871/1539 1105/1083/1539 1111/1088/1539
f 1111/1088/1540 1105/1083/1541 1100/1076/1541
f 1111/1088/1542 1100/1076/1542 1112/1089/1542
f 1112/1089/1543 1100/1076/1543 1106/1077/1543
f 1112/1089/1544 1106/1077/1544 1107/1084/1544
f 1107/1084/1545 1101/1078/1545 1113/1090/1545
f 1113/1090/1546 1101/1078/1546 1108/1085/1546
f 1113/1090/1547 1108/1085/1547 1114/1091/1547
f 1114/1091/1548 1108/1085/1548 1109/1086/1548
f 1114/1091/1549 1109/1086/1549 1115/1092/1549
f 1115/1092/1550 1109/1086/1550 1110/1087/1550
f 892/869/1551 891/868/1551 894/871/1551
f 892/869/1552 894/871/1552 1116/1093/1552
f 1116/1093/1553 894/871/1553 1111/1088/1553
f 1116/1093/1554 1111/1088/1554 1112/1089/1554
f 1117/1094/1555 1107/1084/1555 1113/1090/1555
f 1117/1094/1556 1113/1090/1556 1118/1095/1556
f 1118/1095/1557 1113/1090/1557 1119/1096/1557
f 1119/1096/1558 1113/1090/1558 1114/1091/1558
f 1119/1096/1559 1114/1091/1559 1120/1097/1559
f 1120/1097/1560 1114/1091/1560 1115/1092/1560
f 1120/1097/1561 1115/1092/1561 1121/1098/1561
f 890/867/1562 889/866/1562 892/869/1562
f 890/867/1563 892/869/1563 1116/1093/1563
f 890/867/1564 1116/1093/1564 1122/1099/1564
f 1122/1099/1565 1116/1093/1565 1123/1100/1565
f 1123/1100/1566 1116/1093/1566 1112/1089/1567
f 1123/1100/1568 1112/1089/1568 1124/1101/1568
f 1124/1101/1569 1112/1089/1569 1107/1084/1569
f 1124/1101/1570 1107/1084/1570 1117/1094/1570
f 1125/1102/1571 1117/1094/1571 1118/1095/1571
f 1125/1102/1572 1118/1095/1572 1126/1103/1572
f 1126/1103/1573 1118/1095/1573 1119/1096/1573
f 1126/1103/1574 1119/1096/1574 1127/1104/1574
f 1127/1104/1575 1119/1096/1575 1120/1097/1575
f 1127/1104/1576 1120/1097/1576 1121/1098/1576
f 888/865/1577 887/864/1577 890/867/1577
f 888/865/1578 890/867/1578 1128/1105/1578
f 1128/1105/1579 890/867/1579 1122/1099/1579
f 1128/1105/1580 1122/1099/1580 1123/1100/1580
f 1124/1101/1581 1117/1094/1581 1129/1106/1581
f 1129/1106/1582 1117/1094/1582 1125/1102/1582
f 1129/1106/1583 1125/1102/1583 1130/1107/1583
f 1130/1107/1584 1125/1102/1584 1126/1103/1584
f 1130/1107/1585 1126/1103/1585 1131/1108/1585
f 1131/1108/1586 1126/1103/1586 1127/1104/1586
f 1131/1108/1587 1127/1104/1587 1132/1109/1587
f 1132/1109/1588 1127/1104/1588 1121/1098/1588
f 886/863/1589 885/862/1589 888/865/1589
f 886/863/1590 888/865/1590 1133/1110/1590
f 1133/1110/1591 888/865/1591 1128/1105/1591
f 1133/1110/1592 1128/1105/1592 1134/1111/1592
f 1134/1111/1593 1128/1105/1593 1123/1100/1593
f 1134/1111/1594 1123/1100/1594 1142/1112/1594
f 1142/1112/1595 1123/1100/1595 1135/1113/1595
f 1135/1113/1596 1123/1100/1596 1124/1101/1596
f 1135/1113/1597 1124/1101/1597 1136/1114/1597
f 1136/1114/1598 1124/1101/1598 1137/1115/1598
f 1137/1115/1599 1124/1101/1599 1129/1106/1599
f 1137/1115/1600 1129/1106/1600 1138/1116/1600
f 1138/1116/1601 1129/1106/1601 1130/1107/1601
f 1138/1116/1602 1130/1107/1602 1139/1117/1602
f 1139/1117/1603 1130/1107/1603 1131/1108/1603
f 1139/1117/1604 1131/1108/1604 1140/1118/1604
f 1140/1118/1605 1131/1108/1605 1132/1109/1605
f 884/861/1606 883/860/1606 886/863/1606
f 884/861/1607 886/863/1607 1133/1110/1607
f 884/861/1608 1133/1110/1608 1141/1119/1608
f 1141/1119/1609 1133/1110/1609 1134/1111/1609
f 1141/1119/1610 1134/1111/1610 1142/1112/1610
f 1136/1114/1611 1137/1115/1611 1143/1120/1611
f 1143/1120/1612 1137/1115/1612 1138/1116/1612
f 1143/1120/1613 1138/1116/1613 1144/1121/1613
f 1144/1121/1614 1138/1116/1614 1139/1117/1614
f 1144/1121/1615 1139/1117/1615 1145/1122/1615
f 1145/1122/1616 1139/1117/1616 1140/1118/1616
f 1145/1122/1617 1140/1118/1617 1146/1123/1617
f 882/859/1618 881/858/1618 884/861/1618
f 882/859/1619 884/861/1619 1147/1124/1619
f 1147/1124/1620 884/861/1620 1141/1119/1620
f 1147/1124/1621 1141/1119/1621 1148/1125/1621
f 1148/1125/1622 1141/1119/1622 1142/1112/1622
f 1148/1125/1623 1142/1112/1623 1154/1126/1623
f 1154/1126/1624 1142/1112/1624 1149/1127/1624
f 1149/1127/1625 1142/1112/1625 1135/1113/1625
f 1135/1113/1626 1136/1114/1627 1150/1128/1628
f 1150/1128/1629 1136/1114/1629 1143/1120/1629
f 1150/1128/1630 1143/1120/1630 1151/1129/1630
f 1151/1129/1631 1143/1120/1631 1144/1121/1631
f 1151/1129/1632 1144/1121/1632 1152/1130/1632
f 1152/1130/1633 1144/1121/1633 1145/1122/1633
f 1152/1130/1634 1145/1122/1634 1146/1123/1634
f 880/857/1635 879/856/1635 882/859/1635
f 880/857/1636 882/859/1636 1147/1124/1636
f 880/857/1637 1147/1124/1637 1153/1131/1637
f 1153/1131/1638 1147/1124/1638 1148/1125/1638
f 1153/1131/1639 1148/1125/1639 1154/1126/1639
f 1155/1132/1640 1149/1127/1641 1135/1113/1642
f 1155/1132/1643 1135/1113/1643 1156/1133/1643
f 1156/1133/1644 1135/1113/1644 1150/1128/1644
f 1156/1133/1645 1150/1128/1645 1157/1134/1645
f 1157/1134/1646 1150/1128/1646 1151/1129/1646
f 1157/1134/1647 1151/1129/1647 1158/1135/1647
f 1158/1135/1648 1151/1129/1648 1152/1130/1648
f 1158/1135/1649 1152/1130/1649 1159/1136/1649
f 1159/1136/1650 1152/1130/1650 1146/1123/1650
f 878/855/1651 877/854/1651 880/857/1651
f 878/855/1652 880/857/1652 1160/1137/1652
f 1160/1137/1653 880/857/1653 1153/1131/1653
f 1160/1137/1654 1153/1131/1654 1161/1138/1654
f 1161/1138/1655 1153/1131/1655 1154/1126/1655
f 1161/1138/1656 1154/1126/1656 1149/1127/1656
f 1155/1132/1657 1156/1133/1657 1162/1139/1657
f 1162/1139/1658 1156/1133/1658 1157/1134/1658
f 1162/1139/1659 1157/1134/1659 1163/1140/1659
f 1163/1140/1660 1157/1134/1660 1158/1135/1660
f 1163/1140/1661 1158/1135/1661 1164/1141/1661
f 1164/1141/1662 1158/1135/1662 1159/1136/1663
f 1164/1141/1664 1159/1136/1664 1165/1142/1664
f 876/853/1665 875/852/1665 878/855/1665
f 876/853/1666 878/855/1666 1166/1143/1666
f 1166/1143/1667 878/855/1667 1160/1137/1667
f 1166/1143/1668 1160/1137/1668 1161/1138/1668
f 1167/1144/1669 1161/1138/1669 1149/1127/1669
f 1149/1127/1670 1155/1132/1670 1168/1145/1670
f 1168/1145/1671 1155/1132/1671 1162/1139/1671
f 1168/1145/1672 1162/1139/1672 1169/1146/1672
f 1169/1146/1673 1162/1139/1673 1163/1140/1673
f 1169/1146/1674 1163/1140/1674 1170/1147/1674
f 1170/1147/1675 1163/1140/1675 1164/1141/1675
f 1170/1147/1676 1164/1141/1676 1165/1142/1676
f 874/851/1677 873/850/1677 876/853/1677
f 874/851/1678 876/853/1678 1171/1148/1678
f 1171/1148/1679 876/853/1679 1166/1143/1679
f 1171/1148/1680 1166/1143/1680 1172/1149/1680
f 1172/1149/1681 1166/1143/1681 1161/1138/1681
f 1172/1149/1682 1161/1138/1682 1167/1144/1682
f 1173/1150/1683 1167/1144/1683 1149/1127/1683
f 1173/1150/1684 1149/1127/1684 1168/1145/1684
f 1173/1150/1685 1168/1145/1685 1174/1151/1685
f 1174/1151/1686 1168/1145/1686 1169/1146/1686
f 1174/1151/1687 1169/1146/1687 1175/1152/1687
f 1175/1152/1688 1169/1146/1688 1170/1147/1688
f 1175/1152/1689 1170/1147/1689 1176/1153/1689
f 1176/1153/1690 1170/1147/1690 1177/1154/1690
f 1177/1154/1691 1170/1147/1691 1165/1142/1691
f 872/849/1692 871/848/1692 874/851/1692
f 872/849/1693 874/851/1693 1178/1155/1693
f 1178/1155/1694 874/851/1694 1171/1148/1694
f 1178/1155/1695 1171/1148/1695 1172/1149/1695
f 1179/1156/1696 1173/1150/1696 1174/1151/1696
f 1179/1156/1697 1174/1151/1697 1180/1157/1697
f 1180/1157/1698 1174/1151/1698 1175/1152/1698
f 1180/1157/1699 1175/1152/1699 1181/1158/1699
f 1181/1158/1700 1175/1152/1701 1176/1153/1701
f 1181/1158/1702 1176/1153/1702 1182/1159/1702
f 1182/1159/1703 1176/1153/1703 1177/1154/1703
f 870/847/1704 869/846/1704 872/849/1704
f 870/847/1705 872/849/1705 1183/1160/1705
f 1183/1160/1706 872/849/1706 1178/1155/1706
f 1183/1160/1707 1178/1155/1707 1184/1161/1707
f 1184/1161/1708 1178/1155/1708 1172/1149/1708
f 1184/1161/1709 1172/1149/1709 1167/1144/1709
f 1185/1162/1710 1167/1144/1710 1173/1150/1710
f 1185/1162/1711 1173/1150/1711 1179/1156/1711
f 1185/1162/1712 1179/1156/1712 1186/1163/1712
f 1186/1163/1713 1179/1156/1713 1180/1157/1713
f 1186/1163/1714 1180/1157/1714 1187/1164/1714
f 1187/1164/1715 1180/1157/1715 1181/1158/1715
f 1187/1164/1716 1181/1158/1716 1188/1165/1716
f 1188/1165/1717 1181/1158/1717 1182/1159/1717
f 1188/1165/1718 1182/1159/1718 1189/1166/1718
f 868/845/1719 867/844/1719 870/847/1719
f 868/845/1720 870/847/1720 1190/1167/1720
f 1190/1167/1721 870/847/1721 1183/1160/1721
f 1190/1167/1722 1183/1160/1722 1184/1161/1722
f 1191/1168/1723 1184/1161/1723 1167/1144/1723
f 1191/1168/1724 1167/1144/1724 1185/1162/1724
f 1192/1169/1725 1185/1162/1725 1186/1163/1725
f 1192/1169/1726 1186/1163/1726 1193/1170/1726
f 1193/1170/1727 1186/1163/1727 1187/1164/1727
f 1193/1170/1728 1187/1164/1728 1194/1171/1728
f 1194/1171/1729 1187/1164/1729 1188/1165/1729
f 1194/1171/1730 1188/1165/1730 1195/1172/1730
f 1195/1172/1731 1188/1165/1731 1189/1166/1731
f 866/843/1732 865/842/1732 868/845/1732
f 866/843/1733 868/845/1733 1190/1167/1733
f 866/843/1734 1190/1167/1734 1196/1173/1734
f 1196/1173/1735 1190/1167/1735 1197/1174/1735
f 1197/1174/1736 1190/1167/1736 1184/1161/1736
f 1197/1174/1737 1184/1161/1737 1191/1168/1737
f 1191/1168/1738 1185/1162/1738 1198/1175/1738
f 1198/1175/1739 1185/1162/1739 1192/1169/1739
f 1198/1175/1740 1192/1169/1740 1193/1170/1740
f 1198/1175/1741 1193/1170/1741 1199/1176/1741
f 1199/1176/1742 1193/1170/1742 1194/1171/1742
f 1199/1176/1743 1194/1171/1743 1200/1177/1743
f 1200/1177/1744 1194/1171/1744 1195/1172/1744
f 1200/1177/1745 1195/1172/1745 1201/1178/1745
f 864/841/1746 863/840/1746 866/843/1746
f 864/841/1747 866/843/1747 1202/1179/1747
f 1202/1179/1748 866/843/1748 1196/1173/1748
f 1202/1179/1749 1196/1173/1749 1197/1174/1749
f 1203/1180/1750 1191/1168/1750 1198/1175/1750
f 1203/1180/1751 1198/1175/1751 1204/1181/1751
f 1204/1181/1752 1198/1175/1752 1199/1176/1752
f 1204/1181/1753 1199/1176/1753 1205/1182/1753
f 1205/1182/1754 1199/1176/1754 1200/1177/1754
f 1205/1182/1755 1200/1177/1755 1206/1183/1755
f 1206/1183/1756 1200/1177/1756 1201/1178/1756
f 862/839/1757 861/838/1757 864/841/1757
f 862/839/1758 864/841/1758 1207/1184/1758
f 1207/1184/1759 864/841/1759 1202/1179/1759
f 1207/1184/1760 1202/1179/1760 1208/1185/1760
f 1208/1185/1761 1202/1179/1761 1197/1174/1761
f 1208/1185/1762 1197/1174/1762 1216/1186/1762
f 1216/1186/1763 1197/1174/1763 1209/1187/1763
f 1209/1187/1764 1197/1174/1764 1191/1168/1764
f 1209/1187/1765 1191/1168/1765 1210/1188/1765
f 1210/1188/1766 1191/1168/1766 1203/1180/1766
f 1210/1188/1767 1203/1180/1767 1211/1189/1767
f 1211/1189/1768 1203/1180/1768 1204/1181/1768
f 1211/1189/1769 1204/1181/1769 1212/1190/1769
f 1212/1190/1770 1204/1181/1770 1213/1191/1770
f 1213/1191/1771 1204/1181/1771 1205/1182/1771
f 1213/1191/1772 1205/1182/1772 1214/1192/1772
f 1214/1192/1773 1205/1182/1773 1206/1183/1773
f 860/837/1774 859/836/1774 862/839/1774
f 860/837/1775 862/839/1775 1215/1193/1775
f 1215/1193/1776 862/839/1776 1207/1184/1776
f 1215/1193/1777 1207/1184/1777 1208/1185/1777
f 1210/1188/1778 1211/1189/1778 1217/1194/1778
f 1217/1194/1779 1211/1189/1779 1212/1190/1779
f 1217/1194/1780 1212/1190/1780 1218/1195/1780
f 1218/1195/1781 1212/1190/1781 1213/1191/1781
f 1218/1195/1782 1213/1191/1782 1219/1196/1782
f 1219/1196/1783 1213/1191/1783 1214/1192/1783
f 1219/1196/1784 1220/1197/1784 1218/1195/1784
f 1218/1195/1785 1220/1197/1785 1221/1198/1785
f 1218/1195/1786 1221/1198/1786 1217/1194/1786
f 1217/1194/1787 1221/1198/1787 1222/1199/1787
f 1217/1194/1788 1222/1199/1788 1210/1188/1788
f 1210/1188/1789 1222/1199/1789 1223/1200/1789
f 1210/1188/1790 1223/1200/1790 1209/1187/1790
f 1216/1186/1791 1209/1187/1791 1224/1201/1791
f 1216/1186/1792 1224/1201/1792 1208/1185/1792
f 1208/1185/1793 1224/1201/1793 1225/1202/1793
f 1208/1185/1794 1225/1202/1794 1215/1193/1794
f 1215/1193/1795 1225/1202/1795 858/835/1795
f 1215/1193/1796 858/835/1796 860/837/1796
f 860/837/1797 858/835/1797 857/834/1797
f 1220/1197/1798 1002/976/1798 1226/1203/1798
f 1220/1197/1799 1226/1203/1799 1221/1198/1799
f 1221/1198/1800 1226/1203/1800 1227/1204/1800
f 1221/1198/1801 1227/1204/1801 1222/1199/1801
f 1222/1199/1802 1227/1204/1802 1228/1205/1802
f 1222/1199/1803 1228/1205/1803 1223/1200/1803
f 1224/1201/1804 1209/1187/1804 1006/980/1804
f 1225/1202/1805 1224/1201/1805 1229/1206/1805
f 1225/1202/1806 1229/1206/1806 858/835/1806
f 858/835/1807 1229/1206/1807 856/833/1807
f 858/835/1808 856/833/1808 855/832/1808
f 1226/1203/1809 1002/976/1809 1003/977/1809
f 1226/1203/1810 1003/977/1810 1227/1204/1810
f 1227/1204/1811 1003/977/1812 1004/978/1812
f 1227/1204/1813 1004/978/1813 1228/1205/1813
f 1228/1205/1814 1004/978/1814 1005/979/1814
f 1228/1205/1815 1005/979/1815 1223/1200/1815
f 1223/1200/1816 1005/979/1816 998/973/1816
f 1223/1200/1817 998/973/1817 1209/1187/1817
f 1209/1187/1818 998/973/1818 999/966/1818
f 1209/1187/1819 999/966/1819 1006/980/1819
f 1224/1201/1820 1006/980/1820 1229/1206/1820
f 1229/1206/1821 1006/980/1821 1007/981/1821
f 1229/1206/1822 1007/981/1822 856/833/1822
f 856/833/1823 1007/981/1823 1008/982/1823
f 856/833/1824 1008/982/1824 854/831/1824
f 856/833/1825 854/831/1825 853/830/1825
f 935/910/1826 936/1207/1826 937/911/1826
f 939/913/1827 937/911/1827 1230/1208/1827
f 939/913/1828 1230/1208/1828 942/916/1828
f 947/921/1829 944/918/1829 1231/1209/1829
f 947/921/1830 1231/1209/1830 950/924/1830
f 954/928/1831 950/924/1831 1232/1210/1831
f 954/928/1832 1232/1210/1832 958/937/1832
f 958/937/1833 1233/1211/1833 969/943/1833
f 1001/975/1834 994/969/1834 851/1212/1834
f 1001/975/1835 851/1212/1835 854/831/1835
f 854/831/1836 851/1212/1836 850/1213/1836
f 854/831/1837 850/1213/1837 852/829/1837
f 935/910/1838 934/909/1838 936/1207/1838
f 937/911/1839 936/1207/1839 1234/1214/1839
f 937/911/1840 1234/1214/1840 1230/1208/1840
f 944/918/1841 942/916/1841 1235/1215/1841
f 944/918/1842 1235/1215/1842 1231/1209/1842
f 950/924/1843 1231/1209/1843 1232/1210/1843
f 969/943/1844 1233/1211/1844 1236/1216/1844
f 969/943/1845 1236/1216/1845 975/954/1845
f 975/954/1846 1236/1216/1846 1237/1217/1846
f 975/954/1847 1237/1217/1847 981/955/1847
f 987/961/1848 981/955/1848 847/1218/1848
f 987/961/1849 847/1218/1849 994/969/1849
f 994/969/1850 847/1218/1850 848/1219/1850
f 994/969/1851 848/1219/1851 851/1212/1851
f 851/1212/1852 848/1219/1852 849/1220/1852
f 851/1212/1853 849/1220/1853 850/1213/1853
f 932/907/1854 933/1221/1854 934/909/1854
f 936/1207/1855 934/909/1855 1238/1222/1855
f 936/1207/1856 1238/1222/1856 1234/1214/1856
f 942/916/1857 1230/1208/1857 1239/1223/1857
f 942/916/1858 1239/1223/1858 1235/1215/1858
f 1231/1209/1859 1235/1215/1859 1240/1224/1859
f 1231/1209/1860 1240/1224/1860 1232/1210/1860
f 1232/1210/1861 1240/1224/1861 1241/1225/1861
f 1232/1210/1862 1241/1225/1862 958/937/1862
f 958/937/1863 1241/1225/1863 1242/1226/1863
f 958/937/1864 1242/1226/1864 1233/1211/1864
f 1233/1211/1865 1243/1227/1865 1236/1216/1865
f 981/955/1866 1237/1217/1866 845/1228/1866
f 981/955/1867 845/1228/1867 847/1218/1867
f 848/1219/1868 847/1218/1868 846/1229/1868
f 932/907/1869 931/906/1869 933/1221/1869
f 934/909/1870 933/1221/1870 1244/1230/1870
f 934/909/1871 1244/1230/1871 1238/1222/1871
f 1230/1208/1872 1234/1214/1872 1245/1231/1872
f 1230/1208/1873 1245/1231/1873 1239/1223/1873
f 1235/1215/1874 1239/1223/1874 1240/1224/1874
f 1233/1211/1875 1242/1226/1875 1246/1232/1875
f 1233/1211/1876 1246/1232/1876 1243/1227/1876
f 1236/1216/1877 1243/1227/1877 1247/1233/1877
f 1236/1216/1878 1247/1233/1878 1237/1217/1878
f 1237/1217/1879 1247/1233/1879 843/1234/1879
f 1237/1217/1880 843/1234/1880 845/1228/1880
f 847/1218/1881 845/1228/1881 844/1235/1881
f 847/1218/1882 844/1235/1882 846/1229/1882
f 933/1221/1883 931/906/1883 1248/1236/1883
f 933/1221/1884 1248/1236/1884 1244/1230/1884
f 1234/1214/1885 1238/1222/1885 1249/1237/1885
f 1234/1214/1886 1249/1237/1886 1245/1231/1886
f 1239/1223/1887 1245/1231/1887 1240/1224/1887
f 1241/1225/1888 1250/1238/1888 1242/1226/1888
f 1242/1226/1889 1251/1239/1889 1246/1232/1889
f 1243/1227/1890 1246/1232/1890 1252/1240/1890
f 1243/1227/1891 1252/1240/1891 1247/1233/1891
f 845/1228/1892 843/1234/1892 842/1241/1892
f 845/1228/1893 842/1241/1893 844/1235/1893
f 929/904/1894 928/903/1894 930/908/1894
f 930/908/1895 928/903/1895 1253/1242/1895
f 930/908/1896 1253/1242/1896 931/906/1896
f 1244/1230/1897 1248/1236/1897 1254/1243/1897
f 1244/1230/1898 1254/1243/1898 1238/1222/1898
f 1238/1222/1899 1254/1243/1899 1255/1244/1899
f 1238/1222/1900 1255/1244/1900 1249/1237/1900
f 1245/1231/1901 1249/1237/1901 1256/1245/1901
f 1245/1231/1902 1256/1245/1902 1240/1224/1902
f 1240/1224/1903 1256/1245/1903 1241/1225/1903
f 1242/1226/1904 1250/1238/1904 1257/1246/1904
f 1242/1226/1905 1257/1246/1905 1251/1239/1905
f 1246/1232/1906 1251/1239/1906 1258/1247/1906
f 1246/1232/1907 1258/1247/1907 1252/1240/1907
f 1247/1233/1908 1252/1240/1908 841/1248/1908
f 1247/1233/1909 841/1248/1909 843/1234/1909
f 843/1234/1910 841/1248/1910 840/1249/1910
f 843/1234/1911 840/1249/1911 842/1241/1911
f 927/905/1912 926/1250/1912 928/903/1912
f 931/906/1913 1253/1242/1913 1259/1251/1913
f 931/906/1914 1259/1251/1914 1248/1236/1914
f 1249/1237/1915 1255/1244/1915 1256/1245/1915
f 1241/1225/1916 1256/1245/1916 1260/1252/1916
f 1241/1225/1917 1260/1252/1917 1250/1238/1917
f 1250/1238/1918 1261/1253/1918 1257/1246/1918
f 1251/1239/1919 1257/1246/1919 1262/1254/1919
f 1251/1239/1920 1262/1254/1920 1258/1247/1920
f 1252/1240/1921 1258/1247/1921 839/1255/1921
f 1252/1240/1922 839/1255/1922 841/1248/1922
f 841/1248/1923 839/1255/1923 838/1256/1923
f 841/1248/1924 838/1256/1924 840/1249/1924
f 927/905/1925 1263/1257/1925 926/1250/1925
f 928/903/1926 926/1250/1926 1264/1258/1926
f 928/903/1927 1264/1258/1927 1253/1242/1927
f 1253/1242/1928 1264/1258/1928 1265/1259/1928
f 1253/1242/1929 1265/1259/1929 1259/1251/1929
f 1248/1236/1930 1259/1251/1930 1266/1260/1930
f 1248/1236/1931 1266/1260/1931 1254/1243/1931
f 1254/1243/1932 1266/1260/1932 1267/1261/1932
f 1254/1243/1933 1267/1261/1933 1255/1244/1933
f 1255/1244/1934 1267/1261/1934 1256/1245/1934
f 1256/1245/1935 1267/1261/1935 1268/1262/1935
f 1256/1245/1936 1268/1262/1936 1260/1252/1936
f 1260/1252/1937 1269/1263/1937 1250/1238/1937
f 1250/1238/1938 1269/1263/1938 1270/1264/1938
f 1250/1238/1939 1270/1264/1939 1261/1253/1939
f 1258/1247/1940 1262/1254/1940 837/1265/1940
f 1258/1247/1941 837/1265/1941 839/1255/1941
f 839/1255/1942 837/1265/1942 836/1266/1942
f 839/1255/1943 836/1266/1943 838/1256/1943
f 1259/1251/1944 1265/1259/1944 1271/1267/1944
f 1259/1251/1945 1271/1267/1945 1266/1260/1945
f 1267/1261/1946 1266/1260/1946 1272/1268/1946
f 1267/1261/1947 1272/1268/1947 1268/1262/1947
f 1268/1262/1948 1273/1269/1948 1260/1252/1948
f 1261/1253/1949 1270/1264/1949 1274/1270/1949
f 1261/1253/1950 1274/1270/1950 1257/1246/1950
f 1257/1246/1951 1274/1270/1951 833/1271/1951
f 1257/1246/1952 833/1271/1952 1262/1254/1952
f 1262/1254/1953 833/1271/1953 835/1272/1953
f 1262/1254/1954 835/1272/1954 837/1265/1954
f 837/1265/1955 835/1272/1955 834/1273/1955
f 837/1265/1956 834/1273/1956 836/1266/1956
f 1263/1257/1957 1275/1274/1957 926/1250/1957
f 926/1250/1958 1275/1274/1958 1276/1275/1958
f 926/1250/1959 1276/1275/1959 1264/1258/1959
f 1264/1258/1960 1276/1275/1960 1277/1276/1960
f 1264/1258/1961 1277/1276/1961 1265/1259/1961
f 1265/1259/1962 1277/1276/1962 1278/1277/1962
f 1265/1259/1963 1278/1277/1963 1271/1267/1963
f 1266/1260/1964 1271/1267/1964 1272/1268/1964
f 1268/1262/1965 1279/1278/1965 1273/1269/1965
f 1260/1252/1966 1273/1269/1966 1280/1279/1966
f 1260/1252/1967 1280/1279/1967 1269/1263/1967
f 1269/1263/1968 1280/1279/1968 1281/1280/1968
f 1269/1263/1969 1281/1280/1969 1270/1264/1969
f 1270/1264/1970 1281/1280/1970 1282/1281/1970
f 1270/1264/1971 1282/1281/1971 1274/1270/1971
f 835/1272/1972 833/1271/1972 832/1282/1972
f 835/1272/1973 832/1282/1973 834/1273/1973
f 1271/1267/1974 1278/1277/1974 1283/1283/1974
f 1271/1267/1975 1283/1283/1975 1272/1268/1975
f 1272/1268/1976 1283/1283/1976 1268/1262/1976
f 1273/1269/1977 1284/1284/1977 1280/1279/1977
f 1274/1270/1978 1282/1281/1978 831/1285/1978
f 1274/1270/1979 831/1285/1979 833/1271/1979
f 833/1271/1980 831/1285/1980 830/1286/1980
f 833/1271/1981 830/1286/1981 832/1282/1981
f 1275/1274/1982 1285/1287/1982 1276/1275/1982
f 1276/1275/1983 1285/1287/1983 1286/1288/1983
f 1276/1275/1984 1286/1288/1984 1277/1276/1984
f 1277/1276/1985 1286/1288/1985 1287/1289/1985
f 1277/1276/1986 1287/1289/1986 1278/1277/1986
f 1278/1277/1987 1287/1289/1987 1283/1283/1987
f 1268/1262/1988 1283/1283/1988 1288/1290/1988
f 1268/1262/1989 1288/1290/1989 1279/1278/1989
f 1273/1269/1990 1279/1278/1990 1289/1291/1990
f 1273/1269/1991 1289/1291/1991 1284/1284/1991
f 1280/1279/1992 1284/1284/1992 825/1292/1992
f 1280/1279/1993 825/1292/1993 1281/1280/1993
f 1281/1280/1994 825/1292/1994 827/1293/1994
f 1281/1280/1995 827/1293/1995 1282/1281/1995
f 1282/1281/1996 827/1293/1996 829/1294/1996
f 1282/1281/1997 829/1294/1997 831/1285/1997
f 831/1285/1998 829/1294/1998 828/1295/1998
f 831/1285/1999 828/1295/1999 830/1286/1999
f 1283/1283/2000 1287/1289/2000 1290/1296/2000
f 1283/1283/2001 1290/1296/2001 1288/1290/2001
f 1279/1278/2002 1288/1290/2002 1291/1297/2002
f 1279/1278/2003 1291/1297/2003 1289/1291/2003
f 1284/1284/2004 1289/1291/2004 823/1298/2004
f 1284/1284/2005 823/1298/2005 825/1292/2005
f 829/1294/2006 827/1293/2006 826/1299/2006
f 829/1294/2007 826/1299/2007 828/1295/2007
f 1285/1287/2008 1292/1300/2008 1286/1288/2008
f 1286/1288/2009 1292/1300/2009 1287/1289/2009
f 1288/1290/2010 1293/1301/2011 1291/1297/2012
f 1289/1291/2013 1291/1297/2013 1294/1302/2013
f 1289/1291/2014 1294/1302/2014 823/1298/2014
f 827/1293/2015 825/1292/2015 824/1303/2015
f 827/1293/2016 824/1303/2016 826/1299/2016
f 1287/1289/2017 1292/1300/2017 1295/1304/2017
f 1287/1289/2018 1295/1304/2018 1290/1296/2018
f 1290/1296/2019 1295/1304/2019 1296/1305/2019
f 1288/1290/2020 1290/1296/2020 1297/1306/2020
f 1288/1290/2021 1297/1306/2021 1293/1301/2021
f 1291/1297/2022 1293/1301/2022 821/828/2022
f 1291/1297/2023 821/828/2023 1294/1302/2023
f 825/1292/2024 823/1298/2024 822/1307/2024
f 825/1292/2025 822/1307/2025 824/1303/2025
f 1296/1305/2026 1298/1308/2026 1290/1296/2026
f 1290/1296/2027 1298/1308/2027 1299/1309/2027
f 1290/1296/2028 1299/1309/2028 1297/1306/2028
f 1293/1301/2029 1297/1306/2029 818/1310/2029
f 1293/1301/2030 818/1310/2030 821/828/2030
f 1294/1302/2031 821/828/2031 820/827/2031
f 1294/1302/2032 820/827/2032 823/1298/2032
f 823/1298/2033 820/827/2033 822/1307/2033
f 1295/1304/2034 1308/1311/2034 1296/1305/2034
f 1308/1311/2035 1300/1312/2035 1296/1305/2035
f 1296/1305/2036 1300/1312/2036 1301/1313/2036
f 1296/1305/2037 1301/1313/2037 1298/1308/2037
f 1298/1308/2038 1301/1313/2038 1302/1314/2038
f 1298/1308/2039 1302/1314/2039 1299/1309/2039
f 1299/1309/2040 1302/1314/2040 814/1315/2040
f 1299/1309/2041 814/1315/2041 1297/1306/2041
f 1297/1306/2042 814/1315/2042 816/1316/2042
f 1297/1306/2043 816/1316/2043 818/1310/2043
f 821/828/2044 818/1310/2044 817/1317/2044
f 821/828/2045 817/1317/2045 819/826/2045
f 818/1310/2046 816/1316/2046 817/1317/2046
f 1300/1312/2047 1303/983/2047 1301/1313/2047
f 1301/1313/2048 1303/983/2048 1304/1318/2048
f 1301/1313/2049 1304/1318/2049 1302/1314/2049
f 1302/1314/2050 1304/1318/2050 812/1319/2050
f 1302/1314/2051 812/1319/2051 814/1315/2051
f 816/1316/2052 814/1315/2052 813/1320/2052
f 816/1316/2053 813/1320/2053 815/1321/2053
f 814/1315/2054 812/1319/2054 811/1322/2054
f 814/1315/2055 811/1322/2055 813/1320/2055
f 1304/1318/2056 1303/983/2056 1010/985/2056
f 1304/1318/2057 1010/985/2057 812/1319/2057
f 812/1319/2058 1010/985/2058 811/1322/2058
f 1306/1323/2059 1305/1324/2059 1009/984/2059
f 1306/1323/2060 1009/984/2060 1303/983/2061
f 1306/1323/2062 1303/983/2062 1307/1325/2062
f 1307/1325/2063 1303/983/2063 1300/1312/2063
f 1307/1325/2064 1300/1312/2064 1308/1311/2064
f 1309/1326/2065 1295/1304/2065 1292/1300/2065
f 1309/1326/2066 1292/1300/2066 1310/1327/2066
f 1310/1327/2067 1292/1300/2067 1285/1287/2067
f 1310/1327/2068 1285/1287/2068 1311/1328/2068
f 1311/1328/2069 1285/1287/2069 1275/1274/2069
f 1311/1328/2070 1275/1274/2070 1312/1329/2070
f 1312/1329/2071 1275/1274/2071 1263/1257/2071
f 1312/1329/2072 1263/1257/2073 1313/1330/2073
f 1313/1330/2074 1263/1257/2074 927/905/2074
f 1305/1324/2075 1314/1331/2075 1009/984/2075
f 1010/985/2076 1009/984/2076 1315/1332/2076
f 808/824/2077 1305/1324/2077 810/1333/2077
f 810/1333/2078 1305/1324/2078 1306/1323/2078
f 810/1333/2079 1306/1323/2079 1316/1334/2079
f 1316/1334/2080 1306/1323/2080 1307/1325/2080
f 1316/1334/2081 1307/1325/2081 1317/1335/2081
f 1317/1335/2082 1307/1325/2082 1308/1311/2082
f 1317/1335/2083 1308/1311/2083 1295/1304/2083
f 1309/1326/2084 1310/1327/2084 1318/1336/2084
f 1318/1336/2085 1310/1327/2085 1311/1328/2085
f 1318/1336/2086 1311/1328/2086 1319/1337/2086
f 1319/1337/2087 1311/1328/2087 1312/1329/2087
f 1319/1337/2088 1312/1329/2088 1320/1338/2088
f 1320/1338/2089 1312/1329/2089 1313/1330/2089
f 809/825/2090 808/824/2090 810/1333/2090
f 809/825/2091 810/1333/2091 1321/1339/2091
f 1321/1339/2092 810/1333/2092 1316/1334/2092
f 1321/1339/2093 1316/1334/2093 1317/1335/2093
f 1322/990/2094 1317/1335/2094 1295/1304/2094
f 1322/990/2095 1295/1304/2095 1323/1340/2095
f 1323/1340/2096 1295/1304/2097 1309/1326/2096
f 1323/1340/2098 1309/1326/2098 1324/1341/2098
f 1324/1341/2099 1309/1326/2099 1318/1336/2099
f 1324/1341/2100 1318/1336/2100 1325/1342/2100
f 1325/1342/2101 1318/1336/2101 1326/1343/2101
f 1326/1343/2102 1318/1336/2102 1319/1337/2102
f 1326/1343/2103 1319/1337/2103 1327/1344/2103
f 1327/1344/2104 1319/1337/2104 1320/1338/2104
f 1328/1345/2105 807/823/2105 1329/1346/2105
f 1329/1346/2106 807/823/2106 809/825/2106
f 1329/1346/2107 809/825/2107 1330/1347/2107
f 1330/1347/2108 809/825/2108 1321/1339/2108
f 1330/1347/2109 1321/1339/2109 1331/1348/2109
f 1331/1348/2110 1321/1339/2110 1317/1335/2110
f 1331/1348/2111 1317/1335/2111 1322/990/2111
f 1323/1340/2112 1324/1341/2112 1332/1349/2112
f 1332/1349/2113 1324/1341/2113 1325/1342/2113
f 1332/1349/2114 1325/1342/2114 1333/1350/2114
f 1333/1350/2115 1325/1342/2115 1326/1343/2115
f 1333/1350/2116 1326/1343/2116 1334/1351/2116
f 1334/1351/2117 1326/1343/2117 1327/1344/2117
f 1335/1352/2118 1328/1345/2118 1336/1353/2118
f 1336/1353/2119 1328/1345/2119 1329/1346/2119
f 1336/1353/2120 1329/1346/2120 1337/1354/2120
f 1337/1354/2121 1329/1346/2121 1330/1347/2121
f 1337/1354/2122 1330/1347/2122 1331/1348/2122
f 1016/992/2123 1322/990/2123 1323/1340/2123
f 1016/992/2124 1323/1340/2124 1338/1355/2124
f 1338/1355/2125 1323/1340/2125 1332/1349/2125
f 1338/1355/2126 1332/1349/2126 1339/1356/2126
f 1339/1356/2127 1332/1349/2127 1333/1350/2127
f 1339/1356/2128 1333/1350/2129 1340/1357/2130
f 1340/1357/2131 1333/1350/2131 1341/1358/2131
f 1341/1358/2132 1333/1350/2132 1334/1351/2132
f 924/901/2133 1335/1352/2133 925/902/2133
f 925/902/2134 1335/1352/2134 1336/1353/2134
f 925/902/2135 1336/1353/2135 1012/987/2135
f 1012/987/2136 1336/1353/2136 1337/1354/2136
f 1012/987/2137 1337/1354/2137 1013/988/2137
f 1013/988/2138 1337/1354/2138 1331/1348/2138
f 1013/988/2139 1331/1348/2139 1322/990/2139
f 1018/994/2140 1016/992/2140 1338/1355/2141
f 1018/994/2142 1338/1355/2142 1019/995/2142
f 1019/995/2143 1338/1355/2143 1339/1356/2143
f 1019/995/2144 1339/1356/2144 1021/997/2144
f 1021/997/2145 1339/1356/2145 1340/1357/2145
f 1021/997/2146 1340/1357/2146 1341/1358/2146
f 1021/997/2147 1341/1358/2147 1023/999/2147
f 1342/1359/1936 1320/1338/1936 1313/1330/1936
f 1342/1359/2148 1313/1330/2148 1343/1360/2148
f 1343/1360/2149 1313/1330/2149 927/905/2149
f 1343/1360/2150 927/905/2150 1344/1361/2150
f 1344/1361/2151 927/905/2151 929/904/2151
f 1344/1361/2151 929/904/2151 1345/1362/2151
f 1345/1362/2152 929/904/2152 930/908/2152
f 1345/1362/2153 930/908/2153 1346/1363/2153
f 1346/1363/2154 930/908/2154 932/907/2154
f 1347/1364/2155 1140/1118/2155 1348/1365/2155
f 1348/1365/2156 1140/1118/2156 1132/1109/2156
f 1348/1365/2157 1132/1109/2157 1349/1366/2157
f 1349/1366/2158 1132/1109/2158 1121/1098/2158
f 1349/1366/2159 1121/1098/2159 1350/1367/2159
f 1350/1367/2160 1121/1098/2160 1115/1092/2160
f 1350/1367/2161 1115/1092/2161 1351/1368/2161
f 1351/1368/2162 1115/1092/2162 1110/1087/2162
f 1351/1368/2163 1110/1087/2163 1098/1074/2163
f 1351/1368/2159 1098/1074/2159 1352/1369/2159
f 1353/1370/2164 1189/1166/2164 1354/1371/2164
f 1354/1371/2165 1189/1166/2165 1182/1159/2165
f 1354/1371/2166 1182/1159/2166 1177/1154/2166
f 1354/1371/2151 1177/1154/2151 1355/1372/2151
f 1355/1372/2167 1177/1154/2167 1165/1142/2167
f 1355/1372/2168 1165/1142/2168 1356/1373/2168
f 1356/1373/2169 1165/1142/2169 1159/1136/2169
f 1356/1373/2170 1159/1136/2170 1347/1364/2170
f 1347/1364/2171 1159/1136/2171 1146/1123/2171
f 1347/1364/2172 1146/1123/2172 1140/1118/2172
f 1357/1374/2159 951/925/2159 1358/1375/2159
f 1358/1375/2159 951/925/2159 959/932/2159
f 1358/1375/2173 959/932/2173 1359/1376/2173
f 1359/1376/2174 959/932/2174 964/938/2174
f 1359/1376/2175 964/938/2175 1360/1377/2175
f 1360/1377/2176 964/938/2176 970/944/2176
f 1360/1377/2177 970/944/2177 976/949/2177
f 1360/1377/2178 976/949/2178 1361/1378/2178
f 1361/1378/2179 976/949/2179 982/956/2179
f 1346/1363/2150 932/907/2150 935/910/2150
f 1346/1363/2150 935/910/2150 1362/1379/2150
f 1362/1379/2159 935/910/2159 938/912/2159
f 1362/1379/2159 938/912/2159 1363/1380/2159
f 1363/1380/2159 938/912/2159 940/914/2159
f 1363/1380/2151 940/914/2151 1364/1381/2151
f 1364/1381/2151 940/914/2151 945/919/2151
f 1364/1381/2159 945/919/2159 1357/1374/2159
f 1357/1374/2159 945/919/2159 951/925/2159
f 1365/1382/2180 1042/1019/2180 1036/1012/2180
f 1365/1382/2181 1036/1012/2181 1366/1383/2181
f 1366/1383/2182 1036/1012/2182 1029/1006/2182
f 1366/1383/2183 1029/1006/2183 1367/1384/2183
f 1367/1384/2184 1029/1006/2184 1023/999/2184
f 1367/1384/2159 1023/999/2159 1368/1385/2159
f 1368/1385/2185 1023/999/2185 1341/1358/2185
f 1368/1385/2186 1341/1358/2186 1334/1351/2186
f 1368/1385/2187 1334/1351/2187 1342/1359/2187
f 1342/1359/2188 1334/1351/2188 1327/1344/2188
f 1342/1359/2189 1327/1344/2189 1320/1338/2189
f 982/956/2190 988/962/2190 1361/1378/2190
f 1361/1378/2173 988/962/2173 1369/1386/2173
f 1369/1386/2159 988/962/2159 1002/976/2159
f 1369/1386/2159 1002/976/2159 1370/1387/2159
f 1370/1387/2191 1002/976/2191 1220/1197/2191
f 1370/1387/2192 1220/1197/2192 1371/1388/2192
f 1371/1388/2193 1220/1197/2193 1219/1196/2193
f 1371/1388/2194 1219/1196/2194 1214/1192/2194
f 1371/1388/2195 1214/1192/2195 1372/1389/2195
f 1372/1389/2195 1214/1192/2195 1206/1183/2195
f 1372/1389/2196 1206/1183/2196 1353/1370/2196
f 1353/1370/2197 1206/1183/2197 1201/1178/2197
f 1353/1370/2198 1201/1178/2198 1195/1172/2198
f 1353/1370/2199 1195/1172/2199 1189/1166/2199
f 1352/1369/2164 1098/1074/2164 1092/1069/2164
f 1352/1369/2200 1092/1069/2200 1079/1056/2200
f 1352/1369/2201 1079/1056/2201 1373/1390/2201
f 1373/1390/2201 1079/1056/2201 1068/1044/2201
f 1373/1390/2164 1068/1044/2164 1374/1391/2164
f 1374/1391/2164 1068/1044/2164 1061/1038/2164
f 1374/1391/2202 1061/1038/2202 1375/1392/2202
f 1375/1392/2203 1061/1038/2203 1055/1031/2203
f 1375/1392/2204 1055/1031/2204 1365/1382/2204
f 1365/1382/2205 1055/1031/2205 1048/1024/2205
f 1365/1382/2206 1048/1024/2206 1042/1019/2206
f 1366/1393/2207 1367/1394/2207 1376/1395/2207
f 1365/1396/2208 1366/1393/2208 1377/1397/2208
f 1375/1398/2209 1365/1396/2209 1378/1399/2209
f 1373/1400/2210 1374/1401/2210 1379/1402/2210
f 1352/1403/2211 1373/1400/2211 1380/1404/2211
f 1350/1405/2212 1351/1406/2212 1383/1407/2212
f 1349/1408/2213 1350/1405/2213 1383/1407/2213
f 1348/1409/2214 1349/1408/2214 1384/1410/2214
f 1356/1411/2215 1347/1412/2215 1386/1413/2215
f 1354/1414/2216 1355/1415/2216 1388/1416/2216
f 1353/1417/2217 1354/1414/2217 1389/1418/2217
f 1372/1419/2218 1353/1417/2218 1390/1420/2218
f 1371/1421/2219 1372/1419/2219 1391/1422/2219
f 1370/1423/2220 1371/1421/2220 1392/1424/2220
f 1369/1425/2221 1370/1423/2221 1393/1426/2221
f 1361/1427/2222 1369/1425/2222 1394/1428/2222
f 1359/1429/2223 1360/1430/2223 1397/1431/2223
f 1357/1432/2224 1358/1433/2224 1399/1434/2224
f 1362/1435/2225 1363/1436/2225 1402/1437/2225
f 1346/1438/2226 1362/1435/2226 1403/1439/2226
f 1344/1440/2227 1345/1441/2227 1405/1442/2227
f 1343/1443/2228 1344/1440/2228 1406/1444/2228
f 1342/1445/2229 1343/1443/2229 1406/1444/2229
f 1367/1394/2230 1368/1446/2230 1408/1447/2230
f 1408/1447/2231 1409/1448/2231 1410/1449/2231
f 1410/1449/2232 1409/1448/2232 1411/1450/2232
f 1410/1449/2233 1411/1450/2233 1412/1451/2233
f 1412/1451/2234 1411/1450/2234 1413/1452/2234
f 1413/1452/2235 1414/1453/2235 1420/1454/2235
f 1366/1393/2236 1376/1395/2236 1377/1397/2236
f 1377/1397/2237 1376/1395/2237 1415/1455/2237
f 1377/1397/2238 1415/1455/2238 1416/1456/2238
f 1416/1456/2239 1415/1455/2239 1417/1457/2239
f 1416/1456/2240 1417/1457/2240 1418/1458/2240
f 1418/1458/2241 1417/1457/2241 1419/1459/2241
f 1378/1399/2242 1421/1460/2242 1422/1461/2242
f 1422/1461/2243 1421/1460/2243 1423/1462/2243
f 1424/1463/2244 1425/1464/2244 1426/1465/2244
f 1379/1402/2245 1422/1461/2245 1427/1466/2245
f 1427/1466/2246 1422/1461/2246 1428/1467/2246
f 1427/1466/2247 1428/1467/2247 1429/1468/2247
f 1429/1468/2248 1428/1467/2248 1430/1469/2248
f 1430/1469/2249 1426/1465/2249 4190/1470/2249
f 1373/1400/2250 1379/1402/2250 1380/1404/2250
f 1380/1404/2245 1379/1402/2245 1427/1466/2245
f 1429/1468/2251 1430/1469/2251 1431/1471/2251
f 1431/1471/2252 1430/1469/2252 4190/1470/2252
f 1352/1403/2253 1380/1404/2253 1381/1472/2253
f 1381/1472/2254 1380/1404/2254 1432/1473/2254
f 1381/1472/2255 1432/1473/2255 1433/1474/2255
f 1433/1474/2256 1432/1473/2256 1434/1475/2256
f 1352/1403/2257 1381/1472/2257 1382/1476/2257
f 1382/1476/2255 1381/1472/2255 1433/1474/2255
f 1433/1474/2258 1434/1475/2258 1436/1477/2258
f 1436/1477/2259 1434/1475/2259 1431/1471/2259
f 1436/1477/2260 1431/1471/2260 1437/1478/2260
f 1437/1478/2261 1431/1471/2261 1435/1479/2261
f 1437/1478/2262 1435/1479/2262 1438/1480/2262
f 1351/1406/2263 1382/1476/2263 1383/1407/2263
f 1383/1407/2264 1382/1476/2264 1439/1481/2264
f 1439/1481/2265 1436/1477/2265 1440/1482/2265
f 1440/1482/2266 1436/1477/2266 1437/1478/2266
f 1383/1407/2267 1439/1481/2267 1441/1483/2267
f 1441/1483/2265 1439/1481/2265 1440/1482/2265
f 1441/1483/2268 1440/1482/2268 1442/1484/2268
f 1442/1484/2269 1440/1482/2269 1437/1478/2269
f 1437/1478/2270 1438/1480/2270 1443/1485/2270
f 1347/1412/2271 1385/1486/2271 1386/1413/2271
f 1386/1413/2272 1385/1486/2272 1444/1487/2272
f 1386/1413/2273 1444/1487/2273 1445/1488/2273
f 1445/1488/2274 1444/1487/2274 1446/1489/2274
f 1445/1488/2275 1446/1489/2275 1447/1490/2275
f 1447/1490/2276 1446/1489/2276 1448/1491/2276
f 1355/1415/2277 1387/1492/2277 1388/1416/2277
f 1388/1416/2278 1387/1492/2278 1450/1493/2278
f 1388/1416/2279 1450/1493/2279 1451/1494/2279
f 1451/1494/2280 1450/1493/2280 1452/1495/2280
f 1451/1494/2281 1452/1495/2281 1453/1496/2281
f 1453/1496/2282 1452/1495/2282 1454/1497/2282
f 1353/1417/2283 1389/1418/2283 1390/1420/2283
f 1390/1420/2284 1389/1418/2284 1456/1498/2284
f 1390/1420/2285 1456/1498/2285 1457/1499/2285
f 1457/1499/2286 1456/1498/2286 1458/1500/2286
f 1457/1499/2287 1458/1500/2287 1459/1501/2287
f 1459/1501/2288 1458/1500/2288 1460/1502/2288
f 1372/1419/2289 1390/1420/2289 1391/1422/2289
f 1391/1422/2290 1390/1420/2290 1457/1499/2290
f 1391/1422/2291 1457/1499/2291 1462/1503/2291
f 1462/1503/2292 1457/1499/2292 1459/1501/2292
f 1462/1503/2293 1459/1501/2293 1463/1504/2293
f 1463/1504/2294 1459/1501/2294 1460/1502/2294
f 1463/1504/2295 1460/1502/2295 1464/1505/2295
f 1464/1505/2296 1460/1502/2296 1461/1506/2296
f 1464/1505/2297 1461/1506/2297 4191/1507/2297
f 1370/1423/2298 1392/1424/2298 1393/1426/2298
f 1393/1426/2299 1392/1424/2299 1465/1508/2299
f 1393/1426/2300 1465/1508/2300 1468/1509/2300
f 1468/1509/2301 1465/1508/2301 1466/1510/2301
f 1468/1509/2302 1466/1510/2302 1469/1511/2302
f 1469/1511/2303 1466/1510/2303 1464/1505/2303
f 1469/1511/2304 1464/1505/2304 1470/1512/2304
f 1470/1512/2305 1464/1505/2305 1467/1513/2305
f 1360/1430/2306 1396/1514/2306 1397/1431/2306
f 1397/1431/2307 1396/1514/2307 1471/1515/2307
f 1397/1431/2308 1471/1515/2308 1472/1516/2308
f 1472/1516/2309 1471/1515/2309 1473/1517/2309
f 1472/1516/2310 1473/1517/2310 1474/1518/2310
f 1474/1518/2311 1473/1517/2311 1475/1519/2311
f 1475/1519/2312 1476/1520/2312 1481/1521/2312
f 1358/1433/2313 1398/1522/2313 1399/1434/2313
f 1399/1434/2314 1398/1522/2314 1477/1523/2314
f 1399/1434/2315 1477/1523/2315 1478/1524/2315
f 1478/1524/2316 1477/1523/2316 1479/1525/2316
f 1480/1526/2317 1481/1521/2317 1482/1527/2317
f 1364/1528/2318 1400/1529/2318 1401/1530/2318
f 1401/1530/2319 1400/1529/2319 1483/1531/2319
f 1401/1530/2320 1483/1531/2320 1484/1532/2320
f 1484/1532/2321 1483/1531/2321 1485/1533/2321
f 1363/1436/2322 1401/1530/2322 1402/1437/2322
f 1402/1437/2323 1401/1530/2323 1484/1532/2323
f 1402/1437/2324 1484/1532/2324 1488/1534/2324
f 1488/1534/2325 1484/1532/2325 1489/1535/2325
f 1488/1534/2326 1489/1535/2326 1490/1536/2326
f 1490/1536/2327 1489/1535/2327 1491/1537/2327
f 1491/1537/2328 1487/1538/2328 4192/1539/2328
f 1362/1435/2329 1402/1437/2329 1403/1439/2329
f 1403/1439/2330 1402/1437/2330 1488/1534/2330
f 1346/1438/2331 1403/1439/2331 1404/1540/2331
f 1404/1540/2332 1403/1439/2332 1492/1541/2332
f 1404/1540/2333 1492/1541/2333 1493/1542/2333
f 1493/1542/2334 1492/1541/2334 1494/1543/2334
f 1493/1542/2335 1494/1543/2335 1495/1544/2335
f 1495/1544/2336 1494/1543/2336 1496/1545/2336
f 1496/1545/2337 1497/1546/2337 1498/1547/2337
f 1499/1548/2338 1500/1549/2338 1501/1550/2338
f 1501/1550/2339 1500/1549/2339 1496/1545/2339
f 1501/1550/2340 1496/1545/2340 1502/1551/2340
f 1502/1551/2341 1496/1545/2341 1498/1547/2341
f 1344/1440/2342 1405/1442/2342 1406/1444/2342
f 1406/1444/2343 1405/1442/2343 1499/1548/2343
f 1406/1444/2344 1499/1548/2344 1503/1552/2344
f 1503/1552/2345 1499/1548/2345 1501/1550/2345
f 1502/1551/2346 1498/1547/2346 1504/1553/2346
f 1407/1554/2347 1505/1555/2347 1409/1448/2347
f 1409/1448/2348 1505/1555/2348 1506/1556/2348
f 1409/1448/2349 1506/1556/2349 1411/1450/2349
f 1411/1450/2350 1506/1556/2350 1507/1557/2350
f 1507/1557/2351 1504/1553/2351 1414/1453/2351
f 1414/1453/2352 1413/1452/2352 1507/1557/2352
f 1507/1557/2353 1413/1452/2353 1411/1450/2353
f 1409/1448/2354 1408/1447/2354 1407/1554/2354
f 1407/1554/2355 1408/1447/2355 1368/1446/2355
f 1407/1554/2356 1368/1446/2356 1342/1445/2356
f 1367/1394/2357 1408/1447/2357 1376/1395/2357
f 1376/1395/2358 1408/1447/2358 1410/1449/2358
f 1376/1395/2359 1410/1449/2359 1415/1455/2359
f 1415/1455/2360 1410/1449/2360 1412/1451/2360
f 1415/1455/2361 1412/1451/2361 1417/1457/2361
f 1417/1457/2362 1412/1451/2362 1413/1452/2362
f 1420/1454/2363 1419/1459/2363 1413/1452/2363
f 1413/1452/2364 1419/1459/2364 1417/1457/2364
f 1418/1458/2365 1419/1459/2365 1424/1463/2365
f 1424/1463/2366 1419/1459/2366 1420/1454/2366
f 1424/1463/2367 1420/1454/2367 1425/1464/2367
f 1424/1463/2368 1423/1462/2368 1418/1458/2368
f 1418/1458/2369 1423/1462/2369 1421/1460/2369
f 1418/1458/2370 1421/1460/2370 1416/1456/2370
f 1416/1456/2371 1421/1460/2371 1378/1399/2371
f 1416/1456/2372 1378/1399/2372 1377/1397/2372
f 1377/1397/2373 1378/1399/2373 1365/1396/2373
f 1426/1465/2374 1430/1469/2374 1424/1463/2374
f 1424/1463/2375 1430/1469/2375 1428/1467/2375
f 1424/1463/2376 1428/1467/2376 1423/1462/2376
f 1423/1462/2377 1428/1467/2377 1422/1461/2377
f 1422/1461/2378 1379/1402/2378 1378/1399/2378
f 1378/1399/2379 1379/1402/2379 1374/1401/2379
f 1378/1399/2380 1374/1401/2380 1375/1398/2380
f 4190/1470/2381 1435/1479/2381 1431/1471/2381
f 1431/1471/2382 1434/1475/2382 1429/1468/2382
f 1429/1468/2383 1434/1475/2383 1432/1473/2383
f 1429/1468/2384 1432/1473/2384 1427/1466/2384
f 1427/1466/2254 1432/1473/2254 1380/1404/2254
f 1436/1477/2258 1439/1481/2258 1433/1474/2258
f 1433/1474/2264 1439/1481/2264 1382/1476/2264
f 1382/1476/2385 1351/1406/2385 1352/1403/2385
f 1349/1408/2386 1383/1407/2386 1384/1410/2386
f 1384/1410/2387 1383/1407/2387 1441/1483/2387
f 1384/1410/2388 1441/1483/2388 1508/1558/2388
f 1508/1558/2268 1441/1483/2268 1442/1484/2268
f 1442/1484/2389 1437/1478/2389 1509/1559/2389
f 1509/1559/2390 1437/1478/2390 1443/1485/2390
f 1508/1558/2391 1442/1484/2391 1510/1560/2391
f 1510/1560/2392 1442/1484/2392 1509/1559/2392
f 1348/1409/2393 1384/1410/2393 1385/1486/2393
f 1385/1486/2394 1384/1410/2394 1508/1558/2394
f 1385/1486/2395 1508/1558/2395 1444/1487/2395
f 1444/1487/2391 1508/1558/2391 1510/1560/2391
f 1510/1560/2396 1509/1559/2396 1448/1491/2396
f 1448/1491/2397 1509/1559/2397 1443/1485/2397
f 1448/1491/2398 1443/1485/2398 1449/1561/2398
f 1448/1491/2399 1446/1489/2399 1510/1560/2399
f 1510/1560/2274 1446/1489/2274 1444/1487/2274
f 1385/1486/2400 1347/1412/2400 1348/1409/2400
f 1356/1411/2401 1386/1413/2401 1387/1492/2401
f 1387/1492/2402 1386/1413/2402 1445/1488/2402
f 1387/1492/2403 1445/1488/2403 1450/1493/2403
f 1450/1493/2275 1445/1488/2275 1447/1490/2275
f 1447/1490/2404 1448/1491/2404 1454/1497/2404
f 1454/1497/2405 1448/1491/2405 1449/1561/2405
f 1449/1561/2406 1455/1562/2406 1454/1497/2406
f 1454/1497/2407 1452/1495/2407 1447/1490/2407
f 1447/1490/2408 1452/1495/2408 1450/1493/2408
f 1387/1492/2409 1355/1415/2409 1356/1411/2409
f 1453/1496/2410 1454/1497/2410 1460/1502/2410
f 1460/1502/2411 1454/1497/2411 1455/1562/2411
f 1455/1562/2412 1461/1506/2412 1460/1502/2412
f 1460/1502/2413 1458/1500/2413 1453/1496/2413
f 1453/1496/2414 1458/1500/2414 1456/1498/2414
f 1453/1496/2415 1456/1498/2415 1451/1494/2415
f 1451/1494/2416 1456/1498/2416 1389/1418/2416
f 1451/1494/2417 1389/1418/2417 1388/1416/2417
f 1388/1416/2418 1389/1418/2418 1354/1414/2418
f 4191/1507/2419 1467/1513/2419 1464/1505/2419
f 1464/1505/2420 1466/1510/2420 1463/1504/2420
f 1463/1504/2421 1466/1510/2421 1465/1508/2421
f 1463/1504/2422 1465/1508/2422 1462/1503/2422
f 1462/1503/2423 1465/1508/2423 1392/1424/2423
f 1462/1503/2424 1392/1424/2424 1391/1422/2424
f 1391/1422/2425 1392/1424/2425 1371/1421/2425
f 1369/1425/2426 1393/1426/2426 1394/1428/2426
f 1394/1428/2300 1393/1426/2300 1468/1509/2300
f 1394/1428/2427 1468/1509/2427 1511/1563/2427
f 1511/1563/2428 1468/1509/2428 1469/1511/2428
f 1361/1427/2429 1394/1428/2429 1395/1564/2429
f 1395/1564/2427 1394/1428/2427 1511/1563/2427
f 1511/1563/2430 1469/1511/2430 1512/1565/2430
f 1512/1565/2431 1469/1511/2431 1470/1512/2431
f 1470/1512/2432 1467/1513/2432 1476/1520/2432
f 1395/1564/2433 1511/1563/2433 1471/1515/2433
f 1471/1515/2430 1511/1563/2430 1512/1565/2430
f 1512/1565/2434 1470/1512/2434 1475/1519/2434
f 1475/1519/2435 1470/1512/2435 1476/1520/2435
f 1475/1519/2436 1473/1517/2436 1512/1565/2436
f 1512/1565/2309 1473/1517/2309 1471/1515/2309
f 1471/1515/2437 1396/1514/2437 1395/1564/2437
f 1395/1564/2438 1396/1514/2438 1360/1430/2438
f 1395/1564/2439 1360/1430/2439 1361/1427/2439
f 1397/1431/2440 1472/1516/2440 1477/1523/2440
f 1477/1523/2310 1472/1516/2310 1474/1518/2310
f 1474/1518/2441 1475/1519/2441 1480/1526/2441
f 1480/1526/2442 1475/1519/2442 1481/1521/2442
f 1480/1526/2443 1479/1525/2443 1474/1518/2443
f 1474/1518/2316 1479/1525/2316 1477/1523/2316
f 1477/1523/2444 1398/1522/2444 1397/1431/2444
f 1397/1431/2445 1398/1522/2445 1358/1433/2445
f 1397/1431/2446 1358/1433/2446 1359/1429/2446
f 1478/1524/2447 1479/1525/2447 1513/1566/2447
f 1513/1566/2448 1479/1525/2448 1480/1526/2448
f 1513/1566/2449 1480/1526/2449 1486/1567/2449
f 1486/1567/2450 1480/1526/2450 1482/1527/2450
f 1482/1527/2451 1487/1538/2451 1486/1567/2451
f 1486/1567/2452 1485/1533/2452 1513/1566/2452
f 1513/1566/2321 1485/1533/2321 1483/1531/2321
f 1513/1566/2447 1483/1531/2447 1478/1524/2447
f 1478/1524/2453 1483/1531/2453 1400/1529/2453
f 1478/1524/2454 1400/1529/2454 1399/1434/2454
f 1399/1434/2455 1400/1529/2455 1364/1528/2455
f 1399/1434/2456 1364/1528/2456 1357/1432/2456
f 1487/1538/2457 1491/1537/2457 1486/1567/2457
f 1486/1567/2458 1491/1537/2458 1489/1535/2458
f 1486/1567/2459 1489/1535/2459 1485/1533/2459
f 1485/1533/2460 1489/1535/2460 1484/1532/2460
f 1401/1530/2461 1363/1436/2461 1364/1528/2461
f 4192/1539/2462 1497/1546/2462 1496/1545/2462
f 4192/1539/2463 1496/1545/2463 1491/1537/2463
f 1491/1537/2464 1496/1545/2464 1494/1543/2464
f 1491/1537/2465 1494/1543/2465 1490/1536/2465
f 1490/1536/2466 1494/1543/2466 1492/1541/2466
f 1490/1536/2467 1492/1541/2467 1488/1534/2467
f 1488/1534/2468 1492/1541/2468 1403/1439/2468
f 1496/1545/2469 1500/1549/2469 1495/1544/2469
f 1495/1544/2470 1500/1549/2470 1499/1548/2470
f 1495/1544/2471 1499/1548/2471 1493/1542/2471
f 1493/1542/2472 1499/1548/2472 1405/1442/2472
f 1493/1542/2473 1405/1442/2473 1404/1540/2473
f 1404/1540/2474 1405/1442/2474 1345/1441/2474
f 1404/1540/2475 1345/1441/2475 1346/1438/2475
f 1503/1552/2476 1501/1550/2476 1506/1556/2476
f 1506/1556/2477 1501/1550/2477 1502/1551/2477
f 1342/1445/2478 1406/1444/2478 1407/1554/2478
f 1407/1554/2479 1406/1444/2479 1503/1552/2479
f 1407/1554/2480 1503/1552/2480 1505/1555/2480
f 1505/1555/2481 1503/1552/2481 1506/1556/2481
f 1506/1556/2482 1502/1551/2482 1507/1557/2482
f 1507/1557/2483 1502/1551/2483 1504/1553/2483
f 1514/1568/2484 1515/1569/2484 1516/1570/2484
f 1548/1571/2485 1549/1572/2485 1550/1573/2485
f 1549/1572/2486 1551/1574/2486 1552/1575/2486
f 1551/1574/2487 1553/1576/2487 1554/1577/2487
f 1553/1576/2488 1555/1578/2488 1556/1579/2488
f 1555/1578/2489 1557/1580/2489 1558/1581/2489
f 1557/1580/2490 1559/1582/2490 1560/1583/2490
f 1559/1582/2491 1561/1584/2491 1562/1585/2491
f 1561/1584/2492 1563/1586/2492 1564/1587/2492
f 1579/1588/2493 1580/1589/2493 1581/1590/2493
f 1582/1591/2494 1583/1592/2494 1584/1593/2494
f 1586/1594/2495 1587/1595/2495 1588/1596/2495
f 1587/1595/2496 1589/1597/2496 1590/1598/2496
f 1589/1597/2497 1591/1599/2497 1592/1600/2497
f 1593/1601/2498 1594/1602/2498 1595/1603/2498
f 1596/1604/2499 1597/1605/2499 1594/1602/2499
f 1599/1606/2500 1600/1607/2500 1597/1605/2500
f 1602/1608/2501 1603/1609/2501 1600/1607/2501
f 1605/1610/2502 1606/1611/2502 1604/1612/2503
f 1607/1613/2504 1606/1611/2504 1605/1610/2504
f 1608/1614/2505 1606/1611/2505 1609/1615/2505
f 1609/1615/2506 1606/1611/2506 1607/1613/2506
f 1610/1616/2507 1608/1614/2507 1609/1615/2507
f 1610/1616/2508 1609/1615/2508 1611/1617/2508
f 1612/1618/2509 1608/1614/2509 1613/1619/2509
f 1613/1619/2510 1608/1614/2510 1610/1616/2510
f 1613/1619/2511 1610/1616/2511 1614/1620/2511
f 1614/1620/2512 1610/1616/2512 1611/1617/2512
f 1614/1620/2513 1611/1617/2513 1615/1621/2513
f 1616/1622/2514 1612/1618/2515 1617/1623/2515
f 1617/1623/2516 1612/1618/2516 1613/1619/2516
f 1617/1623/2517 1613/1619/2517 1618/1624/2517
f 1618/1624/2518 1613/1619/2518 1614/1620/2518
f 1618/1624/2519 1614/1620/2519 1619/1625/2519
f 1619/1625/2520 1614/1620/2520 1615/1621/2520
f 1620/1626/2521 1616/1622/2522 1617/1623/2521
f 1620/1626/2523 1617/1623/2523 1618/1624/2523
f 1620/1626/2524 1618/1624/2524 1621/1627/2524
f 1621/1627/2525 1618/1624/2525 1619/1625/2525
f 1621/1627/2526 1619/1625/2526 1622/1628/2526
f 1623/1629/2527 1616/1622/2527 1624/1630/2527
f 1624/1630/2528 1616/1622/2529 1620/1626/2528
f 1624/1630/2530 1620/1626/2530 1625/1631/2530
f 1625/1631/2531 1620/1626/2531 1621/1627/2531
f 1625/1631/2532 1621/1627/2532 1626/1632/2532
f 1626/1632/2533 1621/1627/2533 1622/1628/2533
f 1626/1632/2534 1622/1628/2534 1627/1633/2534
f 1628/1634/2535 1623/1629/2535 1624/1630/2535
f 1628/1634/2536 1624/1630/2536 1629/1635/2536
f 1629/1635/2537 1624/1630/2537 1625/1631/2537
f 1629/1635/2538 1625/1631/2538 1626/1632/2538
f 1629/1635/2539 1626/1632/2539 1630/1636/2539
f 1630/1636/2540 1626/1632/2540 1627/1633/2540
f 1631/1637/2541 1623/1629/2541 1632/1638/2541
f 1632/1638/2542 1623/1629/2542 1628/1634/2542
f 1632/1638/2543 1628/1634/2543 1633/1639/2543
f 1633/1639/2544 1628/1634/2544 1629/1635/2544
f 1633/1639/2545 1629/1635/2545 1634/1640/2545
f 1634/1640/2546 1629/1635/2546 1630/1636/2546
f 1634/1640/2547 1630/1636/2547 1635/1641/2547
f 1635/1641/2548 1630/1636/2548 1627/1633/2548
f 1635/1641/2549 1627/1633/2549 1636/1642/2549
f 1636/1642/2550 1627/1633/2550 1637/1643/2550
f 1638/1644/2551 1631/1637/2551 1632/1638/2551
f 1638/1644/2552 1632/1638/2552 1639/1645/2552
f 1639/1645/2553 1632/1638/2553 1633/1639/2553
f 1639/1645/2554 1633/1639/2554 1640/1646/2554
f 1640/1646/2555 1633/1639/2555 1634/1640/2555
f 1640/1646/2556 1634/1640/2556 1635/1641/2556
f 1641/1647/2557 1631/1637/2557 1642/1648/2557
f 1642/1648/2558 1631/1637/2558 1638/1644/2558
f 1642/1648/2559 1638/1644/2559 1643/1649/2559
f 1643/1649/2560 1638/1644/2560 1639/1645/2560
f 1643/1649/2561 1639/1645/2561 1644/1650/2561
f 1644/1650/2562 1639/1645/2562 1640/1646/2562
f 1644/1650/2563 1640/1646/2563 1645/1651/2563
f 1645/1651/2564 1640/1646/2564 1635/1641/2564
f 1645/1651/2565 1635/1641/2565 1636/1642/2565
f 1646/1652/2566 1636/1642/2566 1637/1643/2566
f 1646/1652/2567 1637/1643/2567 1647/1653/2567
f 1648/1654/2568 1641/1647/2568 1642/1648/2568
f 1648/1654/2569 1642/1648/2569 1649/1655/2569
f 1649/1655/2570 1642/1648/2570 1643/1649/2570
f 1649/1655/2571 1643/1649/2571 1650/1656/2571
f 1650/1656/2572 1643/1649/2572 1644/1650/2572
f 1650/1656/2573 1644/1650/2573 1651/1657/2573
f 1651/1657/2574 1644/1650/2574 1645/1651/2574
f 1651/1657/2575 1645/1651/2575 1636/1642/2575
f 1652/1658/2576 1646/1652/2576 1647/1653/2576
f 1653/1659/2577 1648/1654/2577 1654/1660/2577
f 1654/1660/2578 1648/1654/2578 1649/1655/2578
f 1654/1660/2579 1649/1655/2579 1655/1661/2579
f 1655/1661/2580 1649/1655/2580 1650/1656/2580
f 1655/1661/2581 1650/1656/2581 1656/1662/2581
f 1656/1662/2582 1650/1656/2582 1651/1657/2582
f 1657/1663/2583 1651/1657/2583 1636/1642/2584
f 1657/1663/2585 1636/1642/2585 1658/1664/2585
f 1658/1664/2586 1636/1642/2586 1646/1652/2586
f 1658/1664/2587 1646/1652/2587 1659/1665/2588
f 1659/1665/2589 1646/1652/2590 1652/1658/2591
f 1660/1666/2592 1653/1659/2592 1661/1667/2592
f 1661/1667/2593 1653/1659/2593 1654/1660/2593
f 1661/1667/2594 1654/1660/2594 1662/1668/2594
f 1662/1668/2595 1654/1660/2595 1655/1661/2596
f 1662/1668/2597 1655/1661/2597 1663/1669/2597
f 1663/1669/2598 1655/1661/2598 1656/1662/2598
f 1663/1669/2599 1656/1662/2599 1664/1670/2599
f 1664/1670/2600 1656/1662/2600 1651/1657/2600
f 1664/1670/2601 1651/1657/2602 1657/1663/2603
f 1665/1671/2604 1658/1664/2604 1659/1665/2604
f 1665/1671/2605 1659/1665/2605 1666/1672/2605
f 1667/1673/2606 1660/1666/2606 1661/1667/2606
f 1667/1673/2607 1661/1667/2607 1662/1668/2607
f 1667/1673/2608 1662/1668/2608 1668/1674/2608
f 1668/1674/2609 1662/1668/2610 1663/1669/2610
f 1668/1674/2611 1663/1669/2611 1669/1675/2611
f 1669/1675/2612 1663/1669/2612 1664/1670/2612
f 1657/1663/2613 1658/1664/2613 1670/1676/2613
f 1670/1676/2614 1658/1664/2614 1665/1671/2615
f 1670/1676/2616 1665/1671/2616 1671/1677/2616
f 1671/1677/2617 1665/1671/2617 1666/1672/2617
f 1671/1677/2618 1666/1672/2618 1540/1678/2618
f 1672/1679/2619 1673/1680/2619 1988/1681/2619
f 1590/1598/2620 1589/1597/2620 1592/1600/2620
f 1590/1598/2621 1592/1600/2621 1674/1682/2621
f 1674/1682/2622 1592/1600/2622 1675/1683/2622
f 1674/1682/2623 1675/1683/2623 1676/1684/2623
f 1677/1685/2624 1676/1684/2624 2007/1686/2624
f 1677/1685/2625 2007/1686/2625 1678/1687/2625
f 1678/1687/2626 2007/1686/2626 1679/1688/2626
f 1678/1687/2627 1679/1688/2627 1680/1689/2627
f 1680/1689/2628 1679/1688/2628 1681/1690/2628
f 1680/1689/2629 1681/1690/2629 1682/1691/2629
f 1682/1691/2630 1681/1690/2630 1683/1692/2631
f 1682/1691/2632 1683/1692/2632 1684/1693/2632
f 1682/1691/2633 1684/1693/2633 1685/1694/2633
f 1685/1694/2634 1684/1693/2634 1686/1695/2634
f 1588/1596/2635 1587/1595/2635 1590/1598/2635
f 1588/1596/2636 1590/1598/2636 1687/1696/2636
f 1687/1696/2637 1590/1598/2637 1674/1682/2637
f 1687/1696/2638 1674/1682/2638 1688/1697/2638
f 1688/1697/2639 1674/1682/2639 1676/1684/2639
f 1688/1697/2640 1676/1684/2640 1677/1685/2640
f 1689/1698/2641 1678/1687/2641 1680/1689/2641
f 1689/1698/2642 1680/1689/2642 1690/1699/2642
f 1690/1699/2643 1680/1689/2643 1682/1691/2643
f 1690/1699/2644 1682/1691/2644 1691/1700/2644
f 1691/1700/2645 1682/1691/2645 1685/1694/2645
f 1691/1700/2646 1685/1694/2646 1692/1701/2646
f 1692/1701/2647 1685/1694/2647 1686/1695/2647
f 1586/1594/2648 1588/1596/2648 1693/1702/2648
f 1693/1702/2649 1588/1596/2649 1694/1703/2649
f 1694/1703/2650 1588/1596/2650 1687/1696/2650
f 1694/1703/2651 1687/1696/2651 1688/1697/2651
f 1695/1704/2652 1688/1697/2652 1677/1685/2652
f 1677/1685/2653 1678/1687/2653 1696/1705/2653
f 1696/1705/2654 1678/1687/2654 1689/1698/2654
f 1696/1705/2655 1689/1698/2655 1697/1706/2655
f 1697/1706/2656 1689/1698/2656 1690/1699/2656
f 1697/1706/2657 1690/1699/2657 1698/1707/2657
f 1698/1707/2658 1690/1699/2658 1691/1700/2658
f 1698/1707/2659 1691/1700/2659 1699/1708/2659
f 1699/1708/2660 1691/1700/2660 1692/1701/2660
f 1585/1709/2661 1586/1594/2661 1700/1710/2661
f 1700/1710/2662 1586/1594/2662 1693/1702/2662
f 1700/1710/2663 1693/1702/2663 1701/1711/2663
f 1701/1711/2664 1693/1702/2664 1694/1703/2664
f 1701/1711/2665 1694/1703/2666 1702/1712/2666
f 1702/1712/2667 1694/1703/2667 1688/1697/2667
f 1702/1712/2668 1688/1697/2668 1695/1704/2668
f 1695/1704/2669 1677/1685/2669 1703/1713/2669
f 1703/1713/2670 1677/1685/2670 1696/1705/2670
f 1703/1713/2671 1696/1705/2671 1704/1714/2671
f 1704/1714/2672 1696/1705/2672 1697/1706/2672
f 1704/1714/2673 1697/1706/2673 1698/1707/2673
f 1704/1714/2674 1698/1707/2674 1705/1715/2674
f 1705/1715/2675 1698/1707/2675 1699/1708/2675
f 1705/1715/2676 1699/1708/2676 1706/1716/2676
f 1584/1593/2677 1583/1592/2677 1585/1709/2677
f 1584/1593/2678 1585/1709/2678 1700/1710/2679
f 1584/1593/2680 1700/1710/2680 1707/1717/2680
f 1707/1717/2681 1700/1710/2681 1701/1711/2681
f 1707/1717/2682 1701/1711/2682 1702/1712/2682
f 1708/1718/2683 1702/1712/2683 1695/1704/2683
f 1709/1719/2684 1695/1704/2684 1703/1713/2684
f 1709/1719/2685 1703/1713/2685 1710/1720/2685
f 1710/1720/2686 1703/1713/2686 1704/1714/2686
f 1710/1720/2687 1704/1714/2687 1711/1721/2687
f 1711/1721/2688 1704/1714/2688 1705/1715/2688
f 1711/1721/2689 1705/1715/2690 1712/1722/2691
f 1712/1722/2692 1705/1715/2692 1706/1716/2692
f 1582/1591/2693 1584/1593/2693 1713/1723/2694
f 1713/1723/2695 1584/1593/2695 1707/1717/2695
f 1713/1723/2696 1707/1717/2696 1714/1724/2696
f 1714/1724/2697 1707/1717/2697 1715/1725/2697
f 1715/1725/2698 1707/1717/2698 1702/1712/2698
f 1715/1725/2699 1702/1712/2699 1716/1726/2699
f 1716/1726/2700 1702/1712/2700 1708/1718/2700
f 1708/1718/2701 1695/1704/2702 1717/1727/2702
f 1717/1727/2703 1695/1704/2703 1709/1719/2703
f 1717/1727/2704 1709/1719/2704 1718/1728/2704
f 1718/1728/2705 1709/1719/2705 1710/1720/2705
f 1718/1728/2706 1710/1720/2706 1711/1721/2707
f 1718/1728/2708 1711/1721/2708 1719/1729/2708
f 1719/1729/2709 1711/1721/2710 1712/1722/2709
f 1719/1729/2711 1712/1722/2711 1720/1730/2711
f 1581/1590/2712 1580/1589/2712 1582/1591/2712
f 1581/1590/2713 1582/1591/2713 1713/1723/2713
f 1581/1590/2714 1713/1723/2714 1721/1731/2714
f 1721/1731/2715 1713/1723/2715 1714/1724/2715
f 1721/1731/2716 1714/1724/2717 1715/1725/2716
f 1728/1732/2718 1715/1725/2718 1716/1726/2718
f 1722/1733/2719 1716/1726/2719 1708/1718/2719
f 1722/1733/2720 1708/1718/2720 1723/1734/2720
f 1723/1734/2721 1708/1718/2721 1717/1727/2721
f 1723/1734/2722 1717/1727/2722 1718/1728/2722
f 1723/1734/2723 1718/1728/2723 1724/1735/2723
f 1724/1735/2724 1718/1728/2724 1725/1736/2724
f 1725/1736/2725 1718/1728/2725 1719/1729/2725
f 1725/1736/2726 1719/1729/2726 1720/1730/2726
f 1579/1588/2727 1581/1590/2727 1726/1737/2727
f 1726/1737/2728 1581/1590/2728 1721/1731/2728
f 1726/1737/2729 1721/1731/2729 1727/1738/2729
f 1727/1738/2730 1721/1731/2730 1728/1732/2730
f 1728/1732/2731 1721/1731/2731 1715/1725/2731
f 1722/1733/2732 1723/1734/2732 1729/1739/2732
f 1729/1739/2733 1723/1734/2733 1730/1740/2733
f 1730/1740/2734 1723/1734/2734 1724/1735/2734
f 1730/1740/2735 1724/1735/2735 1731/1741/2736
f 1731/1741/2737 1724/1735/2738 1725/1736/2738
f 1731/1741/2739 1725/1736/2739 1732/1742/2739
f 1732/1742/2740 1725/1736/2740 1720/1730/2740
f 1578/1743/2741 1579/1588/2741 1733/1744/2741
f 1733/1744/2742 1579/1588/2742 1726/1737/2742
f 1733/1744/2743 1726/1737/2743 1734/1745/2743
f 1734/1745/2744 1726/1737/2744 1727/1738/2744
f 1734/1745/2745 1727/1738/2745 1735/1746/2745
f 1735/1746/2746 1727/1738/2746 1728/1732/2746
f 1735/1746/2747 1728/1732/2747 1716/1726/2747
f 1742/1747/2748 1716/1726/2748 1722/1733/2748
f 1742/1747/2749 1722/1733/2749 1736/1748/2749
f 1736/1748/2750 1722/1733/2750 1729/1739/2750
f 1736/1748/2751 1729/1739/2751 1737/1749/2751
f 1737/1749/2752 1729/1739/2752 1730/1740/2752
f 1737/1749/2753 1730/1740/2753 1738/1750/2753
f 1738/1750/2754 1730/1740/2754 1731/1741/2754
f 1738/1750/2755 1731/1741/2755 1739/1751/2755
f 1739/1751/2756 1731/1741/2756 1732/1742/2756
f 1577/1752/2757 1578/1743/2757 1740/1753/2757
f 1740/1753/2758 1578/1743/2758 1733/1744/2758
f 1740/1753/2759 1733/1744/2759 1741/1754/2759
f 1741/1754/2760 1733/1744/2760 1734/1745/2760
f 1741/1754/2761 1734/1745/2761 1735/1746/2761
f 1749/1755/2762 1735/1746/2762 1742/1747/2762
f 1742/1747/2763 1735/1746/2763 1716/1726/2763
f 1743/1756/2764 1742/1747/2764 1736/1748/2764
f 1743/1756/2765 1736/1748/2765 1744/1757/2765
f 1744/1757/2766 1736/1748/2766 1737/1749/2766
f 1744/1757/2767 1737/1749/2767 1745/1758/2767
f 1745/1758/2768 1737/1749/2768 1738/1750/2768
f 1745/1758/2769 1738/1750/2769 1746/1759/2769
f 1746/1759/2770 1738/1750/2770 1739/1751/2770
f 1576/1760/2771 1577/1752/2771 1747/1761/2771
f 1747/1761/2772 1577/1752/2772 1740/1753/2772
f 1747/1761/2773 1740/1753/2773 1748/1762/2773
f 1748/1762/2774 1740/1753/2774 1741/1754/2774
f 1748/1762/2775 1741/1754/2775 1749/1755/2775
f 1749/1755/2776 1741/1754/2776 1735/1746/2776
f 1750/1763/2777 1749/1755/2777 1742/1747/2777
f 1751/1764/2778 1742/1747/2779 1743/1756/2779
f 1751/1764/2780 1743/1756/2780 1752/1765/2780
f 1752/1765/2781 1743/1756/2781 1744/1757/2781
f 1752/1765/2782 1744/1757/2782 1753/1766/2782
f 1753/1766/2783 1744/1757/2783 1745/1758/2783
f 1753/1766/2784 1745/1758/2784 1754/1767/2784
f 1754/1767/2785 1745/1758/2786 1746/1759/2785
f 1754/1767/2787 1746/1759/2787 1755/1768/2787
f 1575/1769/2788 1576/1760/2788 1756/1770/2788
f 1756/1770/2789 1576/1760/2789 1747/1761/2789
f 1756/1770/2790 1747/1761/2790 1757/1771/2790
f 1757/1771/2791 1747/1761/2791 1748/1762/2791
f 1757/1771/2792 1748/1762/2792 1758/1772/2792
f 1758/1772/2793 1748/1762/2793 1749/1755/2793
f 1758/1772/2794 1749/1755/2794 1750/1763/2794
f 1759/1773/2795 1750/1763/2796 1742/1747/2797
f 1759/1773/2798 1742/1747/2798 1751/1764/2798
f 1751/1764/2799 1752/1765/2799 1760/1774/2799
f 1760/1774/2800 1752/1765/2800 1753/1766/2800
f 1760/1774/2801 1753/1766/2801 1761/1775/2801
f 1761/1775/2802 1753/1766/2802 1754/1767/2802
f 1761/1775/2803 1754/1767/2803 1755/1768/2803
f 1574/1776/2804 1575/1769/2804 1762/1777/2804
f 1762/1777/2805 1575/1769/2805 1756/1770/2805
f 1762/1777/2806 1756/1770/2806 1763/1778/2806
f 1763/1778/2807 1756/1770/2807 1757/1771/2807
f 1763/1778/2808 1757/1771/2808 1758/1772/2808
f 1770/1779/2809 1758/1772/2809 1750/1763/2809
f 1764/1780/2810 1759/1773/2810 1751/1764/2810
f 1764/1780/2811 1751/1764/2811 1760/1774/2811
f 1764/1780/2812 1760/1774/2812 1765/1781/2812
f 1765/1781/2813 1760/1774/2814 1766/1782/2814
f 1766/1782/2815 1760/1774/2815 1761/1775/2815
f 1766/1782/2816 1761/1775/2816 1767/1783/2816
f 1767/1783/2817 1761/1775/2817 1755/1768/2817
f 1573/1784/2818 1574/1776/2818 1768/1785/2818
f 1768/1785/2819 1574/1776/2819 1762/1777/2819
f 1768/1785/2820 1762/1777/2820 1769/1786/2820
f 1769/1786/2821 1762/1777/2821 1763/1778/2821
f 1769/1786/2822 1763/1778/2822 1770/1779/2822
f 1770/1779/2823 1763/1778/2823 1758/1772/2823
f 1778/1787/2824 1750/1763/2825 1759/1773/2826
f 1778/1787/2827 1759/1773/2827 1771/1788/2827
f 1771/1788/2828 1759/1773/2828 1764/1780/2828
f 1771/1788/2829 1764/1780/2829 1772/1789/2829
f 1772/1789/2830 1764/1780/2830 1765/1781/2830
f 1772/1789/2831 1765/1781/2831 1773/1790/2831
f 1773/1790/2832 1765/1781/2832 1766/1782/2832
f 1773/1790/2833 1766/1782/2833 1774/1791/2833
f 1774/1791/2834 1766/1782/2834 1767/1783/2834
f 1572/1792/2835 1573/1784/2835 1775/1793/2835
f 1775/1793/2836 1573/1784/2836 1768/1785/2836
f 1775/1793/2837 1768/1785/2837 1776/1794/2837
f 1776/1794/2838 1768/1785/2838 1769/1786/2838
f 1776/1794/2839 1769/1786/2839 1777/1795/2839
f 1777/1795/2840 1769/1786/2840 1770/1779/2840
f 1777/1795/2841 1770/1779/2841 1778/1787/2841
f 1778/1787/2842 1770/1779/2842 1750/1763/2842
f 1779/1796/2843 1778/1787/2843 1771/1788/2843
f 1779/1796/2844 1771/1788/2844 1780/1797/2844
f 1780/1797/2845 1771/1788/2845 1772/1789/2845
f 1780/1797/2846 1772/1789/2846 1781/1798/2846
f 1781/1798/2847 1772/1789/2847 1773/1790/2847
f 1781/1798/2848 1773/1790/2848 1774/1791/2848
f 1571/1799/2849 1572/1792/2849 1782/1800/2849
f 1782/1800/2850 1572/1792/2850 1775/1793/2850
f 1782/1800/2851 1775/1793/2851 1783/1801/2851
f 1783/1801/2852 1775/1793/2852 1776/1794/2852
f 1783/1801/2853 1776/1794/2854 1777/1795/2855
f 1784/1802/2856 1777/1795/2856 1778/1787/2856
f 1785/1803/2857 1778/1787/2857 1779/1796/2857
f 1785/1803/2858 1779/1796/2858 1786/1804/2858
f 1786/1804/2859 1779/1796/2859 1780/1797/2859
f 1786/1804/2860 1780/1797/2860 1787/1805/2860
f 1787/1805/2861 1780/1797/2861 1781/1798/2861
f 1787/1805/2862 1781/1798/2862 1788/1806/2862
f 1788/1806/2863 1781/1798/2863 1774/1791/2863
f 1570/1807/2864 1571/1799/2864 1789/1808/2864
f 1789/1808/2865 1571/1799/2865 1782/1800/2865
f 1789/1808/2866 1782/1800/2866 1790/1809/2866
f 1790/1809/2867 1782/1800/2867 1783/1801/2867
f 1790/1809/2868 1783/1801/2868 1791/1810/2868
f 1791/1810/2869 1783/1801/2869 1777/1795/2869
f 1791/1810/2870 1777/1795/2870 1784/1802/2870
f 1792/1811/2871 1784/1802/2871 1778/1787/2871
f 1792/1811/2872 1778/1787/2872 1793/1812/2872
f 1793/1812/2873 1778/1787/2873 1785/1803/2873
f 1793/1812/2874 1785/1803/2874 1794/1813/2874
f 1794/1813/2875 1785/1803/2875 1786/1804/2875
f 1794/1813/2876 1786/1804/2876 1795/1814/2876
f 1795/1814/2877 1786/1804/2877 1787/1805/2877
f 1795/1814/2878 1787/1805/2878 1788/1806/2878
f 1569/1815/2879 1570/1807/2879 1796/1816/2879
f 1796/1816/2880 1570/1807/2880 1789/1808/2880
f 1796/1816/2881 1789/1808/2881 1797/1817/2881
f 1797/1817/2882 1789/1808/2882 1790/1809/2882
f 1797/1817/2883 1790/1809/2883 1791/1810/2883
f 1804/1818/2884 1791/1810/2884 1784/1802/2884
f 1798/1819/2885 1792/1811/2885 1793/1812/2885
f 1798/1819/2886 1793/1812/2886 1799/1820/2886
f 1799/1820/2887 1793/1812/2887 1794/1813/2887
f 1799/1820/2888 1794/1813/2888 1800/1821/2888
f 1800/1821/2889 1794/1813/2889 1795/1814/2889
f 1800/1821/2890 1795/1814/2890 1801/1822/2890
f 1801/1822/2891 1795/1814/2891 1788/1806/2891
f 1568/1823/2892 1569/1815/2892 1802/1824/2892
f 1802/1824/2893 1569/1815/2893 1796/1816/2893
f 1802/1824/2894 1796/1816/2894 1803/1825/2894
f 1803/1825/2895 1796/1816/2895 1797/1817/2895
f 1803/1825/2896 1797/1817/2896 1804/1818/2896
f 1804/1818/2897 1797/1817/2897 1791/1810/2897
f 1805/1826/2898 1784/1802/2899 1792/1811/2899
f 1805/1826/2900 1792/1811/2900 1806/1827/2900
f 1806/1827/2901 1792/1811/2901 1798/1819/2901
f 1806/1827/2902 1798/1819/2902 1807/1828/2902
f 1807/1828/2903 1798/1819/2903 1799/1820/2903
f 1807/1828/2904 1799/1820/2904 1800/1821/2904
f 1807/1828/2905 1800/1821/2905 1808/1829/2905
f 1808/1829/2906 1800/1821/2906 1801/1822/2906
f 1567/1830/2907 1568/1823/2907 1809/1831/2907
f 1809/1831/2908 1568/1823/2908 1802/1824/2908
f 1809/1831/2909 1802/1824/2909 1810/1832/2909
f 1810/1832/2910 1802/1824/2910 1803/1825/2910
f 1810/1832/2911 1803/1825/2912 1811/1833/2913
f 1811/1833/2913 1803/1825/2914 1804/1818/2913
f 1811/1833/2915 1804/1818/2915 1812/1834/2915
f 1812/1834/2916 1804/1818/2916 1784/1802/2916
f 1812/1834/2917 1784/1802/2917 1813/1835/2918
f 1813/1835/2919 1784/1802/2920 1805/1826/2920
f 1805/1826/2921 1806/1827/2921 1814/1836/2921
f 1814/1836/2922 1806/1827/2922 1807/1828/2922
f 1814/1836/2923 1807/1828/2923 1815/1837/2923
f 1815/1837/2924 1807/1828/2924 1816/1838/2924
f 1816/1838/2925 1807/1828/2925 1808/1829/2925
f 1816/1838/2926 1808/1829/2927 1817/1839/2927
f 1817/1839/2928 1808/1829/2928 1801/1822/2928
f 1563/1586/2929 1566/1840/2929 1565/1841/2929
f 1565/1841/2930 1566/1840/2930 1567/1830/2930
f 1565/1841/2931 1567/1830/2931 1809/1831/2931
f 1565/1841/2932 1809/1831/2932 1818/1842/2932
f 1818/1842/2933 1809/1831/2933 1810/1832/2933
f 1818/1842/2934 1810/1832/2934 1811/1833/2934
f 1819/1843/2935 1813/1835/2935 1805/1826/2935
f 1819/1843/2936 1805/1826/2936 1814/1836/2936
f 1819/1843/2937 1814/1836/2937 1820/1844/2937
f 1820/1844/2938 1814/1836/2938 1815/1837/2939
f 1820/1844/2940 1815/1837/2940 1821/1845/2940
f 1821/1845/2941 1815/1837/2941 1816/1838/2941
f 1821/1845/2942 1816/1838/2942 1817/1839/2943
f 1564/1587/2944 1563/1586/2944 1565/1841/2944
f 1564/1587/2945 1565/1841/2945 1822/1846/2945
f 1822/1846/2946 1565/1841/2946 1818/1842/2946
f 1822/1846/2947 1818/1842/2947 1823/1847/2947
f 1823/1847/2948 1818/1842/2948 1811/1833/2948
f 1823/1847/2949 1811/1833/2949 1830/1848/2949
f 1830/1848/2950 1811/1833/2950 1812/1834/2950
f 1824/1849/2951 1812/1834/2952 1813/1835/2953
f 1824/1849/2954 1813/1835/2954 1825/1850/2954
f 1825/1850/2955 1813/1835/2955 1819/1843/2955
f 1825/1850/2956 1819/1843/2956 1826/1851/2956
f 1826/1851/2957 1819/1843/2957 1820/1844/2957
f 1826/1851/2958 1820/1844/2958 1827/1852/2958
f 1827/1852/2959 1820/1844/2959 1821/1845/2959
f 1827/1852/2960 1821/1845/2960 1828/1853/2960
f 1828/1853/2961 1821/1845/2961 1817/1839/2962
f 1562/1585/2963 1561/1584/2963 1564/1587/2963
f 1562/1585/2964 1564/1587/2964 1822/1846/2964
f 1562/1585/2965 1822/1846/2965 1829/1854/2965
f 1829/1854/2966 1822/1846/2966 1823/1847/2966
f 1829/1854/2967 1823/1847/2967 1830/1848/2967
f 1831/1855/2968 1824/1849/2968 1825/1850/2968
f 1831/1855/2969 1825/1850/2969 1832/1856/2969
f 1832/1856/2970 1825/1850/2970 1826/1851/2970
f 1832/1856/2971 1826/1851/2971 1833/1857/2971
f 1833/1857/2972 1826/1851/2972 1827/1852/2972
f 1833/1857/2973 1827/1852/2973 1834/1858/2973
f 1834/1858/2974 1827/1852/2974 1828/1853/2974
f 1560/1583/2975 1559/1582/2975 1562/1585/2975
f 1560/1583/2976 1562/1585/2976 1835/1859/2976
f 1835/1859/2977 1562/1585/2977 1829/1854/2977
f 1835/1859/2978 1829/1854/2978 1836/1860/2978
f 1836/1860/2979 1829/1854/2979 1830/1848/2979
f 1836/1860/2980 1830/1848/2980 1837/1861/2980
f 1837/1861/2981 1830/1848/2981 1812/1834/2981
f 1837/1861/2982 1812/1834/2982 1824/1849/2982
f 1837/1861/2983 1824/1849/2983 1838/1862/2983
f 1838/1862/2984 1824/1849/2984 1831/1855/2984
f 1838/1862/2985 1831/1855/2985 1839/1863/2985
f 1839/1863/2986 1831/1855/2986 1832/1856/2986
f 1839/1863/2987 1832/1856/2987 1840/1864/2987
f 1840/1864/2988 1832/1856/2988 1833/1857/2988
f 1840/1864/2989 1833/1857/2989 1834/1858/2989
f 1558/1581/2990 1557/1580/2990 1560/1583/2990
f 1558/1581/2991 1560/1583/2991 1841/1865/2991
f 1841/1865/2992 1560/1583/2992 1835/1859/2992
f 1841/1865/2993 1835/1859/2993 1836/1860/2993
f 1842/1866/2994 1836/1860/2994 1837/1861/2994
f 1843/1867/2995 1837/1861/2995 1838/1862/2995
f 1843/1867/2996 1838/1862/2996 1839/1863/2996
f 1843/1867/2997 1839/1863/2997 1844/1868/2997
f 1844/1868/2998 1839/1863/2998 1840/1864/2998
f 1844/1868/2999 1840/1864/2999 1845/1869/2999
f 1845/1869/3000 1840/1864/3000 1846/1870/3000
f 1846/1870/3001 1840/1864/3001 1834/1858/3001
f 1556/1579/3002 1555/1578/3002 1558/1581/3002
f 1556/1579/3003 1558/1581/3003 1847/1871/3003
f 1847/1871/3004 1558/1581/3004 1841/1865/3004
f 1847/1871/3005 1841/1865/3005 1848/1872/3005
f 1848/1872/3006 1841/1865/3006 1836/1860/3006
f 1848/1872/3007 1836/1860/3007 1842/1866/3007
f 1842/1866/3008 1837/1861/3008 1849/1873/3008
f 1849/1873/3009 1837/1861/3009 1843/1867/3009
f 1849/1873/3010 1843/1867/3010 1850/1874/3010
f 1850/1874/3011 1843/1867/3011 1844/1868/3011
f 1850/1874/3012 1844/1868/3012 1851/1875/3012
f 1851/1875/3013 1844/1868/3013 1845/1869/3013
f 1851/1875/3014 1845/1869/3014 1846/1870/3014
f 1554/1577/3015 1553/1576/3015 1556/1579/3015
f 1554/1577/3016 1556/1579/3016 1852/1876/3016
f 1852/1876/3017 1556/1579/3017 1847/1871/3017
f 1852/1876/3018 1847/1871/3018 1848/1872/3019
f 1853/1877/3020 1848/1872/3020 1842/1866/3020
f 1853/1877/3021 1842/1866/3022 1854/1878/3022
f 1854/1878/3023 1842/1866/3023 1855/1879/3023
f 1855/1879/3024 1842/1866/3024 1849/1873/3024
f 1855/1879/3025 1849/1873/3025 1856/1880/3025
f 1856/1880/3026 1849/1873/3026 1850/1874/3026
f 1856/1880/3027 1850/1874/3027 1857/1881/3027
f 1857/1881/3028 1850/1874/3028 1851/1875/3028
f 1857/1881/3029 1851/1875/3029 1858/1882/3029
f 1858/1882/3030 1851/1875/3030 1846/1870/3030
f 1552/1575/3031 1551/1574/3031 1554/1577/3031
f 1552/1575/3032 1554/1577/3032 1859/1883/3032
f 1859/1883/3033 1554/1577/3033 1852/1876/3033
f 1859/1883/3034 1852/1876/3034 1860/1884/3034
f 1860/1884/3035 1852/1876/3035 1848/1872/3035
f 1860/1884/3036 1848/1872/3036 1853/1877/3036
f 1861/1885/3037 1854/1878/3037 1855/1879/3037
f 1861/1885/3038 1855/1879/3038 1856/1880/3038
f 1861/1885/3039 1856/1880/3039 1862/1886/3039
f 1862/1886/3040 1856/1880/3041 1863/1887/3040
f 1863/1887/3042 1856/1880/3042 1857/1881/3042
f 1863/1887/3043 1857/1881/3043 1864/1888/3043
f 1864/1888/3044 1857/1881/3044 1858/1882/3044
f 1550/1573/3045 1549/1572/3045 1552/1575/3045
f 1550/1573/3046 1552/1575/3046 1865/1889/3046
f 1865/1889/3047 1552/1575/3047 1859/1883/3047
f 1865/1889/3048 1859/1883/3048 1860/1884/3048
f 1866/1890/3049 1860/1884/3049 1853/1877/3049
f 1853/1877/3050 1854/1878/3050 1867/1891/3050
f 1867/1891/3051 1854/1878/3051 1861/1885/3051
f 1867/1891/3052 1861/1885/3052 1868/1892/3052
f 1868/1892/3053 1861/1885/3053 1862/1886/3053
f 1868/1892/3054 1862/1886/3054 1869/1893/3054
f 1869/1893/3055 1862/1886/3055 1863/1887/3055
f 1869/1893/3056 1863/1887/3056 1864/1888/3056
f 1547/1894/3057 1548/1571/3057 1550/1573/3057
f 1547/1894/3058 1550/1573/3058 1870/1895/3058
f 1870/1895/3059 1550/1573/3059 1865/1889/3059
f 1870/1895/3060 1865/1889/3060 1871/1896/3060
f 1871/1896/3061 1865/1889/3061 1872/1897/3061
f 1872/1897/3062 1865/1889/3062 1860/1884/3062
f 1872/1897/3063 1860/1884/3063 1866/1890/3063
f 1866/1890/3064 1853/1877/3064 1873/1898/3064
f 1873/1898/3065 1853/1877/3066 1867/1891/3066
f 1873/1898/3067 1867/1891/3067 1874/1899/3067
f 1874/1899/3068 1867/1891/3068 1868/1892/3068
f 1874/1899/3069 1868/1892/3069 1875/1900/3069
f 1875/1900/3070 1868/1892/3070 1869/1893/3070
f 1875/1900/3071 1869/1893/3071 1876/1901/3071
f 1876/1901/3072 1869/1893/3072 1864/1888/3072
f 1546/1902/3073 1547/1894/3073 1877/1903/3073
f 1877/1903/3074 1547/1894/3074 1870/1895/3075
f 1877/1903/3076 1870/1895/3076 1878/1904/3076
f 1878/1904/3077 1870/1895/3077 1871/1896/3077
f 1878/1904/3078 1871/1896/3078 1872/1897/3078
f 1879/1905/3079 1872/1897/3079 1866/1890/3079
f 1880/1906/3080 1866/1890/3080 1873/1898/3080
f 1880/1906/3081 1873/1898/3081 1881/1907/3081
f 1881/1907/3082 1873/1898/3082 1874/1899/3082
f 1881/1907/3083 1874/1899/3083 1882/1908/3083
f 1882/1908/3084 1874/1899/3084 1875/1900/3084
f 1882/1908/3085 1875/1900/3086 1876/1901/3085
f 1545/1909/3087 1546/1902/3087 1883/1910/3087
f 1883/1910/3088 1546/1902/3088 1877/1903/3088
f 1883/1910/3089 1877/1903/3089 1884/1911/3089
f 1884/1911/3090 1877/1903/3090 1878/1904/3090
f 1884/1911/3091 1878/1904/3091 1885/1912/3091
f 1885/1912/3092 1878/1904/3092 1872/1897/3093
f 1885/1912/3094 1872/1897/3094 1886/1913/3094
f 1886/1913/3095 1872/1897/3095 1879/1905/3095
f 1879/1905/3096 1866/1890/3096 1887/1914/3096
f 1887/1914/3097 1866/1890/3097 1880/1906/3097
f 1887/1914/3098 1880/1906/3098 1888/1915/3099
f 1888/1915/3100 1880/1906/3101 1881/1907/3101
f 1888/1915/3102 1881/1907/3102 1889/1916/3102
f 1889/1916/3103 1881/1907/3103 1882/1908/3103
f 1889/1916/3104 1882/1908/3104 1890/1917/3104
f 1890/1917/3105 1882/1908/3105 1876/1901/3105
f 1543/1918/3106 1545/1909/3106 1544/1919/3106
f 1544/1919/3107 1545/1909/3107 1883/1910/3107
f 1544/1919/3108 1883/1910/3108 1891/1920/3108
f 1891/1920/3109 1883/1910/3109 1884/1911/3109
f 1891/1920/3110 1884/1911/3110 1885/1912/3110
f 1892/1921/3111 1879/1905/3111 1887/1914/3111
f 1892/1921/3112 1887/1914/3112 1893/1922/3112
f 1893/1922/3113 1887/1914/3113 1888/1915/3113
f 1893/1922/3114 1888/1915/3114 1894/1923/3114
f 1894/1923/3115 1888/1915/3115 1889/1916/3115
f 1894/1923/3116 1889/1916/3116 1895/1924/3116
f 1895/1924/3117 1889/1916/3117 1890/1917/3117
f 1895/1924/3118 1896/1925/3118 1894/1923/3118
f 1894/1923/3119 1896/1925/3119 1897/1926/3119
f 1894/1923/3120 1897/1926/3120 1893/1922/3120
f 1893/1922/3121 1897/1926/3121 1898/1927/3121
f 1893/1922/3122 1898/1927/3122 1892/1921/3122
f 1892/1921/3123 1898/1927/3123 1899/1928/3123
f 1892/1921/3124 1899/1928/3125 1879/1905/3125
f 1879/1905/3126 1899/1928/3126 1900/1929/3126
f 1879/1905/3127 1900/1929/3128 1886/1913/3129
f 1885/1912/3130 1886/1913/3130 1901/1930/3130
f 1885/1912/3131 1901/1930/3131 1891/1920/3131
f 1891/1920/3132 1901/1930/3132 1902/1931/3132
f 1891/1920/3133 1902/1931/3133 1544/1919/3133
f 1544/1919/3134 1902/1931/3134 1903/1932/3134
f 1544/1919/3135 1903/1932/3135 1542/1933/3135
f 1544/1919/3136 1542/1933/3136 1543/1918/3136
f 1896/1925/3137 1904/1934/3137 1905/1935/3137
f 1896/1925/3138 1905/1935/3138 1897/1926/3138
f 1897/1926/3139 1905/1935/3139 1906/1936/3139
f 1897/1926/3140 1906/1936/3140 1898/1927/3140
f 1898/1927/3141 1906/1936/3141 1899/1928/3141
f 1899/1928/3142 1906/1936/3142 1907/1937/3142
f 1899/1928/3143 1907/1937/3143 1900/1929/3143
f 1901/1930/3144 1886/1913/3144 1657/1663/3144
f 1902/1931/3145 1901/1930/3145 1908/1938/3145
f 1902/1931/3146 1908/1938/3146 1903/1932/3146
f 1903/1932/3147 1908/1938/3147 1909/1939/3147
f 1903/1932/3148 1909/1939/3148 1542/1933/3148
f 1542/1933/3149 1909/1939/3149 1541/1940/3149
f 1904/1934/3150 1660/1666/3150 1905/1935/3150
f 1905/1935/3151 1660/1666/3151 1667/1673/3151
f 1905/1935/3152 1667/1673/3152 1906/1936/3152
f 1906/1936/3153 1667/1673/3153 1668/1674/3153
f 1906/1936/3154 1668/1674/3154 1907/1937/3154
f 1907/1937/3155 1668/1674/3155 1669/1675/3155
f 1907/1937/3156 1669/1675/3156 1900/1929/3156
f 1900/1929/3157 1669/1675/3157 1664/1670/3157
f 1900/1929/3158 1664/1670/3158 1886/1913/3158
f 1886/1913/3159 1664/1670/3159 1657/1663/3159
f 1901/1930/3160 1657/1663/3160 1908/1938/3160
f 1908/1938/3161 1657/1663/3161 1670/1676/3161
f 1908/1938/3162 1670/1676/3162 1909/1939/3162
f 1909/1939/3163 1670/1676/3163 1671/1677/3163
f 1909/1939/3164 1671/1677/3164 1541/1940/3164
f 1541/1940/3165 1671/1677/3165 1540/1678/3165
f 1541/1940/3166 1540/1678/3166 1539/1941/3166
f 1607/1613/3167 1605/1610/3167 1910/1942/3167
f 1607/1613/3168 1910/1942/3168 1609/1615/3168
f 1609/1615/3169 1910/1942/3169 1911/1943/3169
f 1609/1615/3170 1911/1943/3170 1611/1617/3170
f 1619/1625/3171 1615/1621/3171 1912/1944/3171
f 1619/1625/3172 1912/1944/3172 1622/1628/3172
f 1622/1628/3173 1912/1944/3173 1627/1633/3173
f 1627/1633/3174 1913/1945/3174 1637/1643/3174
f 1637/1643/3175 1914/1946/3175 1647/1653/3175
f 1652/1658/3176 1647/1653/3176 1915/1947/3176
f 1652/1658/3177 1915/1947/3177 1659/1665/3177
f 1659/1665/3178 1915/1947/3178 1537/1948/3178
f 1659/1665/3179 1537/1948/3179 1666/1672/3179
f 1666/1672/3180 1537/1948/3180 1538/1949/3180
f 1666/1672/3181 1538/1949/3181 1540/1678/3181
f 1540/1678/3182 1538/1949/3182 1539/1941/3182
f 1603/1609/3183 1602/1608/3183 1604/1612/3183
f 1604/1612/3184 1602/1608/3184 1916/1950/3184
f 1604/1612/3185 1916/1950/3185 1605/1610/3185
f 1605/1610/3186 1916/1950/3186 1917/1951/3186
f 1605/1610/3187 1917/1951/3187 1910/1942/3187
f 1611/1617/3188 1911/1943/3188 1918/1952/3188
f 1611/1617/3189 1918/1952/3189 1615/1621/3189
f 1637/1643/3190 1913/1945/3190 1919/1953/3190
f 1637/1643/3191 1919/1953/3191 1914/1946/3191
f 1647/1653/3192 1914/1946/3192 1920/1954/3192
f 1647/1653/3193 1920/1954/3193 1915/1947/3193
f 1538/1949/3194 1537/1948/3194 1536/1955/3194
f 1600/1607/3195 1601/1956/3195 1602/1608/3195
f 1910/1942/3196 1917/1951/3196 1921/1957/3196
f 1910/1942/3197 1921/1957/3197 1911/1943/3197
f 1911/1943/3198 1921/1957/3198 1922/1958/3198
f 1911/1943/3199 1922/1958/3199 1918/1952/3199
f 1615/1621/3200 1918/1952/3201 1923/1959/3201
f 1615/1621/3202 1923/1959/3202 1912/1944/3202
f 1912/1944/3203 1923/1959/3203 1924/1960/3203
f 1912/1944/3204 1924/1960/3204 1627/1633/3204
f 1627/1633/3205 1924/1960/3205 1925/1961/3205
f 1627/1633/3206 1925/1961/3206 1913/1945/3206
f 1913/1945/3207 1926/1962/3207 1919/1953/3207
f 1914/1946/3208 1919/1953/3208 1927/1963/3208
f 1914/1946/3209 1927/1963/3209 1920/1954/3209
f 1915/1947/3210 1920/1954/3210 1535/1964/3210
f 1915/1947/3211 1535/1964/3211 1537/1948/3211
f 1537/1948/3212 1535/1964/3212 1536/1955/3212
f 1600/1607/3213 1599/1606/3213 1601/1956/3213
f 1602/1608/3214 1601/1956/3214 1928/1965/3214
f 1602/1608/3215 1928/1965/3215 1916/1950/3215
f 1916/1950/3216 1928/1965/3216 1929/1966/3216
f 1916/1950/3217 1929/1966/3217 1917/1951/3217
f 1917/1951/3218 1929/1966/3218 1930/1967/3218
f 1917/1951/3219 1930/1967/3219 1921/1957/3219
f 1918/1952/3220 1922/1958/3220 1923/1959/3220
f 1913/1945/3221 1925/1961/3221 1931/1968/3221
f 1913/1945/3222 1931/1968/3222 1926/1962/3222
f 1920/1954/3223 1927/1963/3223 1534/1969/3223
f 1920/1954/3224 1534/1969/3224 1535/1964/3224
f 1597/1605/3225 1598/1970/3225 1599/1606/3225
f 1601/1956/3226 1599/1606/3226 1932/1971/3226
f 1601/1956/3227 1932/1971/3227 1928/1965/3227
f 1922/1958/3228 1921/1957/3228 1923/1959/3228
f 1924/1960/3229 1933/1972/3229 1925/1961/3229
f 1925/1961/3230 1934/1973/3230 1931/1968/3230
f 1926/1962/3231 1931/1968/3231 1935/1974/3231
f 1926/1962/3232 1935/1974/3232 1919/1953/3232
f 1919/1953/3233 1935/1974/3233 1532/1975/3233
f 1919/1953/3234 1532/1975/3234 1927/1963/3234
f 1927/1963/3235 1532/1975/3235 1533/1976/3235
f 1927/1963/3236 1533/1976/3236 1534/1969/3236
f 1597/1605/3237 1596/1604/3237 1598/1970/3237
f 1599/1606/3238 1598/1970/3238 1936/1977/3238
f 1599/1606/3239 1936/1977/3239 1932/1971/3239
f 1928/1965/3240 1932/1971/3240 1937/1978/3240
f 1928/1965/3241 1937/1978/3241 1929/1966/3241
f 1929/1966/3242 1937/1978/3242 1938/1979/3242
f 1929/1966/3243 1938/1979/3243 1930/1967/3243
f 1921/1957/3244 1930/1967/3244 1939/1980/3244
f 1921/1957/3245 1939/1980/3245 1923/1959/3245
f 1923/1959/3246 1939/1980/3246 1924/1960/3246
f 1925/1961/3247 1933/1972/3247 1940/1981/3247
f 1925/1961/3248 1940/1981/3248 1934/1973/3248
f 1931/1968/3249 1934/1973/3249 1941/1982/3249
f 1931/1968/3250 1941/1982/3250 1935/1974/3250
f 1533/1976/3251 1532/1975/3251 1531/1983/3251
f 1594/1602/3252 1593/1601/3252 1596/1604/3252
f 1930/1967/3253 1938/1979/3253 1939/1980/3253
f 1924/1960/3254 1939/1980/3254 1942/1984/3254
f 1924/1960/3255 1942/1984/3255 1933/1972/3255
f 1933/1972/3256 1943/1985/3256 1940/1981/3256
f 1934/1973/3257 1940/1981/3257 1944/1986/3257
f 1934/1973/3258 1944/1986/3258 1941/1982/3258
f 1935/1974/3259 1941/1982/3259 1530/1987/3259
f 1935/1974/3260 1530/1987/3260 1532/1975/3261
f 1532/1975/3262 1530/1987/3262 1531/1983/3262
f 1595/1603/3263 1945/1988/3263 1593/1601/3263
f 1596/1604/3264 1593/1601/3264 1946/1989/3264
f 1596/1604/3265 1946/1989/3266 1598/1970/3266
f 1598/1970/3267 1946/1989/3267 1947/1990/3267
f 1598/1970/3268 1947/1990/3268 1936/1977/3268
f 1936/1977/3269 1947/1990/3269 1948/1991/3269
f 1936/1977/3270 1948/1991/3270 1932/1971/3270
f 1932/1971/3271 1948/1991/3271 1949/1992/3271
f 1932/1971/3272 1949/1992/3272 1937/1978/3272
f 1938/1979/3273 1937/1978/3273 1939/1980/3273
f 3578/1993/3274 3574/1994/3274 3579/1995/3274 3580/1996/3274
f 1933/1972/3275 1942/1984/3276 1950/1997/3277
f 1933/1972/3278 1950/1997/3278 1943/1985/3278
f 1941/1982/3279 1944/1986/3279 1529/1998/3279
f 1941/1982/3280 1529/1998/3280 1530/1987/3280
f 1593/1601/3281 1945/1988/3282 1951/1999/3282
f 1593/1601/3283 1951/1999/3283 1946/1989/3283
f 1937/1978/3284 1949/1992/3284 1952/2000/3284
f 1937/1978/3285 1952/2000/3285 1939/1980/3285
f 1939/1980/3286 1952/2000/3286 1953/2001/3286
f 1939/1980/3287 1953/2001/3287 1942/1984/3287
f 1942/1984/3288 1954/2002/3289 1950/1997/3290
f 1943/1985/3291 1950/1997/3291 1955/2003/3291
f 1943/1985/3292 1955/2003/3292 1940/1981/3292
f 1940/1981/3293 1955/2003/3293 1527/2004/3293
f 1940/1981/3294 1527/2004/3294 1944/1986/3294
f 1944/1986/3295 1527/2004/3295 1528/2005/3295
f 1944/1986/3296 1528/2005/3296 1529/1998/3296
f 1945/1988/3297 1956/2006/3297 1951/1999/3297
f 1947/1990/3298 1946/1989/3298 1957/2007/3298
f 1947/1990/3299 1957/2007/3299 1948/1991/3299
f 1949/1992/3300 1948/1991/3300 1952/2000/3300
f 1952/2000/3301 1958/2008/3301 1953/2001/3301
f 1942/1984/3302 1953/2001/3303 1959/2009/3303
f 1942/1984/3304 1959/2009/3304 1954/2002/3304
f 1950/1997/3305 1954/2002/3305 1960/2010/3305
f 1950/1997/3306 1960/2010/3306 1955/2003/3306
f 1528/2005/3307 1527/2004/3307 1526/2011/3307
f 1951/1999/3308 1956/2006/3308 1961/2012/3308
f 1951/1999/3309 1961/2012/3309 1946/1989/3309
f 1946/1989/3310 1961/2012/3310 1962/2013/3310
f 1946/1989/3311 1962/2013/3311 1957/2007/3311
f 1948/1991/3312 1957/2007/3312 1963/2014/3312
f 1948/1991/3313 1963/2014/3313 1952/2000/3313
f 1952/2000/3314 1963/2014/3314 1958/2008/3314
f 1953/2001/3315 1964/2015/3315 1959/2009/3315
f 1954/2002/3316 1959/2009/3316 1965/2016/3316
f 1954/2002/3317 1965/2016/3317 1960/2010/3317
f 1955/2003/3318 1960/2010/3318 1525/2017/3318
f 1955/2003/3319 1525/2017/3319 1527/2004/3319
f 1527/2004/3320 1525/2017/3320 1526/2011/3320
f 1956/2006/3321 1966/2018/3321 1961/2012/3321
f 1957/2007/3322 1962/2013/3322 1967/2019/3322
f 1957/2007/3323 1967/2019/3323 1963/2014/3323
f 1963/2014/3324 1968/2020/3324 1958/2008/3324
f 1953/2001/3325 1958/2008/3325 1969/2021/3325
f 1953/2001/3326 1969/2021/3326 1964/2015/3326
f 1959/2009/3327 1964/2015/3327 1970/2022/3327
f 1959/2009/3328 1970/2022/3328 1965/2016/3328
f 1960/2010/3329 1965/2016/3329 1524/2023/3329
f 1960/2010/3330 1524/2023/3330 1525/2017/3330
f 1962/2013/3331 1961/2012/3331 1967/2019/3331
f 1958/2008/3332 1968/2020/3332 1971/2024/3332
f 1958/2008/3333 1971/2024/3333 1969/2021/3333
f 1964/2015/3334 1969/2021/3334 1972/2025/3334
f 1964/2015/3335 1972/2025/3335 1970/2022/3335
f 1965/2016/3336 1970/2022/3336 1523/2026/3336
f 1965/2016/3337 1523/2026/3337 1524/2023/3337
f 1966/2018/3338 1973/2027/3338 1961/2012/3338
f 1961/2012/3339 1973/2027/3339 1967/2019/3339
f 1963/2014/3340 1967/2019/3340 1974/2028/3340
f 1963/2014/3341 1974/2028/3341 1968/2020/3341
f 1968/2020/3342 1975/2029/3342 1971/2024/3342
f 1969/2021/3343 1971/2024/3343 1976/2030/3343
f 1969/2021/3344 1976/2030/3344 1972/2025/3344
f 1970/2022/3345 1972/2025/3345 1522/2031/3345
f 1970/2022/3346 1522/2031/3346 1523/2026/3346
f 1967/2019/3347 1973/2027/3348 1977/2032/3348
f 1967/2019/3349 1977/2032/3349 1974/2028/3349
f 1968/2020/3350 1974/2028/3350 1978/2033/3350
f 1968/2020/3351 1978/2033/3351 1975/2029/3351
f 1971/2024/3352 1975/2029/3352 1979/2034/3352
f 1971/2024/3353 1979/2034/3353 1976/2030/3353
f 1972/2025/3354 1976/2030/3354 1521/2035/3354
f 1972/2025/3355 1521/2035/3355 1522/2031/3355
f 1977/2032/3356 1980/2036/3356 1974/2028/3356
f 1974/2028/3357 1981/2037/3357 1978/2033/3357
f 1975/2029/3358 1978/2033/3358 1982/2038/3358
f 1975/2029/3359 1982/2038/3359 1979/2034/3359
f 1976/2030/3360 1979/2034/3360 1520/2039/3360
f 1976/2030/3361 1520/2039/3361 1521/2035/3361
f 1980/2036/3362 1983/2040/3362 1974/2028/3362
f 1974/2028/3363 1983/2040/3363 1984/2041/3363
f 1974/2028/3364 1984/2041/3364 1981/2037/3364
f 1978/2033/3365 1981/2037/3365 1985/2042/3365
f 1978/2033/3366 1985/2042/3366 1982/2038/3366
f 1979/2034/3367 1982/2038/3367 1519/2043/3367
f 1979/2034/3368 1519/2043/3368 1520/2039/3368
f 1981/2037/3369 1984/2041/3369 1986/2044/3369
f 1981/2037/3370 1986/2044/3370 1985/2042/3370
f 1982/2038/3371 1985/2042/3371 1518/2045/3371
f 1982/2038/3372 1518/2045/3372 1519/2043/3372
f 1980/2036/3373 1987/2046/3373 1983/2040/3373
f 1985/2042/3374 1986/2044/3374 1517/2047/3374
f 1985/2042/3375 1517/2047/3375 1518/2045/3375
f 1983/2040/3376 1987/2046/3376 1988/1681/3376
f 1983/2040/3377 1988/1681/3377 1984/2041/3377
f 1984/2041/3378 1988/1681/3378 1516/1570/3378
f 1984/2041/3379 1516/1570/3379 1986/2044/3379
f 1986/2044/3380 1516/1570/3380 1515/1569/3380
f 1986/2044/3381 1515/1569/3381 1517/2047/3381
f 1987/2046/3382 1672/1679/3382 1988/1681/3382
f 1516/1570/3383 1988/1681/3384 1989/2048/3385
f 1516/1570/3386 1989/2048/3386 1514/1568/3386
f 1991/2049/3387 1990/2050/3387 1673/1680/3387
f 1991/2049/3388 1673/1680/3388 1672/1679/3388
f 1991/2049/3389 1672/1679/3389 1992/2051/3389
f 1992/2051/3390 1672/1679/3390 1987/2046/3390
f 1992/2051/3391 1987/2046/3392 1993/2052/3393
f 1993/2052/3394 1987/2046/3394 1980/2036/3394
f 1994/2053/3395 1973/2027/3395 1966/2018/3395
f 1994/2053/3396 1966/2018/3396 1995/2054/3396
f 1995/2054/3397 1966/2018/3397 1956/2006/3397
f 1995/2054/3398 1956/2006/3398 1996/2055/3398
f 1996/2055/3399 1956/2006/3399 1945/1988/3399
f 1996/2055/3400 1945/1988/3400 1595/1603/3400
f 1988/1681/3401 1673/1680/3401 1989/2048/3401
f 1997/2056/3402 1990/2050/3402 1998/2057/3402
f 1998/2057/3403 1990/2050/3403 1991/2049/3403
f 1998/2057/3404 1991/2049/3404 1992/2051/3404
f 1998/2057/3405 1992/2051/3405 1999/2058/3405
f 1999/2058/3406 1992/2051/3406 1993/2052/3406
f 1999/2058/3407 1993/2052/3407 2000/2059/3407
f 2000/2059/3408 1993/2052/3408 1980/2036/3408
f 2000/2059/3409 1980/2036/3409 1977/2032/3409
f 2001/2060/3410 1977/2032/3410 1973/2027/3410
f 2001/2060/3411 1973/2027/3411 1994/2053/3411
f 2001/2060/3412 1994/2053/3412 2002/2061/3412
f 2002/2061/3413 1994/2053/3413 1995/2054/3413
f 2002/2061/3414 1995/2054/3414 2003/2062/3414
f 2003/2062/3415 1995/2054/3415 1996/2055/3415
f 2003/2062/3416 1996/2055/3416 2004/2063/3416
f 2004/2063/3417 1996/2055/3417 1595/1603/3417
f 4003/2064/3418 1997/2056/3418 2005/2065/3418
f 2005/2065/3419 1997/2056/3419 1998/2057/3419
f 2005/2065/3420 1998/2057/3420 2006/2066/3420
f 2006/2066/3421 1998/2057/3421 1999/2058/3421
f 2006/2066/3422 1999/2058/3422 2000/2059/3422
f 2007/1686/3423 2000/2059/3423 1977/2032/3423
f 2007/1686/3424 1977/2032/3425 2008/2067/3424
f 2008/2067/3426 1977/2032/3427 2001/2060/3426
f 2008/2067/3428 2001/2060/3428 2009/2068/3428
f 2009/2068/3429 2001/2060/3429 2010/2069/3429
f 2010/2069/3430 2001/2060/3430 2002/2061/3430
f 2010/2069/3431 2002/2061/3431 2003/2062/3431
f 2010/2069/3432 2003/2062/3432 2011/2070/3432
f 2011/2070/3433 2003/2062/3433 2004/2063/3433
f 2012/2071/3434 4003/2064/3434 2013/2072/3434
f 2013/2072/3435 4003/2064/3435 2005/2065/3435
f 2013/2072/3436 2005/2065/3436 2014/2073/3436
f 2014/2073/3437 2005/2065/3437 2006/2066/3437
f 2014/2073/3438 2006/2066/3438 2015/2074/3438
f 2015/2074/3439 2006/2066/3439 2000/2059/3439
f 2015/2074/3440 2000/2059/3440 2007/1686/3440
f 2016/2075/3441 2008/2067/3441 2009/2068/3441
f 2016/2075/3442 2009/2068/3442 2010/2069/3442
f 2016/2075/3443 2010/2069/3443 2017/2076/3443
f 2017/2076/3444 2010/2069/3445 2018/2077/3444
f 2018/2077/3446 2010/2069/3447 2011/2070/3447
f 2018/2077/3448 2011/2070/3448 2019/2078/3448
f 2019/2078/3449 2011/2070/3449 2004/2063/3449
f 2020/2079/3450 2012/2071/3450 2021/2080/3450
f 2021/2080/3451 2012/2071/3451 2013/2072/3451
f 2021/2080/3452 2013/2072/3452 2022/2081/3452
f 2022/2081/3453 2013/2072/3453 2014/2073/3453
f 2022/2081/3454 2014/2073/3454 2015/2074/3454
f 1679/1688/3455 2007/1686/3455 2008/2067/3455
f 1679/1688/3456 2008/2067/3456 2023/2082/3456
f 2023/2082/3457 2008/2067/3457 2016/2075/3457
f 2023/2082/3458 2016/2075/3458 2024/2083/3458
f 2024/2083/3459 2016/2075/3459 2017/2076/3459
f 2024/2083/3460 2017/2076/3460 2025/2084/3460
f 2025/2084/3461 2017/2076/3461 2018/2077/3461
f 2025/2084/3462 2018/2077/3462 2019/2078/3462
f 1591/1599/3463 2020/2079/3463 1592/1600/3463
f 1592/1600/3464 2020/2079/3464 2021/2080/3464
f 1592/1600/3465 2021/2080/3465 1675/1683/3465
f 1675/1683/3466 2021/2080/3466 2022/2081/3466
f 1675/1683/3467 2022/2081/3467 1676/1684/3467
f 1676/1684/3468 2022/2081/3468 2015/2074/3469
f 1676/1684/3470 2015/2074/3470 2007/1686/3470
f 1681/1690/3471 1679/1688/3471 2023/2082/3471
f 1681/1690/3472 2023/2082/3472 1683/1692/3472
f 1683/1692/3473 2023/2082/3473 2024/2083/3473
f 1683/1692/3474 2024/2083/3474 1684/1693/3474
f 1684/1693/3475 2024/2083/3476 2025/2084/3476
f 1684/1693/3477 2025/2084/3477 1686/1695/3477
f 1686/1695/3478 2025/2084/3478 2019/2078/3478
f 2026/2085/3479 2004/2063/3479 1595/1603/3479
f 2026/2085/3479 1595/1603/3479 2027/2086/3479
f 2027/2086/3479 1595/1603/3479 1594/1602/3479
f 2027/2086/3479 1594/1602/3479 2028/2087/3479
f 2028/2087/3480 1594/1602/3480 1597/1605/3480
f 2028/2087/3481 1597/1605/3481 2029/2088/3481
f 2029/2088/3481 1597/1605/3481 1600/1607/3481
f 2030/2089/3479 1660/1666/3479 2031/2090/3479
f 2031/2090/3479 1660/1666/3479 2032/2091/3479
f 2032/2091/3479 1660/1666/3479 1904/1934/3479
f 2032/2091/3482 1904/1934/3482 1896/1925/3482
f 2032/2091/3483 1896/1925/3483 2033/2092/3483
f 2033/2092/3483 1896/1925/3483 1895/1924/3483
f 2033/2092/3484 1895/1924/3484 1890/1917/3484
f 2033/2092/3485 1890/1917/3485 2034/2093/3485
f 2034/2093/3486 1890/1917/3486 1876/1901/3486
f 2034/2093/3479 1876/1901/3479 2035/2094/3479
f 2036/2095/3479 1616/1622/3479 2037/2096/3479
f 2037/2096/3481 1616/1622/3481 1623/1629/3481
f 2037/2096/3487 1623/1629/3487 2038/2097/3487
f 2038/2097/3479 1623/1629/3479 1631/1637/3479
f 2038/2097/3479 1631/1637/3479 2039/2098/3479
f 2039/2098/3479 1631/1637/3479 1641/1647/3479
f 2039/2098/3479 1641/1647/3479 2030/2089/3479
f 2030/2089/3488 1641/1647/3488 1648/1654/3488
f 2030/2089/3489 1648/1654/3489 1653/1659/3489
f 2030/2089/3479 1653/1659/3479 1660/1666/3479
f 2029/2088/3479 1600/1607/3479 1603/1609/3479
f 2029/2088/3479 1603/1609/3479 2040/2099/3479
f 2040/2099/3490 1603/1609/3490 1604/1612/3490
f 2040/2099/3491 1604/1612/3491 1606/1611/3491
f 2040/2099/3479 1606/1611/3479 2041/2100/3479
f 2041/2100/3479 1606/1611/3479 1608/1614/3479
f 2041/2100/3479 1608/1614/3479 2042/2101/3479
f 2042/2101/3479 1608/1614/3479 1612/1618/3479
f 2042/2101/3479 1612/1618/3479 2036/2095/3479
f 2036/2095/3479 1612/1618/3479 1616/1622/3479
f 2043/2102/3479 1817/1839/3479 2044/2103/3479
f 2044/2103/3479 1817/1839/3479 1801/1822/3479
f 2044/2103/3479 1801/1822/3479 2045/2104/3479
f 2045/2104/3479 1801/1822/3479 1788/1806/3479
f 2045/2104/3479 1788/1806/3479 2046/2105/3479
f 2046/2105/3479 1788/1806/3479 2047/2106/3479
f 2047/2106/3479 1788/1806/3479 1774/1791/3479
f 2047/2106/3479 1774/1791/3479 2048/2107/3479
f 2049/2108/3492 1706/1716/3492 1699/1708/3492
f 2049/2108/3493 1699/1708/3493 2050/2109/3493
f 2050/2109/3494 1699/1708/3494 1692/1701/3494
f 2050/2109/3495 1692/1701/3495 2051/2110/3495
f 2051/2110/3496 1692/1701/3496 1686/1695/3496
f 2051/2110/3479 1686/1695/3479 2052/2111/3479
f 2052/2111/3479 1686/1695/3479 2019/2078/3479
f 2052/2111/3479 2019/2078/3479 2026/2085/3479
f 2026/2085/3479 2019/2078/3479 2004/2063/3479
f 1876/1901/3479 1864/1888/3479 2035/2094/3479
f 2035/2094/3479 1864/1888/3479 2053/2112/3479
f 2053/2112/3479 1864/1888/3479 1858/1882/3479
f 2053/2112/3479 1858/1882/3479 1846/1870/3479
f 2053/2112/3479 1846/1870/3479 2054/2113/3479
f 2054/2113/3479 1846/1870/3479 2055/2114/3479
f 2055/2114/3479 1846/1870/3479 1834/1858/3479
f 2055/2114/3479 1834/1858/3479 2043/2102/3479
f 2043/2102/3479 1834/1858/3479 1828/1853/3479
f 2043/2102/3479 1828/1853/3479 1817/1839/3479
f 1774/1791/3479 1767/1783/3479 2048/2107/3479
f 2048/2107/3479 1767/1783/3479 1755/1768/3479
f 2048/2107/3479 1755/1768/3479 2056/2115/3479
f 2056/2115/3497 1755/1768/3497 1746/1759/3497
f 2056/2115/3498 1746/1759/3498 1739/1751/3498
f 2056/2115/3499 1739/1751/3499 2057/2116/3499
f 2057/2116/3500 1739/1751/3500 1732/1742/3500
f 2057/2116/3479 1732/1742/3479 1720/1730/3479
f 2057/2116/3479 1720/1730/3479 2058/2117/3479
f 2058/2117/3479 1720/1730/3479 2049/2108/3479
f 2049/2108/3501 1720/1730/3501 1712/1722/3501
f 2049/2108/3502 1712/1722/3502 1706/1716/3502
f 2092/2118/3503 2093/2119/3503 2094/2120/3503
f 2097/2121/3504 2098/2122/3504 2099/2123/3504
f 2098/2122/3505 2100/2124/3505 2101/2125/3505
f 2100/2124/3506 2102/2126/3506 2103/2127/3506
f 2102/2126/3507 2104/2128/3507 2105/2129/3507
f 2104/2128/3508 2106/2130/3508 2107/2131/3508
f 2106/2130/3509 2108/2132/3509 2109/2133/3509
f 2108/2132/3510 2110/2134/3510 2111/2135/3510
f 2122/2136/3511 2123/2137/3511 2124/2138/3511
f 2123/2137/3512 2125/2139/3512 2126/2140/3512
f 2125/2139/3513 2127/2141/3513 2128/2142/3513
f 2127/2141/3514 2129/2143/3514 2130/2144/3514
f 2129/2143/3515 2131/2145/3515 2132/2146/3515
f 2131/2145/3516 2133/2147/3517 2134/2148/3516
f 2133/2147/3518 2135/2149/3518 2136/2150/3518
f 2135/2149/3519 2137/2151/3519 2138/2152/3519
f 2137/2151/3520 2139/2153/3520 2140/2154/3520
f 2139/2153/3521 3888/2155/3521 2141/2156/3521
f 3888/2155/3522 2142/2157/3522 2143/2158/3522
f 2144/2159/3523 2145/2160/3523 2146/2161/3523
f 2148/2162/3524 2149/2163/3524 2145/2160/3524
f 2151/2164/3525 2152/2165/3525 2149/2163/3525
f 2154/2166/3526 2155/2167/3527 2152/2165/3526
f 2157/2168/3528 2155/2167/3528 2156/2169/3528
f 2157/2168/3529 2156/2169/3529 2158/2170/3529
f 2159/2171/3530 2157/2168/3530 2160/2172/3530
f 2160/2172/3531 2157/2168/3531 2158/2170/3531
f 2161/2173/3532 2159/2171/3532 2162/2174/3532
f 2162/2174/3533 2159/2171/3533 2160/2172/3533
f 2162/2174/3534 2160/2172/3534 2163/2175/3534
f 2164/2176/3535 2161/2173/3535 2162/2174/3535
f 2164/2176/3536 2162/2174/3536 2163/2175/3536
f 2164/2176/3537 2163/2175/3537 2165/2177/3537
f 2166/2178/3538 2161/2173/3538 2167/2179/3538
f 2167/2179/3539 2161/2173/3539 2164/2176/3539
f 2167/2179/3540 2164/2176/3540 2168/2180/3540
f 2168/2180/3541 2164/2176/3541 2165/2177/3541
f 2168/2180/3542 2165/2177/3542 2169/2181/3542
f 2170/2182/3543 2166/2178/3544 2167/2179/3544
f 2170/2182/3545 2167/2179/3545 2171/2183/3545
f 2171/2183/3546 2167/2179/3546 2172/2184/3546
f 2172/2184/3547 2167/2179/3547 2168/2180/3547
f 2172/2184/3548 2168/2180/3548 2169/2181/3548
f 2172/2184/3549 2169/2181/3549 2173/2185/3549
f 2174/2186/3550 2170/2182/3550 2175/2187/3550
f 2175/2187/3551 2170/2182/3551 2171/2183/3551
f 2175/2187/3552 2171/2183/3552 2176/2188/3552
f 2176/2188/3553 2171/2183/3553 2172/2184/3553
f 2176/2188/3554 2172/2184/3554 2177/2189/3554
f 2177/2189/3555 2172/2184/3555 2173/2185/3555
f 2178/2190/3556 2174/2186/3556 2175/2187/3556
f 2178/2190/3557 2175/2187/3557 2179/2191/3557
f 2179/2191/3558 2175/2187/3558 2176/2188/3558
f 2179/2191/3559 2176/2188/3559 2180/2192/3559
f 2180/2192/3560 2176/2188/3560 2177/2189/3560
f 2180/2192/3561 2177/2189/3561 2181/2193/3561
f 2181/2193/3562 2177/2189/3562 2173/2185/3562
f 2181/2193/3563 2173/2185/3563 2182/2194/3563
f 2183/2195/3564 2174/2186/3564 2184/2196/3564
f 2184/2196/3565 2174/2186/3565 2178/2190/3565
f 2184/2196/3566 2178/2190/3566 2185/2197/3566
f 2185/2197/3567 2178/2190/3567 2179/2191/3567
f 2185/2197/3568 2179/2191/3568 2186/2198/3568
f 2186/2198/3569 2179/2191/3569 2180/2192/3569
f 2186/2198/3570 2180/2192/3570 2181/2193/3570
f 2188/2199/3571 2183/2195/3571 2184/2196/3571
f 2188/2199/3572 2184/2196/3572 2189/2200/3572
f 2189/2200/3573 2184/2196/3573 2185/2197/3573
f 2189/2200/3574 2185/2197/3574 2190/2201/3574
f 2190/2201/3575 2185/2197/3575 2186/2198/3575
f 2190/2201/3576 2186/2198/3576 2191/2202/3576
f 2191/2202/3577 2186/2198/3577 2181/2193/3577
f 2191/2202/3578 2181/2193/3578 2182/2194/3578
f 2192/2203/3579 2183/2195/3579 2193/2204/3580
f 2193/2204/3581 2183/2195/3582 2188/2199/3582
f 2193/2204/3583 2188/2199/3583 2194/2205/3583
f 2194/2205/3584 2188/2199/3584 2189/2200/3584
f 2194/2205/3585 2189/2200/3585 2190/2201/3585
f 2194/2205/3586 2190/2201/3586 2195/2206/3586
f 2195/2206/3587 2190/2201/3587 2191/2202/3587
f 2191/2202/3588 2182/2194/3588 2196/2207/3588
f 2196/2207/3589 2182/2194/3589 2187/2208/3589
f 2196/2207/3590 2187/2208/3590 2197/2209/3590
f 2198/2210/3591 2192/2203/3591 2193/2204/3591
f 2198/2210/3592 2193/2204/3592 2199/2211/3592
f 2199/2211/3593 2193/2204/3593 2194/2205/3593
f 2199/2211/3594 2194/2205/3594 2200/2212/3594
f 2200/2212/3595 2194/2205/3595 2201/2213/3595
f 2201/2213/3596 2194/2205/3596 2195/2206/3596
f 2201/2213/3597 2195/2206/3597 2202/2214/3597
f 2202/2214/3598 2195/2206/3598 2191/2202/3598
f 2202/2214/3599 2191/2202/3599 2203/2215/3599
f 2203/2215/3600 2191/2202/3600 2196/2207/3600
f 2204/2216/3601 2196/2207/3601 2197/2209/3601
f 2205/2217/3602 2198/2210/3602 2206/2218/3602
f 2206/2218/3603 2198/2210/3603 2199/2211/3603
f 2206/2218/3604 2199/2211/3604 2207/2219/3604
f 2207/2219/3605 2199/2211/3605 2200/2212/3605
f 2207/2219/3606 2200/2212/3606 2208/2220/3606
f 2208/2220/3607 2200/2212/3607 2201/2213/3607
f 2208/2220/3608 2201/2213/3608 2202/2214/3608
f 2209/2221/3609 2203/2215/3609 2196/2207/3609
f 2209/2221/3610 2196/2207/3610 2210/2222/3610
f 2210/2222/3611 2196/2207/3612 2204/2216/3612
f 2210/2222/3613 2204/2216/3613 2211/2223/3613
f 2212/2224/3614 2205/2217/3614 2213/2225/3614
f 2213/2225/3615 2205/2217/3615 2206/2218/3615
f 2213/2225/3616 2206/2218/3616 2214/2226/3616
f 2214/2226/3617 2206/2218/3617 2207/2219/3617
f 2214/2226/3618 2207/2219/3618 2215/2227/3618
f 2215/2227/3619 2207/2219/3619 2208/2220/3619
f 2215/2227/3620 2208/2220/3620 2216/2228/3620
f 2216/2228/3621 2208/2220/3621 2202/2214/3621
f 2216/2228/3622 2202/2214/3622 2203/2215/3622
f 2217/2229/3623 2209/2221/3623 2218/2230/3623
f 2218/2230/3624 2209/2221/3625 2210/2222/3626
f 2218/2230/3627 2210/2222/3627 2219/2231/3627
f 2219/2231/3628 2210/2222/3628 2211/2223/3628
f 2220/2232/3629 2212/2224/3629 2213/2225/3629
f 2220/2232/3630 2213/2225/3630 2221/2233/3630
f 2221/2233/3631 2213/2225/3631 2214/2226/3631
f 2221/2233/3632 2214/2226/3632 2222/2234/3632
f 2222/2234/3633 2214/2226/3633 2215/2227/3633
f 2222/2234/3634 2215/2227/3634 2223/2235/3634
f 2223/2235/3635 2215/2227/3635 2216/2228/3635
f 2217/2229/3636 2203/2215/3636 2209/2221/3636
f 2224/2236/3637 2217/2229/3637 2218/2230/3637
f 2224/2236/3638 2218/2230/3638 2225/2237/3638
f 2225/2237/3639 2218/2230/3639 2219/2231/3639
f 2225/2237/3640 2219/2231/3640 2085/2238/3640
f 2226/2239/3641 2227/2240/3642 2228/2241/3641
f 2141/2156/3643 3888/2155/3643 2143/2158/3643
f 2141/2156/3644 2143/2158/3644 2229/2242/3644
f 2229/2242/3645 2143/2158/3645 2230/2243/3645
f 2229/2242/3646 2230/2243/3646 2231/2244/3646
f 2231/2244/3647 2230/2243/3647 2232/2245/3647
f 2234/2246/3648 2233/2247/3648 2235/2248/3648
f 2235/2248/3649 2233/2247/3649 2236/2249/3649
f 2235/2248/3650 2236/2249/3650 2237/2250/3650
f 2237/2250/3651 2236/2249/3651 2238/2251/3651
f 2237/2250/3652 2238/2251/3652 2239/2252/3652
f 2237/2250/3653 2239/2252/3653 2240/2253/3653
f 2240/2253/3654 2239/2252/3654 2241/2254/3654
f 2140/2154/3655 2139/2153/3655 2141/2156/3655
f 2140/2154/3656 2141/2156/3656 2242/2255/3656
f 2242/2255/3657 2141/2156/3657 2229/2242/3657
f 2242/2255/3658 2229/2242/3658 2231/2244/3658
f 2249/2256/3659 2231/2244/3659 2243/2257/3659
f 2243/2257/3660 2231/2244/3660 2233/2247/3660
f 2243/2257/3661 2233/2247/3661 2234/2246/3661
f 2244/2258/3662 2234/2246/3662 2235/2248/3662
f 2244/2258/3663 2235/2248/3663 2245/2259/3663
f 2245/2259/3664 2235/2248/3664 2237/2250/3664
f 2245/2259/3665 2237/2250/3665 2246/2260/3665
f 2246/2260/3666 2237/2250/3666 2240/2253/3666
f 2246/2260/3667 2240/2253/3667 2247/2261/3667
f 2247/2261/3668 2240/2253/3668 2241/2254/3668
f 2138/2152/3669 2137/2151/3669 2140/2154/3669
f 2138/2152/3670 2140/2154/3670 2248/2262/3670
f 2248/2262/3671 2140/2154/3671 2242/2255/3671
f 2248/2262/3672 2242/2255/3672 2249/2256/3672
f 2249/2256/3673 2242/2255/3673 2231/2244/3673
f 2250/2263/3674 2234/2246/3674 2244/2258/3674
f 2250/2263/3675 2244/2258/3675 2251/2264/3675
f 2251/2264/3676 2244/2258/3676 2245/2259/3676
f 2251/2264/3677 2245/2259/3677 2252/2265/3677
f 2252/2265/3678 2245/2259/3678 2246/2260/3678
f 2252/2265/3679 2246/2260/3679 2253/2266/3679
f 2253/2266/3680 2246/2260/3681 2247/2261/3680
f 2136/2150/3682 2135/2149/3682 2138/2152/3682
f 2136/2150/3683 2138/2152/3683 2254/2267/3683
f 2254/2267/3684 2138/2152/3684 2248/2262/3684
f 2254/2267/3685 2248/2262/3685 2255/2268/3685
f 2255/2268/3686 2248/2262/3686 2249/2256/3686
f 2256/2269/3687 2243/2257/3687 2234/2246/3687
f 2256/2269/3688 2234/2246/3688 2257/2270/3688
f 2257/2270/3689 2234/2246/3689 2250/2263/3689
f 2257/2270/3690 2250/2263/3690 2258/2271/3690
f 2258/2271/3691 2250/2263/3691 2251/2264/3691
f 2258/2271/3692 2251/2264/3692 2252/2265/3692
f 2258/2271/3693 2252/2265/3693 2259/2272/3693
f 2259/2272/3694 2252/2265/3694 2253/2266/3694
f 2259/2272/3695 2253/2266/3695 2260/2273/3695
f 2134/2148/3696 2133/2147/3696 2136/2150/3696
f 2134/2148/3697 2136/2150/3697 2261/2274/3697
f 2261/2274/3698 2136/2150/3698 2254/2267/3698
f 2261/2274/3699 2254/2267/3699 2255/2268/3699
f 2261/2274/3700 2255/2268/3701 2262/2275/3702
f 2262/2275/3703 2255/2268/3703 2249/2256/3703
f 2262/2275/3704 2249/2256/3704 2243/2257/3704
f 2263/2276/3705 2256/2269/3705 2257/2270/3705
f 2263/2276/3706 2257/2270/3706 2264/2277/3706
f 2264/2277/3707 2257/2270/3707 2258/2271/3707
f 2264/2277/3708 2258/2271/3708 2265/2278/3708
f 2265/2278/3709 2258/2271/3709 2259/2272/3709
f 2265/2278/3710 2259/2272/3710 2266/2279/3710
f 2266/2279/3711 2259/2272/3711 2260/2273/3711
f 2132/2146/3712 2131/2145/3712 2134/2148/3712
f 2132/2146/3713 2134/2148/3713 2261/2274/3713
f 2132/2146/3714 2261/2274/3714 2267/2280/3714
f 2267/2280/3715 2261/2274/3715 2262/2275/3715
f 2268/2281/3716 2262/2275/3716 2243/2257/3716
f 2268/2281/3717 2243/2257/3717 2269/2282/3718
f 2269/2282/3719 2243/2257/3720 2256/2269/3721
f 2269/2282/3722 2256/2269/3722 2263/2276/3722
f 2269/2282/3723 2263/2276/3723 2270/2283/3723
f 2270/2283/3724 2263/2276/3724 2264/2277/3724
f 2270/2283/3725 2264/2277/3725 2271/2284/3725
f 2271/2284/3726 2264/2277/3727 2265/2278/3728
f 2271/2284/3729 2265/2278/3729 2272/2285/3729
f 2272/2285/3730 2265/2278/3731 2266/2279/3731
f 2272/2285/3732 2266/2279/3732 2273/2286/3732
f 2130/2144/3733 2129/2143/3733 2132/2146/3733
f 2130/2144/3734 2132/2146/3734 2274/2287/3734
f 2274/2287/3735 2132/2146/3735 2267/2280/3735
f 2274/2287/3736 2267/2280/3737 2275/2288/3736
f 2275/2288/3738 2267/2280/3739 2262/2275/3740
f 2275/2288/3741 2262/2275/3741 2276/2289/3741
f 2276/2289/3742 2262/2275/3742 2268/2281/3742
f 2277/2290/3743 2269/2282/3743 2270/2283/3743
f 2277/2290/3744 2270/2283/3744 2278/2291/3744
f 2278/2291/3745 2270/2283/3745 2271/2284/3745
f 2278/2291/3746 2271/2284/3746 2279/2292/3746
f 2279/2292/3747 2271/2284/3747 2272/2285/3747
f 2279/2292/3748 2272/2285/3748 2273/2286/3748
f 2128/2142/3749 2127/2141/3749 2130/2144/3749
f 2128/2142/3750 2130/2144/3750 2280/2293/3750
f 2280/2293/3751 2130/2144/3751 2274/2287/3751
f 2280/2293/3752 2274/2287/3753 2275/2288/3753
f 2281/2294/3754 2276/2289/3754 2268/2281/3754
f 2281/2294/3755 2268/2281/3755 2282/2295/3755
f 2282/2295/3756 2268/2281/3756 2269/2282/3756
f 2282/2295/3757 2269/2282/3757 2277/2290/3757
f 2282/2295/3758 2277/2290/3758 2283/2296/3758
f 2283/2296/3759 2277/2290/3759 2278/2291/3759
f 2283/2296/3760 2278/2291/3760 2284/2297/3760
f 2284/2297/3761 2278/2291/3761 2279/2292/3761
f 2284/2297/3762 2279/2292/3762 2285/2298/3762
f 2285/2298/3763 2279/2292/3763 2273/2286/3763
f 2126/2140/3764 2125/2139/3764 2128/2142/3764
f 2126/2140/3765 2128/2142/3765 2286/2299/3765
f 2286/2299/3766 2128/2142/3766 2280/2293/3766
f 2286/2299/3767 2280/2293/3767 2287/2300/3767
f 2287/2300/3768 2280/2293/3768 2275/2288/3768
f 2287/2300/3769 2275/2288/3769 2276/2289/3769
f 2288/2301/3770 2281/2294/3770 2282/2295/3770
f 2288/2301/3771 2282/2295/3771 2289/2302/3771
f 2289/2302/3772 2282/2295/3772 2283/2296/3772
f 2289/2302/3773 2283/2296/3773 2290/2303/3773
f 2290/2303/3774 2283/2296/3774 2284/2297/3774
f 2290/2303/3775 2284/2297/3775 2291/2304/3775
f 2291/2304/3776 2284/2297/3776 2285/2298/3776
f 2124/2138/3777 2123/2137/3777 2126/2140/3777
f 2124/2138/3778 2126/2140/3778 2292/2305/3778
f 2292/2305/3779 2126/2140/3779 2286/2299/3779
f 2292/2305/3780 2286/2299/3780 2287/2300/3780
f 2300/2306/3781 2287/2300/3781 2276/2289/3781
f 2293/2307/3782 2276/2289/3782 2281/2294/3783
f 2293/2307/3784 2281/2294/3785 2294/2308/3785
f 2294/2308/3786 2281/2294/3786 2288/2301/3786
f 2294/2308/3787 2288/2301/3787 2295/2309/3787
f 2295/2309/3788 2288/2301/3788 2289/2302/3788
f 2295/2309/3789 2289/2302/3789 2296/2310/3789
f 2296/2310/3790 2289/2302/3790 2290/2303/3790
f 2296/2310/3791 2290/2303/3791 2297/2311/3791
f 2297/2311/3792 2290/2303/3792 2291/2304/3792
f 2122/2136/3793 2124/2138/3793 2298/2312/3793
f 2298/2312/3794 2124/2138/3794 2292/2305/3794
f 2298/2312/3795 2292/2305/3795 2299/2313/3795
f 2299/2313/3796 2292/2305/3796 2300/2306/3796
f 2300/2306/3797 2292/2305/3797 2287/2300/3797
f 2301/2314/3798 2300/2306/3798 2276/2289/3798
f 2301/2314/3799 2276/2289/3799 2293/2307/3799
f 2302/2315/3800 2293/2307/3800 2294/2308/3800
f 2302/2315/3801 2294/2308/3801 2303/2316/3801
f 2303/2316/3802 2294/2308/3802 2295/2309/3802
f 2303/2316/3803 2295/2309/3803 2304/2317/3803
f 2304/2317/3804 2295/2309/3804 2296/2310/3804
f 2304/2317/3805 2296/2310/3805 2305/2318/3805
f 2305/2318/3806 2296/2310/3806 2297/2311/3806
f 2121/2319/3807 2122/2136/3807 2306/2320/3807
f 2306/2320/3808 2122/2136/3808 2298/2312/3808
f 2306/2320/3809 2298/2312/3809 2307/2321/3809
f 2307/2321/3810 2298/2312/3810 2299/2313/3810
f 2307/2321/3811 2299/2313/3811 2308/2322/3811
f 2308/2322/3812 2299/2313/3812 2300/2306/3812
f 2308/2322/3813 2300/2306/3813 2301/2314/3813
f 2309/2323/3814 2301/2314/3815 2293/2307/3815
f 2309/2323/3816 2293/2307/3816 2310/2324/3816
f 2310/2324/3817 2293/2307/3817 2302/2315/3817
f 2310/2324/3818 2302/2315/3818 2311/2325/3818
f 2311/2325/3819 2302/2315/3819 2303/2316/3819
f 2311/2325/3820 2303/2316/3820 2312/2326/3820
f 2312/2326/3821 2303/2316/3821 2304/2317/3821
f 2312/2326/3822 2304/2317/3822 2313/2327/3822
f 2313/2327/3823 2304/2317/3823 2305/2318/3823
f 2120/2328/3824 2121/2319/3824 2314/2329/3824
f 2314/2329/3825 2121/2319/3825 2306/2320/3825
f 2314/2329/3826 2306/2320/3826 2315/2330/3826
f 2315/2330/3827 2306/2320/3827 2307/2321/3827
f 2315/2330/3828 2307/2321/3828 2308/2322/3828
f 2322/2331/3829 2308/2322/3829 2301/2314/3829
f 2316/2332/3830 2309/2323/3830 2310/2324/3830
f 2316/2332/3831 2310/2324/3831 2317/2333/3831
f 2317/2333/3832 2310/2324/3832 2311/2325/3832
f 2317/2333/3833 2311/2325/3833 2312/2326/3833
f 2317/2333/3834 2312/2326/3835 2318/2334/3835
f 2318/2334/3836 2312/2326/3836 2313/2327/3836
f 2318/2334/3837 2313/2327/3838 2319/2335/3838
f 2119/2336/3839 2120/2328/3839 2320/2337/3839
f 2320/2337/3840 2120/2328/3840 2314/2329/3840
f 2320/2337/3841 2314/2329/3841 2321/2338/3841
f 2321/2338/3842 2314/2329/3842 2315/2330/3842
f 2321/2338/3843 2315/2330/3844 2322/2331/3845
f 2322/2331/3846 2315/2330/3847 2308/2322/3848
f 2330/2339/3849 2301/2314/3850 2309/2323/3851
f 2330/2339/3852 2309/2323/3852 2323/2340/3852
f 2323/2340/3853 2309/2323/3853 2316/2332/3853
f 2323/2340/3854 2316/2332/3854 2317/2333/3854
f 2323/2340/3855 2317/2333/3855 2324/2341/3855
f 2324/2341/3856 2317/2333/3856 2325/2342/3856
f 2325/2342/3857 2317/2333/3857 2318/2334/3857
f 2325/2342/3858 2318/2334/3859 2326/2343/3858
f 2326/2343/3860 2318/2334/3861 2319/2335/3860
f 2118/2344/3862 2119/2336/3862 2327/2345/3862
f 2327/2345/3863 2119/2336/3863 2320/2337/3863
f 2327/2345/3864 2320/2337/3864 2328/2346/3864
f 2328/2346/3865 2320/2337/3865 2321/2338/3865
f 2328/2346/3866 2321/2338/3866 2329/2347/3866
f 2329/2347/3867 2321/2338/3867 2322/2331/3868
f 2329/2347/3869 2322/2331/3869 2330/2339/3869
f 2330/2339/3870 2322/2331/3870 2301/2314/3870
f 2331/2348/3871 2330/2339/3871 2323/2340/3871
f 2331/2348/3872 2323/2340/3872 2332/2349/3872
f 2332/2349/3873 2323/2340/3873 2324/2341/3873
f 2332/2349/3874 2324/2341/3874 2333/2350/3874
f 2333/2350/3875 2324/2341/3875 2325/2342/3875
f 2333/2350/3876 2325/2342/3876 2326/2343/3876
f 2117/2351/3877 2118/2344/3877 2334/2352/3877
f 2334/2352/3878 2118/2344/3878 2327/2345/3878
f 2334/2352/3879 2327/2345/3879 2335/2353/3879
f 2335/2353/3880 2327/2345/3880 2328/2346/3880
f 2335/2353/3881 2328/2346/3881 2329/2347/3881
f 2343/2354/3882 2329/2347/3882 2336/2355/3882
f 2336/2355/3883 2329/2347/3883 2330/2339/3883
f 2337/2356/3884 2330/2339/3884 2331/2348/3884
f 2337/2356/3885 2331/2348/3885 2338/2357/3885
f 2338/2357/3886 2331/2348/3886 2332/2349/3886
f 2338/2357/3887 2332/2349/3887 2339/2358/3887
f 2339/2358/3888 2332/2349/3888 2333/2350/3888
f 2339/2358/3889 2333/2350/3889 2340/2359/3889
f 2340/2359/3890 2333/2350/3890 2326/2343/3890
f 2116/2360/3891 2117/2351/3891 2341/2361/3891
f 2341/2361/3892 2117/2351/3892 2334/2352/3892
f 2341/2361/3893 2334/2352/3893 2342/2362/3893
f 2342/2362/3894 2334/2352/3894 2335/2353/3894
f 2342/2362/3895 2335/2353/3895 2343/2354/3895
f 2343/2354/3896 2335/2353/3896 2329/2347/3896
f 2344/2363/3897 2336/2355/3897 2330/2339/3897
f 2344/2363/3898 2330/2339/3898 2345/2364/3898
f 2345/2364/3899 2330/2339/3899 2337/2356/3899
f 2345/2364/3900 2337/2356/3900 2346/2365/3900
f 2346/2365/3901 2337/2356/3901 2338/2357/3901
f 2346/2365/3902 2338/2357/3903 2347/2366/3903
f 2347/2366/3904 2338/2357/3904 2339/2358/3904
f 2347/2366/3905 2339/2358/3905 2348/2367/3905
f 2348/2367/3906 2339/2358/3906 2340/2359/3906
f 2115/2368/3907 2116/2360/3907 2349/2369/3907
f 2349/2369/3908 2116/2360/3908 2341/2361/3908
f 2349/2369/3909 2341/2361/3909 2350/2370/3909
f 2350/2370/3910 2341/2361/3910 2342/2362/3910
f 2350/2370/3911 2342/2362/3911 2351/2371/3911
f 2351/2371/3912 2342/2362/3912 2343/2354/3912
f 2351/2371/3913 2343/2354/3913 2336/2355/3913
f 2352/2372/3914 2344/2363/3914 2345/2364/3914
f 2352/2372/3915 2345/2364/3915 2353/2373/3915
f 2353/2373/3916 2345/2364/3916 2346/2365/3916
f 2353/2373/3917 2346/2365/3917 2347/2366/3917
f 2353/2373/3918 2347/2366/3918 2354/2374/3918
f 2354/2374/3919 2347/2366/3919 2348/2367/3919
f 2114/2375/3920 2115/2368/3920 2355/2376/3920
f 2355/2376/3921 2115/2368/3921 2349/2369/3921
f 2355/2376/3922 2349/2369/3922 2356/2377/3922
f 2356/2377/3923 2349/2369/3923 2350/2370/3923
f 2356/2377/3924 2350/2370/3924 2351/2371/3924
f 2357/2378/3925 2336/2355/3925 2344/2363/3925
f 2357/2378/3926 2344/2363/3926 2358/2379/3926
f 2358/2379/3927 2344/2363/3927 2352/2372/3927
f 2358/2379/3928 2352/2372/3928 2353/2373/3928
f 2358/2379/3929 2353/2373/3929 2359/2380/3929
f 2359/2380/3930 2353/2373/3930 2360/2381/3930
f 2360/2381/3931 2353/2373/3931 2354/2374/3931
f 2360/2381/3932 2354/2374/3932 2361/2382/3933
f 2361/2382/3934 2354/2374/3934 2348/2367/3934
f 2113/2383/3935 2114/2375/3935 2362/2384/3936
f 2362/2384/3937 2114/2375/3938 2355/2376/3938
f 2362/2384/3939 2355/2376/3939 2363/2385/3939
f 2363/2385/3940 2355/2376/3940 2356/2377/3940
f 2363/2385/3941 2356/2377/3941 2364/2386/3941
f 2364/2386/3942 2356/2377/3942 2351/2371/3942
f 2364/2386/3943 2351/2371/3943 2365/2387/3943
f 2365/2387/3944 2351/2371/3944 2336/2355/3944
f 2365/2387/3945 2336/2355/3945 2357/2378/3945
f 2366/2388/3946 2357/2378/3946 2358/2379/3946
f 2366/2388/3947 2358/2379/3947 2367/2389/3947
f 2367/2389/3948 2358/2379/3948 2359/2380/3948
f 2367/2389/3949 2359/2380/3949 2368/2390/3949
f 2368/2390/3950 2359/2380/3950 2360/2381/3950
f 2368/2390/3951 2360/2381/3952 2369/2391/3951
f 2369/2391/3953 2360/2381/3954 2361/2382/3953
f 2112/2392/3955 2113/2383/3955 2370/2393/3955
f 2370/2393/3956 2113/2383/3956 2362/2384/3956
f 2370/2393/3957 2362/2384/3957 2371/2394/3957
f 2371/2394/3958 2362/2384/3958 2363/2385/3958
f 2371/2394/3959 2363/2385/3960 2364/2386/3959
f 2365/2387/3961 2357/2378/3961 2372/2395/3961
f 2372/2395/3962 2357/2378/3962 2366/2388/3962
f 2372/2395/3963 2366/2388/3963 2373/2396/3963
f 2373/2396/3964 2366/2388/3964 2367/2389/3965
f 2373/2396/3966 2367/2389/3966 2374/2397/3966
f 2374/2397/3967 2367/2389/3967 2368/2390/3967
f 2374/2397/3968 2368/2390/3968 2369/2391/3968
f 2111/2135/3969 2110/2134/3969 2112/2392/3969
f 2111/2135/3970 2112/2392/3970 2370/2393/3970
f 2111/2135/3971 2370/2393/3971 2375/2398/3971
f 2375/2398/3972 2370/2393/3972 2371/2394/3972
f 2375/2398/3973 2371/2394/3973 2376/2399/3973
f 2376/2399/3974 2371/2394/3974 2364/2386/3974
f 2376/2399/3975 2364/2386/3975 2377/2400/3975
f 2377/2400/3976 2364/2386/3976 2365/2387/3976
f 2378/2401/3977 2365/2387/3978 2372/2395/3978
f 2378/2401/3979 2372/2395/3979 2379/2402/3979
f 2379/2402/3980 2372/2395/3980 2373/2396/3980
f 2379/2402/3981 2373/2396/3981 2380/2403/3981
f 2380/2403/3982 2373/2396/3982 2374/2397/3982
f 2380/2403/3983 2374/2397/3983 2381/2404/3983
f 2381/2404/3984 2374/2397/3984 2369/2391/3984
f 2109/2133/3985 2108/2132/3985 2111/2135/3985
f 2109/2133/3986 2111/2135/3986 2382/2405/3986
f 2382/2405/3987 2111/2135/3987 2375/2398/3987
f 2382/2405/3988 2375/2398/3988 2376/2399/3988
f 2377/2400/3989 2365/2387/3989 2383/2406/3989
f 2383/2406/3990 2365/2387/3990 2378/2401/3990
f 2383/2406/3991 2378/2401/3991 2379/2402/3991
f 2383/2406/3992 2379/2402/3992 2384/2407/3992
f 2384/2407/3993 2379/2402/3993 2385/2408/3993
f 2385/2408/3994 2379/2402/3994 2380/2403/3994
f 2385/2408/3995 2380/2403/3995 2381/2404/3995
f 2107/2131/3996 2106/2130/3996 2109/2133/3996
f 2107/2131/3997 2109/2133/3997 2386/2409/3997
f 2386/2409/3998 2109/2133/3998 2382/2405/3998
f 2386/2409/3999 2382/2405/3999 2387/2410/3999
f 2387/2410/4000 2382/2405/4000 2376/2399/4000
f 2387/2410/4001 2376/2399/4001 2377/2400/4001
f 2388/2411/4002 2377/2400/4002 2389/2412/4002
f 2389/2412/4003 2377/2400/4003 2383/2406/4003
f 2389/2412/4004 2383/2406/4004 2390/2413/4004
f 2390/2413/4005 2383/2406/4005 2384/2407/4005
f 2390/2413/4006 2384/2407/4006 2391/2414/4006
f 2391/2414/4007 2384/2407/4007 2385/2408/4007
f 2391/2414/4008 2385/2408/4008 2392/2415/4008
f 2392/2415/4009 2385/2408/4009 2381/2404/4009
f 2105/2129/4010 2104/2128/4010 2107/2131/4010
f 2105/2129/4011 2107/2131/4011 2393/2416/4011
f 2393/2416/4012 2107/2131/4012 2386/2409/4012
f 2393/2416/4013 2386/2409/4013 2387/2410/4013
f 2394/2417/4014 2387/2410/4014 2377/2400/4014
f 2394/2417/4015 2377/2400/4016 2388/2411/4017
f 2395/2418/4018 2388/2411/4018 2389/2412/4018
f 2395/2418/4019 2389/2412/4019 2396/2419/4019
f 2396/2419/4020 2389/2412/4020 2390/2413/4020
f 2396/2419/4021 2390/2413/4021 2397/2420/4021
f 2397/2420/4022 2390/2413/4022 2391/2414/4022
f 2397/2420/4023 2391/2414/4024 2392/2415/4024
f 2103/2127/4025 2102/2126/4026 2105/2129/4026
f 2103/2127/4027 2105/2129/4027 2398/2421/4027
f 2398/2421/4028 2105/2129/4028 2393/2416/4028
f 2398/2421/4029 2393/2416/4029 2399/2422/4029
f 2399/2422/4030 2393/2416/4030 2387/2410/4030
f 2399/2422/4031 2387/2410/4031 2394/2417/4031
f 2394/2417/4032 2388/2411/4032 2400/2423/4032
f 2400/2423/4033 2388/2411/4033 2395/2418/4033
f 2400/2423/4034 2395/2418/4034 2401/2424/4034
f 2401/2424/4035 2395/2418/4035 2396/2419/4035
f 2401/2424/4036 2396/2419/4036 2402/2425/4036
f 2402/2425/4037 2396/2419/4037 2397/2420/4037
f 2402/2425/4038 2397/2420/4038 2403/2426/4038
f 2403/2426/4039 2397/2420/4039 2392/2415/4040
f 2101/2125/4041 2100/2124/4041 2103/2127/4041
f 2101/2125/4042 2103/2127/4042 2404/2427/4042
f 2404/2427/4043 2103/2127/4043 2398/2421/4043
f 2404/2427/4044 2398/2421/4044 2399/2422/4044
f 2405/2428/4045 2394/2417/4045 2400/2423/4045
f 2405/2428/4046 2400/2423/4046 2406/2429/4046
f 2406/2429/4047 2400/2423/4047 2401/2424/4047
f 2406/2429/4048 2401/2424/4048 2407/2430/4048
f 2407/2430/4049 2401/2424/4049 2402/2425/4049
f 2407/2430/4050 2402/2425/4050 2408/2431/4050
f 2408/2431/4051 2402/2425/4051 2403/2426/4051
f 2099/2123/4052 2098/2122/4052 2101/2125/4052
f 2099/2123/4053 2101/2125/4053 2409/2432/4053
f 2409/2432/4054 2101/2125/4054 2404/2427/4054
f 2409/2432/4055 2404/2427/4055 2410/2433/4055
f 2410/2433/4056 2404/2427/4056 2399/2422/4057
f 2410/2433/4058 2399/2422/4058 2418/2434/4058
f 2418/2434/4059 2399/2422/4059 2411/2435/4059
f 2411/2435/4060 2399/2422/4060 2394/2417/4060
f 2411/2435/4061 2394/2417/4062 2405/2428/4062
f 2412/2436/4063 2405/2428/4063 2406/2429/4063
f 2412/2436/4064 2406/2429/4064 2413/2437/4064
f 2413/2437/4065 2406/2429/4065 2407/2430/4065
f 2413/2437/4066 2407/2430/4066 2414/2438/4066
f 2414/2438/4067 2407/2430/4067 2408/2431/4067
f 2414/2438/4068 2408/2431/4068 2415/2439/4068
f 2415/2439/4069 2408/2431/4069 2403/2426/4069
f 2096/2440/4070 2097/2121/4070 2099/2123/4070
f 2096/2440/4071 2099/2123/4071 2416/2441/4071
f 2416/2441/4072 2099/2123/4072 2409/2432/4072
f 2416/2441/4073 2409/2432/4073 2417/2442/4073
f 2417/2442/4074 2409/2432/4074 2410/2433/4074
f 2417/2442/4075 2410/2433/4075 2418/2434/4075
f 2419/2443/4076 2418/2434/4076 2411/2435/4076
f 2411/2435/4077 2405/2428/4077 2420/2444/4077
f 2420/2444/4078 2405/2428/4078 2412/2436/4078
f 2420/2444/4079 2412/2436/4079 2421/2445/4079
f 2421/2445/4080 2412/2436/4080 2413/2437/4080
f 2421/2445/4081 2413/2437/4081 2422/2446/4081
f 2422/2446/4082 2413/2437/4082 2414/2438/4082
f 2422/2446/4083 2414/2438/4083 2415/2439/4083
f 2093/2119/4084 2096/2440/4084 2095/2447/4084
f 2095/2447/4085 2096/2440/4085 2416/2441/4085
f 2095/2447/4086 2416/2441/4086 2423/2448/4086
f 2423/2448/4087 2416/2441/4087 2417/2442/4087
f 2423/2448/4088 2417/2442/4088 2424/2449/4088
f 2424/2449/4089 2417/2442/4089 2418/2434/4089
f 2424/2449/4090 2418/2434/4090 2419/2443/4090
f 2425/2450/4091 2411/2435/4091 2420/2444/4092
f 2425/2450/4093 2420/2444/4093 2421/2445/4093
f 2425/2450/4094 2421/2445/4094 2426/2451/4094
f 2426/2451/4095 2421/2445/4095 2422/2446/4096
f 2426/2451/4097 2422/2446/4097 2427/2452/4097
f 2427/2452/4098 2422/2446/4098 2428/2453/4098
f 2428/2453/4099 2422/2446/4099 2415/2439/4099
f 2094/2120/4100 2093/2119/4100 2095/2447/4100
f 2094/2120/4101 2095/2447/4101 2429/2454/4101
f 2429/2454/4102 2095/2447/4102 2423/2448/4102
f 2429/2454/4103 2423/2448/4103 2424/2449/4103
f 2430/2455/4104 2419/2443/4104 2411/2435/4104
f 2430/2455/4105 2411/2435/4105 2431/2456/4105
f 2431/2456/4106 2411/2435/4106 2425/2450/4106
f 2431/2456/4107 2425/2450/4107 2432/2457/4107
f 2432/2457/4108 2425/2450/4108 2426/2451/4108
f 2432/2457/4109 2426/2451/4109 2433/2458/4109
f 2433/2458/4110 2426/2451/4110 2427/2452/4110
f 2433/2458/4111 2427/2452/4111 2434/2459/4111
f 2434/2459/4112 2427/2452/4113 2428/2453/4113
f 2091/2460/4114 2092/2118/4114 2094/2120/4114
f 2091/2460/4115 2094/2120/4115 2435/2461/4115
f 2435/2461/4116 2094/2120/4116 2436/2462/4116
f 2436/2462/4117 2094/2120/4117 2429/2454/4117
f 2436/2462/4118 2429/2454/4118 2437/2463/4118
f 2437/2463/4119 2429/2454/4119 2424/2449/4119
f 2437/2463/4120 2424/2449/4120 2419/2443/4120
f 2438/2464/4121 2430/2455/4121 2431/2456/4121
f 2438/2464/4122 2431/2456/4122 2439/2465/4122
f 2439/2465/4123 2431/2456/4123 2432/2457/4123
f 2439/2465/4124 2432/2457/4124 2440/2466/4124
f 2440/2466/4125 2432/2457/4125 2433/2458/4125
f 2440/2466/4126 2433/2458/4126 2434/2459/4126
f 2089/2467/4127 2091/2460/4128 2090/2468/4129
f 2090/2468/4130 2091/2460/4130 2435/2461/4130
f 2090/2468/4131 2435/2461/4131 2441/2469/4131
f 2441/2469/4132 2435/2461/4132 2436/2462/4132
f 2441/2469/4133 2436/2462/4133 2437/2463/4133
f 2442/2470/4134 2437/2463/4134 2419/2443/4134
f 2442/2470/4135 2419/2443/4135 2430/2455/4136
f 2442/2470/4137 2430/2455/4138 2443/2471/4137
f 2443/2471/4139 2430/2455/4139 2438/2464/4139
f 2443/2471/4140 2438/2464/4140 2439/2465/4140
f 2443/2471/4141 2439/2465/4141 2444/2472/4141
f 2444/2472/4142 2439/2465/4142 2440/2466/4142
f 2444/2472/4143 2440/2466/4143 2445/2473/4143
f 2445/2473/4144 2440/2466/4144 2446/2474/4144
f 2446/2474/4145 2440/2466/4145 2434/2459/4145
f 2446/2474/4146 2447/2475/4146 2445/2473/4146
f 2445/2473/4147 2447/2475/4147 2448/2476/4147
f 2445/2473/4148 2448/2476/4148 2444/2472/4148
f 2444/2472/4149 2448/2476/4149 2449/2477/4149
f 2444/2472/4150 2449/2477/4150 2443/2471/4150
f 2443/2471/4151 2449/2477/4151 2450/2478/4151
f 2443/2471/4152 2450/2478/4152 2442/2470/4152
f 2437/2463/4153 2442/2470/4153 2451/2479/4153
f 2437/2463/4154 2451/2479/4154 2441/2469/4154
f 2441/2469/4155 2451/2479/4156 2452/2480/4156
f 2441/2469/4157 2452/2480/4157 2090/2468/4157
f 2090/2468/4158 2452/2480/4158 2088/2481/4158
f 2090/2468/4159 2088/2481/4159 2089/2467/4159
f 2089/2467/4160 2088/2481/4160 2087/2482/4160
f 2448/2476/4161 2447/2475/4161 2453/2483/4161
f 2448/2476/4162 2453/2483/4162 2449/2477/4162
f 2449/2477/4163 2453/2483/4163 2454/2484/4163
f 2449/2477/4164 2454/2484/4164 2450/2478/4164
f 2450/2478/4165 2454/2484/4165 2455/2485/4165
f 2450/2478/4166 2455/2485/4166 2442/2470/4166
f 2442/2470/4167 2455/2485/4167 2223/2235/4167
f 2452/2480/4168 2451/2479/4168 2456/2486/4168
f 2452/2480/4169 2456/2486/4169 2088/2481/4169
f 2088/2481/4170 2456/2486/4170 2457/2487/4170
f 2088/2481/4171 2457/2487/4171 2086/2488/4171
f 2088/2481/4172 2086/2488/4172 2087/2482/4172
f 2447/2475/4173 2212/2224/4173 2453/2483/4173
f 2453/2483/4174 2212/2224/4174 2220/2232/4174
f 2453/2483/4175 2220/2232/4175 2454/2484/4175
f 2454/2484/4176 2220/2232/4176 2221/2233/4176
f 2454/2484/4177 2221/2233/4177 2455/2485/4177
f 2455/2485/4178 2221/2233/4178 2222/2234/4178
f 2455/2485/4179 2222/2234/4179 2223/2235/4179
f 2223/2235/4180 2216/2228/4180 2442/2470/4180
f 2442/2470/4181 2216/2228/4181 2203/2215/4181
f 2442/2470/4182 2203/2215/4182 2451/2479/4182
f 2451/2479/4183 2203/2215/4183 2217/2229/4183
f 2451/2479/4184 2217/2229/4184 2456/2486/4184
f 2456/2486/4185 2217/2229/4185 2224/2236/4185
f 2456/2486/4186 2224/2236/4186 2457/2487/4186
f 2457/2487/4187 2224/2236/4187 2225/2237/4187
f 2457/2487/4188 2225/2237/4188 2086/2488/4188
f 2086/2488/4189 2225/2237/4189 2085/2238/4189
f 2086/2488/4190 2085/2238/4190 2084/2489/4190
f 2155/2167/4191 2154/2166/4191 2156/2169/4191
f 2160/2172/4192 2158/2170/4192 2458/2490/4192
f 2160/2172/4193 2458/2490/4193 2163/2175/4193
f 2165/2177/4194 2163/2175/4194 2459/2491/4194
f 2165/2177/4195 2459/2491/4195 2169/2181/4195
f 2182/2194/4196 2460/2492/4196 2187/2208/4196
f 2187/2208/4197 2461/2493/4197 2197/2209/4197
f 2219/2231/4198 2211/2223/4198 2083/2494/4198
f 2219/2231/4199 2083/2494/4199 2085/2238/4199
f 2085/2238/4200 2083/2494/4200 2084/2489/4200
f 2152/2165/4201 2153/2495/4201 2154/2166/4201
f 2158/2170/4202 2156/2169/4202 2462/2496/4203
f 2158/2170/4204 2462/2496/4204 2458/2490/4204
f 2163/2175/4205 2458/2490/4205 2463/2497/4205
f 2163/2175/4206 2463/2497/4206 2459/2491/4206
f 2169/2181/4207 2459/2491/4207 2464/2498/4207
f 2169/2181/4208 2464/2498/4208 2173/2185/4208
f 2173/2185/4209 2464/2498/4209 2182/2194/4209
f 2182/2194/4210 2464/2498/4210 2460/2492/4210
f 2187/2208/4211 2460/2492/4211 2465/2499/4211
f 2187/2208/4212 2465/2499/4212 2461/2493/4212
f 2204/2216/4213 2197/2209/4213 2081/2500/4213
f 2204/2216/4214 2081/2500/4214 2211/2223/4214
f 2211/2223/4215 2081/2500/4215 2082/2501/4215
f 2211/2223/4216 2082/2501/4217 2083/2494/4216
f 2152/2165/4218 2151/2164/4218 2153/2495/4218
f 2154/2166/4219 2153/2495/4219 2466/2502/4219
f 2154/2166/4220 2466/2502/4220 2156/2169/4220
f 2156/2169/4221 2466/2502/4221 2467/2503/4221
f 2156/2169/4222 2467/2503/4222 2462/2496/4222
f 2458/2490/4223 2462/2496/4223 2468/2504/4223
f 2458/2490/4224 2468/2504/4224 2463/2497/4224
f 2459/2491/4225 2463/2497/4225 2464/2498/4225
f 2464/2498/4226 2469/2505/4226 2460/2492/4226
f 2460/2492/4227 2470/2506/4227 2465/2499/4227
f 2461/2493/4228 2465/2499/4228 2471/2507/4228
f 2461/2493/4229 2471/2507/4229 2197/2209/4229
f 2197/2209/4230 2471/2507/4230 2079/2508/4230
f 2197/2209/4231 2079/2508/4231 2081/2500/4231
f 2082/2501/4232 2081/2500/4232 2080/2509/4232
f 2149/2163/4233 2150/2510/4233 2151/2164/4233
f 2153/2495/4234 2151/2164/4234 2472/2511/4234
f 2153/2495/4235 2472/2511/4235 2466/2502/4235
f 2462/2496/4236 2467/2503/4236 2473/2512/4236
f 2462/2496/4237 2473/2512/4237 2468/2504/4237
f 2463/2497/4238 2468/2504/4238 2474/2513/4238
f 2463/2497/4239 2474/2513/4239 2464/2498/4239
f 2464/2498/4240 2474/2513/4240 2469/2505/4240
f 2469/2505/4241 2475/2514/4241 2460/2492/4241
f 2460/2492/4242 2475/2514/4242 2476/2515/4242
f 2460/2492/4243 2476/2515/4243 2470/2506/4243
f 2465/2499/4244 2470/2506/4244 2477/2516/4244
f 2465/2499/4245 2477/2516/4245 2471/2507/4245
f 2081/2500/4246 2079/2508/4246 2078/2517/4246
f 2081/2500/4247 2078/2517/4247 2080/2509/4247
f 2149/2163/4248 2148/2162/4248 2150/2510/4248
f 2466/2502/4249 2472/2511/4249 2478/2518/4249
f 2466/2502/4250 2478/2518/4250 2467/2503/4250
f 2467/2503/4251 2478/2518/4252 2479/2519/4252
f 2467/2503/4253 2479/2519/4253 2473/2512/4253
f 2468/2504/4254 2473/2512/4254 2480/2520/4254
f 2468/2504/4255 2480/2520/4255 2474/2513/4255
f 2474/2513/4256 2481/2521/4256 2469/2505/4256
f 2470/2506/4257 2476/2515/4257 2482/2522/4257
f 2470/2506/4258 2482/2522/4258 2477/2516/4258
f 2471/2507/4259 2477/2516/4259 2077/2523/4259
f 2471/2507/4260 2077/2523/4260 2079/2508/4260
f 2079/2508/4261 2077/2523/4261 2078/2517/4261
f 2145/2160/4262 2147/2524/4262 2148/2162/4262
f 2150/2510/4263 2148/2162/4263 2483/2525/4263
f 2150/2510/4264 2483/2525/4264 2151/2164/4264
f 2151/2164/4265 2483/2525/4266 2484/2526/4266
f 2151/2164/4267 2484/2526/4267 2472/2511/4267
f 2472/2511/4268 2484/2526/4268 2485/2527/4268
f 2472/2511/4269 2485/2527/4269 2478/2518/4269
f 2473/2512/4270 2479/2519/4270 2480/2520/4270
f 2469/2505/4271 2481/2521/4271 2486/2528/4272
f 2469/2505/4273 2486/2528/4273 2475/2514/4273
f 2475/2514/4274 2486/2528/4274 2487/2529/4274
f 2475/2514/4275 2487/2529/4275 2476/2515/4275
f 2476/2515/4276 2487/2529/4276 2488/2530/4276
f 2476/2515/4277 2488/2530/4277 2482/2522/4277
f 2477/2516/4278 2482/2522/4278 2076/2531/4278
f 2477/2516/4279 2076/2531/4279 2077/2523/4279
f 2145/2160/4280 2144/2159/4280 2147/2524/4280
f 2478/2518/4281 2485/2527/4281 2489/2532/4281
f 2478/2518/4282 2489/2532/4282 2479/2519/4282
f 2479/2519/4283 2489/2532/4283 2480/2520/4283
f 2480/2520/4284 2489/2532/4284 2490/2533/4284
f 2480/2520/4285 2490/2533/4285 2474/2513/4285
f 2474/2513/4286 2490/2533/4286 2491/2534/4286
f 2474/2513/4287 2491/2534/4287 2481/2521/4287
f 2481/2521/4288 2492/2535/4288 2486/2528/4288
f 2482/2522/4289 2488/2530/4289 2075/2536/4289
f 2482/2522/4290 2075/2536/4290 2076/2531/4290
f 2146/2161/4291 2493/2537/4291 2144/2159/4291
f 2147/2524/4292 2144/2159/4292 2494/2538/4292
f 2147/2524/4293 2494/2538/4293 2148/2162/4293
f 2148/2162/4294 2494/2538/4295 2495/2539/4295
f 2148/2162/4296 2495/2539/4297 2483/2525/4297
f 2483/2525/4298 2495/2539/4298 2496/2540/4298
f 2483/2525/4299 2496/2540/4299 2484/2526/4299
f 2484/2526/4300 2496/2540/4300 2497/2541/4300
f 2484/2526/4301 2497/2541/4301 2485/2527/4301
f 2489/2532/4302 2485/2527/4302 2498/2542/4302
f 2489/2532/4303 2498/2542/4303 2490/2533/4303
f 2481/2521/4304 2491/2534/4305 2499/2543/4306
f 2481/2521/4307 2499/2543/4307 2492/2535/4307
f 2486/2528/4308 2492/2535/4308 2500/2544/4308
f 2486/2528/4309 2500/2544/4309 2487/2529/4309
f 2487/2529/4310 2500/2544/4310 2073/2545/4310
f 2487/2529/4311 2073/2545/4311 2488/2530/4311
f 2488/2530/4312 2073/2545/4312 2074/2546/4312
f 2488/2530/4313 2074/2546/4313 2075/2536/4313
f 2485/2527/4314 2497/2541/4314 2498/2542/4314
f 2490/2533/4315 2501/2547/4315 2491/2534/4315
f 2491/2534/4316 2502/2548/4316 2499/2543/4316
f 2492/2535/4317 2499/2543/4317 2503/2549/4317
f 2492/2535/4318 2503/2549/4318 2500/2544/4318
f 2074/2546/4319 2073/2545/4319 2072/2550/4319
f 2493/2537/4320 2504/2551/4320 2144/2159/4320
f 2144/2159/4321 2504/2551/4321 2505/2552/4321
f 2144/2159/4322 2505/2552/4322 2494/2538/4322
f 2494/2538/4323 2505/2552/4323 2506/2553/4323
f 2494/2538/4324 2506/2553/4324 2495/2539/4324
f 2495/2539/4325 2506/2553/4325 2507/2554/4325
f 2495/2539/4326 2507/2554/4326 2496/2540/4326
f 2496/2540/4327 2507/2554/4327 2508/2555/4327
f 2496/2540/4328 2508/2555/4328 2497/2541/4328
f 2497/2541/4329 2508/2555/4329 2498/2542/4329
f 2498/2542/4330 2508/2555/4330 2490/2533/4330
f 2490/2533/4331 2509/2556/4331 2501/2547/4331
f 2491/2534/4332 2501/2547/4332 2510/2557/4332
f 2491/2534/4333 2510/2557/4333 2502/2548/4333
f 2499/2543/4334 2502/2548/4334 2511/2558/4334
f 2499/2543/4335 2511/2558/4335 2503/2549/4335
f 2500/2544/4336 2503/2549/4336 2071/2559/4336
f 2500/2544/4337 2071/2559/4337 2073/2545/4337
f 2073/2545/4338 2071/2559/4338 2072/2550/4338
f 2508/2555/4339 2507/2554/4339 2512/2560/4339
f 2508/2555/4340 2512/2560/4340 2490/2533/4340
f 2490/2533/4341 2512/2560/4341 2509/2556/4341
f 2501/2547/4342 2513/2561/4343 2510/2557/4342
f 2502/2548/4344 2510/2557/4344 2514/2562/4344
f 2502/2548/4345 2514/2562/4345 2511/2558/4345
f 2503/2549/4346 2511/2558/4346 2070/2563/4346
f 2503/2549/4347 2070/2563/4347 2071/2559/4347
f 2504/2551/4348 2515/2564/4348 2505/2552/4348
f 2505/2552/4349 2515/2564/4349 2516/2565/4349
f 2505/2552/4350 2516/2565/4350 2506/2553/4350
f 2506/2553/4351 2516/2565/4351 2507/2554/4351
f 2507/2554/4352 2516/2565/4352 2512/2560/4352
f 2512/2560/4353 2517/2566/4353 2509/2556/4353
f 2501/2547/4354 2509/2556/4354 2518/2567/4354
f 2501/2547/4355 2518/2567/4355 2513/2561/4356
f 2510/2557/4357 2513/2561/4357 2519/2568/4357
f 2510/2557/4358 2519/2568/4358 2514/2562/4358
f 2511/2558/4359 2514/2562/4359 2069/2569/4359
f 2511/2558/4360 2069/2569/4360 2070/2563/4360
f 2516/2565/4361 2520/2570/4361 2512/2560/4361
f 2512/2560/4362 2520/2570/4362 2517/2566/4362
f 2509/2556/4363 2517/2566/4363 2521/2571/4363
f 2509/2556/4364 2521/2571/4365 2518/2567/4366
f 2513/2561/4367 2518/2567/4367 2522/2572/4367
f 2513/2561/4368 2522/2572/4368 2519/2568/4368
f 2514/2562/4369 2519/2568/4369 2068/2573/4369
f 2514/2562/4370 2068/2573/4370 2069/2569/4370
f 2516/2565/4371 2515/2564/4371 2520/2570/4371
f 2520/2570/4372 2523/2574/4372 2524/2575/4372
f 2520/2570/4373 2524/2575/4373 2517/2566/4373
f 2517/2566/4374 2525/2576/4374 2521/2571/4374
f 2518/2567/4375 2521/2571/4375 2526/2577/4375
f 2518/2567/4376 2526/2577/4376 2522/2572/4376
f 2519/2568/4377 2522/2572/4377 2067/2578/4377
f 2519/2568/4378 2067/2578/4378 2068/2573/4378
f 2515/2564/4379 2527/2579/4379 2520/2570/4379
f 2520/2570/4380 2527/2579/4380 2523/2574/4380
f 2517/2566/4381 2524/2575/4381 2528/2580/4381
f 2517/2566/4382 2528/2580/4382 2525/2576/4382
f 2521/2571/4383 2525/2576/4383 2529/2581/4383
f 2521/2571/4384 2529/2581/4384 2526/2577/4384
f 2522/2572/4385 2526/2577/4385 2066/2582/4385
f 2522/2572/4386 2066/2582/4386 2067/2578/4386
f 2523/2574/4387 2530/2583/4387 2524/2575/4387
f 2524/2575/4388 2531/2584/4388 2528/2580/4388
f 2525/2576/4389 2528/2580/4389 2532/2585/4389
f 2525/2576/4390 2532/2585/4390 2529/2581/4390
f 2526/2577/4391 2529/2581/4391 2065/2586/4391
f 2526/2577/4392 2065/2586/4392 2066/2582/4392
f 2524/2575/4393 2530/2583/4393 2533/2587/4393
f 2524/2575/4394 2533/2587/4394 2531/2584/4394
f 2529/2581/4395 2532/2585/4395 2064/2588/4395
f 2529/2581/4396 2064/2588/4396 2065/2586/4396
f 2530/2583/4397 2534/2589/4397 2533/2587/4397
f 2531/2584/4398 2533/2587/4398 2535/2590/4398
f 2531/2584/4399 2535/2590/4399 2528/2580/4399
f 2528/2580/4400 2535/2590/4400 2062/2591/4400
f 2528/2580/4401 2062/2591/4401 2532/2585/4401
f 2532/2585/4402 2062/2591/4402 2063/2592/4402
f 2532/2585/4403 2063/2592/4403 2064/2588/4403
f 2530/2583/4404 2536/2593/4404 2534/2589/4404
f 2533/2587/4405 2534/2589/4405 2537/2594/4405
f 2533/2587/4406 2537/2594/4406 2535/2590/4406
f 2063/2592/4407 2062/2591/4407 2061/2595/4407
f 2534/2589/4408 2536/2593/4408 2538/2596/4408
f 2534/2589/4409 2538/2596/4409 2537/2594/4409
f 2535/2590/4410 2537/2594/4410 2060/2597/4410
f 2535/2590/4411 2060/2597/4412 2062/2591/4412
f 2062/2591/4413 2060/2597/4413 2061/2595/4413
f 2536/2593/4414 2226/2239/4414 2538/2596/4414
f 2537/2594/4415 2538/2596/4416 2059/2598/4416
f 2537/2594/4417 2059/2598/4417 2060/2597/4417
f 2538/2596/4418 2226/2239/4418 2228/2241/4418
f 2538/2596/4419 2228/2241/4419 2059/2598/4419
f 2539/2599/4420 2227/2240/4420 2540/2600/4420
f 2540/2600/4421 2227/2240/4421 2226/2239/4421
f 2540/2600/4422 2226/2239/4422 2541/2601/4422
f 2541/2601/4423 2226/2239/4423 2536/2593/4423
f 2541/2601/4424 2536/2593/4424 2542/2602/4424
f 2542/2602/4425 2536/2593/4425 2530/2583/4425
f 2542/2602/4426 2530/2583/4426 2523/2574/4426
f 2543/2603/4427 2527/2579/4427 2515/2564/4427
f 2543/2603/4428 2515/2564/4428 2544/2604/4428
f 2544/2604/4429 2515/2564/4429 2504/2551/4429
f 2544/2604/4430 2504/2551/4431 2545/2605/4432
f 2545/2605/4433 2504/2551/4433 2493/2537/4433
f 2545/2605/4434 2493/2537/4434 2146/2161/4434
f 3925/2606/4435 2539/2599/4435 2546/2607/4435
f 2546/2607/4436 2539/2599/4436 2540/2600/4436
f 2546/2607/4437 2540/2600/4437 2547/2608/4437
f 2547/2608/4438 2540/2600/4438 2541/2601/4438
f 2547/2608/4439 2541/2601/4439 2542/2602/4439
f 2548/2609/4440 2542/2602/4440 2523/2574/4440
f 2548/2609/4441 2523/2574/4441 2549/2610/4441
f 2549/2610/4442 2523/2574/4442 2527/2579/4442
f 2549/2610/4443 2527/2579/4443 2543/2603/4443
f 2549/2610/4444 2543/2603/4444 2550/2611/4444
f 2550/2611/4445 2543/2603/4445 2544/2604/4445
f 2550/2611/4446 2544/2604/4446 2551/2612/4446
f 2551/2612/4447 2544/2604/4447 2545/2605/4447
f 2551/2612/4448 2545/2605/4448 2552/2613/4448
f 2552/2613/4449 2545/2605/4449 2553/2614/4449
f 2553/2614/4450 2545/2605/4450 2146/2161/4450
f 3924/2615/4451 3925/2606/4451 2554/2616/4451
f 2554/2616/4452 3925/2606/4452 2546/2607/4452
f 2554/2616/4453 2546/2607/4453 2555/2617/4453
f 2555/2617/4454 2546/2607/4454 2547/2608/4454
f 2555/2617/4455 2547/2608/4455 2556/2618/4455
f 2556/2618/4456 2547/2608/4456 2542/2602/4456
f 2556/2618/4457 2542/2602/4457 2548/2609/4457
f 2548/2609/4458 2549/2610/4458 2557/2619/4458
f 2557/2619/4459 2549/2610/4459 2550/2611/4459
f 2557/2619/4460 2550/2611/4460 2558/2620/4460
f 2558/2620/4461 2550/2611/4461 2551/2612/4461
f 2558/2620/4462 2551/2612/4462 2559/2621/4462
f 2559/2621/4462 2551/2612/4462 2552/2613/4462
f 2559/2621/4463 2552/2613/4463 2553/2614/4463
f 2560/2622/4464 3924/2615/4464 2561/2623/4464
f 2561/2623/4465 3924/2615/4465 2554/2616/4465
f 2561/2623/4466 2554/2616/4466 2562/2624/4466
f 2562/2624/4467 2554/2616/4467 2555/2617/4467
f 2562/2624/4468 2555/2617/4468 2556/2618/4468
f 2563/2625/4469 2548/2609/4469 2557/2619/4469
f 2563/2625/4470 2557/2619/4470 2564/2626/4470
f 2564/2626/4471 2557/2619/4471 2565/2627/4471
f 2565/2627/4472 2557/2619/4472 2558/2620/4472
f 2565/2627/4473 2558/2620/4473 2559/2621/4473
f 2565/2627/4474 2559/2621/4474 2566/2628/4474
f 2566/2628/4475 2559/2621/4475 2553/2614/4475
f 2567/2629/4476 2560/2622/4476 2568/2630/4476
f 2568/2630/4477 2560/2622/4478 2561/2623/4477
f 2568/2630/4479 2561/2623/4479 2569/2631/4479
f 2569/2631/4480 2561/2623/4480 2562/2624/4480
f 2569/2631/4481 2562/2624/4481 2232/2245/4481
f 2232/2245/4482 2562/2624/4482 2556/2618/4482
f 2232/2245/4483 2556/2618/4483 2233/2247/4483
f 2233/2247/4484 2556/2618/4484 2548/2609/4484
f 2233/2247/4485 2548/2609/4485 2563/2625/4485
f 2570/2632/4486 2563/2625/4486 2564/2626/4486
f 2570/2632/4487 2564/2626/4487 2571/2633/4487
f 2571/2633/4488 2564/2626/4488 2565/2627/4488
f 2571/2633/4489 2565/2627/4489 2572/2634/4489
f 2572/2634/4490 2565/2627/4490 2566/2628/4490
f 2572/2634/4491 2566/2628/4491 2573/2635/4491
f 2142/2157/4492 2567/2629/4492 2143/2158/4492
f 2143/2158/4493 2567/2629/4493 2568/2630/4493
f 2143/2158/4494 2568/2630/4494 2230/2243/4494
f 2230/2243/4495 2568/2630/4495 2569/2631/4495
f 2230/2243/4496 2569/2631/4496 2232/2245/4496
f 2231/2244/4497 2232/2245/4497 2233/2247/4497
f 2233/2247/4498 2563/2625/4498 2236/2249/4498
f 2236/2249/4499 2563/2625/4499 2570/2632/4499
f 2236/2249/4500 2570/2632/4500 2238/2251/4500
f 2238/2251/4501 2570/2632/4501 2571/2633/4501
f 2238/2251/4502 2571/2633/4502 2239/2252/4502
f 2239/2252/4503 2571/2633/4503 2572/2634/4503
f 2239/2252/4504 2572/2634/4504 2241/2254/4504
f 2241/2254/4505 2572/2634/4505 2573/2635/4505
f 2574/2636/4506 2260/2273/4506 2253/2266/4506
f 2574/2636/4507 2253/2266/4507 2575/2637/4507
f 2575/2637/4508 2253/2266/4508 2247/2261/4508
f 2575/2637/4509 2247/2261/4509 2576/2638/4509
f 2576/2638/4510 2247/2261/4510 2241/2254/4510
f 2576/2638/4511 2241/2254/4511 2577/2639/4511
f 2577/2639/4511 2241/2254/4511 2573/2635/4511
f 2577/2639/4512 2573/2635/4512 2566/2628/4512
f 2577/2639/4513 2566/2628/4513 2578/2640/4513
f 2566/2628/4514 2553/2614/4514 2578/2640/4514
f 2578/2640/4511 2553/2614/4511 2146/2161/4511
f 2578/2640/4511 2146/2161/4511 2579/2641/4511
f 2579/2641/4511 2146/2161/4511 2580/2642/4511
f 2580/2642/4511 2146/2161/4511 2145/2160/4511
f 2580/2642/4515 2145/2160/4515 2581/2643/4515
f 2581/2643/4511 2145/2160/4511 2149/2163/4511
f 2581/2643/4511 2149/2163/4511 2582/2644/4511
f 2583/2645/4511 2415/2439/4511 2403/2426/4511
f 2583/2645/4511 2403/2426/4511 2584/2646/4511
f 2584/2646/4511 2403/2426/4511 2392/2415/4511
f 2584/2646/4511 2392/2415/4511 2585/2647/4511
f 2585/2647/4511 2392/2415/4511 2381/2404/4511
f 2585/2647/4511 2381/2404/4511 2586/2648/4511
f 2587/2649/4516 2313/2327/4516 2305/2318/4516
f 2587/2649/4517 2305/2318/4517 2588/2650/4517
f 2588/2650/4518 2305/2318/4518 2297/2311/4518
f 2588/2650/4519 2297/2311/4519 2291/2304/4519
f 2588/2650/4520 2291/2304/4520 2589/2651/4520
f 2589/2651/4521 2291/2304/4521 2285/2298/4521
f 2589/2651/4511 2285/2298/4511 2273/2286/4511
f 2589/2651/4511 2273/2286/4511 2590/2652/4511
f 2590/2652/4511 2273/2286/4511 2574/2636/4511
f 2574/2636/4522 2273/2286/4522 2266/2279/4522
f 2574/2636/4523 2266/2279/4523 2260/2273/4523
f 2381/2404/4511 2369/2391/4511 2586/2648/4511
f 2586/2648/4511 2369/2391/4511 2591/2653/4511
f 2591/2653/4511 2369/2391/4511 2361/2382/4511
f 2591/2653/4511 2361/2382/4511 2348/2367/4511
f 2591/2653/4511 2348/2367/4511 2592/2654/4511
f 2592/2654/4511 2348/2367/4511 2340/2359/4511
f 2592/2654/4511 2340/2359/4511 2593/2655/4511
f 2593/2655/4511 2340/2359/4511 2326/2343/4511
f 2593/2655/4511 2326/2343/4511 2587/2649/4511
f 2587/2649/4511 2326/2343/4511 2319/2335/4511
f 2587/2649/4524 2319/2335/4524 2313/2327/4524
f 2594/2656/4511 2212/2224/4511 2595/2657/4511
f 2595/2657/4511 2212/2224/4511 2447/2475/4511
f 2595/2657/4511 2447/2475/4511 2596/2658/4511
f 2596/2658/4511 2447/2475/4511 2446/2474/4511
f 2596/2658/4511 2446/2474/4511 2597/2659/4511
f 2597/2659/4511 2446/2474/4511 2434/2459/4511
f 2597/2659/4511 2434/2459/4511 2598/2660/4511
f 2598/2660/4511 2434/2459/4511 2428/2453/4511
f 2598/2660/4511 2428/2453/4511 2583/2645/4511
f 2583/2645/4511 2428/2453/4511 2415/2439/4511
f 2599/2661/4525 2170/2182/4525 2174/2186/4525
f 2599/2661/4515 2174/2186/4515 2600/2662/4515
f 2600/2662/4515 2174/2186/4515 2183/2195/4515
f 2600/2662/4511 2183/2195/4511 2601/2663/4511
f 2601/2663/4511 2183/2195/4511 2192/2203/4511
f 2601/2663/4511 2192/2203/4511 2602/2664/4511
f 2602/2664/4526 2192/2203/4526 2198/2210/4526
f 2602/2664/4527 2198/2210/4527 2594/2656/4527
f 2594/2656/4528 2198/2210/4528 2205/2217/4528
f 2594/2656/4529 2205/2217/4529 2212/2224/4529
f 2149/2163/4515 2152/2165/4515 2582/2644/4515
f 2582/2644/4511 2152/2165/4511 2603/2665/4511
f 2603/2665/4511 2152/2165/4511 2155/2167/4511
f 2603/2665/4511 2155/2167/4511 2604/2666/4511
f 2604/2666/4530 2155/2167/4530 2157/2168/4530
f 2604/2666/4531 2157/2168/4531 2605/2667/4531
f 2605/2667/4532 2157/2168/4532 2159/2171/4532
f 2605/2667/4511 2159/2171/4511 2606/2668/4511
f 2606/2668/4511 2159/2171/4511 2161/2173/4511
f 2606/2668/4511 2161/2173/4511 2599/2661/4511
f 2599/2661/4511 2161/2173/4511 2166/2178/4511
f 2599/2661/4533 2166/2178/4533 2170/2182/4533
f 2611/2669/4534 2612/2670/4534 2613/2671/4534
f 2645/2672/4535 2646/2673/4535 2647/2674/4535
f 2646/2673/4536 2648/2675/4536 2649/2676/4536
f 2648/2675/4537 2650/2677/4537 2651/2678/4537
f 2650/2677/4538 2652/2679/4538 2653/2680/4538
f 2652/2679/4539 2654/2681/4539 2655/2682/4539
f 2654/2681/4540 2656/2683/4540 2657/2684/4540
f 2661/2685/4541 2662/2686/4541 2663/2687/4541
f 2662/2686/4542 2664/2688/4542 2665/2689/4542
f 2667/2690/4543 2668/2691/4543 2669/2692/4543
f 2668/2691/4544 2671/2693/4544 2670/2694/4544
f 2673/2695/4545 2674/2696/4545 2675/2697/4545
f 2674/2696/4546 2676/2698/4546 2677/2699/4546
f 2676/2698/4547 2678/2700/4547 2679/2701/4547
f 2678/2700/4548 2680/2702/4548 2681/2703/4548
f 2680/2702/4549 2682/2704/4549 2683/2705/4549
f 2682/2704/4550 2684/2706/4550 2685/2707/4550
f 2684/2706/4551 2686/2708/4551 2687/2709/4551
f 2686/2708/4552 2688/2710/4552 2689/2711/4552
f 2688/2710/4553 2690/2712/4553 2691/2713/4553
f 2690/2712/4554 2692/2714/4554 2693/2715/4554
f 2692/2714/4555 2694/2716/4555 2695/2717/4555
f 2694/2716/4556 2696/2718/4556 2697/2719/4556
f 2696/2718/4557 2698/2720/4557 2699/2721/4557
f 2698/2720/4558 2700/2722/4558 2701/2723/4558
f 2700/2722/4559 2702/2724/4559 2703/2725/4559
f 2702/2724/4560 2704/2726/4560 2705/2727/4560
f 2704/2726/4561 2706/2728/4561 2707/2729/4561
f 2706/2728/4562 2708/2730/4562 2709/2731/4562
f 2708/2730/4563 2710/2732/4563 2711/2733/4563
f 2710/2732/4564 2712/2734/4564 2713/2735/4564
f 2712/2734/4565 2714/2736/4565 2715/2737/4565
f 2714/2736/4566 3845/2738/4566 2716/2739/4566
f 3845/2738/4567 2717/2740/4567 2718/2741/4567
f 2719/2742/4568 2720/2743/4568 2721/2744/4568
f 2725/2745/4569 2726/2746/4569 2724/2747/4569
f 2728/2748/4570 2729/2749/4570 2726/2746/4570
f 2731/2750/4571 2730/2751/4571 2732/2752/4572
f 2733/2753/4573 2731/2750/4573 2734/2754/4573
f 2734/2754/4574 2731/2750/4574 2732/2752/4574
f 2735/2755/4575 2733/2753/4575 2736/2756/4575
f 2736/2756/4576 2733/2753/4576 2734/2754/4576
f 2736/2756/4577 2734/2754/4577 2737/2757/4577
f 2738/2758/4578 2735/2755/4578 2736/2756/4578
f 2738/2758/4579 2736/2756/4579 2737/2757/4579
f 2738/2758/4580 2737/2757/4580 2739/2759/4580
f 2740/2760/4581 2735/2755/4582 2738/2758/4582
f 2740/2760/4583 2738/2758/4583 2741/2761/4583
f 2741/2761/4584 2738/2758/4584 2742/2762/4584
f 2742/2762/4585 2738/2758/4585 2739/2759/4585
f 2742/2762/4586 2739/2759/4586 2743/2763/4586
f 2744/2764/4587 2740/2760/4588 2745/2765/4589
f 2745/2765/4590 2740/2760/4590 2741/2761/4591
f 2745/2765/4592 2741/2761/4592 2746/2766/4592
f 2746/2766/4593 2741/2761/4593 2742/2762/4593
f 2746/2766/4594 2742/2762/4594 2747/2767/4594
f 2747/2767/4595 2742/2762/4595 2743/2763/4595
f 2748/2768/4596 2744/2764/4596 2745/2765/4596
f 2748/2768/4597 2745/2765/4597 2749/2769/4597
f 2749/2769/4598 2745/2765/4599 2746/2766/4599
f 2749/2769/4600 2746/2766/4600 2750/2770/4600
f 2750/2770/4601 2746/2766/4601 2747/2767/4601
f 2750/2770/4602 2747/2767/4602 2751/2771/4602
f 2752/2772/4603 2744/2764/4603 2753/2773/4603
f 2753/2773/4604 2744/2764/4604 2748/2768/4604
f 2753/2773/4605 2748/2768/4605 2754/2774/4605
f 2754/2774/4606 2748/2768/4606 2749/2769/4606
f 2754/2774/4607 2749/2769/4607 2755/2775/4607
f 2755/2775/4608 2749/2769/4608 2750/2770/4608
f 2755/2775/4609 2750/2770/4609 2756/2776/4609
f 2756/2776/4610 2750/2770/4610 2751/2771/4610
f 2756/2776/4611 2751/2771/4611 2757/2777/4611
f 2758/2778/4612 2752/2772/4612 2753/2773/4612
f 2758/2778/4613 2753/2773/4613 2759/2779/4613
f 2759/2779/4614 2753/2773/4614 2754/2774/4614
f 2759/2779/4615 2754/2774/4615 2760/2780/4615
f 2760/2780/4616 2754/2774/4616 2755/2775/4616
f 2760/2780/4617 2755/2775/4617 2761/2781/4617
f 2761/2781/4618 2755/2775/4618 2756/2776/4618
f 2763/2782/4619 2758/2778/4619 2764/2783/4619
f 2764/2783/4620 2758/2778/4620 2759/2779/4620
f 2764/2783/4621 2759/2779/4622 2765/2784/4621
f 2765/2784/4623 2759/2779/4623 2760/2780/4623
f 2765/2784/4624 2760/2780/4624 2766/2785/4624
f 2766/2785/4625 2760/2780/4625 2761/2781/4625
f 2767/2786/4626 2761/2781/4626 2756/2776/4626
f 2767/2786/4627 2756/2776/4627 2757/2777/4627
f 2768/2787/4628 2763/2782/4628 2764/2783/4628
f 2768/2787/4629 2764/2783/4629 2769/2788/4629
f 2769/2788/4630 2764/2783/4630 2765/2784/4630
f 2769/2788/4631 2765/2784/4631 2770/2789/4631
f 2770/2789/4632 2765/2784/4632 2766/2785/4632
f 2770/2789/4633 2766/2785/4633 2771/2790/4633
f 2771/2790/4634 2766/2785/4634 2761/2781/4634
f 2771/2790/4635 2761/2781/4635 2767/2786/4635
f 2767/2786/4636 2757/2777/4636 2772/2791/4636
f 2772/2791/4637 2757/2777/4637 2762/2792/4637
f 2772/2791/4638 2762/2792/4638 2773/2793/4638
f 2774/2794/4639 2763/2782/4639 2768/2787/4640
f 2774/2794/4641 2768/2787/4641 2775/2795/4641
f 2775/2795/4642 2768/2787/4642 2769/2788/4642
f 2775/2795/4643 2769/2788/4643 2776/2796/4643
f 2776/2796/4644 2769/2788/4644 2770/2789/4644
f 2776/2796/4645 2770/2789/4645 2777/2797/4645
f 2777/2797/4646 2770/2789/4646 2771/2790/4646
f 2783/2798/4647 2771/2790/4647 2767/2786/4647
f 2783/2798/4648 2767/2786/4648 2772/2791/4648
f 2778/2799/4649 2772/2791/4649 2773/2793/4649
f 2779/2800/4650 2774/2794/4650 2780/2801/4650
f 2780/2801/4651 2774/2794/4651 2775/2795/4651
f 2780/2801/4652 2775/2795/4652 2781/2802/4652
f 2781/2802/4653 2775/2795/4653 2776/2796/4653
f 2781/2802/4654 2776/2796/4654 2782/2803/4654
f 2782/2803/4655 2776/2796/4655 2777/2797/4655
f 2782/2803/4656 2777/2797/4656 2783/2798/4656
f 2783/2798/4657 2777/2797/4657 2771/2790/4657
f 2784/2804/4658 2783/2798/4658 2772/2791/4658
f 2784/2804/4659 2772/2791/4659 2785/2805/4659
f 2785/2805/4660 2772/2791/4660 2778/2799/4660
f 2785/2805/4661 2778/2799/4661 2786/2806/4661
f 2787/2807/4662 2779/2800/4662 2788/2808/4662
f 2788/2808/4663 2779/2800/4663 2780/2801/4663
f 2788/2808/4664 2780/2801/4665 2789/2809/4665
f 2789/2809/4666 2780/2801/4666 2781/2802/4666
f 2789/2809/4667 2781/2802/4667 2790/2810/4667
f 2790/2810/4668 2781/2802/4668 2782/2803/4668
f 2790/2810/4669 2782/2803/4669 2791/2811/4669
f 2791/2811/4670 2782/2803/4670 2783/2798/4670
f 2792/2812/4671 2784/2804/4671 2785/2805/4671
f 2792/2812/4672 2785/2805/4672 2786/2806/4672
f 2792/2812/4673 2786/2806/4673 2644/2813/4673
f 2793/2814/4674 2787/2807/4674 2788/2808/4674
f 2793/2814/4675 2788/2808/4675 2794/2815/4675
f 2794/2815/4676 2788/2808/4676 2789/2809/4676
f 2794/2815/4677 2789/2809/4677 2795/2816/4677
f 2795/2816/4678 2789/2809/4678 2790/2810/4678
f 2795/2816/4679 2790/2810/4679 2791/2811/4679
f 3003/2817/4680 2791/2811/4680 2783/2798/4680
f 3003/2817/4681 2783/2798/4681 2796/2818/4681
f 2796/2818/4682 2783/2798/4682 2784/2804/4682
f 2796/2818/4683 2784/2804/4683 2797/2819/4683
f 2797/2819/4684 2784/2804/4684 2792/2812/4684
f 2797/2819/4685 2792/2812/4685 2798/2820/4685
f 2798/2820/4686 2792/2812/4686 2647/2674/4686
f 2647/2674/4687 2792/2812/4687 2644/2813/4687
f 2716/2739/4688 3845/2738/4688 2718/2741/4688
f 2716/2739/4689 2718/2741/4689 2801/2821/4689
f 2801/2821/4690 2718/2741/4690 2802/2822/4690
f 2801/2821/4691 2802/2822/4691 2803/2823/4691
f 2803/2823/4692 2802/2822/4692 2804/2824/4692
f 2806/2825/4693 2805/2826/4694 2807/2827/4694
f 2807/2827/4695 2805/2826/4695 2808/2828/4695
f 2807/2827/4696 2808/2828/4696 2809/2829/4696
f 2809/2829/4697 2808/2828/4697 2810/2830/4697
f 2809/2829/4698 2810/2830/4698 2811/2831/4698
f 2809/2829/4699 2811/2831/4699 2812/2832/4699
f 2812/2832/4700 2811/2831/4700 2813/2833/4700
f 2715/2737/4701 2714/2736/4701 2716/2739/4701
f 2715/2737/4702 2716/2739/4702 2801/2821/4702
f 2715/2737/4703 2801/2821/4703 2814/2834/4703
f 2814/2834/4704 2801/2821/4704 2815/2835/4704
f 2815/2835/4705 2801/2821/4705 2803/2823/4705
f 2815/2835/4706 2803/2823/4706 2816/2836/4706
f 2816/2836/4707 2803/2823/4707 2805/2826/4707
f 2816/2836/4708 2805/2826/4708 2806/2825/4708
f 2806/2825/4709 2807/2827/4709 2817/2837/4709
f 2817/2837/4710 2807/2827/4710 2809/2829/4710
f 2817/2837/4711 2809/2829/4711 2818/2838/4711
f 2818/2838/4712 2809/2829/4712 2819/2839/4712
f 2819/2839/4713 2809/2829/4713 2812/2832/4713
f 2819/2839/4714 2812/2832/4714 2820/2840/4714
f 2820/2840/4715 2812/2832/4715 2813/2833/4715
f 2713/2735/4716 2712/2734/4716 2715/2737/4716
f 2713/2735/4717 2715/2737/4717 2821/2841/4717
f 2821/2841/4718 2715/2737/4718 2814/2834/4718
f 2821/2841/4719 2814/2834/4719 2815/2835/4719
f 2822/2842/4720 2816/2836/4720 2806/2825/4720
f 2822/2842/4721 2806/2825/4721 2823/2843/4721
f 2823/2843/4722 2806/2825/4722 2817/2837/4722
f 2823/2843/4723 2817/2837/4723 2824/2844/4723
f 2824/2844/4724 2817/2837/4724 2818/2838/4724
f 2824/2844/4725 2818/2838/4725 2825/2845/4725
f 2825/2845/4726 2818/2838/4726 2819/2839/4726
f 2825/2845/4727 2819/2839/4727 2820/2840/4727
f 2711/2733/4728 2710/2732/4728 2713/2735/4728
f 2711/2733/4729 2713/2735/4729 2826/2846/4729
f 2826/2846/4730 2713/2735/4730 2821/2841/4730
f 2826/2846/4731 2821/2841/4731 2827/2847/4731
f 2827/2847/4732 2821/2841/4732 2815/2835/4732
f 2827/2847/4733 2815/2835/4733 2816/2836/4733
f 2828/2848/4734 2816/2836/4735 2822/2842/4736
f 2829/2849/4737 2822/2842/4737 2823/2843/4737
f 2829/2849/4738 2823/2843/4738 2830/2850/4738
f 2830/2850/4739 2823/2843/4739 2824/2844/4739
f 2830/2850/4740 2824/2844/4740 2825/2845/4740
f 2830/2850/4741 2825/2845/4741 2831/2851/4741
f 2831/2851/4742 2825/2845/4742 2820/2840/4742
f 2709/2731/4743 2708/2730/4743 2711/2733/4743
f 2709/2731/4744 2711/2733/4744 2832/2852/4744
f 2832/2852/4745 2711/2733/4745 2826/2846/4745
f 2832/2852/4746 2826/2846/4746 2827/2847/4746
f 2838/2853/4747 2827/2847/4747 2816/2836/4747
f 2828/2848/4748 2822/2842/4748 2833/2854/4748
f 2833/2854/4749 2822/2842/4749 2829/2849/4749
f 2833/2854/4750 2829/2849/4750 2834/2855/4750
f 2834/2855/4751 2829/2849/4751 2830/2850/4751
f 2834/2855/4752 2830/2850/4752 2835/2856/4752
f 2835/2856/4753 2830/2850/4753 2831/2851/4753
f 2835/2856/4754 2831/2851/4754 2836/2857/4754
f 2707/2729/4755 2706/2728/4755 2709/2731/4755
f 2707/2729/4756 2709/2731/4756 2837/2858/4756
f 2837/2858/4757 2709/2731/4757 2832/2852/4757
f 2837/2858/4758 2832/2852/4758 2838/2853/4758
f 2838/2853/4759 2832/2852/4759 2827/2847/4759
f 2839/2859/4760 2838/2853/4760 2816/2836/4760
f 2839/2859/4761 2816/2836/4761 2828/2848/4761
f 2839/2859/4762 2828/2848/4762 2840/2860/4762
f 2840/2860/4763 2828/2848/4763 2833/2854/4763
f 2840/2860/4764 2833/2854/4764 2841/2861/4764
f 2841/2861/4765 2833/2854/4765 2834/2855/4765
f 2841/2861/4766 2834/2855/4766 2842/2862/4766
f 2842/2862/4767 2834/2855/4767 2835/2856/4767
f 2842/2862/4768 2835/2856/4768 2836/2857/4768
f 2705/2727/4769 2704/2726/4769 2707/2729/4769
f 2705/2727/4770 2707/2729/4770 2843/2863/4770
f 2843/2863/4771 2707/2729/4771 2837/2858/4771
f 2843/2863/4772 2837/2858/4772 2844/2864/4772
f 2844/2864/4773 2837/2858/4773 2838/2853/4773
f 2844/2864/4774 2838/2853/4774 2845/2865/4774
f 2845/2865/4775 2838/2853/4775 2839/2859/4775
f 2846/2866/4776 2839/2859/4776 2840/2860/4776
f 2846/2866/4777 2840/2860/4777 2841/2861/4777
f 2846/2866/4778 2841/2861/4778 2847/2867/4778
f 2847/2867/4779 2841/2861/4779 2848/2868/4779
f 2848/2868/4780 2841/2861/4780 2842/2862/4780
f 2848/2868/4781 2842/2862/4781 2849/2869/4781
f 2849/2869/4782 2842/2862/4782 2836/2857/4783
f 2703/2725/4784 2702/2724/4784 2705/2727/4784
f 2703/2725/4785 2705/2727/4785 2850/2870/4785
f 2850/2870/4786 2705/2727/4786 2843/2863/4786
f 2850/2870/4787 2843/2863/4787 2844/2864/4787
f 2851/2871/4788 2845/2865/4788 2839/2859/4788
f 2851/2871/4789 2839/2859/4789 2852/2872/4789
f 2852/2872/4790 2839/2859/4790 2846/2866/4790
f 2852/2872/4791 2846/2866/4791 2853/2873/4791
f 2853/2873/4792 2846/2866/4792 2847/2867/4792
f 2853/2873/4793 2847/2867/4793 2854/2874/4793
f 2854/2874/4794 2847/2867/4794 2848/2868/4794
f 2854/2874/4795 2848/2868/4795 2855/2875/4795
f 2855/2875/4796 2848/2868/4796 2849/2869/4796
f 2701/2723/4797 2700/2722/4797 2703/2725/4797
f 2701/2723/4798 2703/2725/4798 2850/2870/4798
f 2701/2723/4799 2850/2870/4799 2856/2876/4799
f 2856/2876/4800 2850/2870/4800 2857/2877/4800
f 2857/2877/4801 2850/2870/4801 2844/2864/4801
f 2857/2877/4802 2844/2864/4802 2845/2865/4802
f 2851/2871/4803 2852/2872/4803 2858/2878/4803
f 2858/2878/4804 2852/2872/4804 2853/2873/4804
f 2858/2878/4805 2853/2873/4805 2859/2879/4805
f 2859/2879/4806 2853/2873/4806 2860/2880/4806
f 2860/2880/4807 2853/2873/4807 2854/2874/4807
f 2860/2880/4808 2854/2874/4808 2855/2875/4808
f 2699/2721/4809 2698/2720/4809 2701/2723/4809
f 2699/2721/4810 2701/2723/4810 2861/2881/4810
f 2861/2881/4811 2701/2723/4811 2856/2876/4811
f 2861/2881/4812 2856/2876/4812 2857/2877/4812
f 2868/2882/4813 2857/2877/4813 2845/2865/4813
f 2862/2883/4814 2845/2865/4814 2851/2871/4814
f 2862/2883/4815 2851/2871/4815 2863/2884/4815
f 2863/2884/4816 2851/2871/4816 2858/2878/4816
f 2863/2884/4817 2858/2878/4817 2864/2885/4817
f 2864/2885/4818 2858/2878/4818 2859/2879/4818
f 2864/2885/4819 2859/2879/4819 2865/2886/4819
f 2865/2886/4820 2859/2879/4820 2860/2880/4820
f 2865/2886/4821 2860/2880/4821 2866/2887/4821
f 2866/2887/4822 2860/2880/4822 2855/2875/4822
f 2697/2719/4823 2696/2718/4823 2699/2721/4823
f 2697/2719/4824 2699/2721/4824 2861/2881/4824
f 2697/2719/4825 2861/2881/4825 2867/2888/4825
f 2867/2888/4826 2861/2881/4826 2857/2877/4826
f 2867/2888/4827 2857/2877/4827 2868/2882/4827
f 2869/2889/4828 2868/2882/4828 2845/2865/4828
f 2869/2889/4829 2845/2865/4829 2862/2883/4829
f 2870/2890/4830 2862/2883/4830 2863/2884/4830
f 2870/2890/4831 2863/2884/4831 2871/2891/4831
f 2871/2891/4832 2863/2884/4832 2864/2885/4832
f 2871/2891/4833 2864/2885/4833 2872/2892/4833
f 2872/2892/4834 2864/2885/4834 2865/2886/4834
f 2872/2892/4835 2865/2886/4835 2873/2893/4835
f 2873/2893/4836 2865/2886/4836 2866/2887/4836
f 2695/2717/4837 2694/2716/4837 2697/2719/4837
f 2695/2717/4838 2697/2719/4838 2874/2894/4838
f 2874/2894/4839 2697/2719/4839 2867/2888/4839
f 2874/2894/4840 2867/2888/4840 2875/2895/4840
f 2875/2895/4841 2867/2888/4841 2868/2882/4841
f 2875/2895/4842 2868/2882/4842 2869/2889/4842
f 2876/2896/4843 2869/2889/4843 2862/2883/4843
f 2876/2896/4844 2862/2883/4844 2877/2897/4844
f 2877/2897/4845 2862/2883/4845 2870/2890/4845
f 2877/2897/4846 2870/2890/4846 2878/2898/4846
f 2878/2898/4847 2870/2890/4847 2871/2891/4847
f 2878/2898/4848 2871/2891/4848 2879/2899/4848
f 2879/2899/4849 2871/2891/4849 2872/2892/4849
f 2879/2899/4850 2872/2892/4850 2873/2893/4850
f 2693/2715/4851 2692/2714/4851 2695/2717/4851
f 2693/2715/4852 2695/2717/4852 2880/2900/4852
f 2880/2900/4853 2695/2717/4853 2874/2894/4853
f 2880/2900/4854 2874/2894/4854 2875/2895/4854
f 2886/2901/4855 2875/2895/4855 2869/2889/4855
f 2881/2902/4856 2876/2896/4856 2877/2897/4856
f 2881/2902/4857 2877/2897/4857 2882/2903/4857
f 2882/2903/4858 2877/2897/4858 2878/2898/4858
f 2882/2903/4859 2878/2898/4859 2883/2904/4859
f 2883/2904/4860 2878/2898/4860 2879/2899/4860
f 2883/2904/4861 2879/2899/4861 2884/2905/4861
f 2884/2905/4862 2879/2899/4862 2873/2893/4862
f 2691/2713/4863 2690/2712/4863 2693/2715/4863
f 2691/2713/4864 2693/2715/4864 2885/2906/4864
f 2885/2906/4865 2693/2715/4865 2880/2900/4865
f 2885/2906/4866 2880/2900/4866 2886/2901/4866
f 2886/2901/4867 2880/2900/4867 2875/2895/4867
f 2892/2907/4868 2869/2889/4868 2876/2896/4868
f 2892/2907/4869 2876/2896/4869 2887/2908/4869
f 2887/2908/4870 2876/2896/4870 2881/2902/4870
f 2887/2908/4871 2881/2902/4871 2888/2909/4871
f 2888/2909/4872 2881/2902/4872 2882/2903/4872
f 2888/2909/4873 2882/2903/4873 2889/2910/4873
f 2889/2910/4874 2882/2903/4874 2883/2904/4874
f 2889/2910/4875 2883/2904/4875 2884/2905/4875
f 2689/2711/4876 2688/2710/4876 2691/2713/4876
f 2689/2711/4877 2691/2713/4877 2885/2906/4877
f 2689/2711/4878 2885/2906/4878 2890/2911/4878
f 2890/2911/4879 2885/2906/4879 2891/2912/4879
f 2891/2912/4880 2885/2906/4880 2886/2901/4880
f 2891/2912/4881 2886/2901/4881 2892/2907/4881
f 2892/2907/4882 2886/2901/4882 2869/2889/4882
f 2893/2913/4883 2892/2907/4883 2887/2908/4883
f 2893/2913/4884 2887/2908/4884 2894/2914/4884
f 2894/2914/4885 2887/2908/4885 2888/2909/4886
f 2894/2914/4887 2888/2909/4887 2895/2915/4887
f 2895/2915/4888 2888/2909/4888 2889/2910/4888
f 2895/2915/4889 2889/2910/4889 2896/2916/4889
f 2896/2916/4890 2889/2910/4890 2884/2905/4890
f 2687/2709/4891 2686/2708/4891 2689/2711/4891
f 2687/2709/4892 2689/2711/4892 2897/2917/4892
f 2897/2917/4893 2689/2711/4893 2890/2911/4893
f 2897/2917/4894 2890/2911/4894 2891/2912/4894
f 2905/2918/4895 2891/2912/4895 2898/2919/4895
f 2898/2919/4896 2891/2912/4896 2892/2907/4897
f 2899/2920/4898 2892/2907/4898 2893/2913/4898
f 2899/2920/4899 2893/2913/4899 2900/2921/4899
f 2900/2921/4900 2893/2913/4900 2894/2914/4900
f 2900/2921/4901 2894/2914/4901 2901/2922/4901
f 2901/2922/4902 2894/2914/4902 2895/2915/4902
f 2901/2922/4903 2895/2915/4903 2902/2923/4903
f 2902/2923/4904 2895/2915/4904 2896/2916/4904
f 2902/2923/4905 2896/2916/4905 2903/2924/4905
f 2685/2707/4906 2684/2706/4906 2687/2709/4906
f 2685/2707/4907 2687/2709/4907 2904/2925/4907
f 2904/2925/4908 2687/2709/4908 2897/2917/4908
f 2904/2925/4909 2897/2917/4910 2905/2918/4910
f 2905/2918/4911 2897/2917/4911 2891/2912/4911
f 2906/2926/4912 2898/2919/4912 2892/2907/4912
f 2906/2926/4913 2892/2907/4913 2899/2920/4913
f 2899/2920/4914 2900/2921/4914 2907/2927/4914
f 2907/2927/4915 2900/2921/4915 2901/2922/4915
f 2907/2927/4916 2901/2922/4916 2908/2928/4916
f 2908/2928/4917 2901/2922/4917 2902/2923/4917
f 2908/2928/4918 2902/2923/4918 2909/2929/4918
f 2909/2929/4919 2902/2923/4919 2903/2924/4919
f 2683/2705/4920 2682/2704/4920 2685/2707/4920
f 2683/2705/4921 2685/2707/4921 2910/2930/4921
f 2910/2930/4922 2685/2707/4922 2904/2925/4922
f 2910/2930/4923 2904/2925/4923 2911/2931/4923
f 2911/2931/4924 2904/2925/4924 2905/2918/4924
f 2911/2931/4925 2905/2918/4925 2916/2932/4925
f 2916/2932/4926 2905/2918/4926 2898/2919/4926
f 2912/2933/4927 2906/2926/4927 2899/2920/4927
f 2912/2933/4928 2899/2920/4928 2913/2934/4928
f 2913/2934/4929 2899/2920/4929 2907/2927/4929
f 2913/2934/4930 2907/2927/4930 2914/2935/4930
f 2914/2935/4931 2907/2927/4931 2908/2928/4931
f 2914/2935/4932 2908/2928/4932 2909/2929/4932
f 2681/2703/4933 2680/2702/4933 2683/2705/4933
f 2681/2703/4934 2683/2705/4934 2910/2930/4934
f 2681/2703/4935 2910/2930/4935 2915/2936/4935
f 2915/2936/4936 2910/2930/4936 2911/2931/4936
f 2915/2936/4937 2911/2931/4937 2916/2932/4937
f 2917/2937/4938 2898/2919/4938 2906/2926/4938
f 2917/2937/4939 2906/2926/4939 2912/2933/4939
f 2917/2937/4940 2912/2933/4940 2918/2938/4940
f 2918/2938/4941 2912/2933/4941 2913/2934/4941
f 2918/2938/4942 2913/2934/4942 2919/2939/4942
f 2919/2939/4943 2913/2934/4943 2914/2935/4943
f 2919/2939/4944 2914/2935/4944 2920/2940/4944
f 2920/2940/4945 2914/2935/4946 2921/2941/4947
f 2921/2941/4948 2914/2935/4949 2909/2929/4949
f 2679/2701/4950 2678/2700/4950 2681/2703/4950
f 2679/2701/4951 2681/2703/4951 2922/2942/4951
f 2922/2942/4952 2681/2703/4952 2915/2936/4952
f 2922/2942/4953 2915/2936/4953 2923/2943/4953
f 2923/2943/4954 2915/2936/4954 2916/2932/4954
f 2916/2932/4955 2898/2919/4955 2917/2937/4955
f 2924/2944/4956 2917/2937/4956 2918/2938/4956
f 2924/2944/4957 2918/2938/4957 2925/2945/4957
f 2925/2945/4958 2918/2938/4958 2919/2939/4958
f 2925/2945/4959 2919/2939/4959 2926/2946/4959
f 2926/2946/4960 2919/2939/4960 2920/2940/4960
f 2926/2946/4961 2920/2940/4961 2927/2947/4961
f 2927/2947/4962 2920/2940/4963 2921/2941/4964
f 2677/2699/4965 2676/2698/4965 2679/2701/4965
f 2677/2699/4966 2679/2701/4966 2928/2948/4966
f 2928/2948/4967 2679/2701/4967 2922/2942/4967
f 2928/2948/4968 2922/2942/4968 2923/2943/4968
f 2929/2949/4969 2916/2932/4969 2917/2937/4969
f 2929/2949/4970 2917/2937/4970 2924/2944/4970
f 2929/2949/4971 2924/2944/4971 2930/2950/4971
f 2930/2950/4972 2924/2944/4972 2925/2945/4972
f 2930/2950/4973 2925/2945/4973 2931/2951/4973
f 2931/2951/4974 2925/2945/4974 2926/2946/4974
f 2931/2951/4975 2926/2946/4975 2932/2952/4975
f 2932/2952/4976 2926/2946/4976 2927/2947/4976
f 2932/2952/4977 2927/2947/4977 2933/2953/4977
f 2675/2697/4978 2674/2696/4978 2677/2699/4978
f 2675/2697/4979 2677/2699/4979 2934/2954/4979
f 2934/2954/4980 2677/2699/4980 2928/2948/4980
f 2934/2954/4981 2928/2948/4981 2935/2955/4981
f 2935/2955/4982 2928/2948/4982 2923/2943/4982
f 2935/2955/4983 2923/2943/4983 2941/2956/4983
f 2941/2956/4984 2923/2943/4984 2936/2957/4984
f 2936/2957/4985 2923/2943/4985 2916/2932/4985
f 2936/2957/4986 2916/2932/4986 2929/2949/4986
f 2937/2958/4987 2929/2949/4987 2930/2950/4987
f 2937/2958/4988 2930/2950/4988 2938/2959/4988
f 2938/2959/4989 2930/2950/4989 2931/2951/4989
f 2938/2959/4990 2931/2951/4990 2939/2960/4991
f 2939/2960/4992 2931/2951/4992 2932/2952/4992
f 2939/2960/4993 2932/2952/4993 2933/2953/4993
f 2671/2693/4994 2673/2695/4994 2672/2961/4994
f 2672/2961/4995 2673/2695/4995 2675/2697/4995
f 2672/2961/4996 2675/2697/4996 2940/2962/4996
f 2940/2962/4997 2675/2697/4997 2934/2954/4997
f 2940/2962/4998 2934/2954/4998 2935/2955/4998
f 2936/2957/4999 2929/2949/4999 2942/2963/4999
f 2942/2963/5000 2929/2949/5000 2937/2958/5000
f 2942/2963/5001 2937/2958/5001 2943/2964/5001
f 2943/2964/5002 2937/2958/5002 2938/2959/5002
f 2943/2964/5003 2938/2959/5003 2944/2965/5003
f 2944/2965/5004 2938/2959/5005 2939/2960/5004
f 2944/2965/5006 2939/2960/5007 2945/2966/5007
f 2945/2966/5008 2939/2960/5008 2946/2967/5008
f 2946/2967/5009 2939/2960/5009 2933/2953/5009
f 2670/2694/5010 2671/2693/5010 2672/2961/5010
f 2670/2694/5011 2672/2961/5011 2947/2968/5011
f 2947/2968/5012 2672/2961/5012 2940/2962/5012
f 2947/2968/5013 2940/2962/5013 2935/2955/5013
f 2947/2968/5014 2935/2955/5014 2948/2969/5014
f 2948/2969/5015 2935/2955/5015 2941/2956/5015
f 2948/2969/5016 2941/2956/5016 2936/2957/5016
f 2949/2970/5017 2936/2957/5017 2942/2963/5017
f 2942/2963/5018 2943/2964/5018 2950/2971/5018
f 2950/2971/5019 2943/2964/5019 2944/2965/5019
f 2950/2971/5020 2944/2965/5021 2951/2972/5020
f 2951/2972/5022 2944/2965/5022 2945/2966/5022
f 2951/2972/5023 2945/2966/5023 2952/2973/5023
f 2952/2973/5024 2945/2966/5024 2946/2967/5024
f 2669/2692/5025 2668/2691/5025 2670/2694/5025
f 2669/2692/5026 2670/2694/5026 2953/2974/5026
f 2953/2974/5027 2670/2694/5027 2947/2968/5027
f 2953/2974/5028 2947/2968/5028 2948/2969/5028
f 2954/2975/5029 2948/2969/5029 2936/2957/5029
f 2954/2975/5030 2936/2957/5030 2949/2970/5030
f 2955/2976/5031 2949/2970/5031 2942/2963/5031
f 2955/2976/5032 2942/2963/5032 2956/2977/5032
f 2956/2977/5033 2942/2963/5033 2950/2971/5033
f 2956/2977/5034 2950/2971/5034 2957/2978/5034
f 2957/2978/5035 2950/2971/5035 2951/2972/5035
f 2957/2978/5036 2951/2972/5036 2952/2973/5036
f 2664/2688/5037 2667/2690/5037 2666/2979/5037
f 2666/2979/5038 2667/2690/5038 2669/2692/5038
f 2666/2979/5039 2669/2692/5039 2958/2980/5039
f 2958/2980/5040 2669/2692/5040 2953/2974/5040
f 2958/2980/5041 2953/2974/5041 2959/2981/5041
f 2959/2981/5042 2953/2974/5042 2948/2969/5042
f 2959/2981/5043 2948/2969/5043 2965/2982/5043
f 2965/2982/5044 2948/2969/5044 2954/2975/5044
f 2954/2975/5045 2949/2970/5045 2960/2983/5045
f 2960/2983/5046 2949/2970/5046 2955/2976/5046
f 2960/2983/5047 2955/2976/5047 2961/2984/5047
f 2961/2984/5048 2955/2976/5048 2956/2977/5048
f 2961/2984/5049 2956/2977/5049 2962/2985/5049
f 2962/2985/5050 2956/2977/5050 2957/2978/5050
f 2962/2985/5051 2957/2978/5051 2963/2986/5051
f 2963/2986/5052 2957/2978/5052 2952/2973/5052
f 2665/2689/5053 2664/2688/5053 2666/2979/5053
f 2665/2689/5054 2666/2979/5054 2964/2987/5054
f 2964/2987/5055 2666/2979/5055 2958/2980/5055
f 2964/2987/5056 2958/2980/5056 2959/2981/5056
f 2964/2987/5057 2959/2981/5057 2965/2982/5057
f 2966/2988/5058 2954/2975/5058 2967/2989/5058
f 2967/2989/5059 2954/2975/5059 2960/2983/5059
f 2967/2989/5060 2960/2983/5060 2968/2990/5060
f 2968/2990/5061 2960/2983/5061 2961/2984/5061
f 2968/2990/5062 2961/2984/5062 2969/2991/5062
f 2969/2991/5063 2961/2984/5063 2962/2985/5063
f 2969/2991/5064 2962/2985/5064 2970/2992/5064
f 2970/2992/5065 2962/2985/5065 2963/2986/5065
f 2663/2687/5066 2662/2686/5066 2665/2689/5066
f 2663/2687/5067 2665/2689/5067 2964/2987/5067
f 2663/2687/5068 2964/2987/5068 2971/2993/5068
f 2971/2993/5069 2964/2987/5069 2972/2994/5069
f 2972/2994/5070 2964/2987/5070 2965/2982/5070
f 2972/2994/5071 2965/2982/5071 2973/2995/5071
f 2973/2995/5072 2965/2982/5072 2954/2975/5072
f 2973/2995/5073 2954/2975/5073 2966/2988/5073
f 2966/2988/5074 2967/2989/5074 2974/2996/5074
f 2974/2996/5075 2967/2989/5075 2968/2990/5075
f 2974/2996/5076 2968/2990/5076 2975/2997/5076
f 2975/2997/5077 2968/2990/5077 2969/2991/5077
f 2975/2997/5078 2969/2991/5078 2976/2998/5078
f 2976/2998/5079 2969/2991/5079 2970/2992/5079
f 2659/2999/5080 2661/2685/5080 2660/3000/5080
f 2660/3000/5081 2661/2685/5081 2663/2687/5081
f 2660/3000/5082 2663/2687/5082 2977/3001/5082
f 2977/3001/5083 2663/2687/5083 2971/2993/5083
f 2977/3001/5084 2971/2993/5084 2972/2994/5084
f 2978/3002/5085 2972/2994/5085 2973/2995/5085
f 2973/2995/5086 2966/2988/5087 2979/3003/5087
f 2979/3003/5088 2966/2988/5088 2980/3004/5088
f 2980/3004/5089 2966/2988/5089 2974/2996/5089
f 2980/3004/5090 2974/2996/5090 2981/3005/5090
f 2981/3005/5091 2974/2996/5091 2975/2997/5091
f 2981/3005/5092 2975/2997/5092 2982/3006/5092
f 2982/3006/5093 2975/2997/5093 2976/2998/5093
f 2656/2683/5094 2659/2999/5094 2658/3007/5094
f 2658/3007/5095 2659/2999/5095 2660/3000/5095
f 2658/3007/5096 2660/3000/5096 2983/3008/5096
f 2983/3008/5097 2660/3000/5097 2977/3001/5097
f 2983/3008/5098 2977/3001/5098 2984/3009/5098
f 2984/3009/5099 2977/3001/5099 2972/2994/5099
f 2984/3009/5100 2972/2994/5100 2990/3010/5100
f 2990/3010/5101 2972/2994/5101 2978/3002/5101
f 2985/3011/5102 2978/3002/5102 2973/2995/5102
f 2985/3011/5103 2973/2995/5103 2979/3003/5103
f 2979/3003/5104 2980/3004/5104 2986/3012/5104
f 2986/3012/5105 2980/3004/5105 2981/3005/5105
f 2986/3012/5106 2981/3005/5106 2987/3013/5106
f 2987/3013/5107 2981/3005/5107 2988/3014/5107
f 2988/3014/5108 2981/3005/5108 2982/3006/5108
f 2657/2684/5109 2656/2683/5109 2658/3007/5109
f 2657/2684/5110 2658/3007/5110 2983/3008/5110
f 2657/2684/5111 2983/3008/5111 2989/3015/5111
f 2989/3015/5112 2983/3008/5112 2984/3009/5112
f 2989/3015/5113 2984/3009/5113 2990/3010/5113
f 2991/3016/5114 2985/3011/5114 2979/3003/5114
f 2991/3016/5115 2979/3003/5115 2992/3017/5115
f 2992/3017/5116 2979/3003/5116 2986/3012/5116
f 2992/3017/5117 2986/3012/5117 2987/3013/5117
f 2992/3017/5118 2987/3013/5118 2993/3018/5118
f 2993/3018/5119 2987/3013/5119 2988/3014/5119
f 2993/3018/5120 2988/3014/5120 2994/3019/5120
f 2655/2682/5121 2654/2681/5121 2657/2684/5121
f 2655/2682/5122 2657/2684/5122 2995/3020/5122
f 2995/3020/5123 2657/2684/5123 2989/3015/5123
f 2995/3020/5124 2989/3015/5124 2996/3021/5124
f 2996/3021/5125 2989/3015/5125 2990/3010/5125
f 2996/3021/5126 2990/3010/5126 2978/3002/5126
f 2997/3022/5127 2978/3002/5127 2985/3011/5127
f 2997/3022/5128 2985/3011/5128 2998/3023/5129
f 2998/3023/5130 2985/3011/5131 2991/3016/5131
f 2998/3023/5132 2991/3016/5132 2992/3017/5132
f 2998/3023/5133 2992/3017/5133 2999/3024/5133
f 2999/3024/5134 2992/3017/5134 3000/3025/5134
f 3000/3025/5135 2992/3017/5135 2993/3018/5135
f 3000/3025/5136 2993/3018/5136 2994/3019/5136
f 2653/2680/5137 2652/2679/5137 2655/2682/5137
f 2653/2680/5138 2655/2682/5138 3001/3026/5138
f 3001/3026/5139 2655/2682/5139 2995/3020/5139
f 3001/3026/5140 2995/3020/5140 2996/3021/5140
f 3002/3027/5141 2996/3021/5141 3003/2817/5141
f 3003/2817/5142 2996/3021/5142 2978/3002/5142
f 3003/2817/5143 2978/3002/5143 2997/3022/5143
f 3004/3028/5144 2997/3022/5144 2998/3023/5144
f 3004/3028/5145 2998/3023/5145 3005/3029/5145
f 3005/3029/5146 2998/3023/5146 2999/3024/5146
f 3005/3029/5147 2999/3024/5147 3006/3030/5147
f 3006/3030/5148 2999/3024/5148 3000/3025/5148
f 3006/3030/5149 3000/3025/5149 3007/3031/5149
f 3007/3031/5150 3000/3025/5150 2994/3019/5150
f 3007/3031/5151 3008/3032/5151 3006/3030/5151
f 3006/3030/5152 3008/3032/5152 3009/3033/5152
f 3006/3030/5153 3009/3033/5153 3005/3029/5153
f 3005/3029/5154 3009/3033/5154 3010/3034/5154
f 3005/3029/5155 3010/3034/5155 3004/3028/5155
f 3004/3028/5156 3010/3034/5156 3011/3035/5156
f 3004/3028/5157 3011/3035/5158 2997/3022/5158
f 2997/3022/5159 3011/3035/5159 3012/3036/5159
f 2997/3022/5160 3012/3036/5160 3003/2817/5160
f 2996/3021/5161 3002/3027/5162 3001/3026/5161
f 3001/3026/5163 3002/3027/5164 3013/3037/5163
f 3001/3026/5165 3013/3037/5165 2653/2680/5165
f 2653/2680/5166 3013/3037/5166 2651/2678/5166
f 2653/2680/5167 2651/2678/5167 2650/2677/5167
f 3009/3033/5168 3008/3032/5168 3014/3038/5168
f 3009/3033/5169 3014/3038/5169 3010/3034/5169
f 3010/3034/5170 3014/3038/5170 3015/3039/5170
f 3010/3034/5171 3015/3039/5171 3011/3035/5171
f 3011/3035/5172 3015/3039/5172 3016/3040/5172
f 3011/3035/5173 3016/3040/5173 3012/3036/5173
f 3002/3027/5174 3003/2817/5174 2796/2818/5174
f 3002/3027/5175 2796/2818/5175 2797/2819/5175
f 3002/3027/5176 2797/2819/5176 3013/3037/5176
f 3013/3037/5177 2797/2819/5177 3017/3041/5177
f 3013/3037/5178 3017/3041/5178 2651/2678/5179
f 2651/2678/5180 3017/3041/5181 2649/2676/5181
f 2651/2678/5182 2649/2676/5182 2648/2675/5182
f 3008/3032/5183 2787/2807/5183 3014/3038/5183
f 3014/3038/5184 2787/2807/5184 2793/2814/5184
f 3014/3038/5185 2793/2814/5185 3015/3039/5185
f 3015/3039/5186 2793/2814/5186 2794/2815/5186
f 3015/3039/5187 2794/2815/5187 3016/3040/5187
f 3016/3040/5188 2794/2815/5188 2795/2816/5188
f 3016/3040/5189 2795/2816/5189 3012/3036/5189
f 3012/3036/5190 2795/2816/5190 2791/2811/5190
f 3012/3036/5191 2791/2811/5191 3003/2817/5191
f 3017/3041/5192 2797/2819/5192 2798/2820/5192
f 3017/3041/5193 2798/2820/5193 2649/2676/5193
f 2649/2676/5194 2798/2820/5194 2647/2674/5194
f 2649/2676/5195 2647/2674/5195 2646/2673/5195
f 2729/2749/5196 2728/2748/5196 2730/2751/5196
f 2730/2751/5197 2728/2748/5197 3018/3042/5197
f 2730/2751/5198 3018/3042/5198 2732/2752/5199
f 2734/2754/5200 2732/2752/5200 3019/3043/5200
f 2734/2754/5201 3019/3043/5201 2737/2757/5201
f 2737/2757/5202 3019/3043/5202 3020/3044/5202
f 2737/2757/5203 3020/3044/5203 2739/2759/5203
f 2739/2759/5204 3020/3044/5204 3021/3045/5204
f 2739/2759/4586 3021/3045/4586 2743/2763/4586
f 2747/2767/5205 2743/2763/5205 2751/2771/5205
f 2757/2777/5206 3022/3046/5206 2762/2792/5206
f 2762/2792/5207 3023/3047/5207 2773/2793/5207
f 2647/2674/5208 2644/2813/5208 2643/3048/5208
f 2647/2674/5209 2643/3048/5209 2645/2672/5209
f 2726/2746/5210 2727/3049/5210 2728/2748/5210
f 2732/2752/5211 3018/3042/5211 3024/3050/5211
f 2732/2752/5212 3024/3050/5212 3019/3043/5212
f 2743/2763/5213 3021/3045/5213 3025/3051/5213
f 2743/2763/5214 3025/3051/5214 2751/2771/5214
f 2751/2771/5215 3025/3051/5215 2757/2777/5215
f 2757/2777/5216 3025/3051/5216 3022/3046/5216
f 3022/3046/5217 3026/3052/5217 2762/2792/5217
f 2762/2792/5218 3026/3052/5218 3027/3053/5218
f 2762/2792/5219 3027/3053/5219 3023/3047/5219
f 2773/2793/5220 3023/3047/5220 3028/3054/5220
f 2773/2793/5221 3028/3054/5221 2778/2799/5221
f 2778/2799/5222 3028/3054/5222 2641/3055/5222
f 2778/2799/5223 2641/3055/5223 2786/2806/5223
f 2786/2806/5224 2641/3055/5224 2642/3056/5224
f 2786/2806/5225 2642/3056/5225 2644/2813/5225
f 2644/2813/5226 2642/3056/5226 2643/3048/5226
f 2726/2746/5227 2725/2745/5227 2727/3049/5227
f 2728/2748/5228 2727/3049/5229 3029/3057/5228
f 2728/2748/5230 3029/3057/5230 3018/3042/5230
f 3018/3042/5231 3029/3057/5231 3030/3058/5231
f 3018/3042/5232 3030/3058/5232 3024/3050/5232
f 3019/3043/5233 3024/3050/5233 3031/3059/5233
f 3019/3043/5234 3031/3059/5234 3020/3044/5234
f 3020/3044/5235 3031/3059/5235 3021/3045/5235
f 3021/3045/5236 3031/3059/5236 3025/3051/5236
f 3025/3051/5237 3032/3060/5237 3022/3046/5237
f 2642/3056/5238 2641/3055/5238 2640/3061/5238
f 2727/3049/5239 2725/2745/5239 3033/3062/5239
f 2727/3049/5240 3033/3062/5240 3029/3057/5241
f 3031/3059/5242 3034/3063/5242 3025/3051/5242
f 3025/3051/5243 3034/3063/5243 3032/3060/5243
f 3022/3046/5244 3032/3060/5244 3035/3064/5244
f 3022/3046/5245 3035/3064/5245 3026/3052/5245
f 3026/3052/5246 3035/3064/5246 3036/3065/5246
f 3026/3052/5247 3036/3065/5247 3027/3053/5247
f 3027/3053/5248 3036/3065/5248 3037/3066/5248
f 3027/3053/5249 3037/3066/5249 3023/3047/5249
f 3023/3047/5250 3037/3066/5250 2638/3067/5250
f 3023/3047/5251 2638/3067/5251 3028/3054/5251
f 3028/3054/5252 2638/3067/5252 2639/3068/5252
f 3028/3054/5253 2639/3068/5253 2641/3055/5253
f 2641/3055/5254 2639/3068/5254 2640/3061/5254
f 2724/2747/5255 2723/3069/5255 3038/3070/5255
f 2724/2747/5256 3038/3070/5256 2725/2745/5256
f 2725/2745/5257 3038/3070/5257 3039/3071/5257
f 2725/2745/5258 3039/3071/5258 3033/3062/5258
f 3030/3058/5259 3029/3057/5259 3040/3072/5259
f 3030/3058/5260 3040/3072/5260 3024/3050/5260
f 3024/3050/5261 3040/3072/5261 3041/3073/5261
f 3024/3050/5262 3041/3073/5262 3031/3059/5262
f 3031/3059/5263 3041/3073/5263 3034/3063/5263
f 3034/3063/5264 3042/3074/5265 3032/3060/5264
f 3032/3060/5266 3043/3075/5266 3035/3064/5266
f 2639/3068/5267 2638/3067/5267 2637/3076/5267
f 2720/2743/5268 2722/3077/5268 2723/3069/5268
f 2723/3069/5269 2722/3077/5269 3044/3078/5269
f 2723/3069/5270 3044/3078/5270 3038/3070/5270
f 3033/3062/5271 3039/3071/5271 3045/3079/5271
f 3033/3062/5272 3045/3079/5272 3029/3057/5272
f 3029/3057/5273 3045/3079/5273 3046/3080/5273
f 3029/3057/5274 3046/3080/5274 3040/3072/5274
f 3042/3074/5275 3047/3081/5275 3032/3060/5275
f 3032/3060/5276 3047/3081/5276 3048/3082/5276
f 3032/3060/5277 3048/3082/5277 3043/3075/5277
f 3035/3064/5278 3043/3075/5278 3049/3083/5278
f 3035/3064/5279 3049/3083/5279 3036/3065/5279
f 3036/3065/5280 3049/3083/5280 2634/3084/5280
f 3036/3065/5281 2634/3084/5281 3037/3066/5281
f 3037/3066/5282 2634/3084/5282 2636/3085/5282
f 3037/3066/5283 2636/3085/5283 2638/3067/5283
f 2638/3067/5284 2636/3085/5284 2637/3076/5284
f 2720/2743/5285 2719/2742/5285 2722/3077/5285
f 3039/3071/5286 3038/3070/5286 3050/3086/5286
f 3039/3071/5287 3050/3086/5287 3045/3079/5287
f 3041/3073/5288 3040/3072/5288 3051/3087/5288
f 3041/3073/5289 3051/3087/5289 3034/3063/5289
f 3034/3063/5290 3051/3087/5290 3052/3088/5290
f 3034/3063/5291 3052/3088/5291 3042/3074/5291
f 2636/3085/5292 2634/3084/5292 2633/3089/5292
f 2636/3085/5293 2633/3089/5293 2635/3090/5293
f 2721/2744/5294 3053/3091/5294 2719/2742/5294
f 2722/3077/5295 2719/2742/5295 3054/3092/5296
f 2722/3077/5297 3054/3092/5297 3044/3078/5297
f 3044/3078/5298 3054/3092/5298 3055/3093/5298
f 3044/3078/5299 3055/3093/5299 3038/3070/5299
f 3038/3070/5300 3055/3093/5300 3056/3094/5300
f 3038/3070/5301 3056/3094/5301 3050/3086/5301
f 3045/3079/5302 3050/3086/5303 3057/3095/5302
f 3045/3079/5304 3057/3095/5304 3046/3080/5304
f 3046/3080/5305 3057/3095/5305 3040/3072/5305
f 3040/3072/5306 3057/3095/5306 3051/3087/5306
f 3042/3074/5307 3052/3088/5307 3058/3096/5307
f 3042/3074/5308 3058/3096/5309 3047/3081/5310
f 3047/3081/5311 3058/3096/5311 3059/3097/5311
f 3047/3081/5312 3059/3097/5312 3048/3082/5312
f 3043/3075/5313 3048/3082/5314 2631/3098/5314
f 3043/3075/5315 2631/3098/5315 3049/3083/5315
f 3049/3083/5316 2631/3098/5316 2632/3099/5316
f 3049/3083/5317 2632/3099/5317 2634/3084/5317
f 2634/3084/5318 2632/3099/5318 2633/3089/5318
f 3050/3086/5319 3056/3094/5319 3060/3100/5319
f 3050/3086/5320 3060/3100/5321 3057/3095/5321
f 3051/3087/5322 3061/3101/5322 3052/3088/5322
f 3052/3088/5323 3062/3102/5323 3058/3096/5323
f 3048/3082/5324 3059/3097/5324 2629/3103/5324
f 3048/3082/5325 2629/3103/5325 2631/3098/5325
f 2632/3099/5326 2631/3098/5326 2630/3104/5326
f 3053/3091/5327 3063/3105/5327 2719/2742/5327
f 2719/2742/5328 3063/3105/5328 3064/3106/5328
f 2719/2742/5329 3064/3106/5329 3054/3092/5329
f 3055/3093/5330 3054/3092/5330 3065/3107/5330
f 3055/3093/5331 3065/3107/5331 3056/3094/5331
f 3056/3094/5332 3065/3107/5332 3060/3100/5332
f 3057/3095/5333 3060/3100/5333 3051/3087/5333
f 3051/3087/5334 3066/3108/5334 3061/3101/5334
f 3052/3088/5335 3061/3101/5335 3067/3109/5335
f 3052/3088/5336 3067/3109/5336 3062/3102/5336
f 3058/3096/5337 3062/3102/5337 3068/3110/5337
f 3058/3096/5338 3068/3110/5338 3059/3097/5338
f 3059/3097/5339 3068/3110/5339 2627/3111/5339
f 3059/3097/5340 2627/3111/5340 2629/3103/5340
f 2631/3098/5341 2629/3103/5341 2628/3112/5341
f 2631/3098/5342 2628/3112/5342 2630/3104/5342
f 3054/3092/5343 3064/3106/5343 3069/3113/5343
f 3054/3092/5344 3069/3113/5344 3065/3107/5344
f 3060/3100/5345 3065/3107/5346 3070/3114/5346
f 3060/3100/5347 3070/3114/5347 3051/3087/5347
f 3051/3087/5348 3070/3114/5348 3066/3108/5348
f 3066/3108/5349 3071/3115/5349 3061/3101/5349
f 3061/3101/5350 3071/3115/5350 3072/3116/5350
f 3061/3101/5351 3072/3116/5351 3067/3109/5351
f 3062/3102/5352 3067/3109/5352 2623/3117/5352
f 3062/3102/5353 2623/3117/5353 3068/3110/5353
f 2629/3103/5354 2627/3111/5354 2626/3118/5354
f 2629/3103/5355 2626/3118/5355 2628/3112/5355
f 3064/3106/5356 3063/3105/5356 3073/3119/5356
f 3064/3106/5357 3073/3119/5357 3069/3113/5357
f 3065/3107/5358 3069/3113/5358 3070/3114/5358
f 3070/3114/5359 3074/3120/5359 3066/3108/5359
f 3067/3109/5360 3072/3116/5360 2621/3121/5360
f 3067/3109/5361 2621/3121/5361 2623/3117/5361
f 3068/3110/5362 2623/3117/5362 2625/3122/5362
f 3068/3110/5363 2625/3122/5363 2627/3111/5363
f 2627/3111/5364 2625/3122/5364 2624/3123/5364
f 2627/3111/5365 2624/3123/5365 2626/3118/5365
f 3063/3105/5366 3075/3124/5366 3073/3119/5366
f 3069/3113/5367 3073/3119/5367 3076/3125/5367
f 3069/3113/5368 3076/3125/5368 3070/3114/5368
f 3070/3114/5369 3076/3125/5369 3074/3120/5369
f 3074/3120/5370 3077/3126/5370 3066/3108/5370
f 3066/3108/5371 3077/3126/5371 3071/3115/5371
f 3071/3115/5372 3078/3127/5372 3072/3116/5372
f 3072/3116/5373 3078/3127/5373 3079/3128/5373
f 3072/3116/5374 3079/3128/5374 2621/3121/5374
f 2625/3122/5375 2623/3117/5375 2622/3129/5375
f 2625/3122/5376 2622/3129/5376 2624/3123/5376
f 3073/3119/5377 3075/3124/5377 3076/3125/5377
f 3076/3125/5378 3080/3130/5378 3081/3131/5378
f 3076/3125/5379 3081/3131/5379 3074/3120/5379
f 3071/3115/5380 3077/3126/5380 3082/3132/5380
f 3071/3115/5381 3082/3132/5381 3078/3127/5381
f 2623/3117/5382 2621/3121/5382 2620/3133/5382
f 2623/3117/5383 2620/3133/5383 2622/3129/5383
f 3075/3124/5384 3083/3134/5384 3076/3125/5384
f 3076/3125/5385 3083/3134/5385 3080/3130/5385
f 3074/3120/5386 3081/3131/5386 3084/3135/5386
f 3074/3120/5387 3084/3135/5387 3077/3126/5387
f 3077/3126/5388 3084/3135/5388 3085/3136/5388
f 3077/3126/5389 3085/3136/5389 3082/3132/5389
f 3078/3127/5390 3082/3132/5390 2618/3137/5390
f 3078/3127/5391 2618/3137/5391 3079/3128/5391
f 3079/3128/5392 2618/3137/5392 2619/3138/5392
f 3079/3128/5393 2619/3138/5393 2621/3121/5393
f 2621/3121/5394 2619/3138/5395 2620/3133/5394
f 3080/3130/5396 3086/3139/5396 3081/3131/5396
f 3081/3131/5397 3087/3140/5397 3084/3135/5397
f 3082/3132/5398 3085/3136/5398 2616/3141/5398
f 3082/3132/5399 2616/3141/5399 2618/3137/5399
f 2619/3138/5400 2618/3137/5400 2617/3142/5400
f 3081/3131/5401 3086/3139/5401 3088/3143/5401
f 3081/3131/5402 3088/3143/5402 3087/3140/5402
f 3084/3135/5403 3087/3140/5403 3089/3144/5403
f 3084/3135/5404 3089/3144/5404 3085/3136/5404
f 3085/3136/5405 3089/3144/5405 2612/2670/5405
f 3085/3136/5406 2612/2670/5406 2616/3141/5406
f 2618/3137/5407 2616/3141/5407 2615/3145/5407
f 2618/3137/5408 2615/3145/5408 2617/3142/5408
f 3088/3143/5409 3090/3146/5409 3087/3140/5409
f 2616/3141/5410 2612/2670/5410 2614/3147/5410
f 2616/3141/5411 2614/3147/5411 2615/3145/5411
f 3086/3139/5412 3091/3148/5412 3088/3143/5412
f 3087/3140/5413 3090/3146/5413 2610/3149/5413
f 3087/3140/5414 2610/3149/5414 3089/3144/5414
f 3089/3144/5415 2610/3149/5415 2613/2671/5415
f 3089/3144/5416 2613/2671/5416 2612/2670/5416
f 3088/3143/5417 3091/3148/5417 2800/3150/5417
f 3088/3143/5418 2800/3150/5418 3090/3146/5418
f 3090/3146/5419 2800/3150/5419 2608/3151/5419
f 3090/3146/5420 2608/3151/5420 2610/3149/5420
f 2613/2671/5421 2610/3149/5421 2611/2669/5421
f 3091/3148/5422 2799/3152/5422 2800/3150/5422
f 2610/3149/5423 2608/3151/5423 2607/3153/5423
f 2610/3149/5424 2607/3153/5424 2609/3154/5424
f 2608/3151/5425 2800/3150/5425 3092/3155/5425
f 2608/3151/5426 3092/3155/5426 2607/3153/5426
f 3094/3156/5427 3093/3157/5427 2799/3152/5427
f 3094/3156/5428 2799/3152/5428 3095/3158/5428
f 3095/3158/5429 2799/3152/5429 3091/3148/5429
f 3095/3158/5430 3091/3148/5430 3096/3159/5430
f 3096/3159/5431 3091/3148/5431 3086/3139/5432
f 3096/3159/5433 3086/3139/5433 3080/3130/5433
f 3097/3160/5434 3083/3134/5434 3075/3124/5434
f 3097/3160/5435 3075/3124/5435 3098/3161/5435
f 3098/3161/5436 3075/3124/5436 3063/3105/5436
f 3098/3161/5437 3063/3105/5437 3099/3162/5437
f 3099/3162/5438 3063/3105/5438 3053/3091/5438
f 3099/3162/5439 3053/3091/5439 2721/2744/5439
f 3093/3157/5440 3100/3163/5440 2799/3152/5440
f 2799/3152/5441 3100/3163/5441 2800/3150/5441
f 2800/3150/5442 3100/3163/5442 3092/3155/5442
f 3869/3164/5443 3093/3157/5443 3101/3165/5443
f 3101/3165/5444 3093/3157/5444 3094/3156/5444
f 3101/3165/5445 3094/3156/5445 3102/3166/5445
f 3102/3166/5446 3094/3156/5446 3095/3158/5446
f 3102/3166/5447 3095/3158/5447 3096/3159/5447
f 3103/3167/5448 3096/3159/5448 3080/3130/5448
f 3103/3167/5449 3080/3130/5449 3083/3134/5449
f 3103/3167/5450 3083/3134/5450 3104/3168/5450
f 3104/3168/5451 3083/3134/5451 3097/3160/5451
f 3104/3168/5452 3097/3160/5452 3105/3169/5452
f 3105/3169/5452 3097/3160/5452 3098/3161/5452
f 3105/3169/5453 3098/3161/5453 3099/3162/5453
f 3105/3169/5454 3099/3162/5454 3106/3170/5454
f 3106/3170/5455 3099/3162/5455 3107/3171/5455
f 3107/3171/5456 3099/3162/5456 2721/2744/5456
f 3868/3172/5457 3869/3164/5457 3108/3173/5457
f 3108/3173/5458 3869/3164/5458 3101/3165/5458
f 3108/3173/5459 3101/3165/5459 3109/3174/5459
f 3109/3174/5460 3101/3165/5460 3102/3166/5460
f 3109/3174/5461 3102/3166/5461 3110/3175/5461
f 3110/3175/5462 3102/3166/5462 3096/3159/5462
f 3110/3175/5463 3096/3159/5463 3103/3167/5463
f 3111/3176/5464 3103/3167/5464 3104/3168/5464
f 3111/3176/5465 3104/3168/5465 3105/3169/5465
f 3111/3176/5466 3105/3169/5466 3112/3177/5466
f 3112/3177/5467 3105/3169/5467 3113/3178/5467
f 3113/3178/5468 3105/3169/5468 3106/3170/5468
f 3113/3178/5469 3106/3170/5470 3107/3171/5470
f 3114/3179/5471 3868/3172/5471 3115/3180/5471
f 3115/3180/5472 3868/3172/5472 3108/3173/5472
f 3115/3180/5473 3108/3173/5473 3116/3181/5473
f 3116/3181/5474 3108/3173/5474 3109/3174/5474
f 3116/3181/5475 3109/3174/5475 3110/3175/5475
f 3117/3182/5476 3103/3167/5476 3111/3176/5476
f 3117/3182/5477 3111/3176/5477 3118/3183/5477
f 3118/3183/5478 3111/3176/5478 3119/3184/5478
f 3119/3184/5479 3111/3176/5479 3112/3177/5479
f 3119/3184/5480 3112/3177/5480 3113/3178/5480
f 3119/3184/5481 3113/3178/5481 3120/3185/5481
f 3120/3185/5482 3113/3178/5482 3107/3171/5482
f 3121/3186/5483 3114/3179/5483 3122/3187/5483
f 3122/3187/5484 3114/3179/5485 3115/3180/5485
f 3122/3187/5486 3115/3180/5486 3123/3188/5486
f 3123/3188/5487 3115/3180/5487 3116/3181/5487
f 3123/3188/5488 3116/3181/5488 2804/2824/5488
f 2804/2824/5489 3116/3181/5489 3110/3175/5489
f 2804/2824/5490 3110/3175/5490 2805/2826/5490
f 2805/2826/5491 3110/3175/5491 3103/3167/5491
f 2805/2826/5492 3103/3167/5492 3117/3182/5492
f 3124/3189/5493 3117/3182/5493 3118/3183/5493
f 3124/3189/5494 3118/3183/5494 3125/3190/5494
f 3125/3190/5495 3118/3183/5495 3119/3184/5495
f 3125/3190/5496 3119/3184/5496 3126/3191/5496
f 3126/3191/5497 3119/3184/5497 3120/3185/5497
f 3126/3191/5498 3120/3185/5498 3127/3192/5498
f 2717/2740/5499 3121/3186/5499 2718/2741/5499
f 2718/2741/5500 3121/3186/5500 3122/3187/5500
f 2718/2741/5501 3122/3187/5501 3123/3188/5501
f 2718/2741/5502 3123/3188/5502 2802/2822/5502
f 2802/2822/5503 3123/3188/5503 2804/2824/5503
f 2803/2823/5504 2804/2824/5504 2805/2826/5504
f 2805/2826/5505 3117/3182/5505 2808/2828/5505
f 2808/2828/5506 3117/3182/5506 3124/3189/5506
f 2808/2828/5507 3124/3189/5507 2810/2830/5507
f 2810/2830/5508 3124/3189/5508 3125/3190/5508
f 2810/2830/5509 3125/3190/5509 2811/2831/5509
f 2811/2831/5510 3125/3190/5510 3126/3191/5510
f 2811/2831/5511 3126/3191/5511 2813/2833/5511
f 2813/2833/5512 3126/3191/5512 3127/3192/5512
f 3128/3193/5513 3107/3171/5513 2721/2744/5513
f 3128/3193/5513 2721/2744/5513 3129/3194/5513
f 3129/3194/5513 2721/2744/5513 3130/3195/5513
f 3130/3195/5513 2721/2744/5513 2720/2743/5513
f 3130/3195/5513 2720/2743/5513 3131/3196/5513
f 3131/3196/5514 2720/2743/5514 2723/3069/5514
f 3131/3196/5515 2723/3069/5515 3132/3197/5515
f 3132/3197/5516 2723/3069/5516 2724/2747/5516
f 3133/3198/5517 2831/2851/5517 2820/2840/5517
f 3133/3198/5513 2820/2840/5513 3134/3199/5513
f 3134/3199/5513 2820/2840/5513 3135/3200/5513
f 3135/3200/5513 2820/2840/5513 2813/2833/5513
f 3135/3200/5513 2813/2833/5513 3136/3201/5513
f 3136/3201/5513 2813/2833/5513 3127/3192/5513
f 3136/3201/5518 3127/3192/5518 3120/3185/5518
f 3136/3201/5519 3120/3185/5519 3128/3193/5519
f 3128/3193/5520 3120/3185/5520 3107/3171/5520
f 2724/2747/5521 2726/2746/5521 3132/3197/5521
f 3132/3197/5513 2726/2746/5513 3137/3202/5513
f 3137/3202/5513 2726/2746/5513 2729/2749/5513
f 3137/3202/5513 2729/2749/5513 3138/3203/5513
f 3138/3203/5522 2729/2749/5522 2730/2751/5522
f 3138/3203/5523 2730/2751/5523 2731/2750/5523
f 3138/3203/5524 2731/2750/5524 3139/3204/5524
f 3139/3204/5525 2731/2750/5525 2733/2753/5525
f 3139/3204/5513 2733/2753/5513 3140/3205/5513
f 3140/3205/5513 2733/2753/5513 2735/2755/5513
f 3140/3205/5513 2735/2755/5513 3141/3206/5513
f 2735/2755/5526 2740/2760/5526 3141/3206/5526
f 3141/3206/5527 2740/2760/5527 2744/2764/5527
f 3141/3206/5513 2744/2764/5513 3142/3207/5513
f 3142/3207/5513 2744/2764/5513 2752/2772/5513
f 3142/3207/5513 2752/2772/5513 3143/3208/5513
f 3143/3208/5528 2752/2772/5528 2758/2778/5528
f 3143/3208/5529 2758/2778/5529 3144/3209/5529
f 3144/3209/5530 2758/2778/5530 2763/2782/5530
f 3144/3209/5513 2763/2782/5513 3145/3210/5513
f 3145/3210/5531 2763/2782/5531 2774/2794/5531
f 3145/3210/5532 2774/2794/5532 3146/3211/5532
f 3147/3212/5533 2927/2947/5533 3148/3213/5533
f 3148/3213/5534 2927/2947/5534 2921/2941/5534
f 3148/3213/5513 2921/2941/5513 2909/2929/5513
f 3148/3213/5513 2909/2929/5513 3149/3214/5513
f 3149/3214/5513 2909/2929/5513 2903/2924/5513
f 3149/3214/5513 2903/2924/5513 3150/3215/5513
f 3150/3215/5535 2903/2924/5535 2896/2916/5535
f 3150/3215/5536 2896/2916/5536 2884/2905/5536
f 3150/3215/5513 2884/2905/5513 3151/3216/5513
f 2774/2794/5537 2779/2800/5537 3146/3211/5537
f 3146/3211/5538 2779/2800/5538 2787/2807/5538
f 3146/3211/5513 2787/2807/5513 3152/3217/5513
f 3152/3217/5513 2787/2807/5513 3008/3032/5513
f 3152/3217/5513 3008/3032/5513 3153/3218/5513
f 3153/3218/5513 3008/3032/5513 3007/3031/5513
f 3153/3218/5513 3007/3031/5513 3154/3219/5513
f 3154/3219/5513 3007/3031/5513 2994/3019/5513
f 3154/3219/5513 2994/3019/5513 3155/3220/5513
f 3155/3220/5539 2994/3019/5539 2988/3014/5539
f 3155/3220/5540 2988/3014/5540 3156/3221/5540
f 3151/3216/5513 2884/2905/5513 2873/2893/5513
f 3151/3216/5513 2873/2893/5513 3157/3222/5513
f 3157/3222/5513 2873/2893/5513 2866/2887/5513
f 3157/3222/5513 2866/2887/5513 3158/3223/5513
f 3158/3223/5513 2866/2887/5513 2855/2875/5513
f 3158/3223/5513 2855/2875/5513 3159/3224/5513
f 3159/3224/5513 2855/2875/5513 2849/2869/5513
f 3159/3224/5513 2849/2869/5513 3160/3225/5513
f 3160/3225/5513 2849/2869/5513 2836/2857/5513
f 3160/3225/5513 2836/2857/5513 3133/3198/5513
f 3133/3198/5541 2836/2857/5541 2831/2851/5541
f 2988/3014/5542 2982/3006/5542 3156/3221/5542
f 3156/3221/5543 2982/3006/5543 2976/2998/5543
f 3156/3221/5544 2976/2998/5544 2970/2992/5544
f 3156/3221/5545 2970/2992/5545 3161/3226/5545
f 3161/3226/5545 2970/2992/5545 2963/2986/5545
f 3161/3226/5546 2963/2986/5546 2952/2973/5546
f 3161/3226/5513 2952/2973/5513 3162/3227/5513
f 3162/3227/5513 2952/2973/5513 2946/2967/5513
f 3162/3227/5513 2946/2967/5513 3147/3212/5513
f 3147/3212/5513 2946/2967/5513 2933/2953/5513
f 3147/3212/5547 2933/2953/5547 2927/2947/5547
f 2050/3228/5548 2051/3229/5548 3163/3230/5548
f 2049/3231/5549 2050/3228/5549 3164/3232/5549
f 2058/3233/5550 2049/3231/5550 3165/3234/5550
f 2056/3235/5551 2057/3236/5551 3166/3237/5551
f 2048/3238/5552 2056/3235/5552 3167/3239/5552
f 2046/3240/5553 2047/3241/5553 3170/3242/5553
f 2045/3243/5554 2046/3240/5554 3170/3242/5554
f 2044/3244/5555 2045/3243/5555 3171/3245/5555
f 2055/3246/5556 2043/3247/5556 3173/3248/5556
f 2054/3249/5557 2055/3246/5557 3174/3250/5557
f 2053/3251/5558 2054/3249/5558 3175/3252/5558
f 2035/3253/5559 2053/3251/5559 3176/3254/5559
f 2034/3255/5560 2035/3253/5560 3177/3256/5560
f 2033/3257/5561 2034/3255/5561 3178/3258/5561
f 2032/3259/5562 2033/3257/5562 3179/3260/5562
f 2031/3261/5563 2032/3259/5563 3180/3262/5563
f 2030/3263/5564 2031/3261/5564 3181/3264/5564
f 2038/3265/5565 2039/3266/5565 3183/3267/5565
f 2036/3268/5566 2037/3269/5566 3185/3270/5566
f 2040/3271/5567 2041/3272/5567 3188/3273/5567
f 2029/3274/5568 2040/3271/5568 3189/3275/5568
f 2027/3276/5569 2028/3277/5569 3191/3278/5569
f 2026/3279/5570 2027/3276/5570 3192/3280/5570
f 2051/3229/5571 2052/3281/5571 3194/3282/5571
f 3194/3282/5572 3195/3283/5572 3196/3284/5572
f 3196/3284/5573 3195/3283/5573 3197/3285/5573
f 3196/3284/5574 3197/3285/5574 3198/3286/5574
f 3198/3286/5575 3197/3285/5575 3199/3287/5575
f 3199/3287/5576 3200/3288/5576 3206/3289/5576
f 2050/3228/5577 3163/3230/5577 3164/3232/5577
f 3164/3232/5578 3163/3230/5578 3201/3290/5578
f 3164/3232/5579 3201/3290/5579 3202/3291/5579
f 3202/3291/5580 3201/3290/5580 3203/3292/5580
f 3202/3291/5581 3203/3292/5581 3204/3293/5581
f 3204/3293/5582 3203/3292/5582 3205/3294/5582
f 3165/3234/5583 3207/3295/5583 3208/3296/5583
f 3208/3296/5584 3207/3295/5584 3209/3297/5584
f 3210/3298/5585 3211/3299/5585 3212/3300/5585
f 3166/3237/5586 3208/3296/5586 3213/3301/5586
f 3213/3301/5587 3208/3296/5587 3214/3302/5587
f 3213/3301/5588 3214/3302/5588 3215/3303/5588
f 3215/3303/5589 3214/3302/5589 3216/3304/5589
f 3216/3304/5590 3212/3300/5590 4194/3305/5590
f 2056/3235/5591 3166/3237/5591 3167/3239/5591
f 3167/3239/5586 3166/3237/5586 3213/3301/5586
f 3215/3303/5592 3216/3304/5592 3217/3306/5592
f 3217/3306/5593 3216/3304/5593 4194/3305/5593
f 2048/3238/5594 3167/3239/5594 3168/3307/5594
f 3168/3307/5595 3167/3239/5595 3218/3308/5595
f 3168/3307/5596 3218/3308/5596 3219/3309/5596
f 3219/3309/5597 3218/3308/5597 3220/3310/5597
f 2048/3238/5598 3168/3307/5598 3169/3311/5598
f 3169/3311/5596 3168/3307/5596 3219/3309/5596
f 3219/3309/5599 3220/3310/5599 3222/3312/5599
f 3222/3312/5600 3220/3310/5600 3217/3306/5600
f 3222/3312/5601 3217/3306/5601 3223/3313/5601
f 3223/3313/5602 3217/3306/5602 3221/3314/5602
f 3223/3313/5603 3221/3314/5603 3224/3315/5603
f 2047/3241/5604 3169/3311/5604 3170/3242/5604
f 3170/3242/5605 3169/3311/5605 3225/3316/5605
f 3225/3316/5606 3222/3312/5606 3226/3317/5606
f 3226/3317/5607 3222/3312/5607 3223/3313/5607
f 3226/3317/5608 3223/3313/5608 3227/3318/5608
f 3227/3318/5609 3223/3313/5609 3224/3315/5609
f 3170/3242/5610 3225/3316/5610 3228/3319/5610
f 3228/3319/5606 3225/3316/5606 3226/3317/5606
f 3228/3319/5611 3226/3317/5611 3229/3320/5611
f 3229/3320/5612 3226/3317/5612 3227/3318/5612
f 3227/3318/5613 3224/3315/5613 3230/3321/5613
f 2043/3247/5614 3172/3322/5614 3173/3248/5614
f 3173/3248/5615 3172/3322/5615 3231/3323/5615
f 3173/3248/5616 3231/3323/5616 3232/3324/5616
f 3232/3324/5617 3231/3323/5617 3233/3325/5617
f 3232/3324/5618 3233/3325/5618 3234/3326/5618
f 3234/3326/5619 3233/3325/5619 3235/3327/5619
f 2054/3249/5620 3174/3250/5620 3175/3252/5620
f 3175/3252/5621 3174/3250/5621 3237/3328/5621
f 3175/3252/5622 3237/3328/5622 3238/3329/5622
f 3238/3329/5623 3237/3328/5623 3239/3330/5623
f 3238/3329/5624 3239/3330/5624 3240/3331/5624
f 3240/3331/5625 3239/3330/5625 3241/3332/5625
f 2035/3253/5626 3176/3254/5626 3177/3256/5626
f 3177/3256/5627 3176/3254/5627 3243/3333/5627
f 3177/3256/5628 3243/3333/5628 3244/3334/5628
f 3244/3334/5629 3243/3333/5629 3245/3335/5629
f 3244/3334/5630 3245/3335/5630 3246/3336/5630
f 3246/3336/5631 3245/3335/5631 3247/3337/5631
f 3246/3336/5632 3247/3337/5632 3248/3338/5632
f 3248/3338/5633 3247/3337/5633 3249/3339/5633
f 2034/3255/5634 3177/3256/5634 3178/3258/5634
f 3178/3258/5635 3177/3256/5635 3244/3334/5635
f 3178/3258/5636 3244/3334/5636 3250/3340/5636
f 3250/3340/5637 3244/3334/5637 3246/3336/5637
f 3250/3340/5638 3246/3336/5638 3251/3341/5638
f 3251/3341/5639 3246/3336/5639 3248/3338/5639
f 3248/3338/5640 3249/3339/5640 4195/3342/5640
f 2032/3259/5641 3179/3260/5641 3180/3262/5641
f 3180/3262/5642 3179/3260/5642 3252/3343/5642
f 3180/3262/5643 3252/3343/5643 3256/3344/5643
f 3256/3344/5644 3252/3343/5644 3253/3345/5644
f 3256/3344/5645 3253/3345/5645 3257/3346/5645
f 3257/3346/5646 3253/3345/5646 3254/3347/5646
f 3183/3267/5647 3258/3348/5647 3259/3349/5647
f 3259/3349/5648 3258/3348/5648 3260/3350/5648
f 3259/3349/5649 3260/3350/5649 3261/3351/5649
f 3261/3351/5650 3260/3350/5650 3262/3352/5650
f 3262/3352/5651 3263/3353/5651 3268/3354/5651
f 2037/3269/5652 3184/3355/5652 3185/3270/5652
f 3185/3270/5653 3184/3355/5653 3264/3356/5653
f 3185/3270/5654 3264/3356/5654 3265/3357/5654
f 3265/3357/5655 3264/3356/5655 3266/3358/5655
f 3267/3359/5656 3268/3354/5656 3269/3360/5656
f 2042/3361/5657 3186/3362/5657 3187/3363/5657
f 3187/3363/5658 3186/3362/5658 3270/3364/5658
f 3187/3363/5659 3270/3364/5659 3271/3365/5659
f 3271/3365/5660 3270/3364/5660 3272/3366/5660
f 2041/3272/5661 3187/3363/5661 3188/3273/5661
f 3188/3273/5662 3187/3363/5662 3271/3365/5662
f 3188/3273/5663 3271/3365/5663 3275/3367/5663
f 3275/3367/5664 3271/3365/5664 3276/3368/5664
f 3275/3367/5665 3276/3368/5665 3277/3369/5665
f 3277/3369/5666 3276/3368/5666 3278/3370/5666
f 3278/3370/5667 3274/3371/5667 4196/3372/5667
f 2040/3271/5668 3188/3273/5668 3189/3275/5668
f 3189/3275/5669 3188/3273/5669 3275/3367/5669
f 2029/3274/5670 3189/3275/5670 3190/3373/5670
f 3190/3373/5671 3189/3275/5671 3279/3374/5671
f 3190/3373/5672 3279/3374/5672 3280/3375/5672
f 3280/3375/5673 3279/3374/5673 3281/3376/5673
f 3281/3376/5674 3278/3370/5674 3282/3377/5674
f 3282/3377/5675 3278/3370/5675 3283/3378/5675
f 3280/3375/5676 3281/3376/5676 3284/3379/5676
f 3284/3379/5677 3281/3376/5677 3282/3377/5677
f 3282/3377/5678 3283/3378/5678 3285/3380/5678
f 3286/3381/5679 3284/3379/5679 3287/3382/5679
f 3287/3382/5680 3284/3379/5680 3282/3377/5680
f 2027/3276/5681 3191/3278/5681 3192/3280/5681
f 3192/3280/5682 3191/3278/5682 3286/3381/5682
f 3192/3280/5683 3286/3381/5683 3288/3383/5683
f 3288/3383/5679 3286/3381/5679 3287/3382/5679
f 3287/3382/5684 3282/3377/5684 3292/3384/5684
f 3292/3384/5685 3282/3377/5685 3285/3380/5685
f 3292/3384/5686 3285/3380/5686 3289/3385/5686
f 3193/3386/5687 3290/3387/5687 3195/3283/5687
f 3195/3283/5688 3290/3387/5688 3291/3388/5688
f 3195/3283/5689 3291/3388/5689 3197/3285/5689
f 3197/3285/5690 3291/3388/5690 3292/3384/5690
f 3292/3384/5691 3289/3385/5691 3200/3288/5691
f 3200/3288/5692 3199/3287/5692 3292/3384/5692
f 3292/3384/5693 3199/3287/5693 3197/3285/5693
f 3195/3283/5694 3194/3282/5694 3193/3386/5694
f 3193/3386/5695 3194/3282/5695 2052/3281/5695
f 3193/3386/5696 2052/3281/5696 2026/3279/5696
f 2051/3229/5697 3194/3282/5697 3163/3230/5697
f 3163/3230/5698 3194/3282/5698 3196/3284/5698
f 3163/3230/5699 3196/3284/5699 3201/3290/5699
f 3201/3290/5700 3196/3284/5700 3198/3286/5700
f 3201/3290/5701 3198/3286/5701 3203/3292/5701
f 3203/3292/5702 3198/3286/5702 3199/3287/5702
f 3206/3289/5703 3205/3294/5703 3199/3287/5703
f 3199/3287/5704 3205/3294/5704 3203/3292/5704
f 3204/3293/5705 3205/3294/5705 3210/3298/5705
f 3210/3298/5706 3205/3294/5706 3206/3289/5706
f 3210/3298/5707 3206/3289/5707 3211/3299/5707
f 3210/3298/5708 3209/3297/5708 3204/3293/5708
f 3204/3293/5709 3209/3297/5709 3207/3295/5709
f 3204/3293/5710 3207/3295/5710 3202/3291/5710
f 3202/3291/5711 3207/3295/5711 3165/3234/5711
f 3202/3291/5712 3165/3234/5712 3164/3232/5712
f 3164/3232/5713 3165/3234/5713 2049/3231/5713
f 3212/3300/5714 3216/3304/5714 3210/3298/5714
f 3210/3298/5715 3216/3304/5715 3214/3302/5715
f 3210/3298/5716 3214/3302/5716 3209/3297/5716
f 3209/3297/5717 3214/3302/5717 3208/3296/5717
f 3208/3296/5718 3166/3237/5718 3165/3234/5718
f 3165/3234/5719 3166/3237/5719 2057/3236/5719
f 3165/3234/5720 2057/3236/5720 2058/3233/5720
f 4194/3305/5721 3221/3314/5721 3217/3306/5721
f 3217/3306/5722 3220/3310/5722 3215/3303/5722
f 3215/3303/5723 3220/3310/5723 3218/3308/5723
f 3215/3303/5724 3218/3308/5724 3213/3301/5724
f 3213/3301/5595 3218/3308/5595 3167/3239/5595
f 3222/3312/5599 3225/3316/5599 3219/3309/5599
f 3219/3309/5605 3225/3316/5605 3169/3311/5605
f 3169/3311/5725 2047/3241/5725 2048/3238/5725
f 2045/3243/5726 3170/3242/5726 3171/3245/5726
f 3171/3245/5727 3170/3242/5727 3228/3319/5727
f 3171/3245/5728 3228/3319/5728 3293/3389/5728
f 3293/3389/5611 3228/3319/5611 3229/3320/5611
f 3293/3389/5729 3229/3320/5729 3294/3390/5729
f 3294/3390/5730 3229/3320/5730 3227/3318/5730
f 2044/3244/5731 3171/3245/5731 3172/3322/5731
f 3172/3322/5732 3171/3245/5732 3293/3389/5732
f 3172/3322/5733 3293/3389/5733 3231/3323/5733
f 3231/3323/5734 3293/3389/5734 3294/3390/5734
f 3231/3323/5735 3294/3390/5735 3233/3325/5735
f 3233/3325/5736 3294/3390/5736 3227/3318/5736
f 3233/3325/5737 3227/3318/5737 3235/3327/5737
f 3235/3327/5738 3227/3318/5738 3230/3321/5738
f 3235/3327/5739 3230/3321/5739 3236/3391/5739
f 3172/3322/5740 2043/3247/5740 2044/3244/5740
f 2055/3246/5741 3173/3248/5741 3174/3250/5741
f 3174/3250/5742 3173/3248/5742 3232/3324/5742
f 3174/3250/5743 3232/3324/5743 3237/3328/5743
f 3237/3328/5744 3232/3324/5744 3234/3326/5744
f 3234/3326/5745 3235/3327/5745 3241/3332/5745
f 3241/3332/5746 3235/3327/5746 3236/3391/5746
f 3236/3391/5747 3242/3392/5747 3241/3332/5747
f 3241/3332/5748 3239/3330/5748 3234/3326/5748
f 3234/3326/5749 3239/3330/5749 3237/3328/5749
f 3240/3331/5750 3241/3332/5750 3247/3337/5750
f 3247/3337/5751 3241/3332/5751 3242/3392/5751
f 3242/3392/5752 3249/3339/5752 3247/3337/5752
f 3247/3337/5753 3245/3335/5753 3240/3331/5753
f 3240/3331/5754 3245/3335/5754 3243/3333/5754
f 3240/3331/5755 3243/3333/5755 3238/3329/5755
f 3238/3329/5756 3243/3333/5756 3176/3254/5756
f 3238/3329/5757 3176/3254/5757 3175/3252/5757
f 3175/3252/5758 3176/3254/5758 2053/3251/5758
f 4195/3342/5759 3255/3393/5759 3254/3347/5759
f 4195/3342/5760 3254/3347/5760 3248/3338/5760
f 3248/3338/5761 3254/3347/5761 3253/3345/5761
f 3248/3338/5762 3253/3345/5762 3251/3341/5762
f 3251/3341/5763 3253/3345/5763 3252/3343/5763
f 3251/3341/5764 3252/3343/5764 3250/3340/5764
f 3250/3340/5765 3252/3343/5765 3179/3260/5765
f 3250/3340/5766 3179/3260/5766 3178/3258/5766
f 3178/3258/5767 3179/3260/5767 2033/3257/5767
f 2031/3261/5768 3180/3262/5768 3181/3264/5768
f 3181/3264/5643 3180/3262/5643 3256/3344/5643
f 3181/3264/5769 3256/3344/5769 3295/3394/5769
f 3295/3394/5770 3256/3344/5770 3257/3346/5770
f 3257/3346/5771 3254/3347/5771 3296/3395/5771
f 3296/3395/5772 3254/3347/5772 3255/3393/5772
f 2030/3263/5773 3181/3264/5773 3182/3396/5773
f 3182/3396/5769 3181/3264/5769 3295/3394/5769
f 3295/3394/5774 3257/3346/5774 3297/3397/5774
f 3297/3397/5775 3257/3346/5775 3296/3395/5775
f 3296/3395/5776 3255/3393/5776 3263/3353/5776
f 3182/3396/5777 3295/3394/5777 3258/3348/5777
f 3258/3348/5774 3295/3394/5774 3297/3397/5774
f 3297/3397/5778 3296/3395/5778 3262/3352/5778
f 3262/3352/5779 3296/3395/5779 3263/3353/5779
f 3262/3352/5780 3260/3350/5780 3297/3397/5780
f 3297/3397/5648 3260/3350/5648 3258/3348/5648
f 3258/3348/5777 3183/3267/5777 3182/3396/5777
f 3182/3396/5781 3183/3267/5781 2039/3266/5781
f 3182/3396/5782 2039/3266/5782 2030/3263/5782
f 2038/3265/5783 3183/3267/5783 3184/3355/5783
f 3184/3355/5784 3183/3267/5784 3259/3349/5784
f 3184/3355/5785 3259/3349/5785 3264/3356/5785
f 3264/3356/5649 3259/3349/5649 3261/3351/5649
f 3261/3351/5786 3262/3352/5786 3267/3359/5786
f 3267/3359/5787 3262/3352/5787 3268/3354/5787
f 3267/3359/5788 3266/3358/5788 3261/3351/5788
f 3261/3351/5655 3266/3358/5655 3264/3356/5655
f 3184/3355/5789 2037/3269/5789 2038/3265/5789
f 3265/3357/5790 3266/3358/5790 3298/3398/5790
f 3298/3398/5791 3266/3358/5791 3267/3359/5791
f 3298/3398/5792 3267/3359/5792 3273/3399/5792
f 3273/3399/5793 3267/3359/5793 3269/3360/5793
f 3269/3360/5794 3274/3371/5794 3273/3399/5794
f 3273/3399/5795 3272/3366/5795 3298/3398/5795
f 3298/3398/5660 3272/3366/5660 3270/3364/5660
f 3298/3398/5790 3270/3364/5790 3265/3357/5790
f 3265/3357/5796 3270/3364/5796 3186/3362/5796
f 3265/3357/5797 3186/3362/5797 3185/3270/5797
f 3185/3270/5798 3186/3362/5798 2042/3361/5798
f 3185/3270/5799 2042/3361/5799 2036/3268/5799
f 3274/3371/5800 3278/3370/5800 3273/3399/5800
f 3273/3399/5801 3278/3370/5801 3276/3368/5801
f 3273/3399/5802 3276/3368/5802 3272/3366/5802
f 3272/3366/5803 3276/3368/5803 3271/3365/5803
f 3187/3363/5804 2041/3272/5804 2042/3361/5804
f 4196/3372/5805 3283/3378/5805 3278/3370/5805
f 3278/3370/5806 3281/3376/5806 3277/3369/5806
f 3277/3369/5807 3281/3376/5807 3279/3374/5807
f 3277/3369/5808 3279/3374/5808 3275/3367/5808
f 3275/3367/5809 3279/3374/5809 3189/3275/5809
f 3284/3379/5676 3286/3381/5676 3280/3375/5676
f 3280/3375/5810 3286/3381/5810 3191/3278/5810
f 3280/3375/5811 3191/3278/5811 3190/3373/5811
f 3190/3373/5812 3191/3278/5812 2028/3277/5812
f 3190/3373/5813 2028/3277/5813 2029/3274/5813
f 3288/3383/5814 3287/3382/5814 3291/3388/5814
f 3291/3388/5815 3287/3382/5815 3292/3384/5815
f 2026/3279/5816 3192/3280/5816 3193/3386/5816
f 3193/3386/5817 3192/3280/5817 3288/3383/5817
f 3193/3386/5818 3288/3383/5818 3290/3387/5818
f 3290/3387/5819 3288/3383/5819 3291/3388/5819
f 2575/3400/5820 2576/3401/5820 3299/3402/5820
f 2574/3403/5821 2575/3400/5821 3299/3402/5821
f 2590/3404/5822 2574/3403/5822 3300/3405/5822
f 2588/3406/5823 2589/3407/5823 3302/3408/5823
f 2587/3409/5824 2588/3406/5824 3303/3410/5824
f 2592/3411/5825 2593/3412/5825 3305/3413/5825
f 2591/3414/5826 2592/3411/5826 3306/3415/5826
f 2585/3416/5827 2586/3417/5827 3308/3418/5827
f 2584/3419/5828 2585/3416/5828 3309/3420/5828
f 2597/3421/5829 2598/3422/5829 3312/3423/5829
f 2595/3424/5830 2596/3425/5830 3314/3426/5830
f 2594/3427/5831 2595/3424/5831 3314/3426/5831
f 2602/3428/5832 2594/3427/5832 3315/3429/5832
f 2600/3430/5833 2601/3431/5833 3316/3432/5833
f 2599/3433/5834 2600/3430/5834 3317/3434/5834
f 2604/3435/5835 2605/3436/5835 3320/3437/5835
f 2582/3438/5836 2603/3439/5836 3322/3440/5836
f 2580/3441/5837 2581/3442/5837 3324/3443/5837
f 2579/3444/5838 2580/3441/5838 3325/3445/5838
f 2578/3446/5839 2579/3444/5839 3326/3447/5839
f 2576/3401/5840 2577/3448/5840 3327/3449/5840
f 3329/3450/5841 3425/3451/5841 3330/3452/5841
f 3330/3452/5842 3425/3451/5842 3331/3453/5842
f 3330/3452/5843 3331/3453/5843 3337/3454/5843
f 3299/3402/5844 3332/3455/5844 3333/3456/5844
f 3333/3456/5845 3332/3455/5845 3334/3457/5845
f 3333/3456/5846 3334/3457/5846 3335/3458/5846
f 3335/3458/5847 3334/3457/5847 3330/3452/5847
f 3335/3458/5848 3330/3452/5848 3336/3459/5848
f 3336/3459/5849 3330/3452/5849 3337/3454/5849
f 3336/3459/5850 3337/3454/5850 3338/3460/5850
f 2590/3404/5851 3300/3405/5851 3301/3461/5851
f 3301/3461/5852 3300/3405/5852 3339/3462/5852
f 3301/3461/5853 3339/3462/5853 3340/3463/5853
f 3340/3463/5854 3339/3462/5854 3341/3464/5854
f 2589/3407/5855 3301/3461/5855 3302/3408/5855
f 3302/3408/5856 3301/3461/5856 3340/3463/5856
f 3302/3408/5857 3340/3463/5857 3344/3465/5857
f 3344/3465/5858 3340/3463/5858 3345/3466/5858
f 3344/3465/5859 3345/3466/5859 3346/3467/5859
f 3346/3467/5860 3345/3466/5860 3342/3468/5860
f 3342/3468/5861 3343/3469/5861 4198/3470/5861
f 2588/3406/5862 3302/3408/5862 3303/3410/5862
f 3303/3410/5863 3302/3408/5863 3344/3465/5863
f 3346/3467/5864 3342/3468/5864 3347/3471/5864
f 3347/3471/5865 3342/3468/5865 4198/3470/5865
f 2587/3409/5866 3303/3410/5866 3304/3472/5866
f 3304/3472/5867 3303/3410/5867 3348/3473/5867
f 3304/3472/5868 3348/3473/5868 3349/3474/5868
f 3349/3474/5869 3348/3473/5869 3350/3475/5869
f 3349/3474/5870 3350/3475/5870 3352/3476/5870
f 3352/3476/5871 3350/3475/5871 3347/3471/5871
f 3352/3476/5872 3347/3471/5872 3353/3477/5872
f 3353/3477/5873 3347/3471/5873 3351/3478/5873
f 3353/3477/5874 3351/3478/5874 3354/3479/5874
f 3356/3480/5875 3353/3477/5875 3357/3481/5875
f 3357/3481/5876 3353/3477/5876 3354/3479/5876
f 2592/3411/5877 3305/3413/5877 3306/3415/5877
f 3306/3415/5878 3305/3413/5878 3355/3482/5878
f 3306/3415/5879 3355/3482/5879 3358/3483/5879
f 3358/3483/5880 3355/3482/5880 3356/3480/5880
f 3358/3483/5881 3356/3480/5881 3359/3484/5881
f 3359/3484/5882 3356/3480/5882 3357/3481/5882
f 3357/3481/5883 3354/3479/5883 3360/3485/5883
f 3308/3418/5884 3361/3486/5884 3362/3487/5884
f 3362/3487/5885 3361/3486/5885 3363/3488/5885
f 3362/3487/5886 3363/3488/5886 3364/3489/5886
f 3364/3489/5887 3363/3488/5887 3365/3490/5887
f 3365/3490/5888 3366/3491/5888 3367/3492/5888
f 2584/3419/5889 3309/3420/5889 3310/3493/5889
f 3310/3493/5890 3309/3420/5890 3368/3494/5890
f 3310/3493/5891 3368/3494/5891 3369/3495/5891
f 3369/3495/5892 3368/3494/5892 3370/3496/5892
f 3311/3497/5893 3373/3498/5893 3374/3499/5893
f 3374/3499/5894 3373/3498/5894 3375/3500/5894
f 3312/3423/5895 3374/3499/5895 3378/3501/5895
f 3378/3501/5896 3374/3499/5896 3379/3502/5896
f 3379/3502/5897 3376/3503/5897 3380/3504/5897
f 3380/3504/5898 3376/3503/5898 3377/3505/5898
f 3380/3504/5899 3377/3505/5899 4199/3506/5899
f 2597/3421/5900 3312/3423/5900 3313/3507/5900
f 3313/3507/5895 3312/3423/5895 3378/3501/5895
f 3378/3501/5901 3379/3502/5901 3381/3508/5901
f 3381/3508/5902 3379/3502/5902 3380/3504/5902
f 2596/3425/5903 3313/3507/5903 3314/3426/5903
f 3314/3426/5904 3313/3507/5904 3382/3509/5904
f 3382/3509/5905 3381/3508/5905 3383/3510/5905
f 3383/3510/5906 3381/3508/5906 3384/3511/5906
f 3314/3426/5907 3382/3509/5907 3386/3512/5907
f 3386/3512/5908 3382/3509/5908 3383/3510/5908
f 3386/3512/5909 3383/3510/5909 3387/3513/5909
f 3387/3513/5910 3383/3510/5910 3384/3511/5910
f 3316/3432/5911 3388/3514/5911 3389/3515/5911
f 3389/3515/5912 3388/3514/5912 3390/3516/5912
f 3389/3515/5913 3390/3516/5913 3391/3517/5913
f 3391/3517/5914 3390/3516/5914 3392/3518/5914
f 3392/3518/5915 3431/3519/5915 3397/3520/5915
f 2599/3433/5916 3317/3434/5916 3318/3521/5916
f 3318/3521/5917 3317/3434/5917 3393/3522/5917
f 3318/3521/5918 3393/3522/5918 3394/3523/5918
f 3394/3523/5919 3393/3522/5919 3395/3524/5919
f 2606/3525/5920 3319/3526/5920 3320/3437/5920
f 3320/3437/5921 3319/3526/5921 3398/3527/5921
f 3320/3437/5922 3398/3527/5922 3399/3528/5922
f 3399/3528/5923 3398/3527/5923 3400/3529/5923
f 3401/3530/5924 3402/3531/5924 3403/3532/5924
f 2604/3435/5925 3320/3437/5925 3321/3533/5925
f 3321/3533/5926 3320/3437/5926 3399/3528/5926
f 3321/3533/5927 3399/3528/5927 3404/3534/5927
f 3404/3534/5928 3399/3528/5928 3405/3535/5928
f 3406/3536/5929 3403/3532/5929 4200/3537/5929
f 3404/3534/5930 3405/3535/5930 3407/3538/5930
f 3407/3538/5931 3405/3535/5931 3406/3536/5931
f 2582/3438/5932 3322/3440/5932 3323/3539/5932
f 3323/3539/5933 3322/3440/5933 3408/3540/5933
f 3408/3540/5934 3407/3538/5934 3409/3541/5934
f 3409/3541/5935 3407/3538/5935 3410/3542/5935
f 3323/3539/5936 3408/3540/5936 3412/3543/5936
f 3412/3543/5934 3408/3540/5934 3409/3541/5934
f 3412/3543/5937 3409/3541/5937 3413/3544/5937
f 3413/3544/5938 3409/3541/5938 3410/3542/5938
f 3410/3542/5939 3411/3545/5939 3414/3546/5939
f 2580/3441/5940 3324/3443/5940 3325/3445/5940
f 3325/3445/5941 3324/3443/5941 3415/3547/5941
f 3415/3547/5942 3413/3544/5942 3416/3548/5942
f 3416/3548/5943 3413/3544/5943 3417/3549/5943
f 3325/3445/5944 3415/3547/5944 3418/3550/5944
f 3418/3550/5945 3415/3547/5945 3416/3548/5945
f 3417/3549/5946 3414/3546/5946 3419/3551/5946
f 2578/3446/5947 3326/3447/5947 3420/3552/5947
f 3420/3552/5948 3326/3447/5948 3421/3553/5948
f 3420/3552/5949 3421/3553/5949 3422/3554/5949
f 3422/3554/5950 3421/3553/5950 3423/3555/5950
f 3422/3554/5951 3423/3555/5951 3424/3556/5951
f 3424/3556/5952 3423/3555/5952 3425/3451/5952
f 3425/3451/5953 3419/3551/5953 3331/3453/5953
f 3425/3451/5954 3329/3450/5954 3424/3556/5954
f 3424/3556/5955 3329/3450/5955 3328/3557/5955
f 3424/3556/5956 3328/3557/5956 3422/3554/5956
f 3422/3554/5957 3328/3557/5957 3327/3449/5957
f 3422/3554/5958 3327/3449/5958 3420/3552/5958
f 3420/3552/5959 3327/3449/5959 2577/3448/5959
f 3420/3552/5960 2577/3448/5960 2578/3446/5960
f 2576/3401/5961 3327/3449/5961 3426/3558/5961
f 3426/3558/5962 3327/3449/5962 3328/3557/5962
f 3426/3558/5963 3328/3557/5963 3332/3455/5963
f 3332/3455/5964 3328/3557/5964 3329/3450/5964
f 3332/3455/5965 3329/3450/5965 3334/3457/5965
f 3334/3457/5966 3329/3450/5966 3330/3452/5966
f 3332/3455/5967 3299/3402/5967 3426/3558/5967
f 3426/3558/5968 3299/3402/5968 2576/3401/5968
f 2574/3403/5969 3299/3402/5969 3300/3405/5969
f 3300/3405/5844 3299/3402/5844 3333/3456/5844
f 3338/3460/5970 3343/3469/5970 3342/3468/5970
f 3338/3460/5971 3342/3468/5971 3336/3459/5971
f 3336/3459/5972 3342/3468/5972 3341/3464/5972
f 3336/3459/5973 3341/3464/5973 3335/3458/5973
f 3335/3458/5974 3341/3464/5974 3339/3462/5974
f 3335/3458/5975 3339/3462/5975 3333/3456/5975
f 3333/3456/5976 3339/3462/5976 3300/3405/5976
f 3342/3468/5977 3345/3466/5977 3341/3464/5977
f 3341/3464/5978 3345/3466/5978 3340/3463/5978
f 3301/3461/5979 2589/3407/5979 2590/3404/5979
f 4198/3470/5980 3351/3478/5980 3347/3471/5980
f 3347/3471/5981 3350/3475/5981 3346/3467/5981
f 3346/3467/5982 3350/3475/5982 3348/3473/5982
f 3346/3467/5983 3348/3473/5983 3344/3465/5983
f 3344/3465/5984 3348/3473/5984 3303/3410/5984
f 3353/3477/5985 3356/3480/5985 3352/3476/5985
f 3352/3476/5986 3356/3480/5986 3355/3482/5986
f 3352/3476/5987 3355/3482/5987 3349/3474/5987
f 3349/3474/5988 3355/3482/5988 3305/3413/5988
f 3349/3474/5989 3305/3413/5989 3304/3472/5989
f 3304/3472/5990 3305/3413/5990 2593/3412/5990
f 3304/3472/5991 2593/3412/5991 2587/3409/5991
f 3306/3415/5992 3358/3483/5992 3427/3559/5992
f 3427/3559/5993 3358/3483/5993 3359/3484/5993
f 2591/3414/5994 3306/3415/5994 3307/3560/5994
f 3307/3560/5995 3306/3415/5995 3427/3559/5995
f 3427/3559/5996 3359/3484/5996 3428/3561/5996
f 3428/3561/5997 3359/3484/5997 3357/3481/5997
f 3307/3560/5998 3427/3559/5998 3361/3486/5998
f 3361/3486/5999 3427/3559/5999 3428/3561/5999
f 3361/3486/6000 3428/3561/6000 3363/3488/6000
f 3363/3488/6001 3428/3561/6001 3357/3481/6001
f 3363/3488/6002 3357/3481/6002 3365/3490/6002
f 3365/3490/6003 3357/3481/6003 3360/3485/6003
f 3365/3490/6004 3360/3485/6004 3366/3491/6004
f 3361/3486/5998 3308/3418/5998 3307/3560/5998
f 3307/3560/6005 3308/3418/6005 2586/3417/6005
f 3307/3560/6006 2586/3417/6006 2591/3414/6006
f 2585/3416/6007 3308/3418/6007 3309/3420/6007
f 3309/3420/6008 3308/3418/6008 3362/3487/6008
f 3309/3420/6009 3362/3487/6009 3368/3494/6009
f 3368/3494/6010 3362/3487/6010 3364/3489/6010
f 3364/3489/6011 3365/3490/6011 3371/3562/6011
f 3371/3562/6012 3365/3490/6012 3367/3492/6012
f 3367/3492/6013 3372/3563/6013 3371/3562/6013
f 3371/3562/6014 3370/3496/6014 3364/3489/6014
f 3364/3489/6015 3370/3496/6015 3368/3494/6015
f 3310/3493/6016 3369/3495/6016 3373/3498/6016
f 3373/3498/6017 3369/3495/6017 3370/3496/6017
f 3373/3498/6018 3370/3496/6018 3429/3564/6018
f 3429/3564/6019 3370/3496/6019 3371/3562/6019
f 3429/3564/6020 3371/3562/6020 3376/3503/6020
f 3376/3503/6021 3371/3562/6021 3372/3563/6021
f 3372/3563/6022 3377/3505/6022 3376/3503/6022
f 3376/3503/6023 3375/3500/6023 3429/3564/6023
f 3429/3564/6024 3375/3500/6024 3373/3498/6024
f 3373/3498/6025 3311/3497/6025 3310/3493/6025
f 3310/3493/6026 3311/3497/6026 2583/3565/6026
f 3310/3493/6027 2583/3565/6027 2584/3419/6027
f 3376/3503/6028 3379/3502/6028 3375/3500/6028
f 3375/3500/6029 3379/3502/6029 3374/3499/6029
f 3374/3499/5893 3312/3423/5893 3311/3497/5893
f 3311/3497/6030 3312/3423/6030 2598/3422/6030
f 3311/3497/6031 2598/3422/6031 2583/3565/6031
f 4199/3506/6032 3385/3566/6032 3384/3511/6032
f 4199/3506/6033 3384/3511/6033 3380/3504/6033
f 3380/3504/6034 3384/3511/6034 3381/3508/6034
f 3381/3508/6035 3382/3509/6035 3378/3501/6035
f 3378/3501/5904 3382/3509/5904 3313/3507/5904
f 3313/3507/6036 2596/3425/6036 2597/3421/6036
f 2594/3427/6037 3314/3426/6037 3315/3429/6037
f 3315/3429/5907 3314/3426/5907 3386/3512/5907
f 3387/3513/6038 3384/3511/6038 3430/3567/6038
f 3430/3567/6039 3384/3511/6039 3385/3566/6039
f 3430/3567/6040 3385/3566/6040 3431/3519/6040
f 3315/3429/6041 3386/3512/6041 3432/3568/6041
f 3432/3568/6042 3386/3512/6042 3387/3513/6042
f 3432/3568/6043 3387/3513/6043 3433/3569/6043
f 3433/3569/6044 3387/3513/6044 3430/3567/6044
f 2602/3428/6045 3315/3429/6045 3434/3570/6045
f 3434/3570/6041 3315/3429/6041 3432/3568/6041
f 3434/3570/6046 3432/3568/6046 3388/3514/6046
f 3388/3514/6047 3432/3568/6047 3433/3569/6047
f 3433/3569/6048 3430/3567/6048 3392/3518/6048
f 3392/3518/6049 3430/3567/6049 3431/3519/6049
f 3392/3518/6050 3390/3516/6050 3433/3569/6050
f 3433/3569/5912 3390/3516/5912 3388/3514/5912
f 3388/3514/6051 3316/3432/6051 3434/3570/6051
f 3434/3570/6052 3316/3432/6052 2601/3431/6052
f 3434/3570/6053 2601/3431/6053 2602/3428/6053
f 2600/3430/6054 3316/3432/6054 3317/3434/6054
f 3317/3434/6055 3316/3432/6055 3389/3515/6055
f 3317/3434/6056 3389/3515/6056 3393/3522/6056
f 3393/3522/5913 3389/3515/5913 3391/3517/5913
f 3391/3517/6057 3392/3518/6057 3396/3571/6057
f 3396/3571/6058 3392/3518/6058 3397/3520/6058
f 3396/3571/6059 3395/3524/6059 3391/3517/6059
f 3391/3517/5919 3395/3524/5919 3393/3522/5919
f 3394/3523/6060 3395/3524/6060 3435/3572/6060
f 3435/3572/6061 3395/3524/6061 3396/3571/6061
f 3435/3572/6062 3396/3571/6062 3401/3530/6062
f 3401/3530/6063 3396/3571/6063 3397/3520/6063
f 3401/3530/6064 3397/3520/6064 3402/3531/6064
f 3401/3530/6065 3400/3529/6065 3435/3572/6065
f 3435/3572/5923 3400/3529/5923 3398/3527/5923
f 3435/3572/6060 3398/3527/6060 3394/3523/6060
f 3394/3523/6066 3398/3527/6066 3319/3526/6066
f 3394/3523/6067 3319/3526/6067 3318/3521/6067
f 3318/3521/6068 3319/3526/6068 2606/3525/6068
f 3318/3521/6069 2606/3525/6069 2599/3433/6069
f 3403/3532/6070 3406/3536/6070 3401/3530/6070
f 3401/3530/6071 3406/3536/6071 3405/3535/6071
f 3401/3530/6072 3405/3535/6072 3400/3529/6072
f 3400/3529/5928 3405/3535/5928 3399/3528/5928
f 3320/3437/6073 2605/3436/6073 2606/3525/6073
f 4200/3537/6074 3411/3545/6074 3410/3542/6074
f 4200/3537/6075 3410/3542/6075 3406/3536/6075
f 3406/3536/6076 3410/3542/6076 3407/3538/6076
f 3407/3538/5930 3408/3540/5930 3404/3534/5930
f 3404/3534/6077 3408/3540/6077 3322/3440/6077
f 3404/3534/6078 3322/3440/6078 3321/3533/6078
f 3321/3533/6079 3322/3440/6079 2603/3439/6079
f 3321/3533/6080 2603/3439/6080 2604/3435/6080
f 3414/3546/6081 3417/3549/6081 3410/3542/6081
f 3410/3542/6082 3417/3549/6082 3413/3544/6082
f 3413/3544/5937 3415/3547/5937 3412/3543/5937
f 3412/3543/5941 3415/3547/5941 3324/3443/5941
f 3412/3543/5936 3324/3443/5936 3323/3539/5936
f 3323/3539/6083 3324/3443/6083 2581/3442/6083
f 3323/3539/6084 2581/3442/6084 2582/3438/6084
f 2579/3444/6085 3325/3445/6085 3326/3447/6085
f 3326/3447/6086 3325/3445/6086 3418/3550/6086
f 3326/3447/6087 3418/3550/6087 3421/3553/6087
f 3421/3553/6088 3418/3550/6088 3416/3548/6088
f 3421/3553/6089 3416/3548/6089 3423/3555/6089
f 3423/3555/6090 3416/3548/6090 3417/3549/6090
f 3423/3555/6091 3417/3549/6091 3425/3451/6091
f 3425/3451/6092 3417/3549/6092 3419/3551/6092
f 3134/3573/6093 3135/3574/6093 3436/3575/6093
f 3133/3576/6094 3134/3573/6094 3436/3575/6094
f 3160/3577/6095 3133/3576/6095 3437/3578/6095
f 3158/3579/6096 3159/3580/6096 3439/3581/6096
f 3151/3582/6097 3157/3583/6097 3441/3584/6097
f 3149/3585/6098 3150/3586/6098 3442/3587/6098
f 3148/3588/6099 3149/3585/6099 3443/3589/6099
f 3162/3590/6100 3147/3591/6100 3445/3592/6100
f 3161/3593/6101 3162/3590/6101 3446/3594/6101
f 3154/3595/6102 3155/3596/6102 3449/3597/6102
f 3152/3598/6103 3153/3599/6103 3451/3600/6103
f 3146/3601/6104 3152/3598/6104 3451/3600/6104
f 3145/3602/6105 3146/3601/6105 3452/3603/6105
f 3143/3604/6106 3144/3605/6106 3453/3606/6106
f 3141/3607/6107 3142/3608/6107 3455/3609/6107
f 3138/3610/6108 3139/3611/6108 3457/3612/6108
f 3132/3613/6109 3137/3614/6109 3459/3615/6109
f 3130/3616/6110 3131/3617/6110 3461/3618/6110
f 3129/3619/6111 3130/3616/6111 3462/3620/6111
f 3128/3621/6112 3129/3619/6112 3463/3622/6112
f 3135/3574/6113 3136/3623/6113 3464/3624/6113
f 3466/3625/6114 3562/3626/6114 3472/3627/6114
f 3472/3627/6115 3562/3626/6115 3467/3628/6115
f 3472/3627/6116 3467/3628/6116 3473/3629/6116
f 3436/3575/6117 3468/3630/6117 3469/3631/6117
f 3469/3631/6118 3468/3630/6118 3470/3632/6118
f 3469/3631/6119 3470/3632/6119 3471/3633/6119
f 3471/3633/6120 3470/3632/6120 3472/3627/6120
f 3160/3577/6121 3437/3578/6121 3438/3634/6121
f 3438/3634/6122 3437/3578/6122 3474/3635/6122
f 3438/3634/6123 3474/3635/6123 3475/3636/6123
f 3475/3636/6124 3474/3635/6124 3476/3637/6124
f 3476/3637/6125 3477/3638/6125 3478/3639/6125
f 3478/3639/6126 3477/3638/6126 3479/3640/6126
f 3478/3639/6127 3479/3640/6127 3480/3641/6127
f 3159/3580/6128 3438/3634/6128 3439/3581/6128
f 3439/3581/6129 3438/3634/6129 3475/3636/6129
f 3439/3581/6130 3475/3636/6130 3481/3642/6130
f 3481/3642/6131 3475/3636/6131 3482/3643/6131
f 3481/3642/6132 3482/3643/6132 3483/3644/6132
f 3483/3644/6133 3482/3643/6133 3478/3639/6133
f 3478/3639/6134 3480/3641/6134 4202/3645/6134
f 3158/3579/6135 3439/3581/6135 3440/3646/6135
f 3440/3646/6136 3439/3581/6136 3481/3642/6136
f 3483/3644/6137 3478/3639/6137 3484/3647/6137
f 3484/3647/6138 3478/3639/6138 4202/3645/6138
f 3157/3583/6139 3440/3646/6139 3441/3584/6139
f 3441/3584/6140 3440/3646/6140 3485/3648/6140
f 3441/3584/6141 3485/3648/6141 3486/3649/6141
f 3486/3649/6142 3485/3648/6142 3487/3650/6142
f 3486/3649/6143 3487/3650/6143 3489/3651/6143
f 3489/3651/6144 3487/3650/6144 3484/3647/6144
f 3489/3651/6145 3484/3647/6145 3490/3652/6145
f 3490/3652/6146 3484/3647/6146 3488/3653/6146
f 3490/3652/6147 3488/3653/6147 3491/3654/6147
f 3149/3585/6148 3442/3587/6148 3443/3589/6148
f 3443/3589/6149 3442/3587/6149 3492/3655/6149
f 3443/3589/6150 3492/3655/6150 3494/3656/6150
f 3494/3656/6151 3492/3655/6151 3493/3657/6151
f 3494/3656/6152 3493/3657/6152 3495/3658/6152
f 3495/3658/6153 3493/3657/6153 3490/3652/6153
f 3490/3652/6154 3491/3654/6154 3496/3659/6154
f 3445/3592/6155 3497/3660/6155 3498/3661/6155
f 3498/3661/6156 3497/3660/6156 3499/3662/6156
f 3498/3661/6157 3499/3662/6157 3500/3663/6157
f 3500/3663/6158 3499/3662/6158 3501/3664/6158
f 3501/3664/6159 3502/3665/6159 3503/3666/6159
f 3161/3593/6160 3446/3594/6160 3447/3667/6160
f 3447/3667/6161 3446/3594/6161 3504/3668/6161
f 3447/3667/6162 3504/3668/6162 3505/3669/6162
f 3505/3669/6163 3504/3668/6163 3506/3670/6163
f 3448/3671/6164 3509/3672/6164 3510/3673/6164
f 3510/3673/6165 3509/3672/6165 3511/3674/6165
f 3449/3597/6166 3510/3673/6166 3514/3675/6166
f 3514/3675/6167 3510/3673/6167 3515/3676/6167
f 3515/3676/6168 3512/3677/6168 3516/3678/6168
f 3516/3678/6169 3512/3677/6169 3513/3679/6169
f 3516/3678/6170 3513/3679/6170 4203/3680/6170
f 3154/3595/6171 3449/3597/6171 3450/3681/6171
f 3450/3681/6166 3449/3597/6166 3514/3675/6166
f 3514/3675/6172 3515/3676/6172 3517/3682/6172
f 3517/3682/6173 3515/3676/6173 3516/3678/6173
f 3153/3599/6174 3450/3681/6174 3451/3600/6174
f 3451/3600/6175 3450/3681/6175 3518/3683/6175
f 3518/3683/6176 3517/3682/6176 3519/3684/6176
f 3519/3684/6177 3517/3682/6177 3520/3685/6177
f 3451/3600/6178 3518/3683/6178 3522/3686/6178
f 3522/3686/6179 3518/3683/6179 3519/3684/6179
f 3522/3686/6180 3519/3684/6180 3523/3687/6180
f 3523/3687/6181 3519/3684/6181 3520/3685/6181
f 3453/3606/6182 3524/3688/6182 3525/3689/6182
f 3525/3689/6183 3524/3688/6183 3526/3690/6183
f 3525/3689/6184 3526/3690/6184 3527/3691/6184
f 3527/3691/6185 3526/3690/6185 3528/3692/6185
f 3528/3692/6186 3569/3693/6186 3533/3694/6186
f 3142/3608/6187 3454/3695/6187 3455/3609/6187
f 3455/3609/6188 3454/3695/6188 3529/3696/6188
f 3455/3609/6189 3529/3696/6189 3530/3697/6189
f 3530/3697/6190 3529/3696/6190 3531/3698/6190
f 3140/3699/6191 3456/3700/6191 3457/3612/6191
f 3457/3612/6192 3456/3700/6192 3534/3701/6192
f 3457/3612/6193 3534/3701/6193 3535/3702/6193
f 3535/3702/6194 3534/3701/6194 3536/3703/6194
f 3535/3702/6195 3536/3703/6195 3537/3704/6195
f 3537/3704/6196 3536/3703/6196 3538/3705/6196
f 3538/3705/6197 3539/3706/6197 3540/3707/6197
f 3138/3610/6198 3457/3612/6198 3458/3708/6198
f 3458/3708/6199 3457/3612/6199 3535/3702/6199
f 3458/3708/6200 3535/3702/6200 3541/3709/6200
f 3541/3709/6201 3535/3702/6201 3537/3704/6201
f 3541/3709/6202 3537/3704/6202 3542/3710/6202
f 3542/3710/6203 3537/3704/6203 3543/3711/6203
f 3543/3711/6204 3540/3707/6204 4204/3712/6204
f 3541/3709/6205 3542/3710/6205 3544/3713/6205
f 3544/3713/6206 3542/3710/6206 3543/3711/6206
f 3132/3613/6207 3459/3615/6207 3460/3714/6207
f 3460/3714/6208 3459/3615/6208 3545/3715/6208
f 3545/3715/6209 3544/3713/6209 3546/3716/6209
f 3546/3716/6210 3544/3713/6210 3547/3717/6210
f 3460/3714/6211 3545/3715/6211 3549/3718/6211
f 3549/3718/6209 3545/3715/6209 3546/3716/6209
f 3549/3718/6212 3546/3716/6212 3550/3719/6212
f 3550/3719/6213 3546/3716/6213 3547/3717/6213
f 3547/3717/6214 3548/3720/6214 3551/3721/6214
f 3130/3616/6215 3461/3618/6215 3462/3620/6215
f 3462/3620/6216 3461/3618/6216 3552/3722/6216
f 3552/3722/6217 3550/3719/6217 3553/3723/6217
f 3553/3723/6218 3550/3719/6218 3554/3724/6218
f 3462/3620/6219 3552/3722/6219 3555/3725/6219
f 3555/3725/6220 3552/3722/6220 3553/3723/6220
f 3554/3724/6221 3551/3721/6221 3556/3726/6221
f 3128/3621/6222 3463/3622/6222 3557/3727/6222
f 3557/3727/6223 3463/3622/6223 3558/3728/6223
f 3557/3727/6224 3558/3728/6224 3559/3729/6224
f 3559/3729/6225 3558/3728/6225 3560/3730/6225
f 3559/3729/6226 3560/3730/6226 3561/3731/6226
f 3561/3731/6227 3560/3730/6227 3562/3626/6227
f 3562/3626/6228 3556/3726/6228 3467/3628/6228
f 3562/3626/6229 3466/3625/6229 3561/3731/6229
f 3561/3731/6230 3466/3625/6230 3465/3732/6230
f 3561/3731/6231 3465/3732/6231 3559/3729/6231
f 3559/3729/6232 3465/3732/6232 3464/3624/6232
f 3559/3729/6233 3464/3624/6233 3557/3727/6233
f 3557/3727/6234 3464/3624/6234 3136/3623/6234
f 3557/3727/6235 3136/3623/6235 3128/3621/6235
f 3135/3574/6236 3464/3624/6236 3563/3733/6236
f 3563/3733/6237 3464/3624/6237 3465/3732/6237
f 3563/3733/6238 3465/3732/6238 3468/3630/6238
f 3468/3630/6239 3465/3732/6239 3466/3625/6239
f 3468/3630/6240 3466/3625/6240 3470/3632/6240
f 3470/3632/6241 3466/3625/6241 3472/3627/6241
f 3468/3630/6242 3436/3575/6242 3563/3733/6242
f 3563/3733/6243 3436/3575/6243 3135/3574/6243
f 3133/3576/6244 3436/3575/6244 3437/3578/6244
f 3437/3578/6117 3436/3575/6117 3469/3631/6117
f 3471/3633/6245 3472/3627/6245 3477/3638/6245
f 3477/3638/6246 3472/3627/6246 3473/3629/6246
f 3477/3638/6247 3473/3629/6247 3479/3640/6247
f 3477/3638/6248 3476/3637/6248 3471/3633/6248
f 3471/3633/6249 3476/3637/6249 3474/3635/6249
f 3471/3633/6250 3474/3635/6250 3469/3631/6250
f 3469/3631/6251 3474/3635/6251 3437/3578/6251
f 3478/3639/6252 3482/3643/6252 3476/3637/6252
f 3476/3637/6253 3482/3643/6253 3475/3636/6253
f 3438/3634/6254 3159/3580/6254 3160/3577/6254
f 4202/3645/6255 3488/3653/6255 3484/3647/6255
f 3484/3647/6256 3487/3650/6256 3483/3644/6256
f 3483/3644/6257 3487/3650/6257 3485/3648/6257
f 3483/3644/6258 3485/3648/6258 3481/3642/6258
f 3481/3642/6259 3485/3648/6259 3440/3646/6259
f 3440/3646/6260 3157/3583/6260 3158/3579/6260
f 3490/3652/6261 3493/3657/6261 3489/3651/6261
f 3489/3651/6262 3493/3657/6262 3492/3655/6262
f 3489/3651/6263 3492/3655/6263 3486/3649/6263
f 3486/3649/6264 3492/3655/6264 3442/3587/6264
f 3486/3649/6265 3442/3587/6265 3441/3584/6265
f 3441/3584/6266 3442/3587/6266 3150/3586/6266
f 3441/3584/6267 3150/3586/6267 3151/3582/6267
f 3443/3589/6268 3494/3656/6268 3564/3734/6268
f 3564/3734/6269 3494/3656/6269 3495/3658/6269
f 3495/3658/6270 3490/3652/6270 3565/3735/6270
f 3565/3735/6271 3490/3652/6271 3496/3659/6271
f 3148/3588/6272 3443/3589/6272 3444/3736/6272
f 3444/3736/6273 3443/3589/6273 3564/3734/6273
f 3564/3734/6274 3495/3658/6274 3566/3737/6274
f 3566/3737/6275 3495/3658/6275 3565/3735/6275
f 3444/3736/6276 3564/3734/6276 3497/3660/6276
f 3497/3660/6277 3564/3734/6277 3566/3737/6277
f 3497/3660/6278 3566/3737/6278 3499/3662/6278
f 3499/3662/6279 3566/3737/6279 3565/3735/6279
f 3499/3662/6280 3565/3735/6280 3501/3664/6280
f 3501/3664/6281 3565/3735/6281 3496/3659/6281
f 3501/3664/6282 3496/3659/6282 3502/3665/6282
f 3497/3660/6276 3445/3592/6276 3444/3736/6276
f 3444/3736/6283 3445/3592/6283 3147/3591/6283
f 3444/3736/6284 3147/3591/6284 3148/3588/6284
f 3162/3590/6285 3445/3592/6285 3446/3594/6285
f 3446/3594/6286 3445/3592/6286 3498/3661/6286
f 3446/3594/6287 3498/3661/6287 3504/3668/6287
f 3504/3668/6288 3498/3661/6288 3500/3663/6288
f 3500/3663/6289 3501/3664/6289 3507/3738/6289
f 3507/3738/6290 3501/3664/6290 3503/3666/6290
f 3503/3666/6291 3508/3739/6291 3507/3738/6291
f 3507/3738/6292 3506/3670/6292 3500/3663/6292
f 3500/3663/6293 3506/3670/6293 3504/3668/6293
f 3447/3667/6294 3505/3669/6294 3509/3672/6294
f 3509/3672/6295 3505/3669/6295 3506/3670/6295
f 3509/3672/6296 3506/3670/6296 3567/3740/6296
f 3567/3740/6297 3506/3670/6297 3507/3738/6297
f 3567/3740/6298 3507/3738/6298 3512/3677/6298
f 3512/3677/6299 3507/3738/6299 3508/3739/6299
f 3508/3739/6300 3513/3679/6300 3512/3677/6300
f 3512/3677/6301 3511/3674/6301 3567/3740/6301
f 3567/3740/6302 3511/3674/6302 3509/3672/6302
f 3509/3672/6303 3448/3671/6303 3447/3667/6303
f 3447/3667/6304 3448/3671/6304 3156/3741/6304
f 3447/3667/6305 3156/3741/6305 3161/3593/6305
f 3512/3677/6306 3515/3676/6306 3511/3674/6306
f 3511/3674/6167 3515/3676/6167 3510/3673/6167
f 3510/3673/6164 3449/3597/6164 3448/3671/6164
f 3448/3671/6307 3449/3597/6307 3155/3596/6307
f 3448/3671/6308 3155/3596/6308 3156/3741/6308
f 4203/3680/6309 3521/3742/6309 3520/3685/6309
f 4203/3680/6310 3520/3685/6310 3516/3678/6310
f 3516/3678/6311 3520/3685/6311 3517/3682/6311
f 3517/3682/6172 3518/3683/6172 3514/3675/6172
f 3514/3675/6175 3518/3683/6175 3450/3681/6175
f 3450/3681/6312 3153/3599/6312 3154/3595/6312
f 3146/3601/6313 3451/3600/6313 3452/3603/6313
f 3452/3603/6314 3451/3600/6314 3522/3686/6314
f 3523/3687/6315 3520/3685/6315 3568/3743/6315
f 3568/3743/6316 3520/3685/6316 3521/3742/6316
f 3568/3743/6317 3521/3742/6317 3569/3693/6317
f 3452/3603/6318 3522/3686/6318 3570/3744/6318
f 3570/3744/6319 3522/3686/6319 3523/3687/6319
f 3570/3744/6320 3523/3687/6320 3571/3745/6320
f 3571/3745/6321 3523/3687/6321 3568/3743/6321
f 3145/3602/6322 3452/3603/6322 3572/3746/6322
f 3572/3746/6318 3452/3603/6318 3570/3744/6318
f 3572/3746/6323 3570/3744/6323 3524/3688/6323
f 3524/3688/6324 3570/3744/6324 3571/3745/6324
f 3571/3745/6325 3568/3743/6325 3528/3692/6325
f 3528/3692/6326 3568/3743/6326 3569/3693/6326
f 3528/3692/6327 3526/3690/6327 3571/3745/6327
f 3571/3745/6183 3526/3690/6183 3524/3688/6183
f 3524/3688/6328 3453/3606/6328 3572/3746/6328
f 3572/3746/6329 3453/3606/6329 3144/3605/6329
f 3572/3746/6330 3144/3605/6330 3145/3602/6330
f 3143/3604/6331 3453/3606/6331 3454/3695/6331
f 3454/3695/6332 3453/3606/6332 3525/3689/6332
f 3454/3695/6333 3525/3689/6333 3529/3696/6333
f 3529/3696/6184 3525/3689/6184 3527/3691/6184
f 3527/3691/6334 3528/3692/6334 3532/3747/6334
f 3532/3747/6335 3528/3692/6335 3533/3694/6335
f 3532/3747/6336 3531/3698/6336 3527/3691/6336
f 3527/3691/6190 3531/3698/6190 3529/3696/6190
f 3454/3695/6337 3142/3608/6337 3143/3604/6337
f 3530/3697/6338 3531/3698/6338 3536/3703/6338
f 3536/3703/6339 3531/3698/6339 3532/3747/6339
f 3536/3703/6340 3532/3747/6340 3538/3705/6340
f 3538/3705/6341 3532/3747/6341 3533/3694/6341
f 3538/3705/6342 3533/3694/6342 3539/3706/6342
f 3536/3703/6343 3534/3701/6343 3530/3697/6343
f 3530/3697/6344 3534/3701/6344 3456/3700/6344
f 3530/3697/6345 3456/3700/6345 3455/3609/6345
f 3455/3609/6346 3456/3700/6346 3140/3699/6346
f 3455/3609/6347 3140/3699/6347 3141/3607/6347
f 3540/3707/6348 3543/3711/6348 3538/3705/6348
f 3538/3705/6349 3543/3711/6349 3537/3704/6349
f 3457/3612/6350 3139/3611/6350 3140/3699/6350
f 4204/3712/6351 3548/3720/6351 3547/3717/6351
f 4204/3712/6352 3547/3717/6352 3543/3711/6352
f 3543/3711/6353 3547/3717/6353 3544/3713/6353
f 3544/3713/6354 3545/3715/6354 3541/3709/6354
f 3541/3709/6355 3545/3715/6355 3459/3615/6355
f 3541/3709/6356 3459/3615/6356 3458/3708/6356
f 3458/3708/6357 3459/3615/6357 3137/3614/6357
f 3458/3708/6358 3137/3614/6358 3138/3610/6358
f 3551/3721/6359 3554/3724/6359 3547/3717/6359
f 3547/3717/6360 3554/3724/6360 3550/3719/6360
f 3550/3719/6212 3552/3722/6212 3549/3718/6212
f 3549/3718/6216 3552/3722/6216 3461/3618/6216
f 3549/3718/6361 3461/3618/6361 3460/3714/6361
f 3460/3714/6362 3461/3618/6362 3131/3617/6362
f 3460/3714/6363 3131/3617/6363 3132/3613/6363
f 3129/3619/6364 3462/3620/6364 3463/3622/6364
f 3463/3622/6365 3462/3620/6365 3555/3725/6365
f 3463/3622/6366 3555/3725/6366 3558/3728/6366
f 3558/3728/6367 3555/3725/6367 3553/3723/6367
f 3558/3728/6368 3553/3723/6368 3560/3730/6368
f 3560/3730/6369 3553/3723/6369 3554/3724/6369
f 3560/3730/6370 3554/3724/6370 3562/3626/6370
f 3562/3626/6371 3554/3724/6371 3556/3726/6371
f 4064/3748/6372 3573/3749/6372 4070/3750/6372
f 4070/3750/6373 3573/3749/6373 3574/1994/6373
f 3575/3751/6374 3576/3752/6374 4064/3748/6374
f 4064/3748/6375 3576/3752/6375 3573/3749/6375
f 3577/3753/6376 3578/1993/6376 3575/3751/6376
f 3575/3751/4511 3578/1993/4511 3576/3752/4511
f 4070/3750/6377 3574/1994/6377 3577/3753/6377
f 3577/3753/6378 3574/1994/6378 3578/1993/6378
f 3573/3749/3274 3576/3752/3274 3581/3754/3274 3582/3755/3274
f 3683/3756/6379 3681/3757/6379 3688/3758/6379 3689/3759/6379
f 3583/3760/6380 3584/3761/6380 3585/3762/6380
f 3585/3762/5513 3584/3761/5513 3586/3763/5513
f 3585/3762/6381 3586/3763/6381 4074/3764/6381
f 4074/3764/6382 3586/3763/6382 3587/3765/6382
f 4074/3764/6383 3587/3765/6383 3588/3766/6383
f 3588/3766/6384 3587/3765/6384 3589/3767/6384
f 3588/3766/6385 3589/3767/6385 3583/3760/6385
f 3583/3760/6386 3589/3767/6386 3584/3761/6386
f 3592/3768/6387 3593/3769/6387 3591/3770/6387
f 3591/3770/6388 3593/3769/6388 3594/3771/6388
f 3590/3772/6389 3595/3773/6389 3591/3770/6389
f 3591/3770/18 3595/3773/18 3592/3768/18
f 3596/3774/6390 3597/3775/6390 3598/3776/6390
f 3598/3776/6391 3597/3775/6391 3599/3777/6391
f 3598/3776/6391 3599/3777/6391 3600/3778/6391
f 3600/3778/6392 3599/3777/6392 3601/3779/6392
f 3600/3778/6392 3601/3779/6392 3602/3780/6392
f 3602/3780/6393 3601/3779/6393 3603/3781/6393
f 3602/3780/6393 3603/3781/6393 3604/3782/6393
f 3604/3782/6394 3603/3781/6394 3605/3783/6394
f 3604/3782/6394 3605/3783/6394 3606/3784/6394
f 3606/3784/6395 3605/3783/6395 3607/3785/6395
f 3606/3784/6395 3607/3785/6395 3608/3786/6395
f 3608/3786/6396 3607/3785/6396 3609/3787/6396
f 3608/3786/6396 3609/3787/6396 3610/3788/6396
f 3610/3788/6397 3609/3787/6397 3611/3789/6397
f 3610/3788/6397 3611/3789/6397 3612/3790/6397
f 3612/3790/6398 3611/3789/6398 3613/3791/6398
f 3612/3790/6398 3613/3791/6398 3614/3792/6398
f 3614/3792/6399 3613/3791/6399 3615/3793/6399
f 3614/3792/6399 3615/3793/6399 3616/3794/6399
f 3616/3794/6400 3615/3793/6400 3617/3795/6400
f 3616/3794/6400 3617/3795/6400 3618/3796/6400
f 3618/3796/6401 3617/3795/6401 3619/3797/6401
f 3618/3796/6401 3619/3797/6401 3620/3798/6401
f 3620/3798/6402 3619/3797/6402 3621/3799/6402
f 3620/3798/6402 3621/3799/6402 3622/3800/6402
f 3622/3800/6403 3621/3799/6403 3623/3801/6403
f 3622/3800/6403 3623/3801/6403 3624/3802/6403
f 3624/3802/6404 3623/3801/6404 3625/3803/6404
f 3624/3802/6404 3625/3803/6404 3626/3804/6404
f 3626/3804/6405 3625/3803/6405 3627/3805/6405
f 3626/3804/6406 3627/3805/6406 3628/3806/6406
f 3628/3806/6407 3627/3805/6407 3629/3807/6407
f 3628/3806/6407 3629/3807/6407 3630/3808/6407
f 3630/3808/6408 3629/3807/6408 3631/3809/6408
f 3630/3808/6408 3631/3809/6408 3632/3810/6408
f 3632/3810/6409 3631/3809/6409 3633/3811/6409
f 3632/3810/6409 3633/3811/6409 3634/3812/6409
f 3634/3812/6410 3633/3811/6410 3635/3813/6410
f 3634/3812/6410 3635/3813/6410 3636/3814/6410
f 3636/3814/6411 3635/3813/6411 3637/3815/6411
f 3636/3814/6411 3637/3815/6411 3638/3816/6411
f 3638/3816/6412 3637/3815/6412 3639/3817/6412
f 3638/3816/6412 3639/3817/6412 3640/3818/6412
f 3640/3818/6413 3639/3817/6413 3641/3819/6413
f 3640/3818/6413 3641/3819/6413 3642/3820/6413
f 3642/3820/6414 3641/3819/6414 3643/3821/6414
f 3642/3820/6414 3643/3821/6414 3644/3822/6414
f 3644/3822/6415 3643/3821/6415 3645/3823/6415
f 3644/3822/6415 3645/3823/6415 3646/3824/6415
f 3646/3824/6416 3645/3823/6416 3647/3825/6416
f 3646/3824/6417 3647/3825/6417 3648/3826/6417
f 3648/3826/6418 3647/3825/6418 3649/3827/6418
f 3648/3826/6418 3649/3827/6418 3650/3828/6418
f 3650/3828/6419 3649/3827/6419 3651/3829/6419
f 3650/3828/6419 3651/3829/6419 3652/3830/6419
f 3652/3830/6420 3651/3829/6420 3653/3831/6420
f 3652/3830/6420 3653/3831/6420 3654/3832/6420
f 3654/3832/6421 3653/3831/6421 3655/3833/6421
f 3654/3832/6421 3655/3833/6421 3656/3834/6421
f 3656/3834/6422 3655/3833/6422 3657/3835/6422
f 3656/3834/6422 3657/3835/6422 3658/3836/6422
f 3658/3836/6423 3657/3835/6423 3659/3837/6423
f 3658/3836/6423 3659/3837/6423 3660/3838/6423
f 3660/3838/6424 3659/3837/6424 3661/3839/6424
f 3660/3838/6424 3661/3839/6424 3662/3840/6424
f 3662/3840/6425 3661/3839/6425 3663/3841/6425
f 3662/3840/6425 3663/3841/6425 3664/3842/6425
f 3664/3842/6426 3663/3841/6426 3665/3843/6426
f 3664/3842/6426 3665/3843/6426 3666/3844/6426
f 3666/3844/6427 3665/3843/6427 3667/3845/6427
f 3666/3844/6427 3667/3845/6427 3668/3846/6427
f 3668/3846/6428 3667/3845/6428 3669/3847/6428
f 3668/3846/6428 3669/3847/6428 3670/3848/6428
f 3670/3848/6429 3669/3847/6429 3671/3849/6429
f 3670/3848/6429 3671/3849/6429 3672/3850/6429
f 3672/3850/6430 3671/3849/6430 3673/3851/6430
f 3672/3850/6430 3673/3851/6430 3674/3852/6430
f 3674/3852/6431 3673/3851/6431 3675/3853/6431
f 3674/3852/6431 3675/3853/6431 3676/3854/6431
f 3676/3854/6432 3675/3853/6432 3677/3855/6432
f 3676/3854/6432 3677/3855/6432 3678/3856/6432
f 3678/3856/6433 3677/3855/6433 3679/3857/6433
f 3678/3856/6433 3679/3857/6433 3680/3858/6433
f 3680/3858/6434 3679/3857/6434 3681/3859/6434
f 3680/3858/6434 3681/3859/6434 3682/3860/6434
f 3682/3860/6435 3681/3859/6435 3683/3861/6435
f 3682/3860/6436 3683/3861/6436 3684/3862/6436
f 3684/3862/6437 3683/3861/6437 3685/3863/6437
f 3684/3862/6437 3685/3863/6437 3686/3864/6437
f 3686/3864/6438 3685/3863/6438 3687/3865/6438
f 3686/3864/6438 3687/3865/6438 3596/3774/6438
f 3596/3774/6390 3687/3865/6390 3597/3775/6390
f 108/108/3274 3672/3866/3274 110/110/3274
f 110/110/3274 3672/3866/3274 3674/3867/3274
f 110/110/3274 3674/3867/3274 112/112/3274
f 112/112/3274 3674/3867/3274 3676/3868/3274
f 112/112/3274 3676/3868/3274 114/114/3274
f 114/114/3274 3676/3868/3274 3678/3869/3274
f 114/114/3274 3678/3869/3274 116/116/3274
f 100/100/3274 3662/3870/3274 102/102/3274
f 102/102/3274 3662/3870/3274 3664/3871/3274
f 102/102/3274 3664/3871/3274 104/104/3274
f 104/104/3274 3664/3871/3274 3666/3872/3274
f 104/104/3274 3666/3872/3274 106/106/3274
f 106/106/3274 3666/3872/3274 3668/3873/3274
f 106/106/3274 3668/3873/3274 108/108/3274
f 108/108/3274 3668/3873/3274 3670/3874/3274
f 108/108/3274 3670/3874/3274 3672/3866/3274
f 92/92/3274 3652/3875/3274 94/94/3274
f 94/94/3274 3652/3875/3274 3654/3876/3274
f 94/94/3274 3654/3876/3274 96/96/3274
f 96/96/3274 3654/3876/3274 3656/3877/3274
f 96/96/3274 3656/3877/3274 98/98/3274
f 98/98/3274 3656/3877/3274 3658/3878/3274
f 98/98/3274 3658/3878/3274 100/100/3274
f 100/100/3274 3658/3878/3274 3660/3879/3274
f 100/100/3274 3660/3879/3274 3662/3870/3274
f 142/142/3274 3622/3880/3274 144/144/3274
f 144/144/3274 3622/3880/3274 3624/3881/3274
f 144/144/3274 3624/3881/3274 146/146/3274
f 146/146/3274 3624/3881/3274 3626/3882/3274
f 146/146/3274 3626/3882/3274 148/148/3274
f 148/148/3274 3626/3882/3274 3628/3883/3274
f 148/148/3274 3628/3883/3274 150/150/3274
f 3628/3883/3274 3630/3884/3274 150/150/3274
f 150/150/3274 3630/3884/3274 3632/3885/3274
f 150/150/3274 3632/3885/3274 152/152/3274
f 152/152/3274 3632/3885/3274 3634/3886/3274
f 152/152/3274 3634/3886/3274 154/154/3274
f 154/154/3274 3634/3886/3274 3636/3887/3274
f 154/154/3274 3636/3887/3274 156/156/3274
f 156/156/3274 3636/3887/3274 3638/3888/3274
f 156/156/3274 3638/3888/3274 158/158/3274
f 158/158/3274 3638/3888/3274 3640/3889/3274
f 158/158/3274 3640/3889/3274 86/87/3274
f 86/87/3274 3640/3889/3274 3642/3890/3274
f 86/87/3274 3642/3890/3274 3644/3891/3274
f 86/87/3274 3644/3891/3274 88/88/3274
f 88/88/3274 3644/3891/3274 3646/3892/3274
f 88/88/3274 3646/3892/3274 90/90/3274
f 90/90/3274 3646/3892/3274 3648/3893/3274
f 90/90/3274 3648/3893/3274 92/92/3274
f 92/92/3274 3648/3893/3274 3650/3894/3274
f 92/92/3274 3650/3894/3274 3652/3875/3274
f 134/134/3274 3612/3895/3274 136/136/3274
f 136/136/3274 3612/3895/3274 3614/3896/3274
f 136/136/3274 3614/3896/3274 138/138/3274
f 138/138/3274 3614/3896/3274 3616/3897/3274
f 138/138/3274 3616/3897/3274 140/140/3274
f 140/140/3274 3616/3897/3274 3618/3898/3274
f 140/140/3274 3618/3898/3274 142/142/3274
f 142/142/3274 3618/3898/3274 3620/3899/3274
f 142/142/3274 3620/3899/3274 3622/3880/3274
f 126/126/3274 3602/3900/3274 128/128/3274
f 128/128/3274 3602/3900/3274 3604/3901/3274
f 128/128/3274 3604/3901/3274 130/130/3274
f 130/130/3274 3604/3901/3274 3606/3902/3274
f 130/130/3274 3606/3902/3274 132/132/3274
f 132/132/3274 3606/3902/3274 3608/3903/3274
f 132/132/3274 3608/3903/3274 134/134/3274
f 134/134/3274 3608/3903/3274 3610/3904/3274
f 134/134/3274 3610/3904/3274 3612/3895/3274
f 3678/3869/3274 3680/3905/3274 116/116/3274
f 116/116/3274 3680/3905/3274 3682/3906/3274
f 116/116/3274 3682/3906/3274 118/118/3274
f 118/118/3274 3682/3906/3274 3684/3907/3274
f 118/118/3274 3684/3907/3274 120/120/3274
f 120/120/3274 3684/3907/3274 3686/3908/3274
f 120/120/3274 3686/3908/3274 122/122/3274
f 122/122/3274 3686/3908/3274 3596/3909/3274
f 122/122/3274 3596/3909/3274 124/124/3274
f 124/124/3274 3596/3909/3274 3598/3910/3274
f 124/124/3274 3598/3910/3274 126/126/3274
f 126/126/3274 3598/3910/3274 3600/3911/3274
f 126/126/3274 3600/3911/3274 3602/3900/3274
f 3691/3912/6439 3657/3913/6439 3655/3914/6439 3690/3915/6439
f 3659/3916/6440 3657/3913/6440 3691/3912/6440 3692/3917/6440
f 3694/3918/6441 3605/3919/6441 3603/3920/6441 3693/3921/6441
f 3597/3922/6442 3687/3923/6442 3695/3924/6442 3696/3925/6442
f 3649/3926/6443 3647/3927/6443 3697/3928/6443 3698/3929/6443
f 3688/3758/6444 3681/3757/6444 3679/3930/6444 3699/3931/6444
f 3700/3932/6445 3599/3933/6445 3597/3934/6445 3696/3935/6445
f 3702/3936/6446 3665/3937/6446 3663/3938/6446 3701/3939/6446
f 3635/3940/6447 3633/3941/6447 3703/3942/6447 3704/3943/6447
f 3611/3944/6448 3609/3945/6448 3705/3946/6448 3706/3947/6448
f 3707/3948/6449 3651/3949/6449 3649/3926/6449 3698/3929/6449
f 3690/3915/6450 3655/3914/6450 3653/3950/6450 3708/3951/6450
f 3701/3952/6451 3663/3953/6451 3661/3954/6451 3709/3955/6451
f 3685/3956/6452 3683/3756/6452 3689/3759/6452 3710/3957/6452
f 3712/3958/6453 3671/3959/6453 3669/3960/6453 3711/3961/6453
f 3669/3960/6454 3667/3962/6454 3713/3963/6454 3711/3961/6454
f 3621/3964/6455 3619/3965/6455 3714/3966/6455 3715/3967/6455
f 3615/3968/6456 3613/3969/6456 3716/3970/6456 3717/3971/6456
f 3677/3972/6457 3675/3973/6457 3718/3974/6457 3719/3975/6457
f 3609/3945/6458 3607/3976/6458 3720/3977/6458 3705/3946/6458
f 3720/3977/6459 3607/3976/6459 3605/3919/6459 3694/3918/6459
f 3718/3974/6460 3675/3973/6460 3673/3978/6460 3721/3979/6460
f 3723/3980/6461 3639/3981/6461 3637/3982/6461 3722/3983/6461
f 3722/3983/6462 3637/3982/6462 3635/3940/6462 3704/3943/6462
f 3631/3984/6463 3629/3985/6463 3724/3986/6463 3725/3987/6463
f 3645/3988/6464 3643/3989/6464 3726/3990/6464 3727/3991/6464
f 3629/3985/6465 3627/3992/6465 3728/3993/6465 3724/3986/6465
f 3673/3978/6466 3671/3959/6466 3712/3958/6466 3721/3979/6466
f 3729/3994/6467 3623/3995/6467 3621/3996/6467 3715/3997/6467
f 3603/3920/6468 3601/3998/6468 3730/3999/6468 3693/3921/6468
f 3647/3927/6469 3645/3988/6469 3727/3991/6469 3697/3928/6469
f 3728/3993/6470 3627/3992/6470 3625/4000/6470 3731/4001/6470
f 3625/4000/6471 3623/3995/6471 3729/3994/6471 3731/4001/6471
f 3732/4002/6472 3617/4003/6472 3615/4004/6472 3717/4005/6472
f 3679/3930/6473 3677/3972/6473 3719/3975/6473 3699/3931/6473
f 3733/4006/6474 3641/4007/6474 3639/4008/6474 3723/4009/6474
f 3708/3951/6475 3653/3950/6475 3651/3949/6475 3707/3948/6475
f 3709/4010/6476 3661/4011/6476 3659/3916/6476 3692/3917/6476
f 3643/4012/6477 3641/4013/6477 3733/4014/6477 3726/4015/6477
f 3667/4016/6478 3665/4017/6478 3702/4018/6478 3713/4019/6478
f 3703/3942/6479 3633/3941/6479 3631/3984/6479 3725/3987/6479
f 3730/3999/6480 3601/3998/6480 3599/3933/6480 3700/3932/6480
f 3619/4020/6481 3617/4021/6481 3732/4022/6481 3714/4023/6481
f 3695/4024/6482 3687/4025/6482 3685/4026/6482 3710/4027/6482
f 3716/3970/6483 3613/3969/6483 3611/3944/6483 3706/3947/6483
f 3723/4028/6484 3722/4029/6484 4140/4030/6484 4141/4031/6484
f 3734/4032/6485 3735/4033/6485 3736/4034/6485
f 3736/4034/6486 3735/4033/6486 3737/4035/6486
f 3736/4034/6487 3737/4035/6487 3738/4036/6487
f 3738/4036/6488 3737/4035/6488 3739/4037/6488
f 3738/4036/6489 3739/4037/6489 3740/4038/6489
f 3740/4038/6490 3739/4037/6490 3741/4039/6490
f 3740/4038/6491 3741/4039/6491 3742/4040/6491
f 3742/4040/6492 3741/4039/6492 3743/4041/6492
f 3742/4040/6493 3743/4041/6493 3744/4042/6493
f 3744/4042/6494 3743/4041/6494 3745/4043/6494
f 3744/4042/6495 3745/4043/6495 3746/4044/6495
f 3746/4044/6496 3745/4043/6496 3747/4045/6496
f 3746/4044/6497 3747/4045/6497 3748/4046/6497
f 3748/4046/6498 3747/4045/6498 3749/4047/6498
f 3748/4046/6499 3749/4047/6499 3750/4048/6499
f 3750/4048/6500 3749/4047/6500 3751/4049/6500
f 3751/4049/6501 3749/4047/6501 3752/4050/6501
f 3751/4049/6502 3752/4050/6502 3753/4051/6502
f 3751/4049/6503 3753/4051/6503 3754/4052/6503
f 3754/4052/6504 3753/4051/6504 3755/4053/6504
f 3754/4052/6505 3755/4053/6505 3756/4054/6505
f 3756/4054/6506 3755/4053/6506 3757/4055/6506
f 3756/4054/6507 3757/4055/6507 3758/4056/6507
f 3758/4056/6508 3757/4055/6508 3759/4057/6508
f 3758/4056/6509 3759/4057/6509 3760/4058/6509
f 3760/4058/6510 3759/4057/6510 3761/4059/6510
f 3760/4058/6511 3761/4059/6511 3762/4060/6511
f 3762/4060/6512 3761/4059/6512 3763/4061/6512
f 3762/4060/6513 3763/4061/6513 3764/4062/6513
f 3764/4062/6514 3763/4061/6514 3765/4063/6514
f 3764/4062/6515 3765/4063/6515 3766/4064/6515
f 3766/4064/6516 3765/4063/6516 3767/4065/6516
f 3766/4064/6517 3767/4065/6518 3768/4066/6518
f 3766/4064/6519 3768/4066/6520 3769/4067/6519
f 3769/4067/6521 3768/4066/6521 3770/4068/6521
f 3769/4067/6522 3770/4068/6522 3771/4069/6522
f 3771/4069/6523 3770/4068/6523 3772/4070/6523
f 3772/4070/6524 3770/4068/6524 3773/4071/6524
f 3772/4070/6525 3773/4071/6525 3774/4072/6525
f 3774/4072/6526 3773/4071/6526 3775/4073/6526
f 3774/4072/6527 3775/4073/6527 3734/4032/6527
f 3734/4032/6528 3775/4073/6528 3735/4033/6528
f 3737/4035/5 3735/4033/5 3768/4066/5
f 3768/4066/5 3735/4033/5 3775/4073/5
f 3741/4039/5 3739/4037/5 3768/4066/5
f 3768/4066/5 3739/4037/5 3737/4035/5
f 3745/4043/5 3743/4041/5 3768/4066/5
f 3768/4066/5 3743/4041/5 3741/4039/5
f 3768/4066/5 3747/4045/5 3745/4043/5
f 3752/4050/5 3749/4047/5 3768/4066/5
f 3768/4066/5 3749/4047/5 3747/4045/5
f 3755/4053/5 3753/4051/5 3768/4066/5
f 3768/4066/5 3753/4051/5 3752/4050/5
f 3768/4066/5 3757/4055/5 3755/4053/5
f 3761/4059/5 3759/4057/5 3768/4066/5
f 3768/4066/5 3759/4057/5 3757/4055/5
f 3765/4063/5 3763/4061/5 3768/4066/5
f 3768/4066/5 3763/4061/5 3761/4059/5
f 3768/4066/6529 3767/4065/6529 3765/4063/6529
f 3775/4073/15 3773/4071/15 3768/4066/15
f 3768/4066/15 3773/4071/15 3770/4068/15
f 3776/4074/6485 3777/4075/6485 3778/4076/6485
f 3778/4076/6530 3777/4075/6530 3779/4077/6530
f 3778/4076/6531 3779/4077/6531 3780/4078/6531
f 3780/4078/6532 3779/4077/6532 3781/4079/6532
f 3780/4078/6533 3781/4079/6533 3782/4080/6533
f 3782/4080/6534 3781/4079/6534 3783/4081/6534
f 3783/4081/6535 3781/4079/6535 3784/4082/6535
f 3783/4081/6536 3784/4082/6536 3785/4083/6536
f 3785/4083/6537 3784/4082/6537 3786/4084/6537
f 3785/4083/6538 3786/4084/6538 3787/4085/6538
f 3787/4085/6539 3786/4084/6539 3788/4086/6539
f 3787/4085/6540 3788/4086/6540 3789/4087/6540
f 3789/4087/6541 3788/4086/6541 3790/4088/6541
f 3789/4087/6542 3790/4088/6542 3791/4089/6542
f 3791/4089/6543 3790/4088/6543 3792/4090/6543
f 3791/4089/6544 3792/4090/6544 3793/4091/6544
f 3793/4091/6545 3792/4090/6545 3794/4092/6545
f 3793/4091/6546 3794/4092/6546 3795/4093/6546
f 3795/4093/6547 3794/4092/6547 3796/4094/6547
f 3795/4093/6548 3796/4094/6548 3797/4095/6548
f 3797/4095/6549 3796/4094/6549 3798/4096/6549
f 3797/4095/6550 3798/4096/6550 3799/4097/6550
f 3799/4097/6551 3798/4096/6551 3800/4098/6551
f 3799/4097/6552 3800/4098/6552 3801/4099/6552
f 3801/4099/6553 3800/4098/6553 3802/4100/6553
f 3802/4100/6554 3800/4098/6554 3803/4101/6554
f 3802/4100/6555 3803/4101/6555 3804/4102/6555
f 3804/4102/6556 3803/4101/6556 3805/4103/6556
f 3804/4102/6557 3805/4103/6557 3806/4104/6557
f 3804/4102/6558 3806/4104/6558 3807/4105/6558
f 3807/4105/6559 3806/4104/6559 3808/4106/6559
f 3808/4106/6560 3806/4104/6560 3809/4107/6560
f 3808/4106/6561 3809/4107/6561 3810/4108/6561
f 3808/4106/6562 3810/4108/6562 3811/4109/6562
f 3811/4109/6563 3810/4108/6563 3812/4110/6563
f 3811/4109/6564 3812/4110/6564 3813/4111/6564
f 3813/4111/6565 3812/4110/6565 3814/4112/6565
f 3813/4111/6566 3814/4112/6566 3815/4113/6566
f 3815/4113/6526 3814/4112/6526 3816/4114/6526
f 3815/4113/6527 3816/4114/6527 3776/4074/6527
f 3776/4074/6528 3816/4114/6528 3777/4075/6528
f 3779/4077/5 3777/4075/5 3806/4104/5
f 3806/4104/5 3777/4075/5 3816/4114/5
f 3806/4104/5 3781/4079/5 3779/4077/5
f 3786/4084/5 3784/4082/5 3806/4104/5
f 3806/4104/5 3784/4082/5 3781/4079/5
f 3806/4104/5 3788/4086/5 3786/4084/5
f 3792/4090/5 3790/4088/5 3806/4104/5
f 3806/4104/5 3790/4088/5 3788/4086/5
f 3806/4104/5 3794/4092/5 3792/4090/5
f 3798/4096/5 3796/4094/5 3806/4104/5
f 3806/4104/5 3796/4094/5 3794/4092/5
f 3806/4104/5 3800/4098/5 3798/4096/5
f 3805/4103/5 3803/4101/5 3806/4104/5
f 3806/4104/5 3803/4101/5 3800/4098/5
f 3812/4110/5 3810/4108/5 3806/4104/5
f 3806/4104/5 3810/4108/5 3809/4107/5
f 3816/4114/5 3814/4112/5 3806/4104/5
f 3806/4104/5 3814/4112/5 3812/4110/5
f 3817/4115/5513 3818/4116/5513 3819/4117/5513
f 3819/4117/5513 3818/4116/5513 3820/4118/5513
f 3821/4119/4511 3822/4120/4511 3817/4115/4511
f 3817/4115/4511 3822/4120/4511 3818/4116/4511
f 3823/4121/3479 3824/4122/3479 3821/4119/3479
f 3821/4119/3479 3824/4122/3479 3822/4120/3479
f 3819/4117/2159 3820/4118/2159 3823/4121/2159
f 3823/4121/2159 3820/4118/2159 3824/4122/2159
f 3825/4123/5 3826/4124/5 3827/4125/5
f 3827/4125/5 3826/4124/5 3828/4126/5
f 3829/4127/5513 3830/4128/5513 3831/4129/5513
f 3831/4129/5513 3830/4128/5513 3832/4130/5513
f 3833/4131/4511 3834/4132/4511 3829/4127/4511
f 3829/4127/4511 3834/4132/4511 3830/4128/4511
f 3835/4133/3479 3836/4134/3479 3833/4131/3479
f 3833/4131/3479 3836/4134/3479 3834/4132/3479
f 3831/4129/2159 3832/4130/2159 3835/4133/2159
f 3835/4133/2159 3832/4130/2159 3836/4134/2159
f 3837/4135/5 3838/4136/5 3839/4137/5
f 3839/4137/5 3838/4136/5 3840/4138/5
f 3589/4139/6567 13/13/6567 3584/4140/6567
f 3584/4140/6567 13/13/6567 10/10/6567
f 3591/3770/6568 3594/3771/6569 3587/4141/6570
f 13/13/6571 3589/4139/6571 14/14/6571
f 14/14/6572 3589/4139/6572 3587/4141/6573
f 14/14/6574 3587/4141/6575 3594/3771/6576
f 40/40/6577 3815/4113/6577 3776/4074/6577
f 3815/4113/6578 40/40/6578 36/36/6578
f 3815/4113/6579 36/36/6579 3813/4111/6579
f 3813/4111/6580 36/36/6580 35/35/6580
f 3813/4111/6581 35/35/6581 3811/4109/6581
f 3811/4109/6582 35/35/6582 45/45/6582
f 3811/4109/6583 45/45/6583 3808/4106/6583
f 3808/4106/6584 45/45/6584 44/44/6584
f 3808/4106/6585 44/44/6585 3807/4105/6585
f 3807/4105/6586 44/44/6586 39/39/6586
f 3807/4105/6587 39/39/6587 3804/4102/6587
f 3804/4102/6588 39/39/6588 38/38/6588
f 3804/4102/6589 38/38/6589 3802/4100/6589
f 3802/4100/6590 38/38/6590 29/27/6590
f 3802/4100/6591 29/27/6591 3801/4099/6591
f 3801/4099/6592 29/27/6592 28/26/6592
f 3801/4099/6593 28/26/6593 3799/4097/6593
f 3799/4097/6594 28/26/6594 27/30/6594
f 3799/4097/6595 27/30/6595 3797/4095/6595
f 3797/4095/6596 27/30/6596 64/64/6596
f 3797/4095/6597 64/64/6597 3795/4093/6597
f 3795/4093/6598 64/64/6598 49/49/6598
f 3795/4093/6599 49/49/6599 3793/4091/6599
f 3793/4091/6600 49/49/6600 48/48/6600
f 3793/4091/6601 48/48/6601 47/47/6601
f 3793/4091/6602 47/47/6602 3791/4089/6602
f 3791/4089/6603 47/47/6603 46/46/6603
f 3791/4089/6604 46/46/6604 3789/4087/6604
f 3789/4087/6605 46/46/6605 14/14/6605
f 3789/4087/6606 14/14/6606 3787/4085/6606
f 3787/4085/6607 14/14/6607 3785/4083/6607
f 3785/4083/6608 14/14/6608 3594/3771/6608
f 3785/4083/6609 3594/3771/6609 3593/3769/6609
f 3785/4083/6610 3593/3769/6610 3783/4081/6610
f 3783/4081/6611 3593/3769/6611 3592/3768/6611
f 3783/4081/6612 3592/3768/6612 3782/4080/6612
f 3782/4080/6613 3592/3768/6613 3595/3773/6613
f 3782/4080/6614 3595/3773/6614 3780/4078/6614
f 3780/4078/6615 3595/3773/6615 3590/3772/6615
f 3780/4078/6616 3590/3772/6616 3778/4076/6616
f 3778/4076/6617 3590/3772/6617 3776/4074/6617
f 3776/4074/6618 3590/3772/6618 40/40/6618
f 3766/4064/6619 4/4/6619 3764/4062/6619
f 3764/4062/6620 4/4/6620 43/43/6620
f 2/2/6621 3774/4072/6621 3734/4032/6621
f 3774/4072/6578 2/2/6578 1/1/6578
f 3774/4072/6622 1/1/6622 3772/4070/6622
f 3772/4070/6623 1/1/6623 6/6/6623
f 3772/4070/6624 6/6/6624 3771/4069/6624
f 3771/4069/6625 6/6/6625 3769/4067/6625
f 3769/4067/6626 6/6/6626 5/5/6626
f 3769/4067/6627 5/5/6627 4/4/6627
f 3769/4067/6628 4/4/6628 3766/4064/6628
f 3764/4062/6629 43/43/6629 42/42/6629
f 3764/4062/6630 42/42/6630 3762/4060/6630
f 3762/4060/6631 42/42/6631 41/41/6631
f 3762/4060/6632 41/41/6632 3760/4058/6632
f 3760/4058/6633 41/41/6633 54/54/6633
f 3760/4058/6634 54/54/6634 3758/4056/6634
f 3758/4056/6635 54/54/6635 53/53/6635
f 3758/4056/6636 53/53/6636 3756/4054/6636
f 3756/4054/6637 53/53/6637 83/83/6637
f 3756/4054/6638 83/83/6638 3754/4052/6638
f 3754/4052/6639 83/83/6639 82/82/6639
f 3754/4052/6640 82/82/6640 3751/4049/6640
f 3751/4049/6641 82/82/6641 58/58/6641
f 3751/4049/6642 58/58/6642 3750/4048/6642
f 3750/4048/6643 58/58/6643 57/57/6643
f 3750/4048/6644 57/57/6644 3748/4046/6644
f 3748/4046/6645 57/57/6645 56/56/6645
f 3748/4046/6646 56/56/6646 3746/4044/6646
f 3746/4044/6647 56/56/6647 55/55/6647
f 3746/4044/6648 55/55/6648 51/51/6648
f 3746/4044/6649 51/51/6649 3744/4042/6649
f 3744/4042/6650 51/51/6650 3742/4040/6650
f 3742/4040/6651 51/51/6651 50/50/6651
f 3742/4040/6652 50/50/6652 26/29/6652
f 3742/4040/6653 26/29/6653 3740/4038/6653
f 3740/4038/6654 26/29/6654 3738/4036/6654
f 3738/4036/6655 26/29/6655 30/28/6655
f 3738/4036/6656 30/28/6656 3736/4034/6656
f 3736/4034/6657 30/28/6657 37/37/6657
f 3736/4034/6658 37/37/6658 3734/4032/6658
f 3734/4032/6659 37/37/6659 2/2/6659
f 43/43/6660 4/4/6660 3586/4142/6660
f 3586/4142/6661 4/4/6661 3/3/6661
f 43/43/6662 3586/4142/6662 3584/4140/6662
f 43/43/6663 3584/4140/6663 10/10/6663
f 3590/3772/6664 3591/3770/6664 3587/4141/6664
f 2/2/6665 3586/4142/6665 3/3/6665
f 2/2/6666 37/37/6666 3586/4142/6666
f 3586/4142/6667 37/37/6667 40/40/6668
f 3586/4142/6669 40/40/6669 3587/4141/6669
f 3587/4141/6670 40/40/6670 3590/3772/6670
f 77/77/6671 125/125/6671 76/76/6671
f 76/76/6672 125/125/6672 127/127/6672
f 76/76/6672 127/127/6672 79/79/6672
f 79/79/6673 127/127/6673 129/129/6673
f 79/79/6673 129/129/6673 80/80/6673
f 80/80/6674 129/129/6674 131/131/6674
f 80/80/6674 131/131/6674 81/81/6674
f 81/81/6675 131/131/6675 133/133/6675
f 81/81/6676 133/133/6676 84/84/6676
f 84/84/6677 133/133/6677 135/135/6677
f 84/84/6678 135/135/6678 85/85/6678
f 85/85/6679 135/135/6679 137/137/6679
f 85/85/6680 137/137/6680 65/65/6680
f 65/65/6681 137/137/6681 139/139/6681
f 65/65/6681 139/139/6681 8/8/6681
f 8/8/6682 139/139/6682 141/141/6682
f 8/8/6683 141/141/6683 9/9/6683
f 9/9/6684 141/141/6684 143/143/6684
f 9/9/6684 143/143/6684 16/16/6684
f 16/16/6685 143/143/6685 145/145/6685
f 16/16/6685 145/145/6685 17/17/6685
f 17/17/6686 145/145/6686 147/147/6686
f 17/17/6686 147/147/6686 18/18/6686
f 18/18/6687 147/147/6687 149/149/6687
f 18/18/6687 149/149/6687 19/19/6687
f 19/19/6688 149/149/6688 151/151/6688
f 19/19/6689 151/151/6689 20/20/6689
f 20/20/6690 151/151/6690 153/153/6690
f 20/20/6691 153/153/6691 22/22/6691
f 22/22/6692 153/153/6692 155/155/6692
f 22/22/6692 155/155/6692 23/23/6692
f 23/23/6693 155/155/6693 157/157/6693
f 23/23/6694 157/157/6694 31/31/6694
f 31/31/6695 157/157/6695 159/159/6695
f 31/31/6695 159/159/6695 32/32/6695
f 32/32/6696 159/159/6696 87/86/6696
f 32/32/6696 87/86/6696 33/33/6696
f 33/33/6697 87/86/6697 89/89/6697
f 33/33/6698 89/89/6698 34/34/6698
f 34/34/6699 89/89/6699 91/91/6699
f 34/34/6700 91/91/6700 61/61/6700
f 61/61/6701 91/91/6701 93/93/6701
f 61/61/6701 93/93/6701 62/62/6701
f 62/62/6702 93/93/6702 95/95/6702
f 62/62/6702 95/95/6702 63/63/6702
f 63/63/6703 95/95/6703 97/97/6703
f 63/63/6704 97/97/6704 59/59/6704
f 59/59/6705 97/97/6705 99/99/6705
f 59/59/6705 99/99/6705 60/60/6705
f 60/60/6706 99/99/6706 101/101/6706
f 60/60/6706 101/101/6706 66/66/6706
f 66/66/6707 101/101/6707 103/103/6707
f 66/66/6708 103/103/6708 67/67/6708
f 67/67/6709 103/103/6709 105/105/6709
f 67/67/6709 105/105/6709 68/68/6709
f 68/68/6710 105/105/6710 107/107/6710
f 68/68/6710 107/107/6710 69/69/6710
f 69/69/6711 107/107/6711 109/109/6711
f 69/69/6711 109/109/6711 70/70/6711
f 70/70/6712 109/109/6712 111/111/6712
f 70/70/6712 111/111/6712 71/71/6712
f 71/71/6713 111/111/6713 113/113/6713
f 71/71/6713 113/113/6713 72/72/6713
f 72/72/6714 113/113/6714 115/115/6714
f 72/72/6714 115/115/6714 73/73/6714
f 73/73/6715 115/115/6715 117/117/6715
f 73/73/6715 117/117/6715 74/74/6715
f 74/74/6716 117/117/6716 119/119/6716
f 74/74/6716 119/119/6716 75/75/6716
f 75/75/6717 119/119/6717 121/121/6717
f 75/75/6717 121/121/6717 78/78/6717
f 78/78/6718 121/121/6718 123/123/6718
f 78/78/6718 123/123/6718 77/77/6718
f 77/77/6671 123/123/6671 125/125/6671
f 15/4143/6719 3817/4115/6719 24/4144/6719
f 24/4144/6719 3817/4115/6719 3819/4117/6719
f 7/4145/6567 3821/4119/6567 15/4143/6567
f 15/4143/6567 3821/4119/6567 3817/4115/6567
f 3823/4121/6720 21/4146/6720 3819/4117/6720
f 3819/4117/6720 21/4146/6720 24/4144/6720
f 21/4146/6721 3823/4121/6721 7/4145/6721
f 7/4145/6721 3823/4121/6721 3821/4119/6721
f 52/4147/6719 3829/4127/6719 25/4148/6719
f 25/4148/6719 3829/4127/6719 3831/4129/6719
f 12/4149/6567 3833/4131/6567 52/4147/6567
f 52/4147/6567 3833/4131/6567 3829/4127/6567
f 3835/4133/6720 11/4150/6720 3831/4129/6720
f 3831/4129/6720 11/4150/6720 25/4148/6720
f 11/4150/6721 3835/4133/6721 12/4149/6721
f 12/4149/6721 3835/4133/6721 3833/4131/6721
f 3822/4120/6567 3828/4151/6567 3818/4116/6567
f 3818/4116/6567 3828/4151/6567 3826/4152/6567
f 3824/4122/6721 3827/4153/6721 3822/4120/6721
f 3822/4120/6721 3827/4153/6721 3828/4151/6721
f 3825/4154/6719 3820/4118/6719 3826/4152/6719
f 3826/4152/6719 3820/4118/6719 3818/4116/6719
f 3820/4118/6720 3825/4154/6720 3824/4122/6720
f 3824/4122/6720 3825/4154/6720 3827/4153/6720
f 3834/4132/6567 3840/4155/6567 3830/4128/6567
f 3830/4128/6567 3840/4155/6567 3838/4156/6567
f 3836/4134/6721 3839/4157/6721 3834/4132/6721
f 3834/4132/6721 3839/4157/6721 3840/4155/6721
f 3837/4158/6719 3832/4130/6719 3838/4156/6719
f 3838/4156/6719 3832/4130/6719 3830/4128/6719
f 3832/4130/6720 3837/4158/6720 3836/4134/6720
f 3836/4134/6720 3837/4158/6720 3839/4157/6720
f 786/4159/6722 792/4160/6723 3841/4161/6722
f 786/4159/6724 3841/4161/6724 3842/4162/6724
f 3842/4162/6725 3841/4161/6726 165/163/6727
f 3842/4162/6728 165/163/6729 161/169/6730
f 788/4163/6731 786/4159/6731 3843/4164/6731
f 3843/4164/6732 786/4159/6732 3842/4162/6732
f 3843/4164/6733 3842/4162/6734 161/169/6735
f 3843/4164/6736 161/169/6737 170/168/6736
f 792/4160/6738 790/4165/6738 3844/4166/6738
f 792/4160/6739 3844/4166/6739 3841/4161/6739
f 3841/4161/6740 3844/4166/6741 164/162/6741
f 3841/4161/6742 164/162/6742 165/163/6742
f 790/4165/6743 788/4163/6743 3844/4166/6743
f 3844/4166/6744 788/4163/6744 3843/4164/6744
f 3844/4166/6745 3843/4164/6746 170/168/6747
f 3844/4166/6748 170/168/6748 164/162/6748
f 3846/4167/6749 3845/2738/6750 166/4168/6749
f 3846/4167/6751 166/4168/6751 163/4169/6752
f 3121/3186/6753 3846/4167/6754 3847/4170/6755
f 3847/4170/6756 3846/4167/6757 163/4169/6757
f 3114/3179/6758 3121/3186/6758 3847/4170/6758
f 3847/4170/6759 163/4169/6759 162/4171/6759
f 182/4172/6760 167/4173/6761 3848/4174/6761
f 2712/2734/6762 167/4173/6762 2714/2736/6763
f 2654/2681/6764 2652/2679/6764 3849/4175/6764
f 3849/4175/6765 2652/2679/6765 2650/2677/6765
f 2656/2683/6766 2654/2681/6766 3853/4176/6766
f 3853/4176/6767 2654/2681/6767 3849/4175/6767
f 3850/4177/6768 2646/4178/6768 3851/4179/6768
f 3851/4180/6769 3852/4181/6769 169/4182/6769
f 2659/2999/6770 2656/2683/6770 3854/4183/6770
f 3854/4183/6771 2656/2683/6771 3853/4176/6771
f 3850/4177/6772 3851/4179/6772 169/167/6772
f 3849/4184/6773 2650/4185/6773 168/166/6773
f 168/166/6774 2650/4185/6774 3850/4177/6774
f 2661/2685/6775 2659/2999/6775 3855/4186/6775
f 3855/4186/6776 2659/2999/6776 3854/4183/6776
f 168/166/6777 3850/4177/6777 169/167/6777
f 2664/2688/6778 2662/2686/6778 3856/4187/6778
f 3856/4187/6779 2662/2686/6779 2661/2685/6779
f 3856/4187/6780 2661/2685/6780 3857/4188/6780
f 3857/4188/6781 2661/2685/6781 3855/4186/6781
f 3853/4189/6782 3849/4184/6782 168/166/6782
f 2667/2690/6783 2664/2688/6783 3858/4190/6783
f 3858/4190/6784 2664/2688/6784 3856/4187/6784
f 3854/4191/6785 3853/4189/6785 171/170/6785
f 171/170/6786 3853/4189/6786 168/166/6786
f 3855/4192/6787 3854/4191/6787 171/170/6787
f 2668/2691/6788 2667/2690/6788 3859/4193/6788
f 3859/4193/6789 2667/2690/6789 3858/4190/6789
f 2671/2693/6790 2668/2691/6790 3860/4194/6790
f 3860/4194/6791 2668/2691/6791 3859/4193/6791
f 3858/4190/6792 3856/4187/6792 181/4195/6792
f 181/4195/6793 3856/4187/6793 3857/4188/6793
f 3857/4196/6794 3855/4192/6794 181/183/6794
f 181/183/6795 3855/4192/6795 171/170/6795
f 2673/2695/6796 2671/2693/6796 3861/4197/6796
f 3861/4197/6797 2671/2693/6797 3860/4194/6797
f 3859/4193/6798 3858/4190/6798 180/4198/6798
f 180/4198/6799 3858/4190/6799 181/4195/6799
f 2676/2698/6800 2674/2696/6800 3862/4199/6800
f 3862/4199/6801 2674/2696/6801 2673/2695/6801
f 2673/2695/6802 3861/4197/6803 179/4200/6804
f 179/4200/6805 3861/4197/6805 3860/4194/6805
f 3860/4194/6806 3859/4193/6807 180/4198/6806
f 3862/4199/6808 2673/2695/6809 179/4200/6810
f 179/4200/6811 3860/4194/6811 180/4198/6811
f 2680/2702/6812 2678/2700/6812 3863/4201/6812
f 3863/4201/6813 2678/2700/6813 2676/2698/6813
f 2682/2704/6814 2680/2702/6815 3864/4202/6814
f 3864/4202/6816 2680/2702/6816 3863/4201/6816
f 3863/4201/6817 2676/2698/6818 174/4203/6818
f 174/4203/6819 2676/2698/6819 3862/4199/6819
f 2684/2706/6820 2682/2704/6821 160/4204/6821
f 160/4204/6822 2682/2704/6822 3864/4202/6822
f 3864/4202/6823 3863/4201/6823 174/4203/6823
f 2690/2712/6824 2688/2710/6824 3865/4205/6824
f 3865/4205/6825 2688/2710/6825 2686/2708/6825
f 2686/2708/6826 2684/2706/6826 189/4206/6826
f 189/4206/6827 2684/2706/6828 160/4204/6828
f 3865/4205/6829 2686/2708/6829 189/4206/6829
f 2694/2716/6830 2692/2714/6830 3866/4207/6830
f 3866/4207/6831 2692/2714/6831 2690/2712/6831
f 3866/4207/6832 2690/2712/6832 184/4208/6832
f 184/4208/6833 2690/2712/6833 3865/4205/6833
f 184/4208/6834 3865/4205/6834 189/4206/6834
f 2696/2718/6835 2694/2716/6836 183/4209/6835
f 183/4209/6837 2694/2716/6838 3866/4207/6839
f 2698/2720/6840 2696/2718/6841 183/4209/6840
f 183/4209/6842 3866/4207/6842 184/4208/6842
f 2704/2726/6843 2702/2724/6843 3867/4210/6843
f 3867/4210/6844 2702/2724/6844 2700/2722/6844
f 2700/2722/6845 2698/2720/6845 188/4211/6845
f 188/4211/6846 2698/2720/6846 183/4209/6846
f 3867/4210/6847 2700/2722/6847 188/4211/6848
f 2710/2732/6849 2708/2730/6849 3848/4174/6849
f 3848/4174/6850 2708/2730/6850 2706/2728/6850
f 2706/2728/6851 2704/2726/6851 187/4212/6851
f 187/4212/6852 2704/2726/6852 3867/4210/6852
f 188/4211/6853 187/4212/6853 3867/4210/6853
f 187/4212/6854 182/4172/6854 2706/2728/6854
f 2706/2728/6855 182/4172/6855 3848/4174/6855
f 3848/4174/6856 167/4173/6857 2710/2732/6857
f 2710/2732/6858 167/4173/6859 2712/2734/6860
f 3121/3186/6861 2717/2740/6861 3846/4167/6861
f 3846/4167/6862 2717/2740/6862 3845/2738/6862
f 3845/2738/6863 2714/2736/6864 166/4168/6864
f 166/4168/6865 2714/2736/6866 167/4173/6867
f 3847/4170/6868 162/4171/6869 3868/3172/6869
f 3847/4170/6870 3868/3172/6871 3114/3179/6871
f 162/4171/6872 178/4213/6872 3869/3164/6872
f 162/4171/6873 3869/3164/6873 3868/3172/6873
f 178/4213/6874 3093/3157/6875 3869/3164/6875
f 178/4213/6876 3870/4214/6876 3093/3157/6876
f 3093/3157/6877 3870/4214/6877 3100/3163/6877
f 3870/4214/6878 3871/4215/6878 3092/3155/6878
f 3870/4214/6879 3092/3155/6879 3100/3163/6879
f 3871/4215/6880 2607/3153/6880 3092/3155/6880
f 2609/3154/6881 2607/3153/6881 193/4216/6881
f 193/4216/6882 2607/3153/6882 3871/4215/6882
f 2614/3147/6883 2612/2670/6883 2611/2669/6883
f 2609/3154/6884 2611/2669/6884 2610/3149/6884
f 178/179/6885 195/197/6885 3870/4217/6885
f 3870/4217/6886 195/197/6887 3871/4218/6887
f 193/4216/6888 192/4219/6888 2609/3154/6888
f 2609/3154/6889 192/4219/6889 3872/4220/6889
f 2609/3154/6890 3872/4220/6890 2611/2669/6890
f 2611/2669/6891 3872/4220/6891 2614/3147/6891
f 3871/4218/6892 195/197/6892 193/195/6892
f 3872/4220/6893 186/4221/6893 2614/3147/6893
f 2614/3147/6894 186/4221/6894 2615/3145/6894
f 186/4221/6895 185/4222/6895 2615/3145/6895
f 2615/3145/6896 185/4222/6896 2617/3142/6896
f 2617/3142/6897 3873/4223/6897 2619/3138/6897
f 2619/3138/6898 3873/4223/6899 2620/3133/6900
f 185/4222/6901 194/4224/6901 2617/3142/6901
f 2617/3142/6902 194/4224/6902 3873/4223/6902
f 192/4219/6903 186/4221/6904 3872/4220/6905
f 3873/4223/6906 3874/4225/6906 2620/3133/6906
f 2620/3133/6907 3874/4225/6907 2622/3129/6907
f 194/196/6908 191/193/6908 3873/4226/6908
f 3873/4226/6909 191/193/6909 3874/4227/6909
f 2624/3123/6910 3875/4228/6910 2626/3118/6910
f 2626/3118/6911 3875/4228/6911 2628/3112/6911
f 3874/4225/6912 190/4229/6912 2622/3129/6912
f 2622/3129/6913 190/4229/6913 2624/3123/6914
f 3874/4227/6915 191/193/6915 190/192/6915
f 2624/3123/6916 190/4229/6916 3875/4228/6916
f 2630/3104/6917 3876/4230/6917 2632/3099/6917
f 2632/3099/6918 3876/4230/6918 2633/3089/6918
f 3875/4228/6919 177/4231/6919 2628/3112/6919
f 2628/3112/6920 177/4231/6920 2630/3104/6920
f 177/4231/6921 176/4232/6921 2630/3104/6922
f 2630/3104/6923 176/4232/6923 3876/4230/6923
f 2635/3090/6924 2637/3076/6924 2636/3085/6924
f 190/192/6925 177/178/6925 3875/4233/6925
f 3876/4230/6926 172/4234/6926 2633/3089/6926
f 2633/3089/6927 172/4234/6928 2635/3090/6929
f 2637/3076/6930 3877/4235/6930 2639/3068/6930
f 2639/3068/6931 3877/4235/6931 2640/3061/6931
f 3876/4230/6932 176/4232/6932 172/4234/6932
f 172/4234/6933 3878/4236/6934 2635/3090/6934
f 2635/3090/6935 3878/4236/6935 2637/3076/6935
f 3877/4235/6936 3879/4237/6936 2640/3061/6936
f 2640/3061/6937 3879/4237/6937 2642/3056/6937
f 2637/3076/6938 3878/4236/6938 3877/4235/6938
f 3879/4237/6939 3880/4238/6940 2642/3056/6940
f 2642/3056/6941 3880/4238/6941 2643/3048/6941
f 172/4234/6942 173/4239/6942 3878/4236/6942
f 3878/4236/6943 173/4239/6943 3877/4235/6943
f 3880/4238/6944 3852/4181/6944 2643/3048/6944
f 2643/3048/6945 3852/4181/6946 2645/2672/6945
f 173/4239/6947 175/4240/6947 3877/4235/6947
f 3877/4235/6948 175/4240/6948 3879/4237/6948
f 3852/4181/6949 3851/4180/6950 2645/2672/6950
f 2645/2672/6951 3851/4180/6951 2646/2673/6951
f 3879/4237/6952 175/4240/6952 3880/4238/6952
f 175/4240/6953 169/4182/6953 3880/4238/6953
f 3880/4238/6954 169/4182/6954 3852/4181/6954
f 2646/2673/6955 3850/4241/6955 2648/2675/6955
f 2648/2675/6956 3850/4241/6956 2650/2677/6956
f 794/4242/6957 800/4243/6957 3881/4244/6957
f 3881/4244/6958 800/4243/6958 3882/4245/6958
f 3881/4244/6959 3882/4245/6959 3883/201/6959
f 3881/4244/6960 3883/201/6960 3884/207/6960
f 796/4246/6961 794/4242/6961 3885/4247/6961
f 3885/4247/6962 794/4242/6962 3881/4244/6962
f 3885/4247/6963 3881/4244/6963 3884/207/6963
f 3885/4247/6964 3884/207/6965 203/206/6964
f 800/4243/6966 798/4248/6966 3886/4249/6966
f 800/4243/6967 3886/4249/6967 3882/4245/6967
f 3882/4245/6968 3886/4249/6968 3887/200/6968
f 3882/4245/6969 3887/200/6969 3883/201/6969
f 798/4248/6970 796/4246/6970 3885/4247/6970
f 798/4248/6971 3885/4247/6971 3886/4249/6971
f 3886/4249/6972 3885/4247/6972 3887/200/6972
f 3887/200/6973 3885/4247/6973 203/206/6973
f 3889/4250/6974 3888/2155/6974 199/4251/6974
f 3889/4250/6975 199/4251/6975 198/4252/6975
f 2567/2629/6976 3889/4250/6976 3890/4253/6976
f 3890/4253/6977 3889/4250/6977 198/4252/6977
f 2560/2622/6978 2567/2629/6978 3890/4253/6978
f 3890/4253/6979 198/4252/6979 197/4254/6979
f 216/4255/6980 200/4256/6980 3891/4257/6980
f 2137/2151/6981 200/4256/6982 2139/2153/6982
f 2061/2595/6983 2060/2597/6983 3892/4258/6983
f 2092/2118/6984 2091/2460/6984 3893/4259/6984
f 3893/4259/6985 2091/2460/6985 3894/4260/6985
f 3894/4260/6986 2087/2482/6986 3895/4261/6986
f 3895/4261/6987 2087/2482/6987 3896/4262/6987
f 3895/4261/6988 3896/4262/6988 202/4263/6988
f 202/4263/6989 3896/4262/6989 3897/4264/6989
f 2096/2440/6990 2093/2119/6990 3898/4265/6990
f 3898/4265/6991 2093/2119/6991 2092/2118/6991
f 202/4263/6992 3897/4264/6993 209/4266/6994
f 2097/2121/6995 2096/2440/6996 3899/4267/6995
f 3899/4267/6997 2096/2440/6997 3898/4265/6997
f 3898/4265/6998 2092/2118/6998 3900/4268/6998
f 3900/4268/6999 2092/2118/6999 3893/4259/6999
f 3893/4259/7000 3894/4260/7000 201/4269/7000
f 201/4269/7001 3894/4260/7001 3895/4261/7001
f 2098/2122/7002 2097/2121/7002 3901/4270/7002
f 3901/4270/7003 2097/2121/7003 3899/4267/7003
f 3900/4268/7004 3893/4259/7004 201/4269/7004
f 201/4269/7005 3895/4261/7005 202/4263/7005
f 2100/2124/7006 2098/2122/7006 3902/4271/7006
f 3902/4271/7007 2098/2122/7007 3901/4270/7007
f 3899/4267/7008 3898/4265/7008 204/4272/7008
f 204/4272/7009 3898/4265/7009 3900/4268/7009
f 2104/2128/7010 2102/2126/7010 3903/4273/7010
f 3903/4273/7011 2102/2126/7011 2100/2124/7011
f 3901/4270/7012 3899/4267/7013 204/4272/7013
f 204/4272/7014 3900/4268/7014 201/4269/7014
f 3903/4273/7015 2100/2124/7016 3904/4274/7017
f 3904/4274/7018 2100/2124/7018 3902/4271/7018
f 3902/4271/7019 3901/4270/7019 215/4275/7019
f 215/4275/7020 3901/4270/7020 204/4272/7020
f 2108/2132/7021 2106/2130/7021 3905/4276/7021
f 3905/4276/7022 2106/2130/7022 2104/2128/7022
f 3904/4274/7023 3902/4271/7023 215/4275/7023
f 2110/2134/7024 2108/2132/7024 3906/4277/7024
f 3906/4277/7025 2108/2132/7026 3905/4276/7026
f 3905/4276/7027 2104/2128/7027 3907/4278/7027
f 3907/4278/7028 2104/2128/7028 3903/4273/7029
f 3907/4278/7030 3903/4273/7030 214/4279/7030
f 214/4279/7031 3903/4273/7031 3904/4274/7031
f 2113/2383/7032 2112/2392/7032 3908/4280/7032
f 3908/4280/7033 2112/2392/7033 2110/2134/7033
f 214/4279/7034 3904/4274/7035 215/4275/7035
f 2114/2375/7036 2113/2383/7036 3909/4281/7036
f 3909/4281/7037 2113/2383/7037 3908/4280/7037
f 3908/4280/7038 2110/2134/7038 3910/4282/7038
f 3910/4282/7039 2110/2134/7039 3906/4277/7039
f 3906/4277/7040 3905/4276/7040 213/4283/7040
f 213/4283/7041 3905/4276/7041 3907/4278/7041
f 2115/2368/7042 2114/2375/7042 3911/4284/7042
f 3911/4284/7043 2114/2375/7043 3909/4281/7043
f 3910/4282/7044 3906/4277/7044 213/4283/7044
f 213/218/7045 3907/4285/7045 214/219/7045
f 2116/2360/7046 2115/2368/7046 3912/4286/7046
f 3912/4286/7047 2115/2368/7047 3911/4284/7047
f 2117/2351/7048 2116/2360/7049 3913/4287/7050
f 3913/4287/7051 2116/2360/7051 3912/4286/7051
f 3912/4286/7052 3911/4284/7052 3914/4288/7052
f 3914/4288/7053 3911/4284/7053 3909/4281/7053
f 3914/4288/7054 3909/4281/7054 207/4289/7054
f 207/4289/7055 3909/4281/7055 3908/4280/7055
f 207/4289/7056 3908/4280/7056 208/4290/7056
f 208/4290/7057 3908/4280/7057 3910/4282/7057
f 208/4290/7058 3910/4282/7059 213/4283/7058
f 2118/2344/7060 2117/2351/7060 3915/4291/7061
f 3915/4291/7062 2117/2351/7062 3913/4287/7063
f 2119/2336/7064 2118/2344/7064 3916/4292/7064
f 3916/4292/7065 2118/2344/7065 3915/4291/7065
f 3913/4287/7066 3912/4286/7066 196/4293/7067
f 196/4293/7068 3912/4286/7068 3914/4288/7068
f 2120/2328/7069 2119/2336/7069 3917/4294/7069
f 3917/4294/7070 2119/2336/7070 3916/4292/7070
f 3917/4294/7071 3916/4292/7071 3918/4295/7071
f 3918/4295/7072 3916/4292/7072 3915/4291/7072
f 3915/4291/7073 3913/4287/7073 223/4296/7073
f 223/4296/7074 3913/4287/7074 196/4293/7074
f 196/211/7075 3914/4297/7076 207/212/7075
f 2121/2319/7077 2120/2328/7077 3919/4298/7077
f 3919/4298/7078 2120/2328/7078 3917/4294/7078
f 3918/4295/7079 3915/4291/7079 223/4296/7079
f 2122/2136/7080 2121/2319/7080 3920/4299/7080
f 3920/4299/7081 2121/2319/7081 3919/4298/7081
f 2123/2137/7082 2122/2136/7082 3921/4300/7082
f 3921/4300/7083 2122/2136/7083 3920/4299/7083
f 3919/4298/7084 3917/4294/7084 222/4301/7084
f 222/4301/7085 3917/4294/7085 3918/4295/7085
f 2125/2139/7086 2123/2137/7086 3922/4302/7086
f 3922/4302/7087 2123/2137/7087 3921/4300/7087
f 3920/4299/7088 3919/4298/7088 217/4303/7089
f 217/4303/7090 3919/4298/7090 222/4301/7090
f 222/227/7091 3918/4304/7092 223/228/7092
f 3921/4300/7093 3920/4299/7093 227/4305/7093
f 227/4305/7094 3920/4299/7094 217/4303/7095
f 3922/4302/7096 3921/4300/7096 227/4305/7096
f 2129/2143/7097 2127/2141/7098 3923/4306/7099
f 3923/4306/7100 2127/2141/7100 2125/2139/7100
f 2125/2139/7101 3922/4302/7101 221/4307/7101
f 221/4307/7102 3922/4302/7102 227/4305/7102
f 3923/4306/7103 2125/2139/7103 221/4307/7103
f 2135/2149/7104 2133/2147/7104 3891/4257/7104
f 3891/4257/7105 2133/2147/7105 2131/2145/7105
f 2131/2145/7106 2129/2143/7106 220/4308/7106
f 220/4308/7107 2129/2143/7107 3923/4306/7107
f 221/4307/7108 220/4308/7109 3923/4306/7109
f 220/4308/7110 216/4255/7110 2131/2145/7110
f 2131/2145/7111 216/4255/7111 3891/4257/7111
f 3891/4257/7112 200/4256/7112 2135/2149/7112
f 2135/2149/7113 200/4256/7113 2137/2151/7113
f 2567/2629/7114 2142/2157/7114 3889/4250/7114
f 3889/4250/7115 2142/2157/7115 3888/2155/7115
f 3888/2155/7116 2139/2153/7116 199/4251/7116
f 199/4251/7117 2139/2153/7117 200/4256/7117
f 3890/4253/7118 197/4254/7118 3924/2615/7118
f 3890/4253/7119 3924/2615/7119 2560/2622/7119
f 197/4254/7120 212/4309/7121 3925/2606/7121
f 197/4254/7122 3925/2606/7122 3924/2615/7122
f 212/4309/7123 3926/4310/7123 3925/2606/7123
f 3925/2606/7124 3926/4310/7124 2539/2599/7124
f 212/4309/7125 228/4311/7125 3927/4312/7125
f 212/4309/7126 3927/4312/7126 3926/4310/7126
f 3926/4310/7127 3927/4312/7127 2227/2240/7127
f 3926/4310/7128 2227/2240/7128 2539/2599/7128
f 228/4311/7129 3928/4313/7129 3927/4312/7129
f 3927/4312/7130 3928/4313/7130 2228/2241/7130
f 3927/4312/7131 2228/2241/7131 2227/2240/7131
f 3928/4313/7132 3929/4314/7132 2059/2598/7132
f 3928/4313/7133 2059/2598/7133 2228/2241/7133
f 3929/4314/7134 3892/4258/7135 2060/2597/7135
f 3929/4314/7136 2060/2597/7136 2059/2598/7136
f 3892/4258/7137 3929/4314/7137 3930/4315/7137
f 3930/4315/7138 3929/4314/7138 3928/4313/7138
f 3930/4315/7139 3928/4313/7139 228/4311/7139
f 2061/2595/7140 3931/4316/7140 2063/2592/7140
f 2063/2592/7141 3931/4316/7141 2064/2588/7141
f 3892/4258/7142 3932/4317/7142 2061/2595/7142
f 2061/2595/7143 3932/4317/7143 3931/4316/7143
f 3931/4316/7144 3933/4318/7144 2064/2588/7144
f 2064/2588/7145 3933/4318/7146 2065/2586/7146
f 228/4311/7147 226/4319/7147 3930/4315/7147
f 3930/4315/7148 226/4319/7149 3892/4258/7149
f 3892/4258/7150 226/4319/7150 3932/4317/7151
f 3933/4318/7152 3934/4320/7152 2065/2586/7152
f 2065/2586/7153 3934/4320/7154 2066/2582/7154
f 3934/4320/7155 3935/4321/7155 2066/2582/7155
f 2066/2582/7156 3935/4321/7156 2067/2578/7156
f 3932/4317/7157 219/4322/7157 3931/4316/7157
f 3931/4316/7158 219/4322/7158 3933/4318/7158
f 3935/4321/7159 3936/4323/7159 2067/2578/7159
f 2067/2578/7160 3936/4323/7160 2068/2573/7160
f 226/4319/7161 219/4322/7161 3932/4317/7161
f 3933/4318/7162 219/4322/7163 3934/4320/7162
f 3936/4323/7164 3937/4324/7164 2068/2573/7164
f 2068/2573/7165 3937/4324/7165 2069/2569/7165
f 219/4322/7166 218/4325/7166 3934/4320/7166
f 3934/4320/7167 218/4325/7167 3935/4321/7167
f 3935/4321/7168 3938/4326/7168 3936/4323/7168
f 3936/4323/7169 3938/4326/7169 3937/4324/7169
f 3937/4324/7170 3939/4327/7170 2069/2569/7170
f 2069/2569/7171 3939/4327/7172 2070/2563/7173
f 3935/4321/7174 218/4325/7174 3938/4326/7174
f 3939/4327/7175 3940/4328/7175 2070/2563/7175
f 2070/2563/7176 3940/4328/7176 2071/2559/7176
f 3940/4328/7177 3941/4329/7177 2071/2559/7177
f 2071/2559/7178 3941/4329/7178 2072/2550/7178
f 3938/4326/7179 3942/4330/7179 3937/4324/7179
f 3937/4324/7180 3942/4330/7180 3939/4327/7180
f 218/4325/7181 225/4331/7181 3938/4326/7181
f 3938/4326/7182 225/4331/7182 3942/4330/7182
f 3939/4327/7183 3942/4330/7183 3940/4328/7184
f 2072/2550/7185 3943/4332/7185 2074/2546/7185
f 2074/2546/7186 3943/4332/7186 2075/2536/7186
f 3942/4330/7187 224/4333/7187 3940/4328/7187
f 3940/4328/7188 224/4333/7188 3941/4329/7188
f 3941/4329/7189 3944/4334/7189 2072/2550/7189
f 2072/2550/7190 3944/4334/7190 3943/4332/7190
f 3943/4332/7191 3945/4335/7191 2075/2536/7191
f 2075/2536/7192 3945/4335/7192 2076/2531/7192
f 225/4331/7193 224/4333/7193 3942/4330/7193
f 224/4333/7194 211/4336/7194 3941/4329/7194
f 3941/4329/7195 211/4336/7195 3944/4334/7195
f 3945/4335/7196 3946/4337/7196 2076/2531/7196
f 2076/2531/7197 3946/4337/7197 2077/2523/7197
f 3946/4337/7198 3947/4338/7198 2077/2523/7198
f 2077/2523/7199 3947/4338/7199 2078/2517/7199
f 3944/4334/7200 205/4339/7200 3943/4332/7200
f 3943/4332/7201 205/4339/7201 3945/4335/7201
f 211/4336/7202 205/4339/7202 3944/4334/7203
f 3945/4335/7204 205/4339/7204 3946/4337/7204
f 2078/2517/7205 3948/4340/7205 2080/2509/7205
f 2080/2509/7206 3948/4340/7206 2082/2501/7206
f 205/4339/7207 206/4341/7207 3946/4337/7207
f 3946/4337/7208 206/4341/7208 3947/4338/7208
f 3947/4338/7209 3949/4342/7209 2078/2517/7209
f 2078/2517/7210 3949/4342/7211 3948/4340/7211
f 3948/4340/7212 3950/4343/7212 2082/2501/7212
f 2082/2501/7213 3950/4343/7213 2083/2494/7213
f 3947/4338/7214 206/4341/7214 3949/4342/7214
f 3950/4343/7215 3951/4344/7215 2083/2494/7215
f 2083/2494/7216 3951/4344/7216 2084/2489/7216
f 3949/4342/7217 210/4345/7217 3948/4340/7217
f 3948/4340/7218 210/4345/7218 3950/4343/7218
f 2084/2489/7219 3896/4262/7220 2086/2488/7221
f 2086/2488/7222 3896/4262/7222 2087/2482/7222
f 206/4341/7223 210/4345/7224 3949/4342/7224
f 210/4345/7225 209/4266/7225 3950/4343/7225
f 3950/4343/7226 209/4266/7226 3951/4344/7226
f 3951/4344/7227 3897/4264/7227 2084/2489/7227
f 2084/2489/7228 3897/4264/7228 3896/4262/7228
f 3951/4344/7229 209/4266/7229 3897/4264/7229
f 2087/2482/7230 3894/4260/7230 2089/2467/7230
f 2089/2467/7231 3894/4260/7231 2091/2460/7231
f 802/4346/7232 806/4347/7232 3952/4348/7232
f 3952/4348/7233 806/4347/7233 3953/4349/7233
f 3952/4348/7234 3953/4349/7234 3954/240/7234
f 3952/4348/7235 3954/240/7235 3955/236/7235
f 803/4350/7236 802/4346/7236 3956/4351/7236
f 3956/4351/7237 802/4346/7237 3952/4348/7237
f 3956/4351/7238 3952/4348/7238 3955/236/7238
f 3956/4351/7239 3955/236/7239 3957/244/7239
f 3953/4349/7240 3958/4352/7240 3959/4353/7240
f 3953/4349/7241 3959/4353/7241 3954/240/7241
f 3954/240/7242 3959/4353/7242 232/237/7242
f 3958/4352/7243 3953/4349/7243 806/4347/7243
f 803/4350/7244 3956/4351/7244 3958/4352/7244
f 3958/4352/7245 3956/4351/7245 3959/4353/7245
f 3959/4353/7246 3956/4351/7246 3957/244/7246
f 3959/4353/7247 3957/244/7248 232/237/7247
f 3961/4354/7249 3960/4355/7249 234/241/7249
f 3962/4356/7250 3961/4354/7250 234/241/7250
f 3962/4356/7251 234/241/7251 233/239/7251
f 1591/1599/7252 3962/4357/7252 3963/4358/7252
f 3963/4359/7253 3962/4356/7253 233/239/7253
f 2020/2079/7254 1591/1599/7255 3963/4358/7255
f 3963/4359/7256 233/239/7256 231/238/7256
f 2012/2071/7257 2020/2079/7257 3963/4358/7257
f 2012/2071/7258 3963/4358/7258 231/4360/7258
f 255/4361/7259 251/4362/7259 3964/4363/7260
f 3966/4364/7261 3960/4365/7261 1586/1594/7261
f 1586/1594/7262 3960/4365/7262 1587/1595/7262
f 251/4362/7263 250/4366/7263 3965/4367/7263
f 3960/4365/7264 3961/4368/7264 1587/1595/7264
f 1587/1595/7265 3961/4368/7265 1589/1597/7265
f 1517/2047/7266 1515/1569/7266 3967/4369/7266
f 1546/1902/7267 1545/1909/7267 3968/4370/7267
f 3968/4370/7268 1545/1909/7268 3969/4371/7268
f 3971/4372/7269 3972/4373/7269 243/4374/7269
f 243/4374/7270 3972/4373/7270 3973/4375/7270
f 243/4374/7271 3973/4375/7271 244/4376/7271
f 1547/1894/7272 1546/1902/7272 3974/4377/7272
f 3974/4377/7273 1546/1902/7273 3968/4370/7273
f 3970/4378/7274 3971/4372/7274 236/4379/7274
f 236/4379/7275 3971/4372/7276 243/4374/7276
f 1548/1571/7277 1547/1894/7277 3975/4380/7277
f 3975/4380/7278 1547/1894/7278 3974/4377/7278
f 3969/4371/5548 3970/4378/5548 235/4381/5548
f 235/4381/7279 3970/4378/7279 236/4379/7279
f 1549/1572/7280 1548/1571/7280 3976/4382/7280
f 3976/4382/7281 1548/1571/7281 3975/4380/7281
f 3974/4377/7282 3968/4370/7282 238/4383/7282
f 238/4383/7283 3968/4370/7283 3969/4371/7283
f 238/4383/7284 3969/4371/7284 235/4381/7284
f 1551/1574/7285 1549/1572/7286 3977/4384/7285
f 3977/4384/7287 1549/1572/7287 3976/4382/7287
f 3975/4380/7288 3974/4377/7288 238/4383/7288
f 1553/1576/7289 1551/1574/7289 3978/4385/7289
f 3978/4385/7290 1551/1574/7290 3977/4384/7290
f 3976/4382/7291 3975/4380/7291 237/4386/7291
f 237/4386/7292 3975/4380/7292 238/4383/7292
f 1555/1578/7293 1553/1576/7293 3979/4387/7293
f 3979/4387/7294 1553/1576/7294 3978/4385/7294
f 3977/4384/7295 3976/4382/7295 237/4386/7295
f 1557/1580/7296 1555/1578/7296 3980/4388/7296
f 3980/4388/7297 1555/1578/7297 3979/4387/7297
f 3978/4385/7298 3977/4384/7298 249/4389/7298
f 249/4389/7299 3977/4384/7299 237/4386/7299
f 3979/4387/7300 3978/4385/7300 249/4389/7300
f 1561/1584/7301 1559/1582/7301 3981/4390/7301
f 3981/4390/7302 1559/1582/7302 1557/1580/7302
f 3980/4388/7303 3979/4387/7303 248/4391/7303
f 248/4391/7304 3979/4387/7304 249/4389/7304
f 1563/1586/7305 1561/1584/7305 3982/4392/7305
f 3982/4392/7306 1561/1584/7306 3981/4390/7306
f 3981/4390/7307 1557/1580/7307 3983/4393/7307
f 3983/4393/7308 1557/1580/7308 3980/4388/7308
f 3983/4393/7309 3980/4388/7310 248/4391/7310
f 1566/1840/7311 1563/1586/7311 3984/4394/7311
f 3984/4394/7312 1563/1586/7312 3982/4392/7312
f 3982/4392/7313 3981/4390/7313 247/4395/7313
f 247/4395/7314 3981/4390/7314 3983/4393/7315
f 1568/1823/7316 1567/1830/7316 3985/4396/7316
f 3985/4396/7317 1567/1830/7317 1566/1840/7317
f 3984/4394/7318 3982/4392/7318 242/4397/7318
f 242/4397/7319 3982/4392/7319 247/4395/7319
f 247/4395/7320 3983/4393/7320 248/4391/7320
f 1569/1815/7321 1568/1823/7321 3986/4398/7321
f 3986/4398/7322 1568/1823/7322 3985/4396/7322
f 3985/4396/7323 1566/1840/7323 3987/4399/7323
f 3987/4399/7324 1566/1840/7324 3984/4394/7324
f 3987/4399/7325 3984/4394/7325 242/4397/7325
f 1570/1807/7326 1569/1815/7326 3988/4400/7326
f 3988/4400/7327 1569/1815/7327 3986/4398/7327
f 1571/1799/7328 1570/1807/7329 3989/4401/7330
f 3989/4401/7331 1570/1807/7331 3988/4400/7331
f 3986/4398/7332 3985/4396/7332 241/4402/7332
f 241/4402/7333 3985/4396/7333 3987/4399/7333
f 1572/1792/7334 1571/1799/7334 3990/4403/7334
f 3990/4403/7335 1571/1799/7335 3989/4401/7335
f 3989/4401/7336 3988/4400/7336 3991/4404/7336
f 3991/4404/7337 3988/4400/7337 3986/4398/7337
f 3991/4404/7338 3986/4398/7338 230/4405/7338
f 230/4405/7339 3986/4398/7339 241/4402/7339
f 241/4402/7340 3987/4399/7340 242/4397/7340
f 1573/1784/7341 1572/1792/7341 3992/4406/7341
f 3992/4406/7342 1572/1792/7342 3990/4403/7342
f 1574/1776/7343 1573/1784/7343 3993/4407/7343
f 3993/4407/7344 1573/1784/7344 3992/4406/7344
f 3990/4403/7345 3989/4401/7345 229/4408/7345
f 229/4408/7346 3989/4401/7346 3991/4404/7346
f 1575/1769/7347 1574/1776/7347 3994/4409/7347
f 3994/4409/7348 1574/1776/7348 3993/4407/7348
f 3992/4406/7349 3990/4403/7349 229/4408/7349
f 229/4408/7350 3991/4404/7350 230/4405/7350
f 1576/1760/7351 1575/1769/7351 3995/4410/7351
f 3995/4410/7352 1575/1769/7352 3994/4409/7352
f 3993/4407/7353 3992/4406/7353 253/4411/7353
f 253/4411/7354 3992/4406/7354 229/4408/7354
f 1577/1752/7355 1576/1760/7356 3996/4412/7355
f 3996/4412/7357 1576/1760/7357 3995/4410/7357
f 3995/4410/7358 3994/4409/7359 3997/4413/7359
f 3997/4413/7360 3994/4409/7360 3993/4407/7360
f 3997/4413/7361 3993/4407/7361 253/4411/7361
f 1578/1743/7362 1577/1752/7362 3998/4414/7362
f 3998/4414/7363 1577/1752/7363 3996/4412/7363
f 1579/1588/7364 1578/1743/7364 3999/4415/7364
f 3999/4415/7365 1578/1743/7365 3998/4414/7365
f 1580/1589/7366 1579/1588/7367 4000/4416/7368
f 4000/4416/7369 1579/1588/7370 3999/4415/7370
f 3996/4412/7371 3995/4410/7371 252/4417/7371
f 252/4417/7372 3995/4410/7372 3997/4413/7372
f 252/4417/7373 3997/4413/7374 253/4411/7375
f 1582/1591/7376 1580/1589/7376 4001/4418/7376
f 4001/4418/7377 1580/1589/7377 4000/4416/7377
f 3998/4414/7378 3996/4412/7378 260/4419/7378
f 260/4419/7379 3996/4412/7379 252/4417/7379
f 1583/1592/7380 1582/1591/7380 4002/4420/7380
f 4002/4420/7381 1582/1591/7381 4001/4418/7381
f 4001/4418/7382 4000/4416/7382 3964/4363/7382
f 3964/4363/7383 4000/4416/7384 3999/4415/7384
f 3999/4415/7385 3998/4414/7385 255/4361/7385
f 255/4361/7386 3998/4414/7386 260/4419/7386
f 3964/4363/7387 3999/4415/7387 255/4361/7387
f 1583/1592/7388 4002/4420/7388 3965/4367/7388
f 3965/4367/7389 4002/4420/7389 4001/4418/7389
f 3964/4363/7390 251/4362/7390 4001/4418/7390
f 4001/4418/7391 251/4362/7391 3965/4367/7391
f 3965/4367/7392 250/4366/7392 1583/1592/7392
f 1583/1592/7393 250/4366/7393 3966/4364/7393
f 1583/1592/7394 3966/4364/7394 1585/1709/7394
f 1585/1709/7395 3966/4364/7395 1586/1594/7395
f 1591/1599/7396 1589/1597/7396 3962/4357/7396
f 3962/4357/7397 1589/1597/7397 3961/4368/7398
f 3960/4365/7399 3966/4364/7399 234/4421/7399
f 234/4421/7400 3966/4364/7400 250/4366/7400
f 231/4360/7401 4003/2064/7401 2012/2071/7401
f 231/4360/7402 4004/4422/7402 4003/2064/7402
f 4003/2064/7403 4004/4422/7403 1997/2056/7403
f 4004/4422/7404 246/4423/7404 4005/4424/7404
f 4004/4422/7405 4005/4424/7405 1997/2056/7405
f 1997/2056/7406 4005/4424/7406 1990/2050/7406
f 246/4423/7407 4006/4425/7407 4005/4424/7407
f 4005/4424/7408 4006/4425/7408 1673/1680/7408
f 4005/4424/7409 1673/1680/7409 1990/2050/7409
f 4006/4425/7410 4007/4426/7410 1989/2048/7410
f 4006/4425/7411 1989/2048/7411 1673/1680/7411
f 4007/4426/7412 4008/4427/7413 1514/1568/7412
f 4007/4426/7414 1514/1568/7414 1989/2048/7414
f 4008/4427/7415 3967/4369/7415 1515/1569/7415
f 4008/4427/7416 1515/1569/7417 1514/1568/7418
f 1518/2045/7419 1517/2047/7419 4009/4428/7419
f 4009/4428/7420 1517/2047/7420 3967/4369/7420
f 4007/4426/7421 4006/4425/7421 246/4423/7421
f 246/254/7422 4004/4429/7422 231/238/7422
f 246/4423/7423 262/4430/7423 4007/4426/7423
f 4007/4426/7424 262/4430/7424 4008/4427/7424
f 4009/4428/7425 4010/4431/7425 1518/2045/7425
f 1518/2045/7426 4010/4431/7426 1519/2043/7426
f 262/4430/7427 259/4432/7427 4008/4427/7427
f 4008/4427/7428 259/4432/7428 3967/4369/7428
f 3967/4369/7429 4011/4433/7429 4009/4428/7429
f 4009/4428/7430 4011/4433/7430 4010/4431/7430
f 4010/4431/7431 4012/4434/7431 1519/2043/7431
f 1519/2043/7432 4012/4434/7433 1520/2039/7433
f 3967/4369/7434 259/4432/7434 4011/4433/7434
f 4012/4434/7435 4013/4435/7435 1520/2039/7435
f 1520/2039/7436 4013/4435/7436 1521/2035/7436
f 4013/4435/7437 4014/4436/7437 1521/2035/7437
f 1521/2035/7438 4014/4436/7438 1522/2031/7438
f 4011/4433/7439 258/4437/7439 4010/4431/7439
f 4010/4431/7440 258/4437/7440 4012/4434/7440
f 4014/4436/7441 4015/4438/7441 1522/2031/7441
f 1522/2031/7442 4015/4438/7442 1523/2026/7442
f 259/4432/7443 258/4437/7443 4011/4433/7443
f 258/4437/7444 254/4439/7444 4012/4434/7444
f 4012/4434/7445 254/4439/7445 4013/4435/7445
f 4015/4438/7446 4016/4440/7446 1523/2026/7446
f 1523/2026/7447 4016/4440/7447 1524/2023/7447
f 254/4439/7448 261/4441/7448 4013/4435/7448
f 4013/4435/7449 261/4441/7449 4014/4436/7449
f 4016/4440/7450 4017/4442/7450 1524/2023/7450
f 1524/2023/7451 4017/4442/7451 1525/2017/7451
f 4014/4436/7452 261/4441/7452 4015/4438/7452
f 4017/4442/7453 4018/4443/7453 1525/2017/7453
f 1525/2017/7454 4018/4443/7454 1526/2011/7454
f 261/4441/7455 257/4444/7455 4015/4438/7455
f 4015/4438/7456 257/4444/7456 4016/4440/7456
f 4016/4440/7457 4019/4445/7457 4017/4442/7457
f 4017/4442/7458 4019/4445/7458 4018/4443/7458
f 4018/4443/7459 4020/4446/7459 1526/2011/7459
f 1526/2011/7460 4020/4446/7460 1528/2005/7460
f 4016/4440/7461 257/4444/7461 4019/4445/7461
f 4020/4446/7462 4021/4447/7462 1528/2005/7462
f 1528/2005/7463 4021/4447/7463 1529/1998/7463
f 4021/4447/7464 4022/4448/7464 1529/1998/7464
f 1529/1998/7465 4022/4448/7465 1530/1987/7465
f 4019/4445/7466 4023/4449/7466 4018/4443/7467
f 4018/4443/7468 4023/4449/7468 4020/4446/7468
f 4022/4448/7469 4024/4450/7469 1530/1987/7469
f 1530/1987/7470 4024/4450/7470 1531/1983/7470
f 257/4444/7471 256/4451/7471 4019/4445/7471
f 4019/4445/7472 256/4451/7472 4023/4449/7472
f 4020/4446/7473 4023/4449/7473 4021/4447/7473
f 4023/4449/7474 245/4452/7474 4021/4447/7474
f 4021/4447/7475 245/4452/7475 4022/4448/7475
f 1531/1983/7476 4025/4453/7477 1533/1976/7476
f 1533/1976/7478 4025/4453/7478 1534/1969/7478
f 256/4451/7479 245/4452/7479 4023/4449/7479
f 245/4452/7480 239/4454/7480 4022/4448/7480
f 4022/4448/7481 239/4454/7481 4024/4450/7481
f 4024/4450/7482 4026/4455/7482 1531/1983/7482
f 1531/1983/7483 4026/4455/7483 4025/4453/7483
f 4025/4453/7484 4027/4456/7484 1534/1969/7484
f 1534/1969/7485 4027/4456/7485 1535/1964/7485
f 4024/4450/7486 239/4454/7486 4026/4455/7486
f 4027/4456/7487 4028/4457/7487 1535/1964/7487
f 1535/1964/7488 4028/4457/7488 1536/1955/7488
f 4025/4453/7489 4029/4458/7489 4027/4456/7489
f 4027/4456/7490 4029/4458/7490 4028/4457/7490
f 4028/4457/7491 4030/4459/7491 1536/1955/7491
f 1536/1955/7492 4030/4459/7492 1538/1949/7492
f 4026/4455/7493 240/4460/7494 4025/4453/7494
f 4025/4453/7495 240/4460/7495 4029/4458/7495
f 4030/4459/7496 4031/4461/7496 1538/1949/7496
f 1538/1949/7497 4031/4461/7497 1539/1941/7497
f 239/4454/7498 240/4460/7498 4026/4455/7498
f 4031/4461/7499 3972/4373/7499 1539/1941/7499
f 1539/1941/7500 3972/4373/7501 1541/1940/7501
f 4029/4458/7502 244/4376/7503 4028/4457/7503
f 4028/4457/7504 244/4376/7504 4030/4459/7504
f 4030/4459/7505 3973/4375/7505 4031/4461/7505
f 4031/4461/7506 3973/4375/7506 3972/4373/7506
f 3972/4373/7507 3971/4372/7507 1541/1940/7507
f 1541/1940/7508 3971/4372/7508 1542/1933/7508
f 240/4460/7509 244/4376/7509 4029/4458/7509
f 4030/4459/7510 244/4376/7510 3973/4375/7510
f 3971/4372/7511 3970/4378/7511 1542/1933/7511
f 1542/1933/7512 3970/4378/7512 1543/1918/7512
f 3970/4378/7513 3969/4371/7513 1543/1918/7513
f 1543/1918/7514 3969/4371/7514 1545/1909/7514
f 779/4462/7515 784/4463/7515 4032/4464/7515
f 779/4462/7516 4032/4464/7516 4033/4465/7516
f 4033/4465/7517 4032/4464/7517 4034/273/7517
f 4034/273/7518 4032/4464/7519 268/278/7520
f 781/4466/7521 779/4462/7521 4035/4467/7521
f 4035/4467/7522 779/4462/7522 4033/4465/7522
f 4035/4467/7523 4033/4465/7523 4034/273/7523
f 4035/4467/7524 4034/273/7525 273/283/7525
f 784/4463/7526 782/4468/7526 4036/4469/7526
f 784/4463/7527 4036/4469/7527 4032/4464/7527
f 4032/4464/7528 4036/4469/7528 266/276/7528
f 4032/4464/7529 266/276/7529 268/278/7529
f 782/4468/7530 781/4466/7530 4035/4467/7530
f 782/4468/7531 4035/4467/7531 4036/4469/7532
f 4036/4469/7533 4035/4467/7534 273/283/7534
f 4036/4469/7535 273/283/7536 266/276/7535
f 269/279/7537 4037/4470/7537 270/280/7537
f 4038/897/7538 4037/4471/7538 269/4472/7538
f 4039/4473/7539 4038/897/7539 269/4472/7539
f 4039/4474/7540 269/279/7540 267/277/7541
f 924/901/7542 4039/4473/7542 267/4475/7542
f 1335/1352/7543 924/901/7543 267/4475/7543
f 1335/1352/7544 267/4475/7544 265/4476/7544
f 1328/1345/7545 1335/1352/7545 265/4476/7545
f 1328/1345/7546 265/4476/7546 4040/4477/7546
f 4040/4477/7547 265/4476/7547 264/4478/7547
f 295/305/7548 290/300/7548 4041/4479/7548
f 4041/4480/7549 290/4481/7549 4042/4482/7549
f 4042/4482/7550 290/4481/7550 4043/4483/7550
f 4043/4483/7551 289/4484/7551 915/891/7551
f 915/891/7552 289/4484/7552 917/893/7552
f 290/4481/7553 289/4484/7553 4043/4483/7553
f 859/836/7554 857/834/7554 4044/4485/7554
f 4044/4485/7555 853/830/7555 272/4486/7555
f 272/4486/7556 853/830/7556 280/4487/7556
f 280/4487/7557 4045/4488/7557 281/4489/7557
f 861/838/7558 859/836/7558 4046/4490/7558
f 4046/4490/7559 859/836/7559 4044/4485/7559
f 271/4491/7560 4044/4485/7560 272/4486/7560
f 4046/4490/7561 4044/4485/7562 271/4491/7563
f 865/842/7564 863/840/7564 4047/4492/7564
f 4047/4492/7565 863/840/7565 861/838/7565
f 867/844/7566 865/842/7566 4048/4493/7566
f 4048/4493/7567 865/842/7567 4047/4492/7567
f 4047/4492/7568 861/838/7569 4046/4490/7568
f 869/846/7570 867/844/7570 4048/4493/7570
f 4047/4492/7571 4046/4490/7572 275/4494/7573
f 275/4494/7574 4046/4490/7574 271/4491/7574
f 274/4495/7575 4048/4493/7575 4047/4492/7575
f 873/850/7576 871/848/7576 4049/4496/7576
f 4049/4496/7577 871/848/7577 869/846/7577
f 869/846/7578 4048/4493/7578 288/4497/7578
f 288/4497/7579 4048/4493/7579 274/4495/7579
f 274/4495/7580 4047/4492/7580 275/4494/7580
f 4049/4496/7581 869/846/7581 288/4497/7581
f 877/854/7582 875/852/7582 4050/4498/7582
f 4050/4498/7583 875/852/7584 873/850/7585
f 4050/4498/7586 873/850/7586 4049/4496/7586
f 4050/4498/7587 4049/4496/7587 287/4499/7587
f 287/4499/7588 4049/4496/7589 288/4497/7590
f 879/856/7591 877/854/7592 286/4500/7593
f 286/4500/7594 877/854/7594 4050/4498/7594
f 885/862/7595 883/860/7595 4051/4501/7595
f 4051/4501/7596 883/860/7596 881/858/7596
f 881/858/7597 879/856/7597 279/4502/7597
f 279/4502/7598 879/856/7599 286/4500/7600
f 286/4500/7601 4050/4498/7601 287/4499/7602
f 4051/4501/7603 881/858/7603 279/4502/7603
f 891/868/7604 889/866/7604 4052/4503/7604
f 4052/4503/7605 889/866/7605 887/864/7605
f 887/864/7606 885/862/7606 278/4504/7606
f 278/4504/7607 885/862/7607 4051/4501/7607
f 893/870/7608 891/868/7608 4053/4505/7608
f 4053/4505/7609 891/868/7609 4052/4503/7609
f 4052/4503/7610 887/864/7610 263/4506/7610
f 263/4506/7611 887/864/7611 278/4504/7611
f 278/4504/7612 4051/4501/7613 279/4502/7614
f 896/872/7615 893/870/7616 297/4507/7615
f 297/4507/7617 893/870/7617 4053/4505/7617
f 4053/4505/7618 4052/4503/7618 263/4506/7618
f 897/873/7619 896/872/7619 292/4508/7619
f 292/4508/7620 896/872/7620 297/4507/7620
f 899/875/7621 897/873/7621 292/4508/7621
f 905/881/7622 903/879/7622 4054/4509/7622
f 4054/4509/7623 903/879/7623 901/877/7623
f 901/877/7624 899/875/7624 291/4510/7624
f 291/4510/7625 899/875/7625 292/4508/7625
f 4054/4509/7626 901/877/7626 291/4510/7626
f 913/889/7627 911/887/7627 4042/4482/7627
f 4042/4482/7628 911/887/7628 909/885/7628
f 4042/4482/7629 909/885/7629 4041/4480/7629
f 4041/4480/7630 909/885/7630 907/883/7630
f 4041/4480/7631 907/883/7631 295/4511/7631
f 295/4511/7632 907/883/7632 905/881/7632
f 295/305/7633 905/4512/7634 296/306/7635
f 296/306/7636 905/4512/7636 4054/4513/7637
f 296/306/7638 4054/4513/7638 291/301/7638
f 915/891/7639 913/889/7639 4043/4483/7639
f 4043/4483/7640 913/889/7640 4042/4482/7640
f 289/4484/7641 270/4514/7641 917/893/7641
f 917/893/7642 270/4514/7642 4037/4471/7642
f 917/893/7643 4037/4471/7643 919/895/7643
f 919/895/7644 4037/4471/7644 4038/897/7644
f 924/901/7645 922/899/7645 4039/4473/7645
f 4039/4473/7646 922/899/7646 4038/897/7646
f 4040/4477/7647 807/823/7647 1328/1345/7647
f 264/4478/7648 285/4515/7648 4040/4477/7648
f 4040/4477/7649 285/4515/7649 808/824/7649
f 4040/4477/7650 808/824/7650 807/823/7650
f 285/4515/7651 4055/4516/7651 1305/1324/7651
f 285/4515/7652 1305/1324/7652 808/824/7652
f 4055/4516/7653 1314/1331/7653 1305/1324/7653
f 4055/4516/7654 1315/1332/7654 1314/1331/7654
f 1314/1331/7655 1315/1332/7655 1009/984/7655
f 1315/1332/7656 811/1322/7657 1010/985/7656
f 811/1322/7658 1315/1332/7658 302/4517/7658
f 302/4517/7659 1315/1332/7659 4055/4516/7659
f 284/4518/7660 4055/4516/7660 285/4515/7660
f 817/1317/7661 816/1316/7661 815/1321/7661
f 4055/4516/7662 284/4518/7662 302/4517/7662
f 302/4517/7663 4056/4519/7663 811/1322/7663
f 811/1322/7664 4056/4519/7664 813/1320/7664
f 813/1320/7665 4056/4519/7665 815/1321/7665
f 4056/4519/7666 301/4520/7666 815/1321/7666
f 815/1321/7667 301/4520/7667 817/1317/7667
f 302/4517/7668 301/4520/7668 4056/4519/7668
f 301/4520/7669 294/4521/7669 817/1317/7669
f 817/1317/7670 294/4521/7670 819/826/7670
f 819/826/7671 4057/4522/7671 820/827/7671
f 820/827/7672 4057/4522/7672 822/1307/7672
f 294/4521/7673 293/4523/7673 819/826/7673
f 819/826/7674 293/4523/7674 4057/4522/7674
f 4057/4522/7675 4058/4524/7675 822/1307/7675
f 822/1307/7676 4058/4524/7676 824/1303/7676
f 4057/4522/7677 293/4523/7677 4058/4524/7677
f 824/1303/7678 4059/4525/7678 826/1299/7678
f 826/1299/7679 4059/4525/7679 828/1295/7679
f 4058/4526/7680 300/310/7680 824/4527/7680
f 824/4527/7681 300/310/7681 4059/4528/7681
f 4059/4525/7682 299/4529/7682 828/1295/7682
f 828/1295/7683 299/4529/7683 830/1286/7683
f 293/303/7684 300/310/7684 4058/4526/7684
f 830/1286/7685 4060/4530/7685 832/1282/7685
f 832/1282/7686 4060/4530/7686 834/1273/7686
f 299/4529/7687 298/4531/7687 830/1286/7687
f 830/1286/7688 298/4531/7688 4060/4530/7688
f 4060/4530/7689 4061/4532/7689 834/1273/7689
f 834/1273/7690 4061/4532/7690 836/1266/7690
f 300/310/7691 299/309/7692 4059/4528/7692
f 4061/4532/7693 282/4533/7693 836/1266/7693
f 836/1266/7694 282/4533/7694 4062/4534/7694
f 836/1266/7695 4062/4534/7695 838/1256/7695
f 838/1256/7696 4062/4534/7696 840/1249/7696
f 298/308/7697 283/293/7697 4060/4535/7697
f 4060/4535/7698 283/293/7699 4061/4536/7699
f 4061/4536/7700 283/293/7700 282/292/7700
f 4062/4534/7701 276/4537/7701 840/1249/7701
f 840/1249/7702 276/4537/7702 842/1241/7702
f 846/1229/7703 849/1220/7704 848/1219/7705
f 842/1241/7706 276/4537/7706 844/1235/7706
f 282/292/7707 276/286/7707 4062/4538/7707
f 276/4537/7708 277/4539/7708 844/1235/7708
f 844/1235/7709 277/4539/7709 846/1229/7709
f 277/4539/7710 281/4489/7710 846/1229/7710
f 846/1229/7711 281/4489/7711 849/1220/7711
f 849/1220/7712 4045/4488/7712 850/1213/7712
f 850/1213/7713 4045/4488/7713 852/829/7713
f 849/1220/7714 281/4489/7714 4045/4488/7714
f 4045/4488/7715 280/4487/7715 852/829/7715
f 852/829/7716 280/4487/7716 853/830/7716
f 853/830/7717 4044/4485/7717 855/832/7717
f 855/832/7718 4044/4485/7718 857/834/7718
f 331/340/7719 429/440/7719 4063/4540/7719
f 4063/4540/7720 429/440/7720 4065/4541/7720
f 4063/4540/7721 4065/4541/7721 4064/4542/7721
f 4064/4542/7722 4065/4541/7722 4066/4543/7722
f 4064/4542/7723 4066/4543/7723 4067/4544/7723
f 4064/4542/7724 4067/4544/7724 3575/4545/7724
f 4065/4541/7725 4068/4546/7725 4066/4543/7725
f 439/450/7726 331/340/7726 4069/4547/7726
f 4069/4547/7727 331/340/7727 4063/4540/7727
f 4069/4547/7728 4063/4540/7728 4070/4548/7728
f 4070/4548/7729 4063/4540/7730 4064/4542/7729
f 429/440/7731 4071/4549/7731 4065/4541/7731
f 4065/4541/7732 4071/4549/7732 4068/4546/7732
f 4068/4546/7733 4071/4549/7733 4066/4550/7733
f 4068/4551/7734 4066/4552/7734 4067/4553/7734
f 3577/4554/7735 3575/4545/7735 4067/4544/7735
f 3577/4554/7736 4067/4544/7736 4066/4550/7736
f 3577/4554/7737 4066/4550/7737 4071/4549/7737
f 3577/4554/7738 4071/4549/7738 4072/4555/7738
f 4072/4555/7739 4071/4549/7739 658/671/7739
f 658/671/7740 4071/4549/7740 429/440/7740
f 658/671/7741 542/551/7742 439/450/7742
f 658/671/7743 439/450/7743 4072/4555/7743
f 4072/4555/7744 439/450/7744 4069/4547/7744
f 4072/4555/7745 4069/4547/7745 3577/4554/7745
f 3577/4554/7746 4069/4547/7746 4070/4548/7746
f 736/754/7747 692/707/7748 4073/4556/7748
f 3585/3762/7749 4074/3764/7749 4076/4557/7749
f 4076/4557/7750 4074/3764/7750 4077/4558/7750
f 4077/4558/7751 4074/3764/7751 4078/4559/7751
f 4078/4559/7752 4074/3764/7752 4075/4560/7752
f 4078/4559/7753 4075/4560/7753 4079/4561/7753
f 4079/4561/7754 4075/4560/7755 4080/628/7756
f 4080/628/7757 4075/4560/7758 4073/4556/7757
f 4080/628/7759 4073/4556/7759 625/638/7759
f 625/638/7760 4073/4556/7760 692/707/7760
f 736/754/7761 4073/4556/7761 683/698/7761
f 4078/4559/7762 4081/4562/7762 4077/4558/7762
f 4077/4563/7763 4081/4564/7763 4076/4565/7763
f 4081/4562/7764 4078/4559/7764 4079/4561/7764
f 583/479/7765 683/698/7765 4073/4556/7765
f 4074/3764/7766 3588/3766/7767 4075/4560/7768
f 4075/4560/7769 3588/3766/7769 4082/4566/7769
f 4075/4560/7770 4082/4566/7770 4073/4556/7770
f 4073/4556/7771 4082/4566/7771 4083/4567/7771
f 4073/4556/7772 4083/4567/7772 583/479/7772
f 4081/4562/7773 4079/4561/7774 4077/4568/7775
f 3583/3760/7776 3585/3762/7777 4076/4557/7778
f 3583/3760/7779 4076/4557/7779 4084/4569/7779
f 4084/4569/7780 4076/4557/7780 4077/4568/7780
f 4084/4569/7781 4077/4568/7781 4085/4570/7781
f 4085/4570/7782 4077/4568/7782 4079/4561/7782
f 4085/4570/7783 4079/4561/7783 4086/387/7783
f 4086/387/7784 4079/4561/7785 4080/628/7786
f 4086/387/7787 4080/628/7787 381/388/7787
f 381/388/7788 4080/628/7788 466/480/7788
f 3588/3766/7789 3583/3760/7789 4084/4569/7789
f 3588/3766/7790 4084/4569/7790 4082/4566/7790
f 4082/4566/7791 4084/4569/7791 4085/4570/7791
f 4082/4566/7792 4085/4570/7792 4083/4567/7792
f 4083/4567/7793 4085/4570/7793 4086/387/7793
f 4083/4567/7794 4086/387/7794 583/479/7794
f 583/479/7795 4086/387/7795 382/389/7795
f 693/711/7796 698/724/7796 4087/4571/7796
f 789/803/7797 791/805/7797 4088/4572/7797
f 789/803/7798 4088/4572/7798 4090/4573/7798
f 4090/4573/7799 4088/4572/7799 4089/4574/7799
f 4090/4573/7800 4089/4574/7800 4091/4575/7800
f 4091/4575/7801 4089/4574/7801 4087/4571/7801
f 4091/4575/7802 4087/4571/7802 740/752/7802
f 740/752/7803 4087/4571/7803 698/724/7803
f 693/711/7804 4087/4571/7804 674/689/7804
f 791/805/7805 785/799/7805 4088/4572/7805
f 4088/4572/7806 785/799/7806 4092/4576/7806
f 4088/4572/7807 4092/4576/7807 4089/4574/7807
f 4089/4574/7808 4092/4576/7808 4087/4571/7809
f 4087/4571/7810 4092/4576/7810 545/554/7810
f 4087/4571/7811 545/554/7811 674/689/7811
f 674/689/7812 545/554/7812 544/553/7812
f 787/801/7813 789/803/7813 4093/4577/7813
f 4093/4577/7814 789/803/7814 4090/4573/7814
f 4093/4577/7815 4090/4573/7815 4094/4578/7815
f 4094/4578/7816 4090/4573/7816 4091/4575/7816
f 4094/4578/7817 4091/4575/7817 4095/4579/7817
f 4095/4579/7818 4091/4575/7818 740/752/7818
f 4095/4579/7819 740/752/7819 675/690/7819
f 4095/4579/7820 675/690/7820 584/469/7821
f 785/799/7822 787/801/7822 4093/4577/7822
f 785/799/7823 4093/4577/7823 4092/4576/7823
f 4092/4576/7824 4093/4577/7824 4094/4578/7824
f 4092/4576/7825 4094/4578/7825 4095/4579/7825
f 4092/4576/7826 4095/4579/7827 545/554/7828
f 545/554/7829 4095/4579/7829 584/469/7829
f 545/554/7830 584/469/7831 456/468/7832
f 492/510/7833 476/491/7833 4097/4580/7833
f 797/811/7834 799/813/7834 4098/4581/7834
f 797/811/7835 4098/4581/7835 4099/4582/7836
f 4099/4582/7837 4098/4581/7837 4096/4583/7837
f 4099/4582/7838 4096/4583/7838 4097/4580/7838
f 4099/4582/7839 4097/4580/7839 618/631/7839
f 618/631/7840 4097/4580/7841 476/491/7842
f 618/631/7843 476/491/7843 475/490/7843
f 799/813/7844 793/807/7844 4098/4581/7844
f 4098/4581/7845 793/807/7845 4100/4584/7845
f 4098/4581/7846 4100/4584/7846 4096/4583/7846
f 4096/4583/7847 4100/4584/7847 4101/4585/7847
f 4096/4583/7848 4101/4585/7848 4097/4580/7848
f 4097/4580/7849 4101/4585/7849 4102/4586/7849
f 4097/4580/7850 4102/4586/7851 492/510/7852
f 492/510/7853 4102/4586/7853 665/680/7853
f 4100/4584/7854 4103/4587/7854 4101/4585/7854
f 4100/4584/7855 793/807/7855 4103/4588/7855
f 795/809/7856 797/811/7856 4104/4589/7856
f 4104/4589/7857 797/811/7857 4099/4582/7857
f 4104/4589/7858 4099/4582/7858 4105/4590/7858
f 4105/4590/7859 4099/4582/7859 4106/4591/7859
f 4106/4591/7860 4099/4582/7860 618/631/7860
f 4106/4591/7861 618/631/7861 684/699/7861
f 4107/4592/7862 4103/4588/7862 793/807/7862
f 4101/4585/7863 4103/4587/7863 4107/4592/7863
f 4107/4593/7864 4100/4594/7864 4103/4595/7864
f 665/680/7865 4102/4586/7865 694/708/7865
f 793/807/7866 795/809/7866 4104/4589/7866
f 793/807/7867 4104/4589/7867 4107/4592/7867
f 4107/4592/7868 4104/4589/7868 4101/4585/7868
f 4101/4585/7869 4104/4589/7869 4105/4590/7869
f 4101/4585/7870 4105/4590/7870 4102/4586/7870
f 4102/4586/7871 4105/4590/7871 4106/4591/7871
f 4102/4586/7872 4106/4591/7872 694/708/7872
f 694/708/7873 4106/4591/7873 738/750/7873
f 684/699/7874 738/750/7874 4106/4591/7874
f 4109/4596/7875 4110/4597/7876 4111/4598/7877
f 4109/4596/7878 4112/817/7879 4110/4597/7878
f 801/815/7880 4112/817/7881 4113/4599/7882
f 4113/4599/7883 4112/817/7883 4109/4596/7883
f 4113/4599/7884 4109/4596/7884 4114/4600/7884
f 4114/4600/7885 4109/4596/7885 4111/4598/7885
f 4114/4600/7886 4111/4598/7886 4115/507/7886
f 4115/507/7887 4111/4598/7887 4108/4601/7887
f 4115/507/7888 4108/4601/7888 491/506/7888
f 491/506/7889 4108/4601/7889 490/489/7889
f 4116/4602/7890 4109/4603/7890 4110/4604/7890
f 4110/4597/7891 4112/817/7891 4116/4605/7891
f 4110/4597/7892 4116/4605/7892 4111/4598/7892
f 4111/4598/7893 4116/4605/7893 4108/4601/7893
f 4112/817/7894 804/819/7894 4116/4605/7894
f 4116/4605/7895 804/819/7895 4117/4606/7895
f 4116/4605/7896 4117/4606/7896 4108/4601/7896
f 4108/4601/7897 4117/4606/7897 4118/4607/7897
f 4108/4601/7898 4118/4607/7898 490/489/7898
f 490/489/7899 4118/4607/7899 303/313/7899
f 4117/4606/7900 4119/4608/7900 4118/4607/7900
f 4117/4606/7901 804/819/7901 4119/4608/7901
f 805/821/7902 801/815/7902 4120/4609/7902
f 4120/4609/7903 801/815/7903 4113/4599/7903
f 4120/4609/7904 4113/4599/7904 4121/4610/7904
f 4121/4610/7905 4113/4599/7905 4114/4600/7905
f 4121/4610/7906 4114/4600/7907 4122/4611/7908
f 4122/4611/7909 4114/4600/7909 4115/507/7909
f 4122/4611/7910 4115/507/7910 332/381/7910
f 332/381/7911 4115/507/7911 420/431/7911
f 332/381/7912 333/341/7913 4122/4611/7912
f 304/314/7914 303/313/7914 4118/4607/7914
f 804/819/7915 805/821/7915 4119/4608/7915
f 4119/4608/7916 805/821/7916 4120/4609/7916
f 4119/4608/7917 4120/4609/7917 4118/4607/7917
f 4118/4607/7918 4120/4609/7918 4121/4610/7918
f 4118/4607/7919 4121/4610/7919 4122/4611/7919
f 4118/4607/7920 4122/4611/7920 304/314/7920
f 304/314/7921 4122/4611/7921 333/341/7921
f 599/451/7922 457/470/7922 4123/4612/7922
f 780/793/7923 4124/795/7923 4126/4613/7923
f 4126/4613/7924 4124/795/7924 4127/4614/7924
f 4127/4614/7925 4124/795/7925 4125/4615/7925
f 4127/4614/7926 4125/4615/7926 4123/4612/7926
f 4127/4614/7927 4123/4612/7927 4128/4616/7927
f 4128/4616/7928 4123/4612/7928 457/470/7928
f 4128/4616/7929 457/470/7929 319/329/7929
f 440/452/7930 599/451/7930 4123/4612/7930
f 4124/795/7931 783/797/7931 4129/4617/7931
f 4124/795/7932 4129/4617/7932 4125/4615/7932
f 4125/4615/7933 4129/4617/7933 4130/4618/7933
f 4125/4615/7934 4130/4618/7934 4131/4619/7934
f 4125/4615/7935 4131/4619/7935 4123/4612/7935
f 4123/4612/7936 4131/4619/7936 4132/4620/7936
f 4123/4612/7937 4132/4620/7937 440/452/7937
f 4127/4614/7938 4128/4616/7938 4133/4621/7938
f 4127/4614/7939 4133/4621/7939 4126/4613/7939
f 4129/4622/7940 4131/4619/7940 4130/4618/7940
f 4130/4623/7941 4129/4624/7941 4134/4625/7941
f 778/791/7942 780/793/7942 4135/4626/7942
f 4135/4626/7943 780/793/7943 4136/4627/7943
f 4136/4627/7944 780/793/7944 4126/4613/7944
f 4136/4627/7945 4126/4613/7945 4137/4628/7945
f 4137/4628/7946 4126/4613/7946 4133/4621/7946
f 4137/4628/7947 4133/4621/7947 4128/4616/7947
f 4137/4628/7948 4128/4616/7948 351/330/7948
f 351/330/7949 4128/4616/7949 319/329/7949
f 4134/4629/7950 4129/4617/7950 783/797/7950
f 4131/4619/7951 4129/4622/7951 4134/4629/7951
f 440/452/7952 4132/4620/7952 430/441/7952
f 4137/4628/7953 4138/4630/7953 4136/4627/7953
f 783/797/7954 778/791/7954 4135/4626/7954
f 783/797/7955 4135/4626/7955 4136/4631/7955
f 783/797/7956 4136/4631/7956 4134/4629/7956
f 4134/4629/7957 4136/4631/7957 4139/4632/7957
f 4134/4629/7958 4139/4632/7958 4131/4619/7958
f 4131/4619/7959 4139/4632/7959 4132/4620/7959
f 4132/4620/7960 4139/4632/7960 335/358/7960
f 4132/4620/7961 335/358/7961 430/441/7961
f 4135/4633/7962 4138/4634/7962 4136/4635/7962
f 351/330/7963 335/358/7963 4137/4628/7963
f 4137/4628/7964 335/358/7964 4139/4632/7964
f 4137/4628/7965 4139/4632/7966 4138/4630/7966
f 4136/4631/7967 4138/4630/7967 4139/4632/7967
f 3693/4636/7968 3730/4637/7968 4142/4638/7968 4143/4639/7968
f 3720/4640/7969 3694/4641/7969 4144/4642/7969 4145/4643/7969
f 3697/4644/7970 3727/4645/7970 4146/4646/7970 4147/4647/7970
f 3729/4648/7971 3715/4649/7971 4148/4650/7971 4149/4651/7971
f 3715/4649/7972 3714/4652/7972 4150/4653/7972 4148/4650/7972
f 3692/4654/7973 3691/4655/7973 4151/4656/7973 4152/4657/7973
f 3703/4658/7974 3725/4659/7974 4153/4660/7974 4154/4661/7974
f 3733/4662/7975 3723/4028/7975 4141/4031/7975 4155/4663/7975
f 3724/4664/7976 3728/4665/7976 4156/4666/7976 4157/4667/7976
f 3731/4668/7977 3729/4648/7977 4149/4651/7977 4158/4669/7977
f 3696/4670/7978 3695/4671/7978 4159/4672/7978 4160/4673/7978
f 3711/4674/7979 3713/4675/7979 4161/4676/7979 4162/4677/7979
f 3721/4678/7980 3712/4679/7980 4163/4680/7980 4164/4681/7980
f 3698/4682/7981 3697/4644/7981 4147/4647/7981 4165/4683/7981
f 3705/4684/7982 3720/4640/7982 4145/4643/7982 4166/4685/7982
f 3690/4686/7983 3708/4687/7983 4167/4688/7983 4168/4689/7983
f 3702/4690/7984 3701/4691/7984 4169/4692/7984 4170/4693/7984
f 3706/4694/7985 3705/4684/7985 4166/4685/7985 4171/4695/7985
f 4142/4638/7986 3730/4637/7986 3700/4696/7986 4172/4697/7986
f 3694/4641/7987 3693/4636/7987 4143/4639/7987 4144/4642/7987
f 3727/4645/7988 3726/4698/7988 4173/4699/7988 4146/4646/7988
f 3726/4698/7989 3733/4662/7989 4155/4663/7989 4173/4699/7989
f 3701/4691/7990 3709/4700/7990 4174/4701/7990 4169/4692/7990
f 3695/4671/7991 3710/4702/7991 4175/4703/7991 4159/4672/7991
f 3722/4029/7992 3704/4704/7992 4176/4705/7992 4140/4030/7992
f 3719/4706/7993 3718/4707/7993 4177/4708/7993 4178/4709/7993
f 3716/4710/7994 3706/4694/7994 4171/4695/7994 4179/4711/7994
f 3688/4712/7995 3699/4713/7995 4180/4714/7995 4181/4715/7995
f 3732/4716/7996 3717/4717/7996 4182/4718/7996 4183/4719/7996
f 3713/4675/7997 3702/4690/7997 4170/4693/7997 4161/4676/7997
f 3714/4652/7998 3732/4716/7998 4183/4719/7998 4150/4653/7998
f 3718/4707/7999 3721/4678/7999 4164/4681/7999 4177/4708/7999
f 3725/4659/8000 3724/4664/8000 4157/4667/8000 4153/4660/8000
f 3712/4679/8001 3711/4674/8001 4162/4677/8001 4163/4680/8001
f 3710/4702/8002 3689/4720/8002 4184/4721/8002 4175/4703/8002
f 3709/4700/8003 3692/4654/8003 4152/4657/8003 4174/4701/8003
f 3699/4713/8004 3719/4706/8004 4178/4709/8004 4180/4714/8004
f 3700/4696/8005 3696/4670/8005 4160/4673/8005 4172/4697/8005
f 3689/4720/8006 3688/4712/8006 4181/4715/8006 4184/4721/8006
f 3717/4717/8007 3716/4710/8007 4179/4711/8007 4182/4718/8007
f 3728/4665/8008 3731/4668/8008 4158/4669/8008 4156/4666/8008
f 3691/4655/8009 3690/4686/8009 4168/4689/8009 4151/4656/8009
f 3707/4722/8010 3698/4682/8010 4165/4683/8010 4185/4723/8010
f 3708/4687/8011 3707/4722/8011 4185/4723/8011 4167/4688/8011
f 3704/4704/8012 3703/4658/8012 4154/4661/8012 4176/4705/8012
f 3580/1996/8013 3579/1995/8013 4186/4724/8013 4187/4725/8013
f 3582/3755/8014 3581/3754/8014 4188/4726/8014 4189/4727/8014
f 3576/3752/3274 3578/1993/3274 3580/1996/3274 3581/3754/3274
f 3574/1994/3274 3573/3749/3274 3582/3755/3274 3579/1995/3274
f 3579/1995/8015 3582/3755/8015 4189/4727/8015 4186/4724/8015
f 4188/4728/3274 4187/4729/3274 4189/4730/3274
f 4189/4730/3274 4187/4729/3274 4186/4731/3274
f 3581/3754/8016 3580/1996/8016 4187/4725/8016 4188/4726/8016
f 4169/4692/8017 4174/4701/8017 4209/4732/8017 4238/4733/8017
f 4178/4709/8018 4177/4708/8018 4235/4734/8018 4240/4735/8018
f 4163/4680/8019 4162/4677/8019 4246/4736/8019 4212/4737/8019
f 4349/4738/8020 4348/4739/8020 4257/4740/8020 4272/4741/8020
f 4347/4742/8021 4346/4743/8021 4290/4744/8021 4279/4745/8021
f 4344/4746/8022 4345/4747/8022 4261/4748/8022 4297/4749/8022
f 4167/4688/8023 4185/4723/8023 4224/4750/8023 4239/4751/8023
f 4144/4642/8024 4143/4639/8024 4228/4752/8024 4227/4753/8024
f 4164/4681/8025 4163/4680/8025 4212/4737/8025 4234/4754/8025
f 4156/4666/8026 4158/4669/8026 4215/4755/8026 4251/4756/8026
f 4171/4695/8027 4166/4685/8027 4217/4757/8027 4236/4758/8027
f 4184/4721/8028 4181/4715/8028 4243/4759/8028 4244/4760/8028
f 4177/4708/8029 4164/4681/8029 4234/4754/8029 4235/4734/8029
f 4151/4656/8030 4168/4689/8030 4245/4761/8030 4248/4762/8030
f 4157/4667/8031 4156/4666/8031 4251/4756/8031 4250/4763/8031
f 4160/4673/8032 4159/4672/8032 4232/4764/8032 4229/4765/8032
f 4148/4650/8033 4150/4653/8033 4218/4766/8033 4225/4767/8033
f 4172/4697/8034 4160/4673/8034 4229/4765/8034 4230/4768/8034
f 4147/4647/8035 4146/4646/8035 4226/4769/8035 4206/4770/8035
f 4150/4653/5513 4183/4719/5513 4219/4771/5513 4218/4766/5513
f 4161/4676/8036 4170/4693/8036 4213/4772/8036 4247/4773/8036
f 4158/4669/8037 4149/4651/8037 4214/4774/8037 4215/4755/8037
f 4183/4719/8038 4182/4718/8038 4242/4775/8038 4219/4771/8038
f 4142/4638/8039 4172/4697/8039 4230/4768/8039 4231/4776/8039
f 4141/4031/8040 4140/4030/8040 4222/4777/8040 4223/4778/8040
f 4170/4693/3479 4169/4692/3479 4238/4733/3479 4213/4772/3479
f 4176/4705/8041 4154/4661/8041 4220/4779/8041 4221/4780/8041
f 4174/4701/8042 4152/4657/8042 4208/4781/8042 4209/4732/8042
f 4173/4699/8043 4155/4663/8043 4210/4782/8043 4211/4783/8043
f 4180/4714/8044 4178/4709/8044 4240/4735/8044 4241/4784/8044
f 4155/4663/8045 4141/4031/8045 4223/4778/8045 4210/4782/8045
f 4185/4723/8046 4165/4683/8046 4207/4785/8046 4224/4750/8046
f 4179/4711/8047 4171/4695/8047 4236/4758/8047 4237/4786/8047
f 4145/4643/8048 4144/4642/8048 4227/4753/8048 4216/4787/8048
f 4181/4715/8049 4180/4714/8049 4241/4784/8049 4243/4759/8049
f 4165/4683/8050 4147/4647/8050 4206/4770/8050 4207/4785/8050
f 4166/4685/8051 4145/4643/8051 4216/4787/8051 4217/4757/8051
f 4152/4657/8052 4151/4656/8052 4248/4762/8052 4208/4781/8052
f 4168/4689/8053 4167/4688/8053 4239/4751/8053 4245/4761/8053
f 4153/4660/8054 4157/4667/8054 4250/4763/8054 4249/4788/8054
f 4154/4661/8055 4153/4660/8055 4249/4788/8055 4220/4779/8055
f 4162/4677/8056 4161/4676/8056 4247/4773/8056 4246/4736/8056
f 4146/4646/8057 4173/4699/8057 4211/4783/8057 4226/4769/8057
f 4143/4639/8058 4142/4638/8058 4231/4776/8058 4228/4752/8058
f 4140/4030/8059 4176/4705/8059 4221/4780/8059 4222/4777/8059
f 4175/4703/8060 4184/4721/8060 4244/4760/8060 4233/4789/8060
f 4149/4651/8061 4148/4650/8061 4225/4767/8061 4214/4774/8061
f 4182/4718/8062 4179/4711/8062 4237/4786/8062 4242/4775/8062
f 4159/4672/8063 4175/4703/8063 4233/4789/8063 4232/4764/8063
f 4263/4790/8051 4262/4791/8051 4308/4792/8051 4309/4793/8051
f 4294/4794/8030 4291/4795/8030 4337/4796/8030 4340/4797/8030
f 4260/4798/8061 4271/4799/8061 4317/4800/8061 4306/4801/8061
f 4345/4747/8064 4350/4802/8064 4260/4803/8064 4261/4748/8064
f 4352/4804/8065 4351/4805/8065 4284/4806/8065 4259/4807/8065
f 4350/4802/8066 4353/4808/8066 4271/4809/8066 4260/4803/8066
f 4355/4810/8067 4354/4811/8067 4291/4812/8067 4294/4813/8067
f 4357/4814/8068 4356/4815/8068 4262/4816/8068 4263/4817/8068
f 4354/4811/8069 4358/4818/8069 4285/4819/8069 4291/4812/8069
f 4360/4820/8070 4359/4821/8070 4280/4822/8070 4281/4823/8070
f 4361/4824/8071 4344/4746/8071 4297/4749/8071 4296/4825/8071
f 4363/4826/8072 4362/4827/8072 4265/4828/8072 4264/4829/8072
f 4359/4821/8073 4364/4830/8073 4258/4831/8073 4280/4822/8073
f 4366/4832/8074 4365/4833/8074 4269/4834/8074 4256/4835/8074
f 4362/4827/8075 4367/4836/8075 4288/4837/8075 4265/4828/8075
f 4369/4838/8076 4368/4839/8076 4266/4840/8076 4267/4841/8076
f 4364/4830/8077 4370/4842/8077 4292/4843/8077 4258/4831/8077
f 4371/4844/8078 4357/4814/8078 4263/4817/8078 4282/4845/8078
f 4365/4833/8079 4372/4846/8079 4268/4847/8079 4269/4834/8079
f 4374/4848/8080 4373/4849/8080 4278/4850/8080 4275/4851/8080
f 4375/4852/8081 4371/4844/8081 4282/4845/8081 4283/4853/8081
f 4377/4854/8082 4376/4855/8082 4253/4856/8082 4270/4857/8082
f 4378/4858/8083 4352/4804/8083 4259/4807/8083 4293/4859/8083
f 4351/4805/8084 4379/4860/8084 4255/4861/8084 4284/4806/8084
f 4353/4808/8085 4363/4826/8085 4264/4829/8085 4271/4809/8085
f 4372/4846/8086 4369/4838/8086 4267/4841/8086 4268/4847/8086
f 4358/4818/8087 4377/4854/8087 4270/4857/8087 4285/4819/8087
f 4380/4862/8088 4349/4738/8088 4272/4741/8088 4252/4863/8088
f 4381/4864/8089 4355/4810/8089 4294/4813/8089 4254/4865/8089
f 4383/4866/8090 4382/4867/8090 4286/4868/8090 4287/4869/8090
f 4356/4815/8091 4384/4870/8091 4273/4871/8091 4262/4816/8091
f 4370/4842/8092 4378/4858/8092 4293/4859/8092 4292/4843/8092
f 4367/4836/8093 4375/4852/8093 4283/4853/8093 4288/4837/8093
f 4384/4870/8094 4385/4872/8094 4274/4873/8094 4273/4871/8094
f 4387/4874/8095 4386/4875/8095 4276/4876/8095 4277/4877/8095
f 4376/4855/8096 4380/4862/8096 4252/4863/8096 4253/4856/8096
f 4382/4867/8097 4360/4820/8097 4281/4823/8097 4286/4868/8097
f 4386/4875/8098 4374/4848/8098 4275/4851/8098 4276/4876/8098
f 4388/4878/8099 4361/4824/8099 4296/4825/8099 4295/4879/8099
f 4379/4860/8100 4381/4864/8100 4254/4865/8100 4255/4861/8100
f 4346/4743/8101 4389/4880/8101 4289/4881/8101 4290/4744/8101
f 4385/4872/8102 4387/4874/8102 4277/4877/8102 4274/4873/8102
f 4368/4839/8103 4388/4878/8103 4295/4879/8103 4266/4840/8103
f 4348/4739/8104 4366/4832/8104 4256/4835/8104 4257/4740/8104
f 4389/4880/8105 4383/4866/8105 4287/4869/8105 4289/4881/8105
f 4373/4849/8106 4347/4742/8106 4279/4745/8106 4278/4850/8106
f 4337/4796/18 4331/4882/18 4316/4883/18 4299/4884/18 4298/4885/18 4318/4886/18 4303/4887/18 4302/4888/18 4315/4889/18 4314/4890/18 4313/4891/18 4312/4892/18 4341/4893/18 4342/4894/18 4343/4895/18 4307/4896/18 4306/4801/18 4317/4800/18 4310/4897/18 4311/4898/18 4334/4899/18 4329/4900/18 4328/4901/18 4309/4793/18 4308/4792/18 4319/4902/18 4320/4903/18 4323/4904/18 4322/4905/18 4321/4906/18 4324/4907/18 4325/4908/18 4336/4909/18 4335/4910/18 4333/4911/18 4332/4912/18 4327/4913/18 4326/4914/18 4304/4915/18 4305/4916/18 4300/4917/18 4340/4797/18
f 4301/4918/8107 4300/4917/8107 4305/4916/8107 4330/4919/8107
f 4305/4916/8108 4304/4915/8108 4338/4920/8108 4339/4921/8108
f 4291/4795/8053 4285/4922/8053 4331/4882/8053 4337/4796/8053
f 4281/4923/8029 4280/4924/8029 4326/4914/8029 4327/4913/8029
f 4296/4925/8031 4297/4926/8031 4343/4895/8031 4342/4894/8031
f 4264/4927/5513 4265/4928/5513 4311/4898/5513 4310/4897/5513
f 4280/4924/8025 4258/4929/8025 4304/4915/8025 4326/4914/8025
f 4256/4930/8109 4269/4931/8109 4315/4889/8109 4302/4888/8109
f 4265/4928/8038 4288/4932/8038 4334/4899/8038 4311/4898/8038
f 4267/4933/8041 4266/4934/8041 4312/4892/8041 4313/4891/8041
f 4258/4929/8019 4292/4935/8019 4338/4920/8019 4304/4915/8019
f 4282/4936/8027 4263/4790/8027 4309/4793/8027 4328/4901/8027
f 4269/4931/8040 4268/4937/8040 4314/4890/8040 4315/4889/8040
f 4275/4938/8032 4278/4939/8032 4324/4907/8032 4321/4906/8032
f 4283/4940/8047 4282/4936/8047 4328/4901/8047 4329/4900/8047
f 4270/4941/8046 4253/4942/8046 4299/4884/8046 4316/4883/8046
f 4293/4943/8036 4259/4944/8036 4305/4916/8036 4339/4921/8036
f 4284/4945/8017 4255/4946/8017 4301/4918/8017 4330/4919/8017
f 4271/4799/8033 4264/4927/8033 4310/4897/8033 4317/4800/8033
f 4268/4937/8110 4267/4933/8110 4313/4891/8110 4314/4890/8110
f 4285/4922/8023 4270/4941/8023 4316/4883/8023 4331/4882/8023
f 4252/4947/8035 4272/4948/8035 4318/4886/8035 4298/4885/8035
f 4254/4949/8052 4294/4794/8052 4340/4797/8052 4300/4917/8052
f 4287/4950/8044 4286/4951/8044 4332/4912/8044 4333/4911/8044
f 4262/4791/8048 4273/4952/8048 4319/4902/8048 4308/4792/8048
f 4292/4935/8056 4293/4943/8056 4339/4921/8056 4338/4920/8056
f 4288/4932/8062 4283/4940/8062 4329/4900/8062 4334/4899/8062
f 4273/4952/8024 4274/4953/8024 4320/4903/8024 4319/4902/8024
f 4277/4954/8039 4276/4955/8039 4322/4905/8039 4323/4904/8039
f 4253/4942/8050 4252/4947/8050 4298/4885/8050 4299/4884/8050
f 4286/4951/8018 4281/4923/8018 4327/4913/8018 4332/4912/8018
f 4276/4955/8034 4275/4938/8034 4321/4906/8034 4322/4905/8034
f 4295/4956/8054 4296/4925/8054 4342/4894/8054 4341/4893/8054
f 4255/4946/8042 4254/4949/8042 4300/4917/8042 4301/4918/8042
f 4290/4957/8028 4289/4958/8028 4335/4910/8028 4336/4909/8028
f 4274/4953/8111 4277/4954/8111 4323/4904/8111 4320/4903/8111
f 4266/4934/8055 4295/4956/8055 4341/4893/8055 4312/4892/8055
f 4257/4959/8112 4256/4930/8112 4302/4888/8112 4303/4887/8112
f 4289/4958/8049 4287/4950/8049 4333/4911/8049 4335/4910/8049
f 4278/4939/8063 4279/4960/8063 4325/4908/8063 4324/4907/8063
f 4297/4926/8026 4261/4961/8026 4307/4896/8026 4343/4895/8026
f 4279/4960/8060 4290/4957/8060 4336/4909/8060 4325/4908/8060
f 4272/4948/8057 4257/4959/8057 4303/4887/8057 4318/4886/8057
f 4261/4961/8037 4260/4798/8037 4306/4801/8037 4307/4896/8037
f 4259/4944/3479 4284/4945/3479 4330/4919/3479 4305/4916/3479
f 4232/4962/8113 4233/4963/8113 4347/4964/8113 4373/4965/8113
f 4243/4966/8114 4241/4967/8114 4383/4968/8114 4389/4969/8114
f 4211/4970/8115 4210/4971/8115 4366/4972/8115 4348/4973/8115
f 4220/4974/8116 4249/4975/8116 4388/4976/8116 4368/4977/8116
f 4228/4978/8117 4231/4979/8117 4387/4980/8117 4385/4981/8117
f 4244/4982/8118 4243/4966/8118 4389/4969/8118 4346/4983/8118
f 4209/4984/8119 4208/4985/8119 4381/4986/8119 4379/4987/8119
f 4249/4975/8120 4250/4988/8120 4361/4989/8120 4388/4976/8120
f 4230/4990/8121 4229/4991/8121 4374/4992/8121 4386/4993/8121
f 4240/4994/8122 4235/4995/8122 4360/4996/8122 4382/4997/8122
f 4207/4998/8123 4206/4999/8123 4380/5000/8123 4376/5001/8123
f 4231/4979/8124 4230/4990/8124 4386/4993/8124 4387/4980/8124
f 4227/5002/8125 4228/4978/8125 4385/4981/8125 4384/5003/8125
f 4242/5004/8126 4237/5005/8126 4375/5006/8126 4367/5007/8126
f 4246/5008/8127 4247/5009/8127 4378/5010/8127 4370/5011/8127
f 4216/5012/8128 4227/5002/8128 4384/5003/8128 4356/5013/8128
f 4241/4967/8129 4240/4994/8129 4382/4997/8129 4383/4968/8129
f 4208/4985/8130 4248/5014/8130 4355/5015/8130 4381/4986/8130
f 4206/4999/8131 4226/5016/8131 4349/5017/8131 4380/5000/8131
f 4239/5018/8132 4224/5019/8132 4377/5020/8132 4358/5021/8132
f 4222/5022/8133 4221/5023/8133 4369/5024/8133 4372/5025/8133
f 4225/5026/8134 4218/5027/8134 4363/5028/8134 4353/5029/8134
f 4238/5030/8135 4209/4984/8135 4379/4987/8135 4351/5031/8135
f 4247/5009/8136 4213/5032/8136 4352/5033/8136 4378/5010/8136
f 4224/5019/8137 4207/4998/8137 4376/5001/8137 4377/5020/8137
f 4237/5005/8138 4236/5034/8138 4371/5035/8138 4375/5006/8138
f 4229/4991/8139 4232/4962/8139 4373/4965/8139 4374/4992/8139
f 4223/5036/8140 4222/5022/8140 4372/5025/8140 4365/5037/8140
f 4236/5034/8141 4217/5038/8141 4357/5039/8141 4371/5035/8141
f 4212/5040/8142 4246/5008/8142 4370/5011/8142 4364/5041/8142
f 4221/5023/8143 4220/4974/8143 4368/4977/8143 4369/5024/8143
f 4219/5042/8144 4242/5004/8144 4367/5007/8144 4362/5043/8144
f 4210/4971/8145 4223/5036/8145 4365/5037/8145 4366/4972/8145
f 4234/5044/8146 4212/5040/8146 4364/5041/8146 4359/5045/8146
f 4218/5027/8147 4219/5042/8147 4362/5043/8147 4363/5028/8147
f 4250/4988/8148 4251/5046/8148 4344/5047/8148 4361/4989/8148
f 4235/4995/8149 4234/5044/8149 4359/5045/8149 4360/4996/8149
f 4245/5048/8150 4239/5018/8150 4358/5021/8150 4354/5049/8150
f 4217/5038/8151 4216/5012/8151 4356/5013/8151 4357/5039/8151
f 4248/5014/8152 4245/5048/8152 4354/5049/8152 4355/5015/8152
f 4214/5050/8153 4225/5026/8153 4353/5029/8153 4350/5051/8153
f 4213/5032/8154 4238/5030/8154 4351/5031/8154 4352/5033/8154
f 4215/5052/8155 4214/5050/8155 4350/5051/8155 4345/5053/8155
f 4251/5046/8156 4215/5052/8156 4345/5053/8156 4344/5047/8156
f 4233/4963/8157 4244/4982/8157 4346/4983/8157 4347/4964/8157
f 4226/5016/8158 4211/4970/8158 4348/4973/8158 4349/5017/8158
s 1
f 4193/5054/8159 1420/5055/8160 1414/5056/8161
f 1420/5055/8160 4193/5054/8159 1425/5057/8162
f 4193/5054/8159 1426/5058/8163 1425/5057/8162
f 4193/5054/8159 4190/5059/8164 1426/5058/8163
f 4190/5059/8164 4193/5054/8159 1435/5060/8165
f 1435/5060/8165 4193/5054/8159 1438/5061/8166
f 4193/5054/8159 1443/5062/8167 1438/5061/8166
f 1443/5062/8167 4193/5054/8159 1449/5063/8168
f 4193/5054/8159 1455/5064/8169 1449/5063/8168
f 1455/5064/8169 4193/5054/8159 1461/5065/8170
f 4193/5054/8159 4191/5066/8171 1461/5065/8170
f 4191/5066/8171 4193/5054/8159 1467/5067/8172
f 4193/5054/8159 1476/5068/8173 1467/5067/8172
f 1476/5068/8173 4193/5054/8159 1481/5069/8174
f 4193/5054/8159 1482/5070/8175 1481/5069/8174
f 4193/5054/8159 1487/5071/8176 1482/5070/8175
f 1487/5071/8176 4193/5054/8159 4192/5072/8177
f 4193/5054/8159 1497/5073/8178 4192/5072/8177
f 4193/5054/8159 1498/5074/8179 1497/5073/8178
f 1498/5074/8179 4193/5054/8159 1504/5075/8180
f 1414/5056/8161 1504/5075/8180 4193/5054/8159
f 4197/5076/8181 3206/5077/8182 3200/5078/8183
f 3206/5077/8182 4197/5076/8181 3211/5079/8184
f 4197/5076/8181 3212/5080/8185 3211/5079/8184
f 4197/5076/8181 4194/5081/8186 3212/5080/8185
f 4194/5081/8186 4197/5076/8181 3221/5082/8187
f 3221/5082/8187 4197/5076/8181 3224/5083/8188
f 4197/5076/8181 3230/5084/8189 3224/5083/8188
f 3230/5084/8189 4197/5076/8181 3236/5085/8190
f 4197/5076/8181 3242/5086/8191 3236/5085/8190
f 3242/5086/8191 4197/5076/8181 3249/5087/8192
f 4197/5076/8181 4195/5088/8193 3249/5087/8192
f 4195/5088/8193 4197/5076/8181 3255/5089/8194
f 4197/5076/8181 3263/5090/8195 3255/5089/8194
f 3263/5090/8195 4197/5076/8181 3268/5091/8196
f 4197/5076/8181 3269/5092/8197 3268/5091/8196
f 4197/5076/8181 3274/5093/8198 3269/5092/8197
f 3274/5093/8198 4197/5076/8181 4196/5094/8199
f 4197/5076/8181 3283/5095/8200 4196/5094/8199
f 4197/5076/8181 3285/5096/8201 3283/5095/8200
f 3285/5096/8201 4197/5076/8181 3289/5097/8202
f 4197/5076/8181 3200/5078/8183 3289/5097/8202
f 4201/5098/8203 3337/5099/8204 3331/5100/8205
f 3337/5099/8204 4201/5098/8203 3338/5101/8206
f 3338/5101/8206 4201/5098/8203 3343/5102/8207
f 4201/5098/8203 4198/5103/8208 3343/5102/8207
f 4198/5103/8208 4201/5098/8203 3351/5104/8209
f 3351/5104/8209 4201/5098/8203 3354/5105/8210
f 4201/5098/8203 3360/5106/8211 3354/5105/8210
f 3360/5106/8211 4201/5098/8203 3366/5107/8212
f 4201/5098/8203 3367/5108/8213 3366/5107/8212
f 4201/5098/8203 3372/5109/8214 3367/5108/8213
f 3372/5109/8214 4201/5098/8203 3377/5110/8215
f 4201/5098/8203 4199/5111/8216 3377/5110/8215
f 4199/5111/8216 4201/5098/8203 3385/5112/8217
f 4201/5098/8203 3431/5113/8218 3385/5112/8217
f 3431/5113/8218 4201/5098/8203 3397/5114/8219
f 4201/5098/8203 3402/5115/8220 3397/5114/8219
f 3402/5115/8220 4201/5098/8203 3403/5116/8221
f 3403/5116/8221 4201/5098/8203 4200/5117/8222
f 4201/5098/8203 3411/5118/8223 4200/5117/8222
f 4201/5098/8203 3414/5119/8224 3411/5118/8223
f 3414/5119/8224 4201/5098/8203 3419/5120/8225
f 4201/5098/8203 3331/5100/8205 3419/5120/8225
f 4205/5121/8226 3473/5122/8227 3467/5123/8228
f 3473/5122/8227 4205/5121/8226 3479/5124/8229
f 4205/5121/8226 3480/5125/8230 3479/5124/8229
f 4205/5121/8226 4202/5126/8231 3480/5125/8230
f 4202/5126/8231 4205/5121/8226 3488/5127/8232
f 3488/5127/8232 4205/5121/8226 3491/5128/8233
f 4205/5121/8226 3496/5129/8234 3491/5128/8233
f 3496/5129/8234 4205/5121/8226 3502/5130/8235
f 4205/5121/8226 3503/5131/8236 3502/5130/8235
f 4205/5121/8226 3508/5132/8237 3503/5131/8236
f 3508/5132/8237 4205/5121/8226 3513/5133/8238
f 4205/5121/8226 4203/5134/8239 3513/5133/8238
f 4203/5134/8239 4205/5121/8226 3521/5135/8240
f 4205/5121/8226 3569/5136/8241 3521/5135/8240
f 3569/5136/8241 4205/5121/8226 3533/5137/8242
f 4205/5121/8226 3539/5138/8243 3533/5137/8242
f 3539/5138/8243 4205/5121/8226 3540/5139/8244
f 3540/5139/8244 4205/5121/8226 4204/5140/8245
f 4205/5121/8226 3548/5141/8246 4204/5140/8245
f 4205/5121/8226 3551/5142/8247 3548/5141/8246
f 3551/5142/8247 4205/5121/8226 3556/5143/8248
f 4205/5121/8226 3467/5123/8228 3556/5143/8248
