# Blender v2.77 (sub 0) OBJ File: 'Speaker.obj'
# www.blender.org
mtllib Speaker.mtl
o Circle
v 0.449524 0.197982 0.234077
v 0.391793 0.203668 0.234077
v 0.336280 0.220508 0.234077
v 0.285119 0.247854 0.234077
v 0.240276 0.284656 0.234077
v 0.203474 0.329499 0.234077
v 0.176128 0.380660 0.234077
v 0.159288 0.436173 0.234077
v 0.153602 0.493905 0.234077
v 0.159288 0.551636 0.234077
v 0.176128 0.607149 0.234077
v 0.203474 0.658310 0.234077
v 0.240276 0.703153 0.234077
v 0.285119 0.739955 0.234077
v 0.336280 0.767301 0.234077
v 0.391793 0.784141 0.234077
v 0.449524 0.789827 0.234077
v 0.507256 0.784141 0.234077
v 0.562769 0.767301 0.234077
v 0.613930 0.739955 0.234077
v 0.658773 0.703153 0.234077
v 0.695575 0.658310 0.234077
v 0.722921 0.607149 0.234077
v 0.739761 0.551636 0.234077
v 0.745447 0.493904 0.234077
v 0.739760 0.436173 0.234077
v 0.722921 0.380660 0.234077
v 0.695574 0.329499 0.234077
v 0.658773 0.284656 0.234077
v 0.613930 0.247854 0.234077
v 0.562768 0.220508 0.234077
v 0.507255 0.203668 0.234077
v 0.449524 0.150342 0.234077
v 0.382498 0.156943 0.234077
v 0.318048 0.176494 0.234077
v 0.258651 0.208242 0.234077
v 0.206588 0.250969 0.234077
v 0.163862 0.303031 0.234077
v 0.132113 0.362429 0.234077
v 0.112563 0.426879 0.234077
v 0.105961 0.493905 0.234077
v 0.112563 0.560930 0.234077
v 0.132113 0.625381 0.234077
v 0.163862 0.684778 0.234077
v 0.206588 0.736840 0.234077
v 0.258651 0.779567 0.234077
v 0.318048 0.811316 0.234077
v 0.382498 0.830866 0.234077
v 0.449524 0.837468 0.234077
v 0.516550 0.830866 0.234077
v 0.581000 0.811316 0.234077
v 0.640398 0.779567 0.234077
v 0.692460 0.736840 0.234077
v 0.735187 0.684778 0.234077
v 0.766935 0.625380 0.234077
v 0.786486 0.560930 0.234077
v 0.793087 0.493904 0.234077
v 0.786486 0.426878 0.234077
v 0.766935 0.362428 0.234077
v 0.735186 0.303031 0.234077
v 0.692460 0.250969 0.234077
v 0.640397 0.208242 0.234077
v 0.581000 0.176494 0.234077
v 0.516550 0.156943 0.234077
v 0.449524 0.165968 0.042756
v 0.385547 0.172269 0.042756
v 0.324028 0.190931 0.042756
v 0.267332 0.221235 0.042756
v 0.217638 0.262018 0.042756
v 0.176855 0.311713 0.042756
v 0.146550 0.368409 0.042756
v 0.127889 0.429927 0.042756
v 0.121588 0.493905 0.042756
v 0.127889 0.557882 0.042756
v 0.146550 0.619401 0.042756
v 0.176855 0.676096 0.042756
v 0.217638 0.725791 0.042756
v 0.267332 0.766574 0.042756
v 0.324028 0.796879 0.042756
v 0.385547 0.815540 0.042756
v 0.449524 0.821841 0.042756
v 0.513502 0.815540 0.042756
v 0.575020 0.796879 0.042756
v 0.631716 0.766574 0.042756
v 0.681411 0.725791 0.042756
v 0.722194 0.676096 0.042756
v 0.752498 0.619400 0.042756
v 0.771160 0.557882 0.042756
v 0.777461 0.493904 0.042756
v 0.771160 0.429927 0.042756
v 0.752498 0.368408 0.042756
v 0.722193 0.311713 0.042756
v 0.681410 0.262018 0.042756
v 0.631716 0.221235 0.042756
v 0.575020 0.190931 0.042756
v 0.513501 0.172269 0.042756
v 0.449524 0.150342 0.042756
v 0.382498 0.156943 0.042756
v 0.318048 0.176494 0.042756
v 0.258651 0.208242 0.042756
v 0.206588 0.250969 0.042756
v 0.163862 0.303031 0.042756
v 0.132113 0.362429 0.042756
v 0.112563 0.426879 0.042756
v 0.105961 0.493905 0.042756
v 0.112563 0.560930 0.042756
v 0.132113 0.625381 0.042756
v 0.163862 0.684778 0.042756
v 0.206588 0.736840 0.042756
v 0.258651 0.779567 0.042756
v 0.318048 0.811316 0.042756
v 0.382498 0.830866 0.042756
v 0.449524 0.837468 0.042756
v 0.516550 0.830866 0.042756
v 0.581000 0.811316 0.042756
v 0.640398 0.779567 0.042756
v 0.692460 0.736840 0.042756
v 0.735187 0.684778 0.042756
v 0.766935 0.625380 0.042756
v 0.786486 0.560930 0.042756
v 0.793087 0.493904 0.042756
v 0.786486 0.426878 0.042756
v 0.766935 0.362428 0.042756
v 0.735186 0.303031 0.042756
v 0.692460 0.250969 0.042756
v 0.640397 0.208242 0.042756
v 0.581000 0.176494 0.042756
v 0.516550 0.156943 0.042756
v 0.449524 0.197982 0.667628
v 0.507256 0.203668 0.667628
v 0.562769 0.220508 0.667628
v 0.613930 0.247854 0.667628
v 0.658773 0.284656 0.667628
v 0.695575 0.329499 0.667628
v 0.722921 0.380660 0.667628
v 0.739760 0.436173 0.667628
v 0.745446 0.493905 0.667628
v 0.739760 0.551636 0.667628
v 0.722921 0.607149 0.667628
v 0.695575 0.658310 0.667628
v 0.658773 0.703153 0.667628
v 0.613930 0.739955 0.667628
v 0.562769 0.767301 0.667628
v 0.507256 0.784141 0.667628
v 0.449524 0.789827 0.667628
v 0.391793 0.784141 0.667628
v 0.336280 0.767301 0.667628
v 0.285118 0.739955 0.667628
v 0.240275 0.703153 0.667628
v 0.203474 0.658310 0.667628
v 0.176128 0.607149 0.667628
v 0.159288 0.551636 0.667628
v 0.153602 0.493904 0.667628
v 0.159288 0.436173 0.667628
v 0.176128 0.380660 0.667628
v 0.203474 0.329499 0.667628
v 0.240276 0.284656 0.667628
v 0.285119 0.247854 0.667628
v 0.336280 0.220508 0.667628
v 0.391793 0.203668 0.667628
v 0.449524 0.150342 0.667628
v 0.516550 0.156943 0.667628
v 0.581000 0.176494 0.667628
v 0.640398 0.208242 0.667628
v 0.692460 0.250969 0.667628
v 0.735187 0.303031 0.667628
v 0.766935 0.362429 0.667628
v 0.786486 0.426879 0.667628
v 0.793087 0.493905 0.667628
v 0.786486 0.560930 0.667628
v 0.766935 0.625381 0.667628
v 0.735187 0.684778 0.667628
v 0.692460 0.736840 0.667628
v 0.640398 0.779567 0.667628
v 0.581000 0.811316 0.667628
v 0.516550 0.830866 0.667628
v 0.449524 0.837468 0.667628
v 0.382498 0.830866 0.667628
v 0.318048 0.811316 0.667628
v 0.258651 0.779567 0.667628
v 0.206588 0.736840 0.667628
v 0.163862 0.684778 0.667628
v 0.132113 0.625380 0.667628
v 0.112563 0.560930 0.667628
v 0.105961 0.493904 0.667628
v 0.112563 0.426878 0.667628
v 0.132113 0.362428 0.667628
v 0.163862 0.303031 0.667628
v 0.206589 0.250969 0.667628
v 0.258651 0.208242 0.667628
v 0.318049 0.176494 0.667628
v 0.382499 0.156943 0.667628
v 0.449524 0.165968 0.858950
v 0.513501 0.172269 0.858950
v 0.575020 0.190931 0.858950
v 0.631716 0.221235 0.858950
v 0.681410 0.262019 0.858950
v 0.722193 0.311713 0.858950
v 0.752498 0.368409 0.858950
v 0.771160 0.429927 0.858950
v 0.777461 0.493905 0.858950
v 0.771160 0.557882 0.858950
v 0.752498 0.619401 0.858950
v 0.722193 0.676096 0.858950
v 0.681410 0.725791 0.858950
v 0.631716 0.766574 0.858950
v 0.575020 0.796879 0.858950
v 0.513501 0.815540 0.858950
v 0.449524 0.821841 0.858950
v 0.385547 0.815540 0.858950
v 0.324028 0.796879 0.858950
v 0.267332 0.766574 0.858950
v 0.217638 0.725791 0.858950
v 0.176855 0.676096 0.858950
v 0.146550 0.619400 0.858950
v 0.127889 0.557882 0.858950
v 0.121588 0.493904 0.858950
v 0.127889 0.429927 0.858950
v 0.146550 0.368408 0.858950
v 0.176855 0.311713 0.858950
v 0.217638 0.262018 0.858950
v 0.267333 0.221235 0.858950
v 0.324029 0.190931 0.858950
v 0.385547 0.172269 0.858950
v 0.449524 0.150342 0.858950
v 0.516550 0.156943 0.858950
v 0.581000 0.176494 0.858950
v 0.640398 0.208242 0.858950
v 0.692460 0.250969 0.858950
v 0.735186 0.303031 0.858950
v 0.766935 0.362429 0.858950
v 0.786486 0.426879 0.858950
v 0.793087 0.493905 0.858950
v 0.786486 0.560930 0.858950
v 0.766935 0.625381 0.858950
v 0.735186 0.684778 0.858950
v 0.692460 0.736840 0.858950
v 0.640398 0.779567 0.858950
v 0.581000 0.811316 0.858950
v 0.516550 0.830866 0.858950
v 0.449524 0.837468 0.858950
v 0.382498 0.830866 0.858950
v 0.318048 0.811316 0.858950
v 0.258651 0.779567 0.858950
v 0.206588 0.736840 0.858950
v 0.163862 0.684778 0.858950
v 0.132113 0.625380 0.858950
v 0.112563 0.560930 0.858950
v 0.105961 0.493904 0.858950
v 0.112563 0.426878 0.858950
v 0.132113 0.362428 0.858950
v 0.163862 0.303031 0.858950
v 0.206589 0.250969 0.858950
v 0.258651 0.208242 0.858950
v 0.318049 0.176494 0.858950
v 0.382499 0.156943 0.858950
v 0.232749 0.197982 0.450853
v 0.232749 0.203668 0.508584
v 0.232749 0.220508 0.564097
v 0.232749 0.247854 0.615258
v 0.232749 0.284656 0.660101
v 0.232749 0.329499 0.696903
v 0.232749 0.380660 0.724249
v 0.232749 0.436173 0.741089
v 0.232749 0.493905 0.746775
v 0.232749 0.551636 0.741089
v 0.232749 0.607149 0.724249
v 0.232749 0.658310 0.696903
v 0.232749 0.703153 0.660101
v 0.232749 0.739955 0.615258
v 0.232749 0.767301 0.564097
v 0.232749 0.784141 0.508584
v 0.232749 0.789827 0.450853
v 0.232749 0.784141 0.393121
v 0.232749 0.767301 0.337608
v 0.232749 0.739955 0.286447
v 0.232749 0.703153 0.241604
v 0.232749 0.658310 0.204802
v 0.232749 0.607149 0.177456
v 0.232749 0.551636 0.160616
v 0.232749 0.493904 0.154930
v 0.232749 0.436173 0.160616
v 0.232749 0.380660 0.177456
v 0.232749 0.329499 0.204802
v 0.232749 0.284656 0.241604
v 0.232749 0.247854 0.286447
v 0.232749 0.220508 0.337608
v 0.232749 0.203668 0.393122
v 0.232749 0.150342 0.450853
v 0.232749 0.156943 0.517878
v 0.232749 0.176494 0.582329
v 0.232749 0.208242 0.641726
v 0.232749 0.250969 0.693788
v 0.232749 0.303031 0.736515
v 0.232749 0.362429 0.768264
v 0.232749 0.426879 0.787814
v 0.232749 0.493905 0.794416
v 0.232749 0.560930 0.787814
v 0.232749 0.625381 0.768264
v 0.232749 0.684778 0.736515
v 0.232749 0.736840 0.693788
v 0.232749 0.779567 0.641726
v 0.232749 0.811316 0.582328
v 0.232749 0.830866 0.517878
v 0.232749 0.837468 0.450852
v 0.232749 0.830866 0.383827
v 0.232749 0.811316 0.319377
v 0.232749 0.779567 0.259979
v 0.232749 0.736840 0.207917
v 0.232749 0.684778 0.165190
v 0.232749 0.625380 0.133442
v 0.232749 0.560930 0.113891
v 0.232749 0.493904 0.107289
v 0.232749 0.426878 0.113891
v 0.232749 0.362428 0.133442
v 0.232749 0.303031 0.165191
v 0.232749 0.250969 0.207917
v 0.232749 0.208242 0.259980
v 0.232749 0.176494 0.319377
v 0.232749 0.156943 0.383827
v 0.041427 0.165968 0.450853
v 0.041427 0.172269 0.514830
v 0.041427 0.190931 0.576349
v 0.041427 0.221235 0.633044
v 0.041427 0.262019 0.682739
v 0.041427 0.311713 0.723522
v 0.041427 0.368409 0.753827
v 0.041427 0.429927 0.772488
v 0.041427 0.493905 0.778789
v 0.041427 0.557882 0.772488
v 0.041427 0.619401 0.753827
v 0.041427 0.676096 0.723522
v 0.041427 0.725791 0.682739
v 0.041427 0.766574 0.633044
v 0.041427 0.796879 0.576348
v 0.041427 0.815540 0.514830
v 0.041427 0.821841 0.450852
v 0.041427 0.815540 0.386875
v 0.041427 0.796879 0.325357
v 0.041427 0.766574 0.268661
v 0.041427 0.725791 0.218966
v 0.041427 0.676096 0.178183
v 0.041427 0.619400 0.147879
v 0.041427 0.557882 0.129217
v 0.041427 0.493904 0.122916
v 0.041427 0.429927 0.129217
v 0.041427 0.368408 0.147879
v 0.041427 0.311713 0.178183
v 0.041427 0.262018 0.218967
v 0.041427 0.221235 0.268661
v 0.041427 0.190931 0.325357
v 0.041427 0.172269 0.386876
v 0.041427 0.150342 0.450853
v 0.041427 0.156943 0.517878
v 0.041427 0.176494 0.582329
v 0.041427 0.208242 0.641726
v 0.041427 0.250969 0.693788
v 0.041427 0.303031 0.736515
v 0.041427 0.362429 0.768264
v 0.041427 0.426879 0.787814
v 0.041427 0.493905 0.794416
v 0.041427 0.560930 0.787814
v 0.041427 0.625381 0.768264
v 0.041427 0.684778 0.736515
v 0.041427 0.736840 0.693788
v 0.041427 0.779567 0.641726
v 0.041427 0.811316 0.582328
v 0.041427 0.830866 0.517878
v 0.041427 0.837468 0.450852
v 0.041427 0.830866 0.383827
v 0.041427 0.811316 0.319377
v 0.041427 0.779567 0.259979
v 0.041427 0.736840 0.207917
v 0.041427 0.684778 0.165190
v 0.041427 0.625380 0.133442
v 0.041427 0.560930 0.113891
v 0.041427 0.493904 0.107289
v 0.041427 0.426879 0.113891
v 0.041427 0.362428 0.133442
v 0.041427 0.303031 0.165191
v 0.041427 0.250969 0.207917
v 0.041427 0.208242 0.259980
v 0.041427 0.176494 0.319377
v 0.041427 0.156943 0.383827
v 0.666300 0.197982 0.450853
v 0.666300 0.203668 0.393121
v 0.666300 0.220508 0.337608
v 0.666300 0.247854 0.286447
v 0.666300 0.284656 0.241604
v 0.666300 0.329499 0.204802
v 0.666300 0.380660 0.177456
v 0.666300 0.436173 0.160616
v 0.666300 0.493905 0.154930
v 0.666300 0.551636 0.160616
v 0.666300 0.607149 0.177456
v 0.666300 0.658310 0.204802
v 0.666300 0.703153 0.241604
v 0.666300 0.739955 0.286447
v 0.666300 0.767301 0.337608
v 0.666300 0.784141 0.393121
v 0.666300 0.789827 0.450853
v 0.666300 0.784141 0.508584
v 0.666300 0.767301 0.564097
v 0.666300 0.739955 0.615258
v 0.666300 0.703153 0.660102
v 0.666300 0.658310 0.696903
v 0.666300 0.607149 0.724249
v 0.666300 0.551636 0.741089
v 0.666300 0.493904 0.746775
v 0.666300 0.436173 0.741089
v 0.666300 0.380660 0.724249
v 0.666300 0.329499 0.696903
v 0.666300 0.284656 0.660101
v 0.666300 0.247854 0.615258
v 0.666300 0.220508 0.564097
v 0.666300 0.203668 0.508584
v 0.666300 0.150342 0.450853
v 0.666300 0.156943 0.383827
v 0.666300 0.176494 0.319377
v 0.666300 0.208242 0.259979
v 0.666300 0.250969 0.207917
v 0.666300 0.303031 0.165190
v 0.666300 0.362429 0.133442
v 0.666300 0.426879 0.113891
v 0.666300 0.493905 0.107290
v 0.666300 0.560930 0.113891
v 0.666300 0.625381 0.133442
v 0.666300 0.684778 0.165190
v 0.666300 0.736840 0.207917
v 0.666300 0.779567 0.259979
v 0.666300 0.811316 0.319377
v 0.666300 0.830866 0.383827
v 0.666300 0.837468 0.450853
v 0.666300 0.830866 0.517879
v 0.666300 0.811316 0.582329
v 0.666300 0.779567 0.641726
v 0.666300 0.736840 0.693789
v 0.666300 0.684778 0.736515
v 0.666300 0.625380 0.768264
v 0.666300 0.560930 0.787814
v 0.666300 0.493904 0.794416
v 0.666300 0.426878 0.787814
v 0.666300 0.362428 0.768263
v 0.666300 0.303031 0.736515
v 0.666300 0.250969 0.693788
v 0.666300 0.208242 0.641726
v 0.666300 0.176494 0.582328
v 0.666300 0.156943 0.517878
v 0.857621 0.165968 0.450853
v 0.857621 0.172269 0.386875
v 0.857621 0.190931 0.325357
v 0.857621 0.221235 0.268661
v 0.857621 0.262019 0.218966
v 0.857621 0.311713 0.178183
v 0.857621 0.368409 0.147879
v 0.857621 0.429927 0.129217
v 0.857621 0.493905 0.122916
v 0.857621 0.557882 0.129217
v 0.857621 0.619401 0.147879
v 0.857621 0.676096 0.178183
v 0.857621 0.725791 0.218966
v 0.857621 0.766574 0.268661
v 0.857621 0.796879 0.325357
v 0.857621 0.815540 0.386876
v 0.857621 0.821841 0.450853
v 0.857621 0.815540 0.514830
v 0.857621 0.796879 0.576349
v 0.857621 0.766574 0.633045
v 0.857621 0.725791 0.682739
v 0.857621 0.676096 0.723522
v 0.857621 0.619400 0.753827
v 0.857621 0.557882 0.772488
v 0.857621 0.493904 0.778789
v 0.857621 0.429927 0.772488
v 0.857621 0.368408 0.753826
v 0.857621 0.311713 0.723522
v 0.857621 0.262018 0.682739
v 0.857621 0.221235 0.633044
v 0.857621 0.190931 0.576348
v 0.857621 0.172269 0.514829
v 0.857621 0.150342 0.450853
v 0.857621 0.156943 0.383827
v 0.857621 0.176494 0.319377
v 0.857621 0.208242 0.259979
v 0.857621 0.250969 0.207917
v 0.857621 0.303031 0.165190
v 0.857621 0.362429 0.133442
v 0.857621 0.426879 0.113891
v 0.857621 0.493905 0.107290
v 0.857621 0.560930 0.113891
v 0.857621 0.625381 0.133442
v 0.857621 0.684778 0.165190
v 0.857621 0.736840 0.207917
v 0.857621 0.779567 0.259979
v 0.857621 0.811316 0.319377
v 0.857621 0.830866 0.383827
v 0.857621 0.837468 0.450853
v 0.857621 0.830866 0.517879
v 0.857621 0.811316 0.582329
v 0.857621 0.779567 0.641726
v 0.857621 0.736840 0.693789
v 0.857621 0.684778 0.736515
v 0.857621 0.625380 0.768264
v 0.857621 0.560930 0.787814
v 0.857621 0.493904 0.794416
v 0.857621 0.426879 0.787814
v 0.857621 0.362428 0.768263
v 0.857621 0.303031 0.736515
v 0.857621 0.250969 0.693788
v 0.857621 0.208242 0.641726
v 0.857621 0.176494 0.582328
v 0.857621 0.156943 0.517878
v 0.136045 0.900001 0.118617
v 0.158415 0.900109 0.109681
v 0.109769 0.900000 0.109769
v 0.109503 0.900152 0.160710
v 0.113319 0.900000 0.146621
v 0.121145 0.900003 0.132477
v 0.684769 0.900000 0.701089
v 0.606178 0.900000 0.416061
v 0.609625 0.900000 0.442979
v 0.109769 0.900000 0.789769
v 0.114769 0.900000 0.768450
v 0.114769 0.900000 0.701089
v 0.789769 0.900000 0.789769
v 0.789633 0.899925 0.181503
v 0.784769 0.900000 0.701089
v 0.608473 0.900000 0.470092
v 0.602756 0.900000 0.496621
v 0.592637 0.900000 0.521802
v 0.578409 0.900000 0.544911
v 0.560479 0.900000 0.565282
v 0.684769 0.900000 0.768450
v 0.539365 0.900000 0.582331
v 0.515673 0.900000 0.595566
v 0.784769 0.900000 0.768450
v 0.214769 0.900000 0.768450
v 0.700397 0.900002 0.221092
v 0.684767 0.900002 0.208076
v 0.194529 0.900002 0.114475
v 0.211294 0.899999 0.126169
v 0.719479 0.900000 0.228161
v 0.490086 0.900000 0.604607
v 0.463338 0.900000 0.609193
v 0.436200 0.900000 0.609193
v 0.409453 0.900000 0.604607
v 0.682699 0.900001 0.132470
v 0.697600 0.900005 0.118619
v 0.178618 0.900000 0.109769
v 0.676971 0.900000 0.196004
v 0.671519 0.900002 0.180783
v 0.719936 0.900119 0.109702
v 0.130480 0.900003 0.215248
v 0.117269 0.900002 0.199778
v 0.109890 0.899934 0.180931
v 0.670600 0.900000 0.166446
v 0.673266 0.900003 0.150497
v 0.784122 0.900000 0.196004
v 0.775127 0.900001 0.209442
v 0.764145 0.900000 0.218703
v 0.749733 0.900001 0.226044
v 0.220084 0.900000 0.137534
v 0.226807 0.900003 0.152241
v 0.214769 0.900000 0.701089
v 0.168082 0.900001 0.229180
v 0.148079 0.900002 0.225437
v 0.228938 0.900000 0.166446
v 0.227636 0.900002 0.182558
v 0.222568 0.900000 0.196004
v 0.213579 0.899998 0.209438
v 0.321130 0.900000 0.544911
v 0.306901 0.900000 0.521802
v 0.383865 0.900000 0.595566
v 0.360173 0.900000 0.582331
v 0.339059 0.900000 0.565282
v 0.735635 0.900000 0.228776
v 0.598231 0.900000 0.390112
v 0.296783 0.900000 0.496621
v 0.291065 0.900000 0.470092
v 0.289913 0.900000 0.442979
v 0.293360 0.900000 0.416061
v 0.301307 0.900000 0.390112
v 0.313525 0.900000 0.365880
v 0.329662 0.900000 0.344061
v 0.349254 0.900000 0.325284
v 0.371738 0.900000 0.310087
v 0.396467 0.900000 0.298909
v 0.476809 0.900000 0.292071
v 0.449769 0.900000 0.289769
v 0.422729 0.900000 0.292071
v 0.503072 0.900000 0.298909
v 0.527800 0.900000 0.310087
v 0.550284 0.900000 0.325284
v 0.202591 0.900000 0.218703
v 0.188183 0.900002 0.226043
v 0.569877 0.900000 0.344061
v 0.586014 0.900000 0.365880
v 0.437048 0.910000 0.599229
v 0.441571 0.925000 0.599745
v 0.411973 0.925000 0.594929
v 0.411973 0.910000 0.594929
v 0.387984 0.925000 0.586454
v 0.387984 0.910000 0.586454
v 0.365773 0.925000 0.574046
v 0.365773 0.910000 0.574046
v 0.345978 0.925000 0.558063
v 0.345978 0.910000 0.558063
v 0.329170 0.925000 0.538964
v 0.329170 0.910000 0.538964
v 0.315830 0.925000 0.517300
v 0.315830 0.910000 0.517300
v 0.306344 0.925000 0.493693
v 0.306344 0.910000 0.493693
v 0.300984 0.925000 0.468822
v 0.300984 0.910000 0.468822
v 0.299904 0.925000 0.443403
v 0.299904 0.910000 0.443403
v 0.303136 0.925000 0.418167
v 0.303136 0.910000 0.418167
v 0.310586 0.925000 0.393841
v 0.310586 0.910000 0.393841
v 0.322040 0.925000 0.371123
v 0.322040 0.910000 0.371123
v 0.337168 0.925000 0.350668
v 0.337168 0.910000 0.350668
v 0.355536 0.925000 0.333064
v 0.355536 0.910000 0.333064
v 0.376615 0.925000 0.318817
v 0.376615 0.910000 0.318817
v 0.399798 0.925000 0.308338
v 0.399798 0.910000 0.308338
v 0.424419 0.925000 0.301927
v 0.424419 0.910000 0.301927
v 0.449769 0.925000 0.299769
v 0.449769 0.910000 0.299769
v 0.475119 0.925000 0.301927
v 0.475119 0.910000 0.301927
v 0.499740 0.925000 0.308338
v 0.499740 0.910000 0.308338
v 0.522923 0.925000 0.318817
v 0.522923 0.910000 0.318817
v 0.544002 0.925000 0.333064
v 0.544002 0.910000 0.333064
v 0.562370 0.925000 0.350668
v 0.562370 0.910000 0.350668
v 0.577499 0.925000 0.371123
v 0.577499 0.910000 0.371123
v 0.588953 0.925000 0.393841
v 0.588953 0.910000 0.393841
v 0.596403 0.925000 0.418167
v 0.596403 0.910000 0.418167
v 0.599634 0.925000 0.443403
v 0.599634 0.910000 0.443403
v 0.598554 0.925000 0.468822
v 0.598554 0.910000 0.468822
v 0.593194 0.925000 0.493693
v 0.593194 0.910000 0.493693
v 0.583708 0.925000 0.517300
v 0.583708 0.910000 0.517300
v 0.570369 0.925000 0.538964
v 0.570369 0.910000 0.538964
v 0.553560 0.925000 0.558063
v 0.553560 0.910000 0.558063
v 0.533765 0.925000 0.574046
v 0.533765 0.910000 0.574046
v 0.511554 0.925000 0.586454
v 0.511554 0.910000 0.586454
v 0.487566 0.925000 0.594929
v 0.487566 0.910000 0.594929
v 0.462490 0.925000 0.599229
v 0.462490 0.910000 0.599229
v 0.849988 0.585327 0.129448
v 0.849769 0.515853 0.116984
v 0.849802 0.841498 0.108119
v 0.849805 0.158340 0.108257
v 0.850042 0.454449 0.121517
v 0.850046 0.388573 0.137478
v 0.849940 0.520771 0.781233
v 0.849761 0.638855 0.755058
v 0.849806 0.841664 0.791180
v 0.849802 0.158500 0.791417
v 0.849897 0.452812 0.777965
v 0.850249 0.786926 0.613312
v 0.849897 0.760632 0.654733
v 0.849988 0.173159 0.505173
v 0.850378 0.180666 0.531326
v 0.849989 0.201996 0.594971
v 0.849897 0.717132 0.700354
v 0.850218 0.808258 0.569183
v 0.850139 0.821903 0.524323
v 0.850042 0.639130 0.149010
v 0.850378 0.216553 0.617920
v 0.850070 0.241959 0.657791
v 0.849833 0.307177 0.720485
v 0.849776 0.373291 0.758827
v 0.849988 0.313843 0.175491
v 0.850046 0.203842 0.300644
v 0.849989 0.175991 0.379746
v 0.850208 0.800140 0.312073
v 0.850224 0.783691 0.281372
v 0.850024 0.282797 0.199219
v 0.850041 0.240509 0.243591
v 0.850013 0.168526 0.448201
v 0.850013 0.831472 0.451338
v 0.849833 0.826368 0.386906
v 0.850184 0.748840 0.232453
v 0.850212 0.727478 0.210297
v 0.850242 0.811478 0.339966
v 0.849769 0.693254 0.178383
v 0.129457 0.585400 0.049550
v 0.116984 0.515853 0.049769
v 0.107188 0.842371 0.049675
v 0.107388 0.157410 0.049671
v 0.121519 0.454465 0.049496
v 0.137475 0.388586 0.049493
v 0.780864 0.519056 0.049515
v 0.765403 0.601322 0.049550
v 0.791285 0.841664 0.049733
v 0.792247 0.157643 0.049680
v 0.772721 0.424878 0.049492
v 0.598919 0.796135 0.049494
v 0.655913 0.759467 0.049498
v 0.505146 0.173157 0.049550
v 0.563222 0.188835 0.049519
v 0.601780 0.205304 0.049515
v 0.737581 0.664278 0.049495
v 0.705136 0.711394 0.049550
v 0.519819 0.824014 0.049550
v 0.149009 0.639159 0.049496
v 0.657195 0.241319 0.049492
v 0.715396 0.301668 0.049550
v 0.750524 0.360836 0.049496
v 0.175467 0.313844 0.049551
v 0.353345 0.817245 0.049493
v 0.294415 0.792803 0.049466
v 0.199218 0.282798 0.049515
v 0.243629 0.240525 0.049496
v 0.349221 0.184116 0.049550
v 0.387089 0.174387 0.049515
v 0.448196 0.168530 0.049525
v 0.481215 0.830096 0.049515
v 0.418100 0.831655 0.049769
v 0.226479 0.745015 0.049550
v 0.296453 0.206206 0.049496
v 0.180778 0.693559 0.049496
v 0.049515 0.168373 0.446491
v 0.049550 0.179902 0.363579
v 0.049675 0.157629 0.107188
v 0.049734 0.841510 0.791428
v 0.049492 0.575111 0.772720
v 0.049769 0.484147 0.782555
v 0.049672 0.157412 0.792146
v 0.049562 0.402401 0.767625
v 0.049486 0.547148 0.121847
v 0.049549 0.601330 0.134136
v 0.049677 0.842487 0.107402
v 0.049496 0.420275 0.128109
v 0.049536 0.484224 0.118561
v 0.049495 0.793798 0.296456
v 0.049549 0.755886 0.239025
v 0.049515 0.192189 0.326460
v 0.049496 0.220329 0.271992
v 0.049515 0.637816 0.148175
v 0.049492 0.694876 0.181508
v 0.049549 0.815887 0.349213
v 0.049467 0.662346 0.738758
v 0.049549 0.254978 0.226486
v 0.049496 0.306442 0.180780
v 0.049496 0.360840 0.149012
v 0.049308 0.346199 0.741617
v 0.049548 0.288616 0.705126
v 0.049515 0.192133 0.572940
v 0.049496 0.174910 0.514100
v 0.049496 0.240528 0.655912
v 0.049769 0.831654 0.418100
v 0.049496 0.830046 0.479631
v 0.049549 0.797996 0.594994
v 0.049515 0.778912 0.629104
v 0.049493 0.740967 0.677239
v 0.049549 0.208852 0.608281
v 0.049497 0.818432 0.541554
v 0.049550 0.698357 0.715401
v 0.430137 0.171009 0.850378
v 0.363499 0.179897 0.849989
v 0.107293 0.157645 0.849858
v 0.771994 0.578170 0.849897
v 0.778489 0.530846 0.850236
v 0.791401 0.841485 0.849799
v 0.779707 0.496607 0.850200
v 0.791277 0.158344 0.849804
v 0.773287 0.427170 0.849981
v 0.756009 0.375969 0.850192
v 0.121519 0.545530 0.850043
v 0.134152 0.601360 0.849987
v 0.108261 0.841653 0.849804
v 0.129456 0.414648 0.849987
v 0.116984 0.484147 0.849769
v 0.249070 0.763925 0.850047
v 0.215693 0.734707 0.849988
v 0.326459 0.192189 0.850024
v 0.271995 0.220306 0.850046
v 0.148174 0.637816 0.850024
v 0.178872 0.690868 0.850042
v 0.312545 0.800507 0.850162
v 0.355906 0.819668 0.849769
v 0.736917 0.665785 0.849897
v 0.757056 0.620972 0.850242
v 0.226463 0.255063 0.850000
v 0.178383 0.306746 0.849769
v 0.149012 0.360889 0.850043
v 0.741240 0.344341 0.850127
v 0.700930 0.282317 0.849833
v 0.574505 0.192936 0.850040
v 0.514102 0.174916 0.850041
v 0.578780 0.804241 0.850223
v 0.616449 0.785054 0.850220
v 0.666108 0.250357 0.850150
v 0.636430 0.225942 0.849978
v 0.456875 0.168472 0.849960
v 0.402831 0.827001 0.850159
v 0.437429 0.829734 0.850196
v 0.507069 0.826612 0.849982
v 0.650362 0.762963 0.850120
v 0.702067 0.713733 0.850233
v 0.000675 0.859032 0.811035
v 0.000393 0.151133 0.812343
v 0.005458 0.859780 0.831932
v 0.005456 0.140092 0.831887
v 0.011921 0.859033 0.846911
v 0.011912 0.140781 0.846859
v 0.020712 0.858074 0.860611
v 0.020691 0.141680 0.860561
v 0.031590 0.856933 0.872677
v 0.031563 0.142835 0.872635
v 0.044262 0.855579 0.882816
v 0.044231 0.144164 0.882776
v 0.059261 0.860515 0.890848
v 0.058628 0.141593 0.890633
v 0.073414 0.854389 0.896179
v 0.073410 0.145173 0.896153
v 0.088670 0.859865 0.898735
v 0.088838 0.141507 0.898835
v 0.028808 0.080347 0.811752
v 0.040990 0.069098 0.799764
v 0.041771 0.070172 0.816010
v 0.054369 0.060900 0.799770
v 0.054973 0.062082 0.816010
v 0.068867 0.054894 0.799769
v 0.069278 0.056157 0.816010
v 0.084126 0.051231 0.799769
v 0.088237 0.051631 0.814899
v 0.093578 0.049914 0.805800
v 0.001148 0.137839 0.812101
v 0.070498 0.059912 0.831820
v 0.089996 0.055690 0.831933
v 0.072495 0.066059 0.846779
v 0.090733 0.062153 0.846910
v 0.075216 0.074434 0.860490
v 0.091726 0.070944 0.860626
v 0.073608 0.086523 0.872698
v 0.092827 0.081817 0.872681
v 0.078630 0.098295 0.882826
v 0.094246 0.094486 0.882805
v 0.089716 0.109123 0.890760
v 0.056765 0.065600 0.831820
v 0.059699 0.071359 0.846779
v 0.058403 0.082064 0.860687
v 0.081726 0.131176 0.896523
v 0.095023 0.123909 0.896220
v 0.099421 0.140070 0.899236
v 0.044092 0.073366 0.831820
v 0.047891 0.078595 0.846779
v 0.059484 0.094552 0.872588
v 0.063480 0.107355 0.882746
v 0.068138 0.122537 0.890863
v 0.032789 0.083020 0.831820
v 0.037359 0.087590 0.846779
v 0.039356 0.098154 0.860643
v 0.047689 0.105285 0.872671
v 0.050041 0.124352 0.882936
v 0.028364 0.098121 0.846779
v 0.023136 0.094322 0.831820
v 0.018785 0.092307 0.811750
v 0.010756 0.105687 0.811747
v 0.015369 0.106996 0.831820
v 0.021128 0.109930 0.846779
v 0.026337 0.119391 0.860685
v 0.036449 0.123512 0.872679
v 0.004294 0.120639 0.799769
v 0.005926 0.119509 0.816010
v 0.009681 0.120729 0.831820
v 0.015828 0.122726 0.846779
v 0.000414 0.137848 0.800621
v 0.019585 0.908634 0.812261
v 0.010670 0.895394 0.799761
v 0.011852 0.894796 0.816010
v 0.004663 0.880901 0.799777
v 0.005926 0.880491 0.816010
v 0.091575 0.949131 0.808053
v 0.088357 0.949106 0.810053
v 0.101092 0.949343 0.812553
v 0.001468 0.864752 0.812289
v 0.089869 0.944310 0.831890
v 0.009681 0.879271 0.831820
v 0.015828 0.877274 0.846779
v 0.026180 0.880207 0.860691
v 0.034586 0.871179 0.872588
v 0.048065 0.871235 0.882855
v 0.015369 0.893004 0.831820
v 0.021128 0.890070 0.846779
v 0.041233 0.885704 0.872746
v 0.079426 0.866236 0.896442
v 0.023136 0.905678 0.831820
v 0.028364 0.901879 0.846779
v 0.035489 0.896702 0.860490
v 0.057308 0.886207 0.882897
v 0.072268 0.881615 0.890888
v 0.054739 0.902061 0.872643
v 0.047941 0.910370 0.860699
v 0.037359 0.912410 0.846779
v 0.032789 0.916980 0.831820
v 0.030139 0.920974 0.811864
v 0.090496 0.875225 0.896237
v 0.074074 0.899696 0.882946
v 0.047891 0.921405 0.846779
v 0.044092 0.926634 0.831820
v 0.042073 0.930983 0.811736
v 0.055424 0.939537 0.799769
v 0.054973 0.937918 0.816010
v 0.056765 0.934400 0.831820
v 0.059699 0.928641 0.846779
v 0.069138 0.923412 0.860687
v 0.073300 0.913315 0.872704
v 0.070533 0.945505 0.799769
v 0.069278 0.943843 0.816010
v 0.070498 0.940088 0.831820
v 0.072495 0.933941 0.846779
v 0.091649 0.890972 0.890751
v 0.090542 0.937858 0.846871
v 0.091502 0.929081 0.860565
v 0.092478 0.918213 0.872627
v 0.093846 0.905525 0.882778
v 0.000385 0.137745 0.100662
v 0.004664 0.119097 0.099769
v 0.011598 0.104034 0.087788
v 0.019876 0.090805 0.087791
v 0.030117 0.079037 0.087780
v 0.042017 0.068469 0.099769
v 0.055455 0.060987 0.087789
v 0.068869 0.054894 0.099771
v 0.086323 0.051361 0.088414
v 0.093374 0.049993 0.093526
v 0.799969 0.138888 0.899150
v 0.806752 0.124260 0.896235
v 0.810241 0.108993 0.890669
v 0.806408 0.094620 0.882832
v 0.806581 0.081734 0.872604
v 0.808100 0.070915 0.860552
v 0.809007 0.062142 0.846865
v 0.810843 0.055887 0.832132
v 0.799769 0.052525 0.820806
v 0.805580 0.049845 0.805807
v 0.809787 0.859875 0.898752
v 0.810415 0.138964 0.898642
v 0.824871 0.859181 0.896295
v 0.825764 0.145424 0.896260
v 0.841042 0.854954 0.890753
v 0.840275 0.139398 0.890829
v 0.855133 0.860039 0.882694
v 0.855286 0.144478 0.882801
v 0.867973 0.857212 0.872650
v 0.867950 0.143082 0.872681
v 0.878838 0.858369 0.860565
v 0.878826 0.141929 0.860611
v 0.887630 0.859226 0.846863
v 0.887615 0.140983 0.846924
v 0.894081 0.859920 0.831890
v 0.894077 0.140245 0.831932
v 0.898034 0.861625 0.815262
v 0.898699 0.139416 0.812446
v 0.898887 0.860981 0.808662
v 0.801550 0.860063 0.899182
v 0.805427 0.875522 0.896404
v 0.810310 0.890491 0.890833
v 0.805298 0.905510 0.882805
v 0.806755 0.918182 0.872681
v 0.807865 0.929047 0.860596
v 0.808735 0.937851 0.846893
v 0.809519 0.944311 0.831925
v 0.811253 0.948459 0.814495
v 0.811234 0.949091 0.808424
v 0.087517 0.949384 0.100662
v 0.068864 0.945104 0.099787
v 0.054379 0.939110 0.099722
v 0.040566 0.929890 0.087799
v 0.028689 0.919533 0.087733
v 0.018630 0.907377 0.087505
v 0.010232 0.894345 0.099769
v 0.004264 0.879238 0.099769
v 0.001043 0.862957 0.088437
v 0.000724 0.858575 0.087730
v 0.088662 0.857944 0.000723
v 0.089823 0.149856 0.000299
v 0.073400 0.854860 0.003389
v 0.073410 0.145643 0.003360
v 0.058132 0.855990 0.009061
v 0.059267 0.139486 0.008693
v 0.044233 0.855839 0.016761
v 0.044256 0.144454 0.016728
v 0.031562 0.857171 0.026903
v 0.031587 0.143109 0.026857
v 0.020692 0.858304 0.038978
v 0.020713 0.141928 0.038925
v 0.011912 0.859233 0.052679
v 0.011924 0.140963 0.052625
v 0.005456 0.859907 0.067650
v 0.005459 0.140227 0.067607
v 0.000410 0.149488 0.087472
v 0.000628 0.141735 0.091570
v 0.002312 0.134564 0.083528
v 0.099769 0.052525 0.078732
v 0.091075 0.140239 0.000633
v 0.090906 0.124707 0.003278
v 0.079415 0.133797 0.003103
v 0.069278 0.056157 0.083528
v 0.041771 0.070172 0.083528
v 0.005926 0.119509 0.083528
v 0.009681 0.120729 0.067718
v 0.015369 0.106996 0.067718
v 0.023136 0.094322 0.067718
v 0.032789 0.083020 0.067718
v 0.044092 0.073366 0.067718
v 0.056765 0.065600 0.067718
v 0.070498 0.059912 0.067718
v 0.088698 0.055888 0.067403
v 0.090536 0.062143 0.052679
v 0.072495 0.066059 0.052759
v 0.059699 0.071359 0.052759
v 0.047891 0.078595 0.052759
v 0.037359 0.087590 0.052759
v 0.028364 0.098121 0.052759
v 0.021128 0.109930 0.052759
v 0.015828 0.122726 0.052759
v 0.026194 0.119714 0.038878
v 0.039164 0.098446 0.038868
v 0.058045 0.082255 0.038866
v 0.075216 0.074434 0.039049
v 0.091462 0.070923 0.038980
v 0.093018 0.081736 0.026931
v 0.073327 0.086680 0.026830
v 0.055056 0.097945 0.026826
v 0.041155 0.114318 0.026826
v 0.034586 0.128821 0.026951
v 0.048068 0.128817 0.016721
v 0.057141 0.113883 0.016719
v 0.070398 0.102467 0.016721
v 0.088992 0.095055 0.016676
v 0.089272 0.108995 0.008878
v 0.070014 0.120697 0.008751
v 0.887941 0.104045 0.811771
v 0.894874 0.119094 0.799772
v 0.893612 0.119509 0.816010
v 0.807209 0.050213 0.806427
v 0.815205 0.052543 0.816010
v 0.899160 0.137795 0.798912
v 0.898899 0.141756 0.808065
v 0.889858 0.120729 0.831820
v 0.883711 0.122726 0.846779
v 0.873333 0.119800 0.860626
v 0.863262 0.123924 0.872726
v 0.851521 0.128773 0.882828
v 0.884169 0.106996 0.831820
v 0.878411 0.109930 0.846779
v 0.819433 0.133041 0.896478
v 0.879583 0.090686 0.811818
v 0.876403 0.094322 0.831820
v 0.871174 0.098121 0.846779
v 0.860359 0.098385 0.860695
v 0.852022 0.105640 0.872639
v 0.839588 0.110607 0.882957
v 0.829542 0.120647 0.890768
v 0.862179 0.087590 0.846779
v 0.866750 0.083020 0.831820
v 0.869165 0.078862 0.811976
v 0.857522 0.068469 0.799769
v 0.857767 0.070172 0.816010
v 0.855447 0.073366 0.831820
v 0.851648 0.078595 0.846779
v 0.846471 0.085720 0.860490
v 0.835770 0.091568 0.872704
v 0.844087 0.060989 0.811756
v 0.842773 0.065600 0.831820
v 0.839839 0.071359 0.846779
v 0.830346 0.076557 0.860672
v 0.821285 0.098503 0.882839
v 0.830261 0.056157 0.816010
v 0.830672 0.054895 0.799772
v 0.829041 0.059912 0.831820
v 0.827043 0.066059 0.846779
v 0.820949 0.084817 0.872588
v 0.858413 0.930176 0.812271
v 0.845161 0.939109 0.799717
v 0.844566 0.937918 0.816010
v 0.830675 0.945105 0.799772
v 0.830261 0.943843 0.816010
v 0.829041 0.940088 0.831820
v 0.827043 0.933941 0.846779
v 0.829880 0.923687 0.860695
v 0.825752 0.913528 0.872688
v 0.820946 0.901741 0.882847
v 0.842773 0.934400 0.831820
v 0.839839 0.928641 0.846779
v 0.855447 0.926634 0.831820
v 0.851648 0.921405 0.846779
v 0.851372 0.910740 0.860756
v 0.844185 0.902141 0.872673
v 0.835854 0.892666 0.882794
v 0.826736 0.881924 0.890698
v 0.816652 0.867218 0.897010
v 0.862179 0.912410 0.846779
v 0.866750 0.916980 0.831820
v 0.870844 0.919543 0.811863
v 0.836845 0.869263 0.890782
v 0.847412 0.879318 0.882786
v 0.855217 0.890285 0.872588
v 0.867477 0.891754 0.860733
v 0.871174 0.901879 0.846779
v 0.876403 0.905678 0.831820
v 0.880906 0.907366 0.812006
v 0.889306 0.894345 0.799769
v 0.887687 0.894796 0.816010
v 0.884169 0.893004 0.831820
v 0.878411 0.890070 0.846779
v 0.863129 0.876473 0.872734
v 0.895275 0.879237 0.799769
v 0.893612 0.880491 0.816010
v 0.889858 0.879271 0.831820
v 0.883711 0.877274 0.846779
v 0.875335 0.874553 0.860490
v 0.091597 0.949137 0.091703
v 0.084333 0.947457 0.083528
v 0.081728 0.868813 0.003013
v 0.091721 0.859247 0.000617
v 0.095163 0.876004 0.003278
v 0.005926 0.880491 0.083528
v 0.011852 0.894796 0.083528
v 0.054973 0.937918 0.083528
v 0.069278 0.943843 0.083528
v 0.089993 0.944309 0.067612
v 0.099249 0.949359 0.087472
v 0.070498 0.940088 0.067718
v 0.056765 0.934400 0.067718
v 0.044092 0.926634 0.067718
v 0.032789 0.916980 0.067718
v 0.023136 0.905678 0.067718
v 0.015369 0.893004 0.067718
v 0.009681 0.879272 0.067718
v 0.015828 0.877274 0.052759
v 0.021128 0.890070 0.052759
v 0.028364 0.901879 0.052759
v 0.037359 0.912410 0.052759
v 0.047891 0.921405 0.052759
v 0.059699 0.928641 0.052759
v 0.072495 0.933941 0.052759
v 0.090755 0.937843 0.052628
v 0.091753 0.929058 0.038929
v 0.069492 0.923620 0.038872
v 0.053067 0.914280 0.039049
v 0.039370 0.901818 0.038920
v 0.026322 0.880590 0.038870
v 0.036444 0.876415 0.026833
v 0.047762 0.894773 0.026846
v 0.064135 0.908648 0.026835
v 0.078590 0.915183 0.026951
v 0.092861 0.918175 0.026856
v 0.094227 0.905502 0.016731
v 0.074642 0.900015 0.016583
v 0.057413 0.886417 0.016711
v 0.048240 0.871598 0.016729
v 0.062701 0.869233 0.008751
v 0.072897 0.881797 0.008800
v 0.089148 0.890511 0.008711
v 0.805817 0.049916 0.093549
v 0.811256 0.051590 0.084802
v 0.809543 0.055690 0.067606
v 0.808812 0.062154 0.052625
v 0.807828 0.070943 0.038925
v 0.806654 0.081817 0.026857
v 0.805309 0.094487 0.016729
v 0.809810 0.109127 0.008777
v 0.806053 0.124096 0.003308
v 0.808315 0.138878 0.000741
v 0.815413 0.051231 0.099769
v 0.830674 0.054895 0.099775
v 0.845169 0.060897 0.099768
v 0.858550 0.069100 0.099762
v 0.870285 0.080018 0.087342
v 0.880760 0.092325 0.087757
v 0.888782 0.105686 0.087797
v 0.895245 0.120639 0.099769
v 0.899116 0.137784 0.099104
v 0.899151 0.862300 0.100809
v 0.894876 0.880899 0.099758
v 0.888869 0.895416 0.099747
v 0.879943 0.908641 0.087275
v 0.869308 0.921072 0.087706
v 0.857157 0.931146 0.087506
v 0.844114 0.939538 0.099769
v 0.829006 0.945505 0.099769
v 0.812140 0.949316 0.098923
v 0.809629 0.860001 0.000783
v 0.806909 0.875614 0.003277
v 0.807868 0.890966 0.008783
v 0.809820 0.905376 0.016848
v 0.806908 0.918201 0.026901
v 0.808072 0.929070 0.038979
v 0.808983 0.937859 0.052673
v 0.809677 0.944313 0.067646
v 0.798738 0.949385 0.087294
v 0.809731 0.148476 0.000330
v 0.825640 0.145115 0.003246
v 0.819037 0.132387 0.003100
v 0.898558 0.138659 0.087842
v 0.893612 0.119509 0.083528
v 0.857767 0.070172 0.083528
v 0.844566 0.062082 0.083528
v 0.830261 0.056157 0.083528
v 0.829041 0.059912 0.067718
v 0.842773 0.065600 0.067718
v 0.855447 0.073366 0.067718
v 0.866750 0.083020 0.067718
v 0.876403 0.094322 0.067718
v 0.884169 0.106996 0.067718
v 0.889858 0.120729 0.067718
v 0.894082 0.140096 0.067646
v 0.899154 0.151077 0.087285
v 0.887629 0.140814 0.052677
v 0.883711 0.122726 0.052759
v 0.878411 0.109930 0.052759
v 0.871174 0.098121 0.052759
v 0.862179 0.087590 0.052759
v 0.851648 0.078595 0.052759
v 0.839839 0.071359 0.052759
v 0.827043 0.066059 0.052759
v 0.824322 0.074434 0.039049
v 0.841175 0.082068 0.038857
v 0.860146 0.098187 0.038900
v 0.873209 0.119431 0.038879
v 0.878845 0.141671 0.038975
v 0.867977 0.142819 0.026901
v 0.863096 0.123664 0.026840
v 0.851805 0.105250 0.026838
v 0.840055 0.094552 0.026951
v 0.825835 0.086515 0.026822
v 0.820955 0.098301 0.016716
v 0.839120 0.110196 0.016597
v 0.851309 0.128441 0.016710
v 0.855309 0.144138 0.016762
v 0.840733 0.141890 0.008784
v 0.831364 0.122520 0.008659
v 0.818086 0.867759 0.002898
v 0.809843 0.851814 0.000360
v 0.825680 0.853387 0.003185
v 0.898896 0.858469 0.088950
v 0.897227 0.865436 0.083528
v 0.811127 0.948787 0.087822
v 0.830261 0.943843 0.083528
v 0.844566 0.937918 0.083528
v 0.887687 0.894796 0.083528
v 0.893612 0.880491 0.083528
v 0.894080 0.859753 0.067608
v 0.889858 0.879272 0.067718
v 0.884169 0.893004 0.067718
v 0.876403 0.905678 0.067718
v 0.866750 0.916980 0.067718
v 0.855447 0.926634 0.067718
v 0.842773 0.934400 0.067718
v 0.829041 0.940088 0.067718
v 0.827043 0.933941 0.052759
v 0.839839 0.928641 0.052759
v 0.851648 0.921405 0.052759
v 0.862179 0.912410 0.052759
v 0.871174 0.901879 0.052759
v 0.878411 0.890070 0.052759
v 0.883711 0.877274 0.052759
v 0.887611 0.859049 0.052620
v 0.878830 0.858116 0.038929
v 0.873337 0.880295 0.038891
v 0.860403 0.901615 0.038864
v 0.841496 0.917732 0.038880
v 0.824322 0.925566 0.039049
v 0.820949 0.915183 0.026951
v 0.835794 0.908348 0.026795
v 0.851995 0.894279 0.026913
v 0.863228 0.876120 0.026837
v 0.867950 0.856884 0.026852
v 0.855282 0.855516 0.016728
v 0.851467 0.871229 0.016722
v 0.842442 0.886066 0.016686
v 0.829139 0.897575 0.016747
v 0.827239 0.881588 0.008660
v 0.840281 0.860597 0.008713
v 0.099769 0.150000 0.889212
v 0.099940 0.150195 0.857466
v 0.099656 0.850149 0.891070
v 0.100023 0.849756 0.857261
v 0.799923 0.850656 0.893607
v 0.799501 0.849732 0.857152
v 0.799826 0.149577 0.892277
v 0.799493 0.150259 0.857125
v 0.893564 0.149359 0.799946
v 0.856036 0.150559 0.799266
v 0.891233 0.850201 0.799944
v 0.857150 0.849754 0.799470
v 0.893708 0.850147 0.099013
v 0.857278 0.849735 0.100009
v 0.891119 0.149832 0.099641
v 0.857152 0.150268 0.100037
v 0.799739 0.149596 0.007156
v 0.799659 0.150146 0.041579
v 0.799807 0.850438 0.007088
v 0.799622 0.849878 0.041628
v 0.099309 0.850076 0.007110
v 0.099893 0.849867 0.041596
v 0.099670 0.149563 0.007180
v 0.099903 0.150113 0.041560
v 0.007596 0.149741 0.099567
v 0.041508 0.150138 0.099875
v 0.006623 0.850168 0.099348
v 0.041503 0.849896 0.099905
v 0.007101 0.849990 0.800177
v 0.042933 0.849661 0.799452
v 0.007680 0.149728 0.799913
v 0.041517 0.150109 0.799632
v 0.761957 0.591726 0.853818
v 0.751411 0.621223 0.854080
v 0.756681 0.592556 0.864452
v 0.585263 0.795864 0.853806
v 0.552908 0.806862 0.857578
v 0.577971 0.794006 0.864116
v 0.147904 0.622871 0.853047
v 0.137056 0.590481 0.853378
v 0.145618 0.607017 0.860812
v 0.130738 0.561165 0.854794
v 0.138506 0.577229 0.864210
v 0.126366 0.530513 0.854787
v 0.132501 0.546904 0.864208
v 0.124929 0.499628 0.854788
v 0.128453 0.516021 0.862356
v 0.125828 0.467755 0.853383
v 0.128408 0.484966 0.862354
v 0.130871 0.438131 0.854785
v 0.132295 0.454456 0.864198
v 0.138197 0.408131 0.854790
v 0.138156 0.424080 0.864210
v 0.148342 0.378916 0.854778
v 0.146098 0.393788 0.862346
v 0.161028 0.349677 0.853399
v 0.158489 0.365773 0.864209
v 0.176711 0.324029 0.854768
v 0.172769 0.338362 0.864231
v 0.194711 0.297752 0.853405
v 0.189655 0.312522 0.864262
v 0.214943 0.275506 0.854741
v 0.208867 0.288191 0.864157
v 0.237560 0.253083 0.853353
v 0.230345 0.265990 0.864130
v 0.261992 0.234044 0.853367
v 0.254025 0.246051 0.864330
v 0.288126 0.217414 0.853365
v 0.279314 0.227187 0.862399
v 0.315240 0.204330 0.854805
v 0.306418 0.213214 0.864309
v 0.344481 0.191915 0.853348
v 0.334821 0.199550 0.862379
v 0.374233 0.183301 0.853338
v 0.363964 0.191012 0.864246
v 0.403936 0.178350 0.854694
v 0.394165 0.184188 0.864268
v 0.434701 0.175442 0.854675
v 0.425502 0.179266 0.862457
v 0.465601 0.174888 0.853414
v 0.455795 0.179401 0.864294
v 0.496480 0.177653 0.853191
v 0.527681 0.183845 0.853296
v 0.518181 0.185724 0.862483
v 0.557374 0.192659 0.853285
v 0.547142 0.194483 0.864317
v 0.586048 0.204277 0.853276
v 0.577242 0.204754 0.862515
v 0.612511 0.218721 0.854694
v 0.605131 0.218407 0.862480
v 0.639324 0.235189 0.853197
v 0.631532 0.234729 0.862501
v 0.663198 0.254667 0.854012
v 0.654972 0.253678 0.864242
v 0.685165 0.276038 0.854622
v 0.679137 0.274669 0.862515
v 0.704729 0.299404 0.855648
v 0.699838 0.298013 0.862568
v 0.723291 0.324403 0.854622
v 0.716899 0.322694 0.864421
v 0.739110 0.351528 0.854032
v 0.734018 0.349515 0.862515
v 0.751611 0.378950 0.853973
v 0.746212 0.378129 0.864472
v 0.761295 0.407472 0.854576
v 0.757702 0.407308 0.862570
v 0.769534 0.437722 0.853138
v 0.765185 0.437423 0.862595
v 0.773327 0.468499 0.854359
v 0.768623 0.467644 0.864489
v 0.774917 0.499964 0.854286
v 0.770381 0.499399 0.864360
v 0.647052 0.692582 0.855974
v 0.646559 0.692091 0.849769
v 0.671089 0.663703 0.849766
v 0.606597 0.727299 0.858066
v 0.593023 0.735085 0.849772
v 0.627797 0.709315 0.849834
v 0.559849 0.752772 0.856036
v 0.545185 0.758228 0.849769
v 0.509237 0.769213 0.856019
v 0.493789 0.771750 0.849769
v 0.482978 0.773697 0.856015
v 0.440764 0.775145 0.849769
v 0.456400 0.775624 0.856020
v 0.456253 0.780171 0.865467
v 0.429661 0.775445 0.858086
v 0.429218 0.780991 0.866973
v 0.388074 0.768289 0.849769
v 0.403171 0.772219 0.858089
v 0.402200 0.777700 0.866977
v 0.377314 0.766018 0.856025
v 0.375867 0.770321 0.865461
v 0.373720 0.778132 0.871990
v 0.337669 0.751433 0.849768
v 0.351969 0.757780 0.856024
v 0.350129 0.761955 0.865491
v 0.338020 0.766517 0.872138
v 0.327567 0.747146 0.856043
v 0.325993 0.750192 0.863685
v 0.323318 0.755195 0.869792
v 0.304668 0.733604 0.849769
v 0.303959 0.734553 0.858108
v 0.301007 0.739251 0.866975
v 0.297117 0.744913 0.872042
v 0.282766 0.741947 0.874118
v 0.319279 0.767036 0.874638
v 0.283795 0.719005 0.849855
v 0.281490 0.720141 0.859994
v 0.278573 0.723789 0.866944
v 0.274237 0.728913 0.872094
v 0.237689 0.712459 0.874726
v 0.259158 0.737303 0.874498
v 0.262490 0.701374 0.849769
v 0.261990 0.701868 0.856005
v 0.259606 0.704386 0.863667
v 0.255672 0.708424 0.869598
v 0.243263 0.707636 0.873744
v 0.244801 0.683018 0.849844
v 0.242325 0.683697 0.859991
v 0.238691 0.686824 0.867099
v 0.233606 0.690884 0.872012
v 0.217126 0.696505 0.874501
v 0.239514 0.726079 0.873099
v 0.214000 0.708113 0.870391
v 0.228099 0.662387 0.849847
v 0.224833 0.663265 0.861991
v 0.219147 0.667201 0.869824
v 0.207355 0.663881 0.873717
v 0.199995 0.681472 0.873099
v 0.193939 0.685730 0.868982
v 0.204927 0.625848 0.849769
v 0.211657 0.639934 0.858095
v 0.206890 0.642568 0.866872
v 0.200809 0.646006 0.872139
v 0.180815 0.626516 0.874636
v 0.178451 0.639420 0.874414
v 0.180272 0.658146 0.871477
v 0.174661 0.661516 0.865894
v 0.199729 0.616139 0.856016
v 0.196612 0.617576 0.863676
v 0.191334 0.619871 0.869820
v 0.179293 0.610021 0.873474
v 0.166222 0.631397 0.871526
v 0.160355 0.634266 0.866215
v 0.185308 0.576462 0.849768
v 0.189685 0.591482 0.856004
v 0.186446 0.592613 0.863669
v 0.179243 0.594311 0.871090
v 0.160249 0.594108 0.874503
v 0.154873 0.603348 0.871494
v 0.148791 0.605837 0.866156
v 0.715309 0.674544 0.867693
v 0.719810 0.676273 0.860939
v 0.701637 0.701305 0.860611
v 0.760925 0.470165 0.871477
v 0.762348 0.500366 0.871475
v 0.754598 0.487905 0.874409
v 0.740269 0.424382 0.874724
v 0.747343 0.539504 0.874724
v 0.740672 0.457522 0.874118
v 0.743413 0.514203 0.874118
v 0.735037 0.473131 0.871102
v 0.738193 0.500433 0.872026
v 0.731501 0.500138 0.866963
v 0.727598 0.473157 0.863679
v 0.725946 0.500106 0.858081
v 0.724189 0.473417 0.856017
v 0.724843 0.489056 0.849769
v 0.759951 0.439545 0.869053
v 0.750948 0.428458 0.873098
v 0.743479 0.420059 0.874500
v 0.732899 0.445037 0.872019
v 0.726287 0.446055 0.866967
v 0.721707 0.446821 0.859991
v 0.719229 0.446151 0.849847
v 0.752630 0.410076 0.869101
v 0.725245 0.403174 0.873474
v 0.726234 0.417848 0.872002
v 0.719809 0.419597 0.866986
v 0.715302 0.420798 0.859986
v 0.712770 0.420403 0.849843
v 0.739322 0.382713 0.871466
v 0.727530 0.373930 0.874421
v 0.711783 0.360903 0.874485
v 0.713700 0.392919 0.869767
v 0.708359 0.394854 0.863717
v 0.705118 0.396058 0.855997
v 0.704467 0.396299 0.849769
v 0.728518 0.354587 0.870449
v 0.705561 0.366185 0.872112
v 0.699410 0.369322 0.867077
v 0.695097 0.371242 0.859923
v 0.692588 0.371350 0.849884
v 0.711499 0.329185 0.871447
v 0.698404 0.322514 0.874317
v 0.671877 0.297992 0.874726
v 0.691086 0.342050 0.871869
v 0.685620 0.345724 0.867075
v 0.681553 0.348187 0.859973
v 0.679027 0.348509 0.849836
v 0.695331 0.303734 0.870493
v 0.663254 0.282312 0.874502
v 0.669822 0.305050 0.874118
v 0.674952 0.319789 0.872067
v 0.668496 0.324786 0.865461
v 0.664737 0.327374 0.856012
v 0.664180 0.327799 0.849769
v 0.676125 0.279079 0.868923
v 0.659599 0.268737 0.871720
v 0.656088 0.298638 0.871953
v 0.650512 0.304448 0.865487
v 0.647115 0.307455 0.856062
v 0.638964 0.300022 0.849769
v 0.624039 0.264623 0.873693
v 0.635198 0.281593 0.871117
v 0.629586 0.286746 0.863598
v 0.627580 0.289293 0.856019
v 0.629791 0.239845 0.868815
v 0.615197 0.238293 0.873132
v 0.604131 0.237521 0.874490
v 0.606066 0.248561 0.874421
v 0.611628 0.265719 0.869753
v 0.608554 0.270298 0.863653
v 0.606416 0.273119 0.856025
v 0.597026 0.267403 0.849772
v 0.603693 0.223823 0.869042
v 0.552541 0.217955 0.874724
v 0.590210 0.248029 0.871943
v 0.586962 0.253815 0.867052
v 0.584097 0.258678 0.858074
v 0.576186 0.210348 0.868935
v 0.573068 0.216951 0.873099
v 0.550795 0.212835 0.874497
v 0.549438 0.224665 0.873733
v 0.565319 0.235790 0.872068
v 0.562265 0.241733 0.866944
v 0.560188 0.246853 0.858077
v 0.559595 0.247882 0.849769
v 0.546844 0.202801 0.871476
v 0.538198 0.229137 0.869815
v 0.536205 0.234564 0.863670
v 0.534962 0.237794 0.855987
v 0.524363 0.235007 0.849768
v 0.518223 0.191440 0.869057
v 0.504446 0.195312 0.873103
v 0.493733 0.198765 0.874500
v 0.498393 0.211481 0.873636
v 0.511465 0.221883 0.869782
v 0.510045 0.227460 0.863667
v 0.509281 0.230798 0.856021
v 0.487549 0.180592 0.862483
v 0.488117 0.186296 0.869056
v 0.455592 0.202835 0.874639
v 0.484335 0.217232 0.869782
v 0.483444 0.224148 0.861950
v 0.481823 0.227089 0.849845
v 0.457680 0.187519 0.871473
v 0.445043 0.194969 0.874408
v 0.457487 0.213577 0.871102
v 0.456661 0.222183 0.861945
v 0.455332 0.225269 0.849845
v 0.427665 0.186339 0.870461
v 0.416980 0.209164 0.873671
v 0.429337 0.215860 0.869780
v 0.429607 0.221608 0.863674
v 0.429828 0.225018 0.856019
v 0.418925 0.226441 0.849769
v 0.397602 0.191833 0.871486
v 0.386528 0.201563 0.874412
v 0.378942 0.212451 0.874421
v 0.402358 0.217429 0.871096
v 0.402859 0.224861 0.863674
v 0.403401 0.228226 0.856016
v 0.367851 0.198295 0.871464
v 0.374397 0.221580 0.872028
v 0.375942 0.228126 0.866936
v 0.377000 0.232622 0.860020
v 0.376544 0.235149 0.849845
v 0.338045 0.204428 0.869102
v 0.340290 0.211325 0.873099
v 0.321491 0.223960 0.874514
v 0.316440 0.233277 0.874681
v 0.328861 0.233288 0.873748
v 0.347809 0.230099 0.872047
v 0.349924 0.236580 0.867172
v 0.351645 0.240893 0.859936
v 0.351314 0.243457 0.849842
v 0.311466 0.219648 0.871396
v 0.323486 0.244545 0.869816
v 0.326128 0.249824 0.863607
v 0.327635 0.252834 0.856030
v 0.318036 0.258275 0.849766
v 0.283154 0.231367 0.869010
v 0.286866 0.237736 0.873099
v 0.270812 0.253764 0.874503
v 0.253408 0.273772 0.874713
v 0.297828 0.254959 0.871983
v 0.301399 0.260467 0.866980
v 0.304122 0.265331 0.858110
v 0.260485 0.251678 0.871482
v 0.257681 0.279232 0.873762
v 0.274732 0.270618 0.872038
v 0.278880 0.276050 0.867109
v 0.281550 0.279764 0.860014
v 0.282086 0.282322 0.849841
v 0.237009 0.270941 0.871317
v 0.233306 0.284961 0.874402
v 0.256189 0.291180 0.869768
v 0.259845 0.295429 0.863657
v 0.262070 0.298085 0.856039
v 0.254419 0.306029 0.849771
v 0.216125 0.292454 0.871411
v 0.196551 0.338796 0.874724
v 0.234548 0.308407 0.872045
v 0.238754 0.313133 0.866999
v 0.243117 0.316793 0.858071
v 0.197027 0.315776 0.871409
v 0.196055 0.330558 0.874402
v 0.206228 0.337498 0.873695
v 0.219362 0.332451 0.869707
v 0.224071 0.335768 0.863602
v 0.226734 0.337927 0.856075
v 0.227290 0.338359 0.849769
v 0.180410 0.341192 0.871398
v 0.201655 0.353588 0.871889
v 0.207108 0.356773 0.866858
v 0.210967 0.359476 0.860056
v 0.212368 0.361621 0.849851
v 0.166485 0.367946 0.871488
v 0.168207 0.382538 0.874400
v 0.179628 0.387328 0.873680
v 0.191496 0.379852 0.869730
v 0.196682 0.382219 0.863699
v 0.199746 0.383800 0.855996
v 0.200379 0.384115 0.849769
v 0.153398 0.394958 0.870474
v 0.160869 0.430212 0.874640
v 0.177741 0.403873 0.872021
v 0.184048 0.406269 0.866869
v 0.188401 0.407955 0.859972
v 0.190201 0.409800 0.849883
v 0.146389 0.424827 0.871494
v 0.150905 0.438802 0.874408
v 0.171762 0.430658 0.871087
v 0.178782 0.433122 0.863686
v 0.182087 0.433975 0.856008
v 0.182760 0.434188 0.849769
v 0.140545 0.454601 0.871482
v 0.160499 0.457760 0.873474
v 0.169655 0.458578 0.868549
v 0.175597 0.459928 0.859980
v 0.177713 0.461362 0.849845
v 0.134113 0.484510 0.869063
v 0.140219 0.497377 0.873095
v 0.145436 0.507380 0.874500
v 0.151391 0.532865 0.874724
v 0.156948 0.504398 0.873725
v 0.161705 0.485630 0.872023
v 0.168367 0.486261 0.866966
v 0.173006 0.486555 0.859989
v 0.175253 0.487801 0.849845
v 0.134096 0.515058 0.869065
v 0.166928 0.513222 0.868549
v 0.173001 0.513330 0.859988
v 0.175358 0.514352 0.849845
v 0.178024 0.540769 0.849845
v 0.175583 0.539969 0.859984
v 0.169532 0.540395 0.868541
v 0.162752 0.556806 0.873633
v 0.149543 0.556173 0.874330
v 0.140409 0.544815 0.871474
v 0.182068 0.565968 0.856033
v 0.178730 0.566789 0.863655
v 0.173094 0.567932 0.869787
v 0.146207 0.574400 0.871501
v 0.534930 0.762217 0.856002
v 0.483264 0.778239 0.865470
v 0.400784 0.784236 0.872030
v 0.358922 0.779598 0.874118
v 0.299296 0.765324 0.874409
v 0.157367 0.635872 0.860812
v 0.160992 0.649195 0.854571
v 0.509959 0.773705 0.865464
v 0.428436 0.787638 0.872026
v 0.259742 0.747829 0.871328
v 0.234447 0.731064 0.869196
v 0.189256 0.688978 0.862208
v 0.172995 0.665609 0.860397
v 0.176246 0.677195 0.853058
v 0.583745 0.740962 0.855997
v 0.536100 0.766613 0.865469
v 0.456307 0.788353 0.872025
v 0.430688 0.794496 0.874087
v 0.417475 0.798443 0.874725
v 0.352904 0.789310 0.874403
v 0.284354 0.765083 0.871449
v 0.208745 0.713231 0.862222
v 0.194822 0.702849 0.853164
v 0.561151 0.755942 0.863727
v 0.484125 0.786381 0.872028
v 0.311357 0.779983 0.871485
v 0.255784 0.753380 0.865936
v 0.230562 0.735610 0.862212
v 0.215317 0.726191 0.853173
v 0.585718 0.745022 0.865413
v 0.511646 0.781741 0.872042
v 0.410346 0.802509 0.874409
v 0.338736 0.792152 0.871468
v 0.281452 0.771011 0.866205
v 0.237824 0.747467 0.853160
v 0.628392 0.711838 0.860002
v 0.563368 0.761299 0.869824
v 0.538551 0.774458 0.872058
v 0.497899 0.792473 0.874543
v 0.366508 0.803188 0.870468
v 0.308194 0.785812 0.866114
v 0.254002 0.756195 0.860812
v 0.262328 0.766495 0.853132
v 0.665027 0.673039 0.858089
v 0.609699 0.731943 0.866945
v 0.479181 0.803004 0.874500
v 0.396763 0.808060 0.871479
v 0.336176 0.798195 0.866148
v 0.279643 0.773893 0.860812
v 0.287783 0.781853 0.854422
v 0.680375 0.651102 0.855994
v 0.649457 0.695156 0.863802
v 0.631350 0.715432 0.866980
v 0.589864 0.752480 0.872139
v 0.553223 0.773055 0.873474
v 0.559853 0.779267 0.874724
v 0.457229 0.808648 0.873099
v 0.426746 0.811737 0.871472
v 0.306871 0.789034 0.860812
v 0.315533 0.796306 0.853896
v 0.613391 0.737647 0.872052
v 0.580062 0.763538 0.874118
v 0.527579 0.795390 0.874332
v 0.395943 0.814445 0.866129
v 0.365220 0.810428 0.862272
v 0.335434 0.801476 0.860812
v 0.344341 0.807497 0.854498
v 0.683200 0.653015 0.863753
v 0.669278 0.676462 0.866832
v 0.653347 0.699039 0.869681
v 0.635446 0.720713 0.871991
v 0.564636 0.781915 0.874499
v 0.487076 0.810343 0.871475
v 0.457222 0.815948 0.869063
v 0.426451 0.818182 0.866097
v 0.373692 0.816057 0.854540
v 0.628352 0.736620 0.874541
v 0.517040 0.805292 0.871454
v 0.395486 0.817827 0.860812
v 0.404507 0.822144 0.853896
v 0.687962 0.656273 0.869822
v 0.674381 0.681088 0.872030
v 0.667076 0.695996 0.873646
v 0.608373 0.760536 0.874425
v 0.545807 0.797420 0.871475
v 0.488534 0.818445 0.864125
v 0.457538 0.821659 0.862312
v 0.426414 0.821582 0.860812
v 0.435200 0.824757 0.854435
v 0.638834 0.736421 0.874844
v 0.574455 0.786498 0.871390
v 0.519166 0.813204 0.864131
v 0.466022 0.824676 0.854439
v 0.694301 0.660205 0.873474
v 0.601482 0.773364 0.871431
v 0.548229 0.803396 0.866146
v 0.497877 0.822195 0.853158
v 0.710478 0.648770 0.874725
v 0.682532 0.696241 0.874498
v 0.627634 0.759077 0.870550
v 0.527138 0.815682 0.854458
v 0.670702 0.715657 0.873099
v 0.650940 0.739036 0.871620
v 0.605885 0.780242 0.864182
v 0.715896 0.647711 0.874479
v 0.708019 0.669192 0.873099
v 0.692963 0.695727 0.871687
v 0.675949 0.720342 0.868910
v 0.656726 0.744923 0.864390
v 0.632648 0.764776 0.862133
v 0.613270 0.781226 0.853977
v 0.698181 0.699708 0.866337
v 0.680115 0.724777 0.862467
v 0.663563 0.745183 0.853953
v 0.638707 0.764944 0.853829
v 0.685883 0.723704 0.853846
v 0.733229 0.649624 0.864458
v 0.739055 0.648691 0.854000
v 0.726269 0.645195 0.871430
v 0.717186 0.619438 0.873741
v 0.704999 0.634455 0.872049
v 0.699107 0.630997 0.866871
v 0.695104 0.628802 0.860005
v 0.693578 0.626741 0.849853
v 0.723547 0.675868 0.853807
v 0.705566 0.700993 0.853710
v 0.746342 0.621771 0.864388
v 0.739079 0.618130 0.871437
v 0.736677 0.603754 0.874400
v 0.711881 0.607240 0.868596
v 0.706384 0.604525 0.860007
v 0.704673 0.602630 0.849848
v 0.749134 0.589878 0.871506
v 0.735133 0.565880 0.873727
v 0.726030 0.582806 0.872034
v 0.719699 0.580689 0.866965
v 0.715277 0.579287 0.860001
v 0.713390 0.577543 0.849884
v 0.769201 0.562505 0.853716
v 0.764189 0.561809 0.864555
v 0.756454 0.560093 0.871449
v 0.751244 0.546728 0.874409
v 0.729267 0.554936 0.869763
v 0.722460 0.553562 0.861946
v 0.719641 0.551736 0.849844
v 0.773582 0.531978 0.853826
v 0.768695 0.531135 0.864544
v 0.760857 0.530575 0.871466
v 0.736814 0.528305 0.872029
v 0.730172 0.527327 0.866963
v 0.725560 0.526785 0.859989
v 0.723375 0.525453 0.849845
v 0.682719 0.597262 0.849767
v 0.664534 0.632015 0.849769
v 0.638498 0.667644 0.849766
v 0.610032 0.694597 0.849769
v 0.573844 0.719850 0.849772
v 0.337986 0.273646 0.849768
v 0.374515 0.259399 0.849769
v 0.417537 0.249625 0.849768
v 0.456716 0.248000 0.849769
v 0.500573 0.252726 0.849768
v 0.553428 0.269832 0.849765
v 0.211809 0.415716 0.849767
v 0.236021 0.365694 0.849772
v 0.270536 0.322210 0.849767
v 0.300469 0.296870 0.849769
v 0.374515 0.740601 0.849769
v 0.333585 0.724113 0.849767
v 0.300469 0.703130 0.849769
v 0.267112 0.674237 0.849767
v 0.233436 0.630104 0.849765
v 0.522762 0.741657 0.849769
v 0.468157 0.751771 0.849768
v 0.412655 0.749696 0.849767
v 0.684574 0.407293 0.849768
v 0.695763 0.444871 0.849769
v 0.701952 0.488554 0.849768
v 0.698350 0.543980 0.849768
v 0.216204 0.594866 0.849769
v 0.202908 0.552792 0.849768
v 0.197340 0.497533 0.849768
v 0.201112 0.458506 0.849769
v 0.601248 0.298070 0.849766
v 0.641730 0.336082 0.849766
v 0.664534 0.367984 0.849769
v 0.675120 0.487567 0.836828
v 0.666947 0.438588 0.836828
v 0.648260 0.392582 0.836828
v 0.619966 0.351776 0.836828
v 0.583432 0.318144 0.836828
v 0.468406 0.275078 0.836828
v 0.418769 0.276446 0.836828
v 0.336751 0.304247 0.836828
v 0.271666 0.361376 0.836828
v 0.250976 0.392419 0.836828
v 0.236305 0.426717 0.836828
v 0.225446 0.475172 0.836828
v 0.224076 0.512452 0.836828
v 0.229539 0.549354 0.836828
v 0.240348 0.585060 0.836828
v 0.306291 0.674216 0.836828
v 0.370633 0.711364 0.836828
v 0.480816 0.723894 0.836828
v 0.517142 0.715402 0.836828
v 0.602627 0.666047 0.836828
v 0.635239 0.628601 0.836828
v 0.672385 0.537148 0.836828
v 0.645221 0.532615 0.825459
v 0.648225 0.500000 0.825459
v 0.618315 0.509299 0.815584
v 0.617802 0.481402 0.815584
v 0.584376 0.473715 0.807244
v 0.548658 0.483927 0.799728
v 0.539497 0.454685 0.799691
v 0.645221 0.467385 0.825459
v 0.633358 0.425433 0.825459
v 0.612202 0.454068 0.815584
v 0.598226 0.419659 0.815584
v 0.570709 0.434550 0.807244
v 0.618837 0.396074 0.825459
v 0.599199 0.369862 0.825459
v 0.577065 0.389139 0.815584
v 0.550678 0.407118 0.807244
v 0.520591 0.428939 0.799743
v 0.501954 0.414531 0.799714
v 0.567123 0.340334 0.825459
v 0.557244 0.369500 0.815584
v 0.534171 0.353812 0.815584
v 0.518526 0.380909 0.807244
v 0.482395 0.404948 0.799760
v 0.487096 0.368028 0.807244
v 0.551832 0.298318 0.836828
v 0.539379 0.322927 0.825459
v 0.508921 0.310880 0.825459
v 0.500160 0.338894 0.815584
v 0.517142 0.284597 0.836828
v 0.463709 0.331774 0.815584
v 0.431324 0.363159 0.807072
v 0.458625 0.400109 0.799729
v 0.430593 0.401409 0.799725
v 0.466133 0.302522 0.825459
v 0.435808 0.331518 0.815584
v 0.433381 0.302222 0.825459
v 0.408331 0.336363 0.815584
v 0.399616 0.412978 0.799724
v 0.370633 0.288636 0.836828
v 0.360296 0.323196 0.825459
v 0.332237 0.340091 0.825459
v 0.349646 0.363778 0.815584
v 0.328775 0.382294 0.815584
v 0.359703 0.396569 0.807244
v 0.306291 0.325784 0.836828
v 0.307736 0.361828 0.825459
v 0.280958 0.396232 0.825459
v 0.310840 0.403669 0.815584
v 0.297112 0.427959 0.815584
v 0.330999 0.431418 0.807244
v 0.265901 0.425319 0.825459
v 0.256411 0.456667 0.825459
v 0.287089 0.453998 0.815584
v 0.281991 0.481430 0.815584
v 0.312668 0.484173 0.807068
v 0.251615 0.500000 0.825459
v 0.281991 0.518569 0.815584
v 0.319000 0.544098 0.807079
v 0.349167 0.499400 0.799734
v 0.353857 0.530004 0.799760
v 0.256411 0.543332 0.825459
v 0.265901 0.574681 0.825459
v 0.290113 0.554810 0.815584
v 0.305963 0.588397 0.815584
v 0.343896 0.587182 0.807244
v 0.369810 0.561422 0.799727
v 0.279314 0.648450 0.836828
v 0.307736 0.638172 0.825459
v 0.332237 0.659908 0.825459
v 0.349646 0.636222 0.815584
v 0.373550 0.650614 0.815584
v 0.377941 0.616835 0.807244
v 0.398757 0.586535 0.799725
v 0.429610 0.598407 0.799726
v 0.336751 0.695753 0.836828
v 0.360296 0.676803 0.825459
v 0.401125 0.692090 0.825459
v 0.408331 0.663637 0.815584
v 0.419769 0.633827 0.807244
v 0.457469 0.599987 0.799729
v 0.406436 0.721844 0.836828
v 0.443550 0.725607 0.836828
v 0.433381 0.697778 0.825459
v 0.466133 0.697477 0.825459
v 0.463709 0.668226 0.815584
v 0.508921 0.689119 0.825459
v 0.491271 0.663886 0.815584
v 0.517576 0.654585 0.815584
v 0.508293 0.624035 0.807244
v 0.481631 0.595276 0.799722
v 0.507044 0.582579 0.799760
v 0.562616 0.695456 0.836828
v 0.539379 0.677073 0.825459
v 0.567123 0.659665 0.825459
v 0.542236 0.641531 0.815584
v 0.564096 0.624191 0.815584
v 0.553406 0.591118 0.807095
v 0.524288 0.567033 0.799723
v 0.540437 0.543236 0.799726
v 0.599199 0.630138 0.825459
v 0.583181 0.603838 0.815584
v 0.598226 0.580341 0.815584
v 0.578207 0.548097 0.807244
v 0.624040 0.594311 0.825459
v 0.549589 0.511128 0.799724
v 0.658872 0.584930 0.836828
v 0.637472 0.564438 0.825459
v 0.612202 0.545931 0.815584
v 0.587075 0.507575 0.807244
v 0.401125 0.307909 0.825459
v 0.387677 0.377302 0.807244
v 0.373550 0.349385 0.815584
v 0.370277 0.437983 0.799726
v 0.354233 0.468953 0.799727
v 0.280958 0.603768 0.825459
v 0.257497 0.618189 0.836828
v 0.328775 0.617705 0.815584
v 0.435808 0.668482 0.815584
v 0.464848 0.636317 0.807244
v 0.042626 0.723557 0.684229
v 0.042533 0.746200 0.660431
v 0.037245 0.724792 0.680084
v 0.042626 0.408730 0.138932
v 0.042625 0.379593 0.149019
v 0.037186 0.393764 0.146072
v 0.042626 0.351555 0.161827
v 0.035330 0.365784 0.158489
v 0.042626 0.324860 0.177239
v 0.035315 0.338341 0.172764
v 0.042623 0.299744 0.195114
v 0.035316 0.312424 0.189590
v 0.042919 0.275978 0.215832
v 0.035290 0.288269 0.208866
v 0.042625 0.255165 0.237625
v 0.035243 0.266060 0.230499
v 0.042625 0.236114 0.261848
v 0.035381 0.245998 0.253960
v 0.042625 0.219444 0.287788
v 0.037027 0.227192 0.279251
v 0.042520 0.275043 0.683014
v 0.042625 0.299744 0.704414
v 0.036953 0.297806 0.699833
v 0.042527 0.323646 0.721642
v 0.043066 0.351745 0.737812
v 0.036940 0.349625 0.734047
v 0.042356 0.407066 0.760023
v 0.045033 0.437809 0.768783
v 0.035075 0.437038 0.764055
v 0.045183 0.468569 0.773341
v 0.035038 0.467672 0.768622
v 0.046492 0.500263 0.775638
v 0.035171 0.499383 0.770376
v 0.043564 0.672699 0.664772
v 0.049769 0.672201 0.664180
v 0.049769 0.641586 0.685864
v 0.043731 0.692612 0.647049
v 0.049770 0.703178 0.635529
v 0.043442 0.726898 0.606339
v 0.049769 0.735088 0.593025
v 0.043577 0.752735 0.559860
v 0.049769 0.752118 0.559595
v 0.043532 0.769211 0.509209
v 0.049769 0.771749 0.493792
v 0.049693 0.760998 0.535706
v 0.043534 0.773691 0.482975
v 0.049769 0.775145 0.440763
v 0.041453 0.776099 0.456333
v 0.043518 0.774977 0.429773
v 0.034073 0.779487 0.429190
v 0.049769 0.771075 0.403471
v 0.043529 0.771767 0.403317
v 0.035869 0.775119 0.402699
v 0.028439 0.782302 0.400749
v 0.049769 0.761082 0.362469
v 0.043495 0.766012 0.377304
v 0.035878 0.769268 0.376320
v 0.029772 0.774769 0.374703
v 0.041466 0.758188 0.351738
v 0.032594 0.763342 0.349671
v 0.027512 0.769569 0.346947
v 0.049769 0.739439 0.313919
v 0.043530 0.747154 0.327561
v 0.035933 0.750122 0.325836
v 0.028436 0.756515 0.322052
v 0.024943 0.764006 0.313690
v 0.043540 0.734161 0.304245
v 0.034129 0.737869 0.301582
v 0.027526 0.744698 0.297173
v 0.049769 0.708887 0.270456
v 0.043558 0.719036 0.282349
v 0.035857 0.721821 0.280266
v 0.029755 0.726215 0.276672
v 0.025809 0.726654 0.264279
v 0.024815 0.712463 0.237709
v 0.025130 0.731449 0.251026
v 0.043543 0.701874 0.261990
v 0.035849 0.704330 0.259606
v 0.028422 0.709343 0.254105
v 0.049769 0.682359 0.243929
v 0.043541 0.682812 0.243355
v 0.035882 0.685009 0.240730
v 0.028438 0.689438 0.234779
v 0.025420 0.695178 0.229459
v 0.025131 0.688958 0.210260
v 0.028052 0.706963 0.215588
v 0.049693 0.662380 0.228096
v 0.039559 0.662838 0.225571
v 0.030983 0.666058 0.220440
v 0.025807 0.664154 0.207247
v 0.028072 0.683409 0.196644
v 0.049769 0.639414 0.212728
v 0.041462 0.639902 0.211647
v 0.032581 0.642675 0.206831
v 0.027513 0.645832 0.200937
v 0.024861 0.598212 0.162479
v 0.025131 0.639432 0.178422
v 0.029077 0.658802 0.178386
v 0.049769 0.601627 0.193923
v 0.043524 0.616156 0.199728
v 0.035876 0.617502 0.196596
v 0.028438 0.620003 0.189592
v 0.024995 0.610119 0.174581
v 0.028074 0.631436 0.166154
v 0.033427 0.634328 0.160395
v 0.041452 0.591557 0.189210
v 0.032570 0.593377 0.183950
v 0.027515 0.595318 0.177554
v 0.028070 0.603410 0.154781
v 0.033427 0.605786 0.148786
v 0.038726 0.607017 0.145618
v 0.033342 0.675003 0.716492
v 0.042557 0.675201 0.722366
v 0.035370 0.700409 0.700043
v 0.028067 0.470191 0.760933
v 0.028069 0.500362 0.762355
v 0.025131 0.487906 0.754602
v 0.024855 0.441400 0.742170
v 0.024815 0.539502 0.747344
v 0.025420 0.457522 0.740672
v 0.025420 0.514203 0.743413
v 0.027514 0.472580 0.736887
v 0.027514 0.500430 0.738191
v 0.034070 0.473232 0.728737
v 0.032572 0.500139 0.731504
v 0.041455 0.500106 0.725947
v 0.043518 0.473415 0.724189
v 0.049769 0.489056 0.724843
v 0.028071 0.440292 0.756609
v 0.025131 0.429558 0.746599
v 0.027509 0.445091 0.732897
v 0.032558 0.446068 0.726290
v 0.039539 0.446804 0.721706
v 0.049693 0.446144 0.719227
v 0.033402 0.408909 0.755493
v 0.028059 0.410934 0.749376
v 0.024927 0.383186 0.722878
v 0.027509 0.417930 0.726284
v 0.032535 0.419723 0.719853
v 0.039518 0.420799 0.715317
v 0.049692 0.420387 0.712772
v 0.041977 0.377296 0.749367
v 0.033391 0.379730 0.745184
v 0.028077 0.382454 0.739452
v 0.025130 0.373836 0.727533
v 0.027526 0.391586 0.717033
v 0.034066 0.394577 0.709442
v 0.043542 0.396057 0.705139
v 0.049769 0.396299 0.704467
v 0.029079 0.354446 0.728497
v 0.025118 0.349997 0.705013
v 0.027504 0.366341 0.705360
v 0.032622 0.369148 0.699234
v 0.039584 0.371300 0.695133
v 0.049657 0.371353 0.692585
v 0.033442 0.325294 0.716732
v 0.028070 0.328964 0.711407
v 0.025209 0.322529 0.698361
v 0.024815 0.298026 0.671845
v 0.027514 0.342270 0.691238
v 0.034073 0.346657 0.684353
v 0.043570 0.348900 0.680397
v 0.049769 0.340099 0.673863
v 0.029055 0.303600 0.695290
v 0.025040 0.292644 0.672661
v 0.025813 0.302555 0.666039
v 0.028440 0.321247 0.673683
v 0.035864 0.325275 0.667477
v 0.043571 0.327354 0.664745
v 0.033450 0.277202 0.678196
v 0.028059 0.281902 0.673672
v 0.029741 0.301247 0.653854
v 0.035902 0.305076 0.649456
v 0.043511 0.307445 0.647087
v 0.049769 0.307909 0.646559
v 0.042512 0.253704 0.660362
v 0.033405 0.256239 0.655541
v 0.028052 0.261276 0.651518
v 0.025210 0.258866 0.637260
v 0.025049 0.255054 0.617144
v 0.027521 0.279808 0.636074
v 0.032553 0.284754 0.631599
v 0.039565 0.288237 0.628460
v 0.049693 0.289282 0.626133
v 0.042515 0.234648 0.635790
v 0.033403 0.237467 0.631064
v 0.028059 0.242920 0.627577
v 0.025040 0.237570 0.604068
v 0.027514 0.262884 0.613995
v 0.032572 0.268207 0.609915
v 0.039533 0.272012 0.607262
v 0.049693 0.273241 0.604973
v 0.042511 0.218030 0.609476
v 0.033409 0.221199 0.604833
v 0.028076 0.227005 0.602065
v 0.024815 0.217958 0.552546
v 0.027424 0.239254 0.574163
v 0.029762 0.251156 0.588425
v 0.035865 0.256100 0.585506
v 0.043514 0.259062 0.583798
v 0.049769 0.254274 0.573884
v 0.042508 0.204012 0.581695
v 0.033429 0.207562 0.577301
v 0.028070 0.213578 0.574968
v 0.025209 0.215318 0.560456
v 0.025420 0.225117 0.554019
v 0.034071 0.243185 0.561954
v 0.043519 0.247243 0.559893
v 0.042504 0.192719 0.552683
v 0.033425 0.196623 0.548479
v 0.028068 0.202835 0.546726
v 0.025040 0.204404 0.522579
v 0.028439 0.227741 0.539055
v 0.035861 0.234559 0.536083
v 0.043523 0.237803 0.534998
v 0.049769 0.238459 0.534749
v 0.042501 0.184265 0.522729
v 0.033428 0.188505 0.518718
v 0.028070 0.194851 0.517563
v 0.025049 0.205330 0.484140
v 0.027515 0.218467 0.512434
v 0.034072 0.226415 0.510514
v 0.043516 0.230797 0.509296
v 0.049769 0.229043 0.498434
v 0.042498 0.178721 0.492083
v 0.033427 0.183306 0.488338
v 0.028070 0.189736 0.487803
v 0.025131 0.195932 0.474511
v 0.027515 0.213734 0.484964
v 0.034072 0.221832 0.483841
v 0.043522 0.226310 0.483024
v 0.042263 0.176243 0.461032
v 0.033425 0.181063 0.457604
v 0.028068 0.187514 0.457678
v 0.024815 0.202501 0.409703
v 0.027514 0.211672 0.457168
v 0.034074 0.219844 0.456826
v 0.043518 0.224377 0.456463
v 0.049769 0.224741 0.445473
v 0.042428 0.176585 0.429902
v 0.033426 0.181795 0.426784
v 0.028067 0.188211 0.427484
v 0.025209 0.196489 0.415476
v 0.025420 0.208156 0.414333
v 0.027513 0.212302 0.429313
v 0.032571 0.218993 0.429501
v 0.041454 0.224540 0.429867
v 0.042487 0.179964 0.398926
v 0.033424 0.185499 0.396189
v 0.028070 0.191813 0.397503
v 0.025040 0.204425 0.376869
v 0.027516 0.215621 0.401632
v 0.032569 0.222260 0.402472
v 0.041453 0.227747 0.403374
v 0.049769 0.230695 0.392668
v 0.042483 0.186325 0.368431
v 0.033418 0.192130 0.366093
v 0.028070 0.198285 0.367981
v 0.026065 0.222265 0.359629
v 0.027515 0.221600 0.374420
v 0.034074 0.229520 0.376427
v 0.043522 0.233972 0.377365
v 0.042484 0.195595 0.338669
v 0.033439 0.201661 0.336708
v 0.028072 0.207601 0.339287
v 0.025131 0.219264 0.330360
v 0.024815 0.239571 0.300479
v 0.025420 0.230475 0.332361
v 0.029772 0.233559 0.349045
v 0.035901 0.239014 0.350922
v 0.043492 0.242199 0.352032
v 0.049769 0.246682 0.341991
v 0.043013 0.204752 0.316536
v 0.037063 0.212055 0.306465
v 0.029076 0.217831 0.310986
v 0.027518 0.241289 0.322380
v 0.032590 0.247366 0.325085
v 0.041460 0.252375 0.327477
v 0.030478 0.231426 0.283173
v 0.026440 0.237737 0.286867
v 0.025038 0.253735 0.270798
v 0.025420 0.258053 0.282766
v 0.027507 0.254772 0.297966
v 0.032604 0.260616 0.301327
v 0.041435 0.265339 0.304123
v 0.049769 0.266396 0.304668
v 0.028047 0.251354 0.260323
v 0.027505 0.270565 0.275044
v 0.032670 0.276127 0.278919
v 0.041439 0.280498 0.282169
v 0.049769 0.288076 0.274056
v 0.028030 0.270966 0.237137
v 0.025133 0.285019 0.233322
v 0.024995 0.291695 0.238909
v 0.027509 0.288509 0.253666
v 0.032577 0.293678 0.257980
v 0.041485 0.297680 0.261761
v 0.028036 0.292503 0.216072
v 0.025118 0.320157 0.214489
v 0.028440 0.309395 0.235825
v 0.035912 0.314877 0.240978
v 0.043528 0.317158 0.243420
v 0.049769 0.325783 0.236614
v 0.028016 0.316078 0.197090
v 0.025130 0.330608 0.196045
v 0.027501 0.330070 0.216667
v 0.034073 0.335064 0.223209
v 0.043544 0.337929 0.226727
v 0.028064 0.341316 0.180527
v 0.024855 0.375547 0.178763
v 0.025420 0.363377 0.189457
v 0.027509 0.353435 0.201428
v 0.034122 0.357670 0.208374
v 0.043525 0.360210 0.212143
v 0.049769 0.360586 0.212728
v 0.028059 0.367969 0.166447
v 0.025130 0.382519 0.168234
v 0.028431 0.378506 0.190264
v 0.035852 0.382294 0.196659
v 0.043538 0.383812 0.199755
v 0.049769 0.394011 0.195699
v 0.029078 0.395004 0.153381
v 0.024927 0.433980 0.160155
v 0.028438 0.404139 0.179750
v 0.035872 0.407337 0.186522
v 0.043511 0.408455 0.189706
v 0.042521 0.431177 0.132958
v 0.033441 0.423565 0.140043
v 0.028073 0.424805 0.146346
v 0.025131 0.438802 0.150897
v 0.027517 0.430551 0.169839
v 0.034073 0.432629 0.177731
v 0.043512 0.433994 0.182087
v 0.049769 0.444797 0.180069
v 0.042520 0.461820 0.127829
v 0.033434 0.453817 0.134101
v 0.028071 0.454494 0.140512
v 0.024997 0.491829 0.153205
v 0.027514 0.457897 0.164436
v 0.034073 0.459226 0.172505
v 0.043521 0.460136 0.176963
v 0.042450 0.492041 0.125729
v 0.033427 0.484462 0.131113
v 0.028069 0.484532 0.137565
v 0.025131 0.497351 0.144709
v 0.024815 0.532867 0.151389
v 0.027515 0.485633 0.161705
v 0.032573 0.486251 0.168370
v 0.039549 0.486558 0.173006
v 0.049693 0.487801 0.175254
v 0.042626 0.530795 0.127278
v 0.035341 0.516155 0.129450
v 0.028069 0.514740 0.137529
v 0.027515 0.513505 0.161663
v 0.032573 0.513471 0.168357
v 0.039549 0.513331 0.173001
v 0.049693 0.514352 0.175358
v 0.049693 0.540771 0.178024
v 0.039550 0.539986 0.175581
v 0.032574 0.540578 0.170972
v 0.027514 0.541247 0.164312
v 0.025420 0.556483 0.161259
v 0.025209 0.556187 0.149541
v 0.028069 0.544821 0.140410
v 0.033427 0.545964 0.134067
v 0.042473 0.554935 0.130391
v 0.049769 0.565812 0.182760
v 0.043521 0.565951 0.182071
v 0.034074 0.566796 0.177601
v 0.027514 0.568606 0.169623
v 0.028069 0.574467 0.146182
v 0.033428 0.576231 0.139977
v 0.042475 0.585322 0.137135
v 0.042626 0.620404 0.149016
v 0.035872 0.777087 0.483349
v 0.032573 0.781655 0.456442
v 0.025810 0.779853 0.363461
v 0.025130 0.765320 0.299214
v 0.028073 0.728599 0.236691
v 0.033439 0.687462 0.191576
v 0.037347 0.662895 0.172218
v 0.042486 0.643909 0.159474
v 0.039575 0.763550 0.535339
v 0.035896 0.772533 0.509934
v 0.027513 0.787634 0.428471
v 0.029111 0.749512 0.258339
v 0.033378 0.711410 0.210781
v 0.042632 0.673620 0.176211
v 0.043600 0.740944 0.583679
v 0.028438 0.784529 0.483498
v 0.027513 0.788352 0.456310
v 0.025450 0.794501 0.430693
v 0.024815 0.798442 0.417473
v 0.025131 0.789316 0.352974
v 0.028083 0.765377 0.284577
v 0.033475 0.733540 0.232487
v 0.042484 0.696648 0.192267
v 0.035836 0.755966 0.561127
v 0.032559 0.768066 0.536904
v 0.028430 0.779938 0.510811
v 0.028037 0.779953 0.310875
v 0.042488 0.720421 0.212299
v 0.041530 0.711136 0.627792
v 0.034091 0.745041 0.585663
v 0.025131 0.802517 0.410372
v 0.028084 0.792152 0.338631
v 0.033415 0.770908 0.281357
v 0.037332 0.755604 0.254265
v 0.042494 0.742161 0.234516
v 0.035857 0.729660 0.608475
v 0.028445 0.763016 0.563477
v 0.027507 0.774437 0.538445
v 0.024966 0.790128 0.513693
v 0.029077 0.803219 0.366478
v 0.033402 0.785904 0.308235
v 0.042893 0.762218 0.259628
v 0.025131 0.804452 0.469229
v 0.028062 0.808046 0.396847
v 0.033449 0.798275 0.336563
v 0.042497 0.778782 0.284660
v 0.043415 0.651123 0.680359
v 0.034119 0.695923 0.650116
v 0.032479 0.715423 0.631256
v 0.028375 0.736297 0.611984
v 0.027495 0.752190 0.589569
v 0.799769 0.000000 0.099769
v 0.799769 -0.000000 0.799769
v 0.765329 -0.000000 0.765329
v 0.765329 0.000000 0.134209
v 0.028069 0.811743 0.426760
v 0.042496 0.793308 0.312111
v 0.035881 0.674850 0.667359
v 0.024928 0.770195 0.573166
v 0.025209 0.795362 0.527538
v 0.028068 0.812502 0.456964
v 0.033427 0.814461 0.395973
v 0.037267 0.810467 0.365143
v 0.042501 0.805143 0.340836
v 0.035928 0.653168 0.683304
v 0.027556 0.720779 0.635681
v 0.025039 0.781938 0.564629
v 0.028071 0.810354 0.487091
v 0.033424 0.818186 0.426502
v 0.042627 0.814651 0.372574
v 0.028500 0.679947 0.672562
v 0.027547 0.701904 0.656006
v 0.024900 0.743835 0.619705
v 0.028057 0.805274 0.516945
v 0.033428 0.818947 0.457357
v 0.042506 0.820317 0.401016
v 0.029872 0.656555 0.687798
v 0.025049 0.706211 0.663056
v 0.025127 0.760525 0.608498
v 0.028067 0.797378 0.546036
v 0.033431 0.816718 0.488041
v 0.042454 0.823488 0.431860
v 0.028018 0.786602 0.574158
v 0.033399 0.811506 0.518555
v 0.042307 0.823657 0.462771
v 0.025900 0.647766 0.702294
v 0.025130 0.725181 0.655602
v 0.028048 0.773338 0.601380
v 0.033387 0.803455 0.548241
v 0.042514 0.820991 0.493919
v 0.024815 0.648798 0.710484
v 0.028085 0.757568 0.627030
v 0.033340 0.792442 0.576920
v 0.042517 0.815294 0.524429
v 0.024991 0.669723 0.702316
v 0.028051 0.739044 0.650940
v 0.033293 0.778763 0.604645
v 0.042518 0.806698 0.554276
v 0.026963 0.695557 0.691345
v 0.029118 0.719925 0.674210
v 0.033596 0.762611 0.631119
v 0.042518 0.795284 0.583145
v 0.033434 0.743851 0.655609
v 0.042521 0.781166 0.610855
v 0.028049 0.671570 0.711014
v 0.042535 0.764732 0.636505
v 0.042634 0.700333 0.704376
v 0.037001 0.649811 0.734345
v 0.042638 0.648498 0.737679
v 0.030579 0.647156 0.729614
v 0.026440 0.643477 0.723144
v 0.029715 0.632522 0.702042
v 0.035800 0.629806 0.696777
v 0.043610 0.628158 0.693909
v 0.045188 0.620972 0.751495
v 0.034912 0.621109 0.746422
v 0.028078 0.618164 0.739082
v 0.025130 0.603725 0.736660
v 0.026482 0.610916 0.718037
v 0.032522 0.606331 0.710686
v 0.041429 0.604248 0.705536
v 0.049769 0.593593 0.708664
v 0.046399 0.592453 0.762135
v 0.034926 0.591926 0.756733
v 0.028064 0.589638 0.749161
v 0.025420 0.570356 0.735214
v 0.027503 0.582847 0.726055
v 0.034054 0.580444 0.718228
v 0.043578 0.578857 0.713949
v 0.046417 0.562401 0.769526
v 0.034958 0.561813 0.764172
v 0.028072 0.560364 0.756472
v 0.025131 0.546705 0.751247
v 0.028444 0.555820 0.730793
v 0.035872 0.553757 0.723669
v 0.043528 0.552975 0.720328
v 0.049769 0.542108 0.721822
v 0.046427 0.531780 0.774011
v 0.034966 0.531174 0.768681
v 0.028068 0.530506 0.760861
v 0.027514 0.528253 0.736803
v 0.032574 0.527342 0.730174
v 0.041451 0.526754 0.724649
v 0.049770 0.597282 0.682716
v 0.049768 0.645859 0.655819
v 0.049771 0.687385 0.618919
v 0.049770 0.719849 0.573845
v 0.049770 0.630091 0.233429
v 0.049769 0.594866 0.216204
v 0.049770 0.552793 0.202910
v 0.049770 0.497534 0.197340
v 0.049769 0.458506 0.201112
v 0.049770 0.415702 0.211819
v 0.049769 0.740601 0.374515
v 0.049770 0.724119 0.333580
v 0.049769 0.703130 0.300469
v 0.049770 0.674250 0.267111
v 0.049770 0.741653 0.522774
v 0.049770 0.751771 0.468156
v 0.049770 0.749699 0.412653
v 0.049770 0.273656 0.337990
v 0.049769 0.259399 0.374515
v 0.049770 0.249625 0.417538
v 0.049769 0.248000 0.456716
v 0.049770 0.252726 0.500582
v 0.049770 0.269823 0.553429
v 0.049770 0.407291 0.684572
v 0.049769 0.444871 0.695763
v 0.049770 0.488553 0.701952
v 0.049770 0.543978 0.698350
v 0.049770 0.365709 0.236009
v 0.049769 0.334436 0.259662
v 0.049770 0.303577 0.291203
v 0.049770 0.298062 0.601256
v 0.049770 0.336071 0.641747
v 0.049769 0.367984 0.664534
v 0.772153 0.468574 0.042924
v 0.767872 0.438696 0.042626
v 0.767247 0.454445 0.035342
v 0.750525 0.379602 0.042625
v 0.737716 0.351553 0.042628
v 0.741774 0.365016 0.037115
v 0.721893 0.324307 0.042923
v 0.727417 0.337695 0.037170
v 0.704408 0.299749 0.042628
v 0.709911 0.312427 0.035345
v 0.683710 0.275978 0.042922
v 0.690639 0.288278 0.035341
v 0.661913 0.255168 0.042624
v 0.669161 0.266098 0.035326
v 0.637686 0.236111 0.042627
v 0.645539 0.245995 0.035292
v 0.611098 0.219124 0.042922
v 0.620211 0.228343 0.035302
v 0.290045 0.218029 0.042510
v 0.261852 0.236104 0.042627
v 0.267972 0.234711 0.037076
v 0.235744 0.254562 0.046279
v 0.243199 0.253530 0.036984
v 0.214405 0.275883 0.045005
v 0.220383 0.274655 0.036944
v 0.193215 0.299417 0.046287
v 0.200998 0.297789 0.035194
v 0.175335 0.324632 0.046306
v 0.182646 0.322696 0.035170
v 0.160803 0.351135 0.045003
v 0.165514 0.349627 0.036975
v 0.147592 0.378492 0.046335
v 0.152174 0.378247 0.036857
v 0.137433 0.407492 0.046380
v 0.143019 0.406975 0.035111
v 0.130003 0.437753 0.046401
v 0.135495 0.437040 0.035081
v 0.125498 0.468589 0.046423
v 0.130913 0.467695 0.035043
v 0.124595 0.499970 0.045284
v 0.129161 0.499377 0.035172
v 0.234525 0.673047 0.041462
v 0.245278 0.684310 0.049769
v 0.213679 0.641586 0.049769
v 0.271779 0.711149 0.041436
v 0.284503 0.720166 0.049769
v 0.315637 0.741416 0.041447
v 0.329885 0.747818 0.049769
v 0.364641 0.762222 0.043481
v 0.379718 0.766230 0.049769
v 0.415577 0.772651 0.049693
v 0.390291 0.769698 0.041456
v 0.416445 0.775073 0.039551
v 0.443124 0.774920 0.049769
v 0.443204 0.776100 0.041453
v 0.485289 0.772992 0.049769
v 0.469767 0.774978 0.043521
v 0.470336 0.779491 0.034072
v 0.496373 0.772220 0.041450
v 0.497252 0.777718 0.032559
v 0.522014 0.765341 0.049769
v 0.522407 0.766452 0.041476
v 0.523785 0.771816 0.032559
v 0.525936 0.778175 0.027500
v 0.546210 0.757311 0.049693
v 0.548227 0.759010 0.039555
v 0.550592 0.764590 0.030980
v 0.562729 0.770189 0.025812
v 0.585624 0.739436 0.049769
v 0.572265 0.747523 0.041455
v 0.574856 0.752435 0.032622
v 0.577927 0.758306 0.027531
v 0.595304 0.734188 0.043611
v 0.597084 0.737025 0.035729
v 0.601646 0.742958 0.028446
v 0.616773 0.741947 0.025421
v 0.617060 0.749248 0.024815
v 0.629086 0.708883 0.049769
v 0.617219 0.719052 0.043677
v 0.619171 0.721861 0.035828
v 0.624445 0.727095 0.028446
v 0.637585 0.701897 0.043421
v 0.639961 0.704309 0.035969
v 0.644068 0.708136 0.029815
v 0.661953 0.704743 0.025206
v 0.655610 0.682359 0.049769
v 0.656184 0.682804 0.043607
v 0.659777 0.685633 0.034022
v 0.665936 0.690872 0.027560
v 0.689280 0.688951 0.025132
v 0.648516 0.731469 0.025129
v 0.685534 0.708091 0.029070
v 0.671446 0.662380 0.049688
v 0.673943 0.662823 0.039663
v 0.677679 0.665337 0.032450
v 0.683430 0.668971 0.027512
v 0.695681 0.661108 0.025421
v 0.713730 0.642951 0.024815
v 0.704556 0.684324 0.029090
v 0.686085 0.640206 0.049658
v 0.688653 0.640427 0.039507
v 0.692732 0.642508 0.032599
v 0.698641 0.645590 0.027475
v 0.715807 0.647983 0.025040
v 0.719399 0.658260 0.028071
v 0.724797 0.661619 0.033470
v 0.705620 0.601631 0.049769
v 0.700267 0.616293 0.041486
v 0.705320 0.618703 0.032541
v 0.711533 0.620904 0.027556
v 0.722053 0.610861 0.025421
v 0.733616 0.612813 0.025209
v 0.733391 0.631271 0.028056
v 0.739152 0.634130 0.033508
v 0.709849 0.591500 0.043532
v 0.713093 0.592676 0.035755
v 0.718555 0.594293 0.029805
v 0.729601 0.583403 0.026065
v 0.744755 0.603159 0.028070
v 0.750745 0.605780 0.033466
v 0.753920 0.607017 0.038726
v 0.183000 0.674981 0.033437
v 0.177183 0.675216 0.042530
v 0.195205 0.700496 0.042532
v 0.138605 0.470190 0.028069
v 0.137182 0.500360 0.028069
v 0.146853 0.463875 0.025062
v 0.144817 0.517296 0.025209
v 0.160606 0.441028 0.025450
v 0.152551 0.498676 0.024900
v 0.162649 0.472589 0.027512
v 0.161343 0.500433 0.027513
v 0.170804 0.473237 0.034071
v 0.168033 0.500143 0.032571
v 0.173591 0.500107 0.041454
v 0.175350 0.473421 0.043521
v 0.174694 0.489058 0.049769
v 0.142940 0.440311 0.028074
v 0.157200 0.416420 0.024990
v 0.167925 0.396683 0.024815
v 0.166637 0.444992 0.027514
v 0.173255 0.445999 0.032579
v 0.177832 0.446819 0.039548
v 0.180310 0.446150 0.049693
v 0.150137 0.410942 0.028071
v 0.173266 0.417930 0.027511
v 0.179756 0.419497 0.032602
v 0.184238 0.420809 0.039554
v 0.186766 0.420395 0.049693
v 0.156990 0.381042 0.030501
v 0.163824 0.383577 0.026440
v 0.183160 0.376114 0.025420
v 0.182480 0.391618 0.027515
v 0.190104 0.394591 0.034065
v 0.194407 0.396084 0.043533
v 0.195071 0.396299 0.049769
v 0.171019 0.354494 0.029087
v 0.185479 0.347614 0.025132
v 0.194163 0.366345 0.027528
v 0.200251 0.369173 0.032570
v 0.204406 0.371275 0.039582
v 0.206952 0.371355 0.049656
v 0.188135 0.329042 0.028056
v 0.210195 0.326063 0.025118
v 0.212752 0.328979 0.026015
v 0.211372 0.344051 0.029759
v 0.216275 0.347108 0.035846
v 0.219136 0.348946 0.043545
v 0.225675 0.340099 0.049769
v 0.205867 0.304534 0.028072
v 0.219671 0.299685 0.025132
v 0.248223 0.277536 0.024815
v 0.227560 0.321785 0.029794
v 0.232112 0.325269 0.035781
v 0.234789 0.327385 0.043437
v 0.224289 0.280869 0.029099
v 0.249559 0.284723 0.025420
v 0.243097 0.298882 0.027507
v 0.249063 0.304415 0.034086
v 0.252448 0.307435 0.043491
v 0.252980 0.307909 0.049769
v 0.246468 0.260120 0.029052
v 0.262318 0.258845 0.025209
v 0.263442 0.279805 0.027526
v 0.267948 0.284749 0.032522
v 0.271032 0.288262 0.039530
v 0.273398 0.289283 0.049694
v 0.270555 0.241608 0.029073
v 0.295479 0.237565 0.025040
v 0.294649 0.250267 0.025420
v 0.285563 0.262868 0.027522
v 0.289573 0.268319 0.032517
v 0.292313 0.272005 0.039509
v 0.294564 0.273249 0.049695
v 0.294616 0.221214 0.033443
v 0.297570 0.226975 0.028069
v 0.346991 0.217958 0.024815
v 0.309220 0.248128 0.027514
v 0.312742 0.253879 0.032553
v 0.315095 0.257862 0.039583
v 0.317172 0.259322 0.049691
v 0.317854 0.204012 0.042508
v 0.322190 0.207556 0.033413
v 0.324573 0.213576 0.028077
v 0.339078 0.215319 0.025209
v 0.345520 0.225118 0.025420
v 0.334186 0.235755 0.027516
v 0.337122 0.241781 0.032573
v 0.339071 0.245982 0.039564
v 0.341016 0.247648 0.049693
v 0.346846 0.192721 0.042504
v 0.351017 0.196611 0.033414
v 0.352827 0.202826 0.028069
v 0.376964 0.204403 0.025040
v 0.360235 0.225827 0.027522
v 0.362882 0.233566 0.034073
v 0.364546 0.237804 0.043537
v 0.364790 0.238459 0.049769
v 0.376812 0.184264 0.042501
v 0.380840 0.188506 0.033428
v 0.381971 0.194847 0.028072
v 0.415398 0.205330 0.025049
v 0.387160 0.220397 0.028440
v 0.389483 0.227464 0.035865
v 0.390244 0.230798 0.043525
v 0.401105 0.229044 0.049769
v 0.407455 0.178721 0.042498
v 0.411200 0.183308 0.033428
v 0.411735 0.189735 0.028069
v 0.425108 0.195555 0.025209
v 0.414584 0.213733 0.027513
v 0.415707 0.221831 0.034074
v 0.416509 0.226310 0.043524
v 0.438507 0.176243 0.042262
v 0.441933 0.181064 0.033425
v 0.441858 0.187515 0.028068
v 0.464523 0.195928 0.025040
v 0.489835 0.202501 0.024815
v 0.442368 0.211672 0.027514
v 0.442713 0.219844 0.034074
v 0.443077 0.224377 0.043518
v 0.443124 0.225080 0.049769
v 0.469637 0.176586 0.042428
v 0.472771 0.181796 0.033427
v 0.472045 0.188210 0.028067
v 0.485206 0.208156 0.025420
v 0.470232 0.212303 0.027514
v 0.470026 0.218991 0.032570
v 0.469667 0.224540 0.041454
v 0.480613 0.226441 0.049769
v 0.500613 0.179964 0.042488
v 0.503360 0.185498 0.033425
v 0.502042 0.191814 0.028068
v 0.513021 0.201556 0.025131
v 0.497889 0.215618 0.027513
v 0.496663 0.223705 0.034072
v 0.496155 0.228227 0.043520
v 0.531107 0.186326 0.042485
v 0.533424 0.192137 0.033430
v 0.531546 0.198296 0.028069
v 0.540616 0.220401 0.025420
v 0.524279 0.223333 0.028440
v 0.523000 0.230662 0.035869
v 0.522177 0.233975 0.043520
v 0.522014 0.234659 0.049769
v 0.560867 0.195593 0.042482
v 0.562814 0.201662 0.033432
v 0.560278 0.207598 0.028068
v 0.569170 0.219265 0.025131
v 0.586066 0.236073 0.024927
v 0.550629 0.231815 0.028440
v 0.548653 0.238985 0.035868
v 0.547503 0.242199 0.043519
v 0.557546 0.246682 0.049769
v 0.589603 0.207677 0.042478
v 0.591063 0.213964 0.033424
v 0.587947 0.219617 0.028066
v 0.576032 0.242789 0.028440
v 0.573392 0.249751 0.035867
v 0.571921 0.252833 0.043524
v 0.614431 0.234290 0.028071
v 0.620891 0.247439 0.025131
v 0.631294 0.264657 0.024900
v 0.601591 0.254749 0.027511
v 0.597391 0.261781 0.034065
v 0.595214 0.265782 0.043531
v 0.604208 0.272109 0.049769
v 0.639277 0.251434 0.028066
v 0.623106 0.271832 0.028446
v 0.619108 0.278151 0.035903
v 0.617132 0.280901 0.043529
v 0.662367 0.270844 0.028048
v 0.666227 0.285022 0.025131
v 0.660146 0.294647 0.025420
v 0.644297 0.289621 0.028435
v 0.639758 0.295546 0.035859
v 0.637502 0.298078 0.043556
v 0.645118 0.306027 0.049769
v 0.683458 0.292379 0.028078
v 0.691014 0.326392 0.024899
v 0.665336 0.308316 0.027540
v 0.660585 0.313095 0.032554
v 0.656417 0.316787 0.041474
v 0.702449 0.316002 0.028082
v 0.703495 0.330609 0.025131
v 0.682857 0.330204 0.027508
v 0.677623 0.334325 0.032583
v 0.673137 0.337598 0.041443
v 0.678742 0.347170 0.049769
v 0.720471 0.340062 0.029093
v 0.707733 0.361762 0.025866
v 0.695206 0.355474 0.029798
v 0.690305 0.358509 0.035828
v 0.687401 0.360194 0.043542
v 0.736316 0.366718 0.030472
v 0.729756 0.369897 0.026440
v 0.734437 0.392088 0.025039
v 0.731611 0.407356 0.024997
v 0.711161 0.378098 0.027501
v 0.705211 0.381078 0.032585
v 0.700189 0.383523 0.041447
v 0.703839 0.394011 0.049769
v 0.758207 0.400315 0.042450
v 0.750672 0.394025 0.033380
v 0.744517 0.395952 0.028053
v 0.745087 0.446169 0.024815
v 0.721695 0.403876 0.027517
v 0.715482 0.406429 0.032585
v 0.710256 0.408236 0.041465
v 0.761385 0.424132 0.035338
v 0.753190 0.424908 0.028075
v 0.748639 0.438792 0.025131
v 0.727777 0.430668 0.028441
v 0.720757 0.433146 0.035876
v 0.717454 0.433979 0.043510
v 0.716778 0.434188 0.049769
v 0.759022 0.454470 0.028068
v 0.742384 0.471626 0.025420
v 0.733174 0.457812 0.028439
v 0.725945 0.459548 0.035866
v 0.722576 0.460133 0.043516
v 0.723539 0.471094 0.049769
v 0.773809 0.492038 0.042450
v 0.768420 0.484463 0.033422
v 0.761974 0.484550 0.028069
v 0.754831 0.497354 0.025131
v 0.737836 0.485645 0.027514
v 0.731168 0.486239 0.032574
v 0.725619 0.486553 0.041454
v 0.772260 0.530797 0.042626
v 0.770090 0.516154 0.035343
v 0.762006 0.514750 0.028068
v 0.744354 0.537982 0.024943
v 0.736001 0.513054 0.028437
v 0.728567 0.513398 0.035868
v 0.725154 0.513283 0.043514
v 0.724448 0.513286 0.049769
v 0.720375 0.550583 0.049769
v 0.722587 0.539794 0.043524
v 0.725972 0.540268 0.035851
v 0.733404 0.540604 0.028433
v 0.749656 0.556016 0.025131
v 0.759128 0.544804 0.028070
v 0.767044 0.546926 0.035342
v 0.768125 0.559620 0.042910
v 0.717471 0.565965 0.043512
v 0.720795 0.566616 0.035866
v 0.728164 0.567740 0.028434
v 0.753358 0.574429 0.028078
v 0.759567 0.576317 0.033432
v 0.762403 0.585324 0.042475
v 0.751088 0.618736 0.042881
v 0.443090 0.781659 0.032573
v 0.498742 0.784233 0.027509
v 0.600329 0.765344 0.025130
v 0.662880 0.728701 0.028050
v 0.740066 0.643902 0.042498
v 0.339702 0.752781 0.043522
v 0.415875 0.779691 0.032576
v 0.471098 0.787636 0.027512
v 0.522769 0.787939 0.024927
v 0.639817 0.747984 0.028136
v 0.710265 0.688850 0.037428
v 0.724943 0.671078 0.042488
v 0.363735 0.765501 0.035829
v 0.389132 0.775151 0.032573
v 0.443233 0.788353 0.027512
v 0.536786 0.791729 0.025039
v 0.615020 0.765457 0.028059
v 0.667163 0.733513 0.033302
v 0.690798 0.713337 0.037408
v 0.705489 0.698957 0.042637
v 0.293224 0.726968 0.043580
v 0.338248 0.755873 0.035838
v 0.415432 0.786377 0.027511
v 0.469942 0.796537 0.024900
v 0.559250 0.788675 0.026440
v 0.588489 0.780041 0.028059
v 0.643589 0.753494 0.033348
v 0.686216 0.721383 0.042892
v 0.361982 0.770983 0.029759
v 0.387916 0.781723 0.027516
v 0.428474 0.793215 0.025421
v 0.489171 0.802518 0.025131
v 0.618235 0.770830 0.033392
v 0.664998 0.742159 0.042498
v 0.252493 0.692613 0.043485
v 0.291326 0.729767 0.035829
v 0.313092 0.746353 0.032581
v 0.336115 0.762991 0.028431
v 0.532251 0.801517 0.028057
v 0.562135 0.795387 0.030484
v 0.591386 0.785933 0.033461
v 0.640852 0.761678 0.042498
v 0.373152 0.781766 0.026065
v 0.367140 0.788589 0.024815
v 0.430311 0.804451 0.025131
v 0.502855 0.808062 0.028063
v 0.614872 0.778760 0.042494
v 0.219174 0.651124 0.043525
v 0.250078 0.694971 0.035844
v 0.268094 0.715387 0.032600
v 0.287997 0.734468 0.029760
v 0.309968 0.752213 0.027507
v 0.345520 0.774882 0.025421
v 0.472775 0.811742 0.028071
v 0.533591 0.807804 0.033407
v 0.563960 0.800872 0.037218
v 0.587415 0.793321 0.042504
v 0.371986 0.795372 0.025209
v 0.442576 0.812503 0.028069
v 0.503681 0.814461 0.033409
v 0.558115 0.805233 0.042892
v 0.216349 0.653059 0.035828
v 0.230218 0.676570 0.032645
v 0.245991 0.699090 0.029755
v 0.264148 0.720728 0.027518
v 0.295781 0.748093 0.026065
v 0.334932 0.781943 0.025041
v 0.412456 0.810359 0.028070
v 0.472976 0.818183 0.033426
v 0.528978 0.814172 0.042504
v 0.276780 0.741481 0.024927
v 0.382648 0.805279 0.028076
v 0.442183 0.818939 0.033425
v 0.498516 0.820319 0.042507
v 0.210520 0.657665 0.028432
v 0.230868 0.688544 0.027425
v 0.291046 0.760540 0.025131
v 0.353513 0.797431 0.028078
v 0.411505 0.816732 0.033429
v 0.467676 0.823488 0.042454
v 0.233216 0.702802 0.024996
v 0.325163 0.786730 0.028049
v 0.380878 0.811483 0.033415
v 0.436769 0.823658 0.042307
v 0.204636 0.673265 0.024815
v 0.243945 0.725183 0.025131
v 0.298075 0.773331 0.028042
v 0.351408 0.803463 0.033441
v 0.405631 0.820992 0.042514
v 0.196361 0.649040 0.025421
v 0.271649 0.759125 0.029093
v 0.322268 0.792474 0.033422
v 0.375087 0.815290 0.042515
v 0.204525 0.681452 0.025132
v 0.248450 0.739099 0.028038
v 0.294850 0.778942 0.033363
v 0.345254 0.806698 0.042517
v 0.226315 0.718631 0.028060
v 0.316365 0.795288 0.042524
v 0.206306 0.696066 0.028046
v 0.244222 0.744013 0.033424
v 0.266903 0.764693 0.037146
v 0.288706 0.781153 0.042523
v 0.188514 0.671591 0.028069
v 0.221547 0.722943 0.033355
v 0.263627 0.765051 0.042900
v 0.201067 0.699867 0.033409
v 0.238513 0.745667 0.042543
v 0.216089 0.724504 0.042491
v 0.161523 0.648059 0.042500
v 0.167347 0.648391 0.033427
v 0.173151 0.645599 0.028069
v 0.174231 0.630952 0.025131
v 0.194577 0.634389 0.027520
v 0.200354 0.631012 0.032567
v 0.205276 0.628437 0.041451
v 0.147579 0.621704 0.046411
v 0.153124 0.621083 0.034934
v 0.160394 0.618210 0.028068
v 0.164573 0.583689 0.024900
v 0.179013 0.610240 0.026065
v 0.186007 0.607617 0.029767
v 0.191249 0.605249 0.035862
v 0.194426 0.603984 0.043520
v 0.190877 0.593599 0.049769
v 0.137387 0.592477 0.046416
v 0.142810 0.591875 0.034946
v 0.150340 0.589743 0.028070
v 0.154208 0.575583 0.025131
v 0.175438 0.582712 0.028438
v 0.182336 0.579918 0.035865
v 0.185585 0.578866 0.043519
v 0.130014 0.562411 0.046422
v 0.135362 0.561800 0.034959
v 0.143073 0.560401 0.028070
v 0.160544 0.544806 0.025868
v 0.170254 0.554963 0.029761
v 0.177079 0.553571 0.037591
v 0.179897 0.551737 0.049693
v 0.125528 0.531780 0.046428
v 0.130858 0.531167 0.034967
v 0.138675 0.530528 0.028070
v 0.162731 0.528271 0.027512
v 0.170859 0.527334 0.034073
v 0.175356 0.526638 0.043521
v 0.176053 0.526541 0.049769
v 0.214966 0.407292 0.049770
v 0.203775 0.444872 0.049769
v 0.197587 0.488556 0.049770
v 0.201189 0.543984 0.049770
v 0.216822 0.597275 0.049770
v 0.235004 0.632016 0.049769
v 0.261034 0.667649 0.049770
v 0.289506 0.694597 0.049769
v 0.325681 0.719840 0.049770
v 0.677006 0.390043 0.049770
v 0.647456 0.343011 0.049770
v 0.608344 0.303581 0.049770
v 0.561550 0.273655 0.049770
v 0.346113 0.269822 0.049770
v 0.298286 0.298062 0.049770
v 0.257792 0.336080 0.049770
v 0.235004 0.367985 0.049769
v 0.509347 0.254690 0.049770
v 0.454257 0.247598 0.049770
v 0.398956 0.252726 0.049770
v 0.679105 0.605502 0.049770
v 0.692353 0.568596 0.049769
v 0.700938 0.525314 0.049770
v 0.700396 0.469784 0.049770
v 0.692353 0.431404 0.049769
v 0.540588 0.735540 0.049770
v 0.589900 0.709976 0.049771
v 0.632427 0.674265 0.049770
v 0.656936 0.643646 0.049769
v 0.361375 0.736090 0.049769
v 0.403797 0.748220 0.049770
v 0.442823 0.752000 0.049769
v 0.486886 0.749698 0.049770
v 0.854364 0.764824 0.261215
v 0.862106 0.781006 0.292664
v 0.860812 0.765354 0.266609
v 0.854427 0.622513 0.750977
v 0.853385 0.590469 0.762474
v 0.862179 0.607010 0.753327
v 0.854816 0.561294 0.768833
v 0.862356 0.577316 0.762051
v 0.853331 0.529877 0.773953
v 0.862352 0.546821 0.768042
v 0.855556 0.500025 0.774246
v 0.864175 0.516186 0.770104
v 0.855560 0.468906 0.772726
v 0.864153 0.485252 0.770197
v 0.855614 0.438255 0.768276
v 0.864156 0.454452 0.767292
v 0.854578 0.378998 0.751381
v 0.855619 0.351303 0.738197
v 0.864181 0.365799 0.741119
v 0.855532 0.324341 0.722603
v 0.862310 0.337448 0.727394
v 0.854640 0.299133 0.705124
v 0.854732 0.275528 0.684586
v 0.862326 0.287231 0.691208
v 0.854981 0.254280 0.662186
v 0.862381 0.264892 0.669281
v 0.853229 0.234421 0.638367
v 0.854749 0.218445 0.611870
v 0.862389 0.227257 0.620209
v 0.853351 0.203316 0.583832
v 0.864241 0.213200 0.593193
v 0.854715 0.192850 0.555649
v 0.864257 0.200703 0.564880
v 0.854703 0.184171 0.525967
v 0.864262 0.191006 0.535553
v 0.853333 0.177556 0.494864
v 0.862448 0.183093 0.504849
v 0.853325 0.174722 0.464030
v 0.862459 0.179269 0.474034
v 0.853318 0.174834 0.433058
v 0.864293 0.179401 0.443742
v 0.854646 0.178437 0.403155
v 0.864300 0.181479 0.412861
v 0.853302 0.183850 0.371855
v 0.862492 0.185731 0.381382
v 0.854626 0.193052 0.343174
v 0.864334 0.194511 0.352417
v 0.853286 0.204264 0.313492
v 0.864337 0.205307 0.323448
v 0.853280 0.218536 0.286015
v 0.864372 0.218906 0.295654
v 0.853276 0.235371 0.260033
v 0.862570 0.234758 0.267988
v 0.853257 0.254564 0.235758
v 0.864388 0.253727 0.244492
v 0.854562 0.275907 0.214399
v 0.862491 0.274557 0.220335
v 0.853243 0.299412 0.193224
v 0.862594 0.297853 0.199719
v 0.853236 0.324654 0.175345
v 0.862568 0.322861 0.181355
v 0.854504 0.351219 0.160827
v 0.864429 0.349350 0.166826
v 0.853205 0.378502 0.147598
v 0.864522 0.378185 0.153355
v 0.853158 0.407509 0.137429
v 0.864426 0.406971 0.143007
v 0.853135 0.437750 0.130002
v 0.864458 0.436998 0.135495
v 0.853114 0.468594 0.125499
v 0.862655 0.468219 0.129821
v 0.854254 0.499969 0.124595
v 0.864366 0.499378 0.129162
v 0.858082 0.673016 0.234500
v 0.849769 0.684307 0.245281
v 0.849769 0.641586 0.213678
v 0.855977 0.740948 0.315804
v 0.849769 0.747820 0.329876
v 0.849847 0.725544 0.292801
v 0.856031 0.762226 0.364594
v 0.849769 0.761541 0.364790
v 0.849845 0.772651 0.415579
v 0.849845 0.768079 0.389427
v 0.859995 0.775079 0.416418
v 0.849769 0.774920 0.443124
v 0.858083 0.776099 0.443204
v 0.849769 0.772991 0.485291
v 0.856019 0.774978 0.469771
v 0.863675 0.778381 0.470057
v 0.858086 0.772218 0.496380
v 0.866953 0.777679 0.497334
v 0.849883 0.765421 0.520928
v 0.860036 0.767363 0.522625
v 0.867004 0.771832 0.523932
v 0.872030 0.778189 0.526032
v 0.849769 0.751438 0.561867
v 0.858078 0.758186 0.547829
v 0.866972 0.763386 0.549791
v 0.872010 0.769468 0.552330
v 0.855968 0.747120 0.571976
v 0.865480 0.751100 0.574219
v 0.872079 0.758457 0.577973
v 0.874118 0.769525 0.567178
v 0.849769 0.733604 0.594870
v 0.855918 0.734177 0.595238
v 0.863876 0.737156 0.597252
v 0.869846 0.741914 0.600367
v 0.873714 0.743431 0.612457
v 0.874724 0.749252 0.617066
v 0.849847 0.719009 0.615738
v 0.859946 0.720093 0.618050
v 0.866904 0.723736 0.620865
v 0.872127 0.723526 0.632980
v 0.849768 0.690605 0.648407
v 0.856089 0.701904 0.637573
v 0.863960 0.704449 0.640137
v 0.869690 0.708357 0.643883
v 0.874421 0.706727 0.661698
v 0.855906 0.682762 0.656128
v 0.863886 0.685200 0.658836
v 0.869893 0.688837 0.663288
v 0.873710 0.686783 0.675232
v 0.874409 0.688904 0.689270
v 0.874409 0.731445 0.648438
v 0.871463 0.706940 0.683930
v 0.849848 0.662369 0.671448
v 0.859991 0.662819 0.673958
v 0.866962 0.665516 0.677775
v 0.872086 0.669372 0.683487
v 0.874640 0.651871 0.705261
v 0.870458 0.684143 0.704514
v 0.849769 0.639414 0.686811
v 0.855972 0.639755 0.687409
v 0.863675 0.641403 0.690395
v 0.871048 0.644497 0.697079
v 0.874409 0.639435 0.721024
v 0.871475 0.658478 0.719574
v 0.866176 0.661468 0.724991
v 0.849769 0.601623 0.705618
v 0.855968 0.616119 0.699803
v 0.863687 0.617561 0.702931
v 0.869678 0.619739 0.708080
v 0.873629 0.610947 0.720535
v 0.870432 0.631866 0.735260
v 0.862163 0.635330 0.741799
v 0.856047 0.591469 0.709839
v 0.863675 0.592575 0.713083
v 0.869743 0.594280 0.718523
v 0.874724 0.561516 0.743584
v 0.874500 0.594147 0.739288
v 0.873094 0.585968 0.747101
v 0.869053 0.604690 0.747917
v 0.870461 0.470293 0.136733
v 0.871472 0.500357 0.137188
v 0.874500 0.477905 0.146146
v 0.874331 0.517284 0.144822
v 0.873727 0.453354 0.160664
v 0.874639 0.498639 0.152549
v 0.872027 0.472687 0.162647
v 0.872027 0.500429 0.161345
v 0.865467 0.473213 0.170804
v 0.866966 0.500141 0.168032
v 0.858082 0.500107 0.173592
v 0.856017 0.473419 0.175350
v 0.849769 0.489058 0.174695
v 0.871472 0.440201 0.142918
v 0.874409 0.429626 0.152947
v 0.874724 0.396698 0.167931
v 0.869778 0.445511 0.170166
v 0.863684 0.446533 0.175827
v 0.856018 0.447044 0.179196
v 0.849769 0.436417 0.181921
v 0.871477 0.411095 0.150127
v 0.873516 0.403839 0.173721
v 0.869781 0.418655 0.176743
v 0.863684 0.420273 0.182251
v 0.856023 0.421196 0.185566
v 0.871470 0.382553 0.160194
v 0.874331 0.373688 0.171715
v 0.873729 0.372620 0.186066
v 0.869808 0.392853 0.185799
v 0.861943 0.395401 0.192295
v 0.849846 0.395390 0.195681
v 0.871479 0.355118 0.172890
v 0.874501 0.339325 0.191269
v 0.869761 0.367493 0.197388
v 0.863636 0.370346 0.202637
v 0.856039 0.371872 0.205620
v 0.849769 0.362476 0.211292
v 0.870449 0.328247 0.186371
v 0.874544 0.327148 0.208969
v 0.872040 0.342194 0.208527
v 0.865483 0.346756 0.215241
v 0.855991 0.348938 0.219109
v 0.870471 0.303757 0.204186
v 0.874409 0.299698 0.219681
v 0.874724 0.277550 0.248215
v 0.871104 0.321381 0.225708
v 0.863749 0.325119 0.232193
v 0.856091 0.327385 0.234787
v 0.849769 0.327799 0.235359
v 0.870458 0.280807 0.224297
v 0.873731 0.282593 0.253479
v 0.872038 0.299011 0.243103
v 0.865484 0.304504 0.249115
v 0.855976 0.307426 0.252449
v 0.849769 0.300026 0.260574
v 0.871449 0.261276 0.247803
v 0.874077 0.252960 0.267639
v 0.869736 0.282547 0.266235
v 0.863640 0.286743 0.269775
v 0.855947 0.289299 0.271942
v 0.869081 0.240051 0.270287
v 0.874501 0.237610 0.295532
v 0.873669 0.252747 0.293182
v 0.869806 0.265716 0.287598
v 0.863655 0.270187 0.291321
v 0.855975 0.273132 0.293137
v 0.849769 0.273679 0.293551
v 0.871475 0.226959 0.297592
v 0.874724 0.217960 0.346993
v 0.872028 0.248138 0.309326
v 0.865497 0.255287 0.313110
v 0.856029 0.259041 0.315743
v 0.849769 0.254274 0.325657
v 0.871455 0.213509 0.324661
v 0.874330 0.215317 0.339081
v 0.874118 0.225117 0.345520
v 0.872023 0.235870 0.334045
v 0.865455 0.243172 0.337509
v 0.855994 0.247257 0.339623
v 0.871477 0.202839 0.352936
v 0.874499 0.204399 0.376907
v 0.872019 0.225769 0.360046
v 0.866964 0.232052 0.362564
v 0.858070 0.237373 0.364311
v 0.849769 0.235007 0.375176
v 0.870461 0.193109 0.381249
v 0.874491 0.205325 0.415398
v 0.872026 0.218424 0.386993
v 0.866968 0.224947 0.388718
v 0.858086 0.230349 0.390083
v 0.871472 0.189739 0.411770
v 0.874331 0.195562 0.425121
v 0.872027 0.213725 0.414551
v 0.866965 0.220339 0.415833
v 0.859983 0.224941 0.416313
v 0.849845 0.227090 0.417715
v 0.871474 0.187522 0.441855
v 0.874500 0.195932 0.464508
v 0.874724 0.202501 0.489834
v 0.872114 0.211312 0.460829
v 0.869777 0.215222 0.442654
v 0.863674 0.220964 0.442931
v 0.856020 0.224377 0.443073
v 0.849769 0.225080 0.443124
v 0.870462 0.186343 0.471865
v 0.874118 0.208156 0.485206
v 0.866963 0.218992 0.470039
v 0.858083 0.224541 0.469674
v 0.849769 0.226441 0.480612
v 0.869063 0.188440 0.502747
v 0.873098 0.195668 0.501748
v 0.874678 0.206362 0.526932
v 0.872025 0.215628 0.497719
v 0.866972 0.222270 0.497101
v 0.858081 0.227747 0.496161
v 0.871470 0.198250 0.531555
v 0.873670 0.220894 0.537796
v 0.869780 0.225101 0.524460
v 0.863674 0.230654 0.522957
v 0.856016 0.233975 0.522167
v 0.849769 0.234659 0.522014
v 0.871472 0.207580 0.560181
v 0.874408 0.219314 0.569199
v 0.872025 0.230064 0.551849
v 0.866970 0.236511 0.549477
v 0.859989 0.240898 0.547978
v 0.849845 0.243455 0.548218
v 0.871470 0.219734 0.587830
v 0.873671 0.242943 0.589890
v 0.869773 0.244568 0.575729
v 0.863677 0.249775 0.573380
v 0.856019 0.252847 0.571940
v 0.849769 0.258268 0.581495
v 0.869065 0.231499 0.616516
v 0.873098 0.243660 0.623413
v 0.874500 0.253784 0.628723
v 0.874640 0.264664 0.631317
v 0.872027 0.254715 0.601502
v 0.866960 0.260666 0.598312
v 0.858089 0.265341 0.595448
v 0.862423 0.244797 0.645798
v 0.869101 0.248749 0.641388
v 0.872115 0.282028 0.639282
v 0.869776 0.273392 0.622360
v 0.863663 0.278152 0.619179
v 0.856030 0.280917 0.617150
v 0.849769 0.281491 0.616739
v 0.870481 0.269119 0.663422
v 0.874408 0.285034 0.666199
v 0.874118 0.294646 0.660146
v 0.865445 0.294544 0.640343
v 0.856006 0.298089 0.637500
v 0.849769 0.306025 0.645113
v 0.870465 0.291122 0.684525
v 0.874640 0.326385 0.691071
v 0.872019 0.308060 0.665207
v 0.866946 0.313019 0.660431
v 0.858067 0.316777 0.656409
v 0.862340 0.311584 0.710449
v 0.869049 0.314011 0.705322
v 0.873098 0.318528 0.699544
v 0.874500 0.339386 0.708374
v 0.872015 0.330444 0.682770
v 0.866917 0.334190 0.677631
v 0.859951 0.337077 0.673875
v 0.849844 0.339359 0.672707
v 0.870459 0.340149 0.720459
v 0.873727 0.367798 0.711121
v 0.872033 0.353271 0.698189
v 0.866959 0.357036 0.692482
v 0.860009 0.359482 0.688593
v 0.849846 0.361614 0.687168
v 0.871473 0.367828 0.733215
v 0.874408 0.382538 0.731262
v 0.874421 0.388265 0.723933
v 0.869812 0.379791 0.708107
v 0.861923 0.382716 0.701694
v 0.849846 0.385177 0.699423
v 0.854895 0.408523 0.761459
v 0.862408 0.393906 0.753426
v 0.870470 0.394958 0.746193
v 0.874724 0.446182 0.745089
v 0.872117 0.421299 0.727758
v 0.869772 0.405205 0.718390
v 0.861954 0.407600 0.711864
v 0.849884 0.409794 0.709335
v 0.862331 0.423569 0.762302
v 0.869053 0.424271 0.756607
v 0.873098 0.426114 0.749537
v 0.874500 0.448700 0.749859
v 0.874118 0.443517 0.738280
v 0.866980 0.432475 0.723308
v 0.859984 0.433645 0.718800
v 0.849845 0.435280 0.716826
v 0.871471 0.454727 0.759041
v 0.872027 0.457916 0.735103
v 0.865473 0.459223 0.727039
v 0.856024 0.460129 0.722579
v 0.849769 0.471087 0.723539
v 0.871475 0.484489 0.761971
v 0.874330 0.497458 0.755196
v 0.874118 0.500000 0.743756
v 0.871102 0.485357 0.735923
v 0.863677 0.486428 0.728561
v 0.856022 0.486647 0.725151
v 0.871473 0.514686 0.762001
v 0.874500 0.536713 0.751970
v 0.871103 0.513050 0.736001
v 0.863674 0.513392 0.728566
v 0.856023 0.513288 0.725154
v 0.849769 0.513286 0.724448
v 0.849769 0.550579 0.720375
v 0.856022 0.539814 0.722587
v 0.863671 0.540247 0.725971
v 0.871102 0.540604 0.733401
v 0.873725 0.560547 0.736275
v 0.870465 0.544769 0.761000
v 0.856032 0.565941 0.717472
v 0.863704 0.566704 0.720821
v 0.869773 0.567934 0.726411
v 0.869068 0.575546 0.756714
v 0.859969 0.770556 0.390009
v 0.866966 0.781655 0.443101
v 0.869778 0.784101 0.470628
v 0.872033 0.784252 0.498795
v 0.874499 0.769501 0.591156
v 0.870520 0.729706 0.664673
v 0.854712 0.649078 0.738403
v 0.856012 0.752771 0.339684
v 0.868546 0.781137 0.416083
v 0.874612 0.787947 0.522774
v 0.873098 0.762263 0.612672
v 0.871541 0.748657 0.640167
v 0.866039 0.711731 0.688477
v 0.862256 0.689209 0.710037
v 0.857792 0.669266 0.725510
v 0.865487 0.766640 0.363448
v 0.866952 0.775117 0.389093
v 0.872116 0.788881 0.452659
v 0.874410 0.789299 0.546509
v 0.855373 0.699158 0.705826
v 0.863692 0.755949 0.338391
v 0.874639 0.796538 0.469936
v 0.871487 0.780014 0.588562
v 0.869029 0.768631 0.616333
v 0.866133 0.753311 0.643677
v 0.862410 0.735550 0.668991
v 0.857975 0.718323 0.688355
v 0.849845 0.709320 0.271755
v 0.861926 0.728796 0.292051
v 0.863671 0.743978 0.314202
v 0.873053 0.783771 0.388603
v 0.873727 0.791737 0.424179
v 0.874499 0.803004 0.479118
v 0.870454 0.793884 0.562103
v 0.853918 0.746231 0.662338
v 0.856007 0.692592 0.252491
v 0.860041 0.711867 0.271151
v 0.869751 0.761269 0.336266
v 0.872025 0.774448 0.361214
v 0.873098 0.804331 0.501748
v 0.870472 0.803200 0.533234
v 0.866069 0.785904 0.591309
v 0.862320 0.773300 0.619721
v 0.860153 0.757156 0.644714
v 0.869803 0.749084 0.311356
v 0.874724 0.788582 0.367142
v 0.874409 0.804447 0.430317
v 0.853878 0.782181 0.611755
v 0.853767 0.765304 0.637970
v 0.856013 0.651106 0.219161
v 0.865454 0.695927 0.249416
v 0.866956 0.715340 0.268089
v 0.869803 0.734650 0.288124
v 0.873730 0.772316 0.341736
v 0.871471 0.811734 0.472717
v 0.869048 0.811489 0.503220
v 0.862208 0.800926 0.563828
v 0.858047 0.792007 0.588959
v 0.873522 0.748848 0.296295
v 0.874230 0.797541 0.384016
v 0.871476 0.812493 0.442600
v 0.862262 0.810471 0.534271
v 0.853879 0.807762 0.555206
v 0.865454 0.653702 0.215508
v 0.866981 0.676567 0.230171
v 0.872015 0.720673 0.263977
v 0.874500 0.781891 0.334839
v 0.871476 0.810343 0.412560
v 0.866112 0.818197 0.473084
v 0.862277 0.817160 0.503960
v 0.853952 0.816341 0.525406
v 0.872012 0.701797 0.243790
v 0.874612 0.741486 0.276764
v 0.873102 0.790352 0.342377
v 0.871469 0.805302 0.382630
v 0.864109 0.820711 0.441942
v 0.854456 0.821888 0.495155
v 0.872022 0.680878 0.225113
v 0.874501 0.754639 0.282929
v 0.864119 0.818449 0.411003
v 0.860812 0.821582 0.473124
v 0.853155 0.825488 0.463429
v 0.872022 0.658432 0.208725
v 0.874542 0.702728 0.233276
v 0.873098 0.769827 0.299728
v 0.869063 0.800674 0.352341
v 0.866127 0.811537 0.380768
v 0.853155 0.825311 0.432474
v 0.874724 0.673248 0.204636
v 0.874410 0.725098 0.243927
v 0.869108 0.789772 0.323547
v 0.854514 0.821626 0.402657
v 0.874118 0.649039 0.196361
v 0.871458 0.757278 0.272858
v 0.869061 0.776291 0.296112
v 0.862347 0.805946 0.350433
v 0.857420 0.815313 0.376343
v 0.874409 0.681427 0.204559
v 0.870444 0.740875 0.247467
v 0.862328 0.794987 0.321259
v 0.853898 0.807068 0.342407
v 0.871838 0.703964 0.213516
v 0.866127 0.762695 0.268768
v 0.854013 0.795372 0.313629
v 0.869095 0.720749 0.223755
v 0.854368 0.781265 0.286743
v 0.871481 0.671997 0.188355
v 0.862391 0.745895 0.242310
v 0.864231 0.700546 0.199608
v 0.862436 0.724518 0.219605
v 0.864264 0.675461 0.181320
v 0.853975 0.723663 0.213623
v 0.853804 0.745529 0.236206
v 0.854319 0.700424 0.193878
v 0.864490 0.649467 0.166191
v 0.853230 0.648926 0.160118
v 0.871485 0.645477 0.173218
v 0.874408 0.630981 0.174225
v 0.872028 0.634064 0.194901
v 0.866968 0.631081 0.200420
v 0.858084 0.628448 0.205273
v 0.854382 0.675293 0.175995
v 0.853126 0.621704 0.147591
v 0.864608 0.621010 0.153141
v 0.871469 0.618256 0.160423
v 0.874596 0.589676 0.166618
v 0.872024 0.609039 0.182808
v 0.865469 0.605896 0.190308
v 0.856014 0.603983 0.194428
v 0.849769 0.593596 0.190877
v 0.853121 0.592484 0.137386
v 0.864588 0.591843 0.142826
v 0.871470 0.589539 0.150383
v 0.874408 0.575592 0.154209
v 0.871102 0.582687 0.175419
v 0.863675 0.580036 0.182343
v 0.856020 0.578844 0.185585
v 0.853115 0.562401 0.130015
v 0.864578 0.561798 0.135372
v 0.871472 0.560471 0.143089
v 0.873670 0.544823 0.160545
v 0.869779 0.554955 0.170256
v 0.861948 0.553574 0.177076
v 0.849845 0.551736 0.179896
v 0.853109 0.531775 0.125527
v 0.862731 0.531132 0.129801
v 0.870462 0.531052 0.136866
v 0.872026 0.528278 0.162733
v 0.865468 0.527361 0.170857
v 0.856016 0.526637 0.175356
v 0.849769 0.526541 0.176053
v 0.849768 0.597282 0.216827
v 0.849769 0.632016 0.235004
v 0.849768 0.667625 0.261025
v 0.849769 0.694597 0.289506
v 0.849768 0.719829 0.325684
v 0.849768 0.407310 0.214974
v 0.849769 0.444872 0.203775
v 0.849768 0.488559 0.197588
v 0.849768 0.543980 0.201187
v 0.849769 0.736090 0.361375
v 0.849768 0.748219 0.403799
v 0.849769 0.752000 0.442823
v 0.849768 0.749696 0.486883
v 0.849769 0.740601 0.525024
v 0.849768 0.724125 0.565945
v 0.849769 0.703130 0.599069
v 0.849768 0.674244 0.632427
v 0.849769 0.643646 0.656936
v 0.849768 0.605503 0.679106
v 0.849768 0.273659 0.561546
v 0.849768 0.254690 0.509346
v 0.849768 0.247599 0.454257
v 0.849768 0.252726 0.398956
v 0.849769 0.263910 0.361375
v 0.849769 0.568596 0.692353
v 0.849768 0.525314 0.700938
v 0.849768 0.469787 0.700395
v 0.849769 0.431404 0.692353
v 0.849769 0.390015 0.677002
v 0.849768 0.282623 0.321411
v 0.849769 0.305403 0.289506
v 0.849769 0.336075 0.257790
v 0.849769 0.367985 0.235004
v 0.849768 0.343017 0.647453
v 0.849768 0.303574 0.608353
v 0.062710 0.487567 0.675120
v 0.062710 0.438588 0.666947
v 0.062710 0.392582 0.648261
v 0.062710 0.351776 0.619966
v 0.062710 0.318144 0.583433
v 0.062710 0.275078 0.468407
v 0.062710 0.276446 0.418770
v 0.062710 0.304247 0.336751
v 0.062710 0.325784 0.306291
v 0.062710 0.361376 0.271666
v 0.062710 0.392419 0.250976
v 0.062710 0.426717 0.236305
v 0.062710 0.475172 0.225446
v 0.062710 0.512452 0.224076
v 0.062710 0.549354 0.229539
v 0.062710 0.585060 0.240348
v 0.062710 0.657375 0.287997
v 0.062710 0.711364 0.370633
v 0.062710 0.723894 0.480816
v 0.062710 0.715403 0.517142
v 0.062710 0.666047 0.602627
v 0.062710 0.628601 0.635239
v 0.062710 0.537148 0.672385
v 0.074080 0.532615 0.645221
v 0.074080 0.500000 0.648225
v 0.083954 0.509299 0.618315
v 0.083954 0.481402 0.617802
v 0.092294 0.473715 0.584376
v 0.099791 0.488085 0.549434
v 0.099846 0.454688 0.539497
v 0.074080 0.467385 0.645221
v 0.074080 0.425433 0.633358
v 0.083954 0.454068 0.612202
v 0.083954 0.419659 0.598227
v 0.092294 0.434550 0.570709
v 0.074080 0.396074 0.618837
v 0.074080 0.369862 0.599199
v 0.083954 0.389139 0.577065
v 0.092294 0.407118 0.550679
v 0.099794 0.428939 0.520592
v 0.099825 0.414538 0.501955
v 0.074080 0.340334 0.567123
v 0.083954 0.369500 0.557244
v 0.083954 0.353812 0.534171
v 0.092294 0.380909 0.518527
v 0.099778 0.404948 0.482396
v 0.092294 0.368028 0.487096
v 0.062710 0.298318 0.551832
v 0.074080 0.322927 0.539379
v 0.074080 0.310880 0.508921
v 0.083954 0.338894 0.500160
v 0.062710 0.284597 0.517142
v 0.083954 0.331774 0.463709
v 0.092294 0.362538 0.445980
v 0.099809 0.400109 0.458626
v 0.099814 0.401410 0.430592
v 0.074080 0.302522 0.466133
v 0.083954 0.331518 0.435808
v 0.092463 0.370501 0.401956
v 0.074080 0.302222 0.433381
v 0.083954 0.336363 0.408331
v 0.099814 0.412978 0.399616
v 0.062710 0.288636 0.370633
v 0.074080 0.323196 0.360297
v 0.074080 0.340092 0.332237
v 0.083954 0.358684 0.357444
v 0.083954 0.382294 0.328775
v 0.092294 0.396569 0.359703
v 0.074080 0.361828 0.307736
v 0.074080 0.396232 0.280958
v 0.083954 0.403669 0.310840
v 0.083954 0.427959 0.297112
v 0.092294 0.431418 0.330999
v 0.074080 0.425319 0.265901
v 0.074080 0.456667 0.256411
v 0.083954 0.453998 0.287089
v 0.083954 0.481430 0.281992
v 0.092294 0.469928 0.315583
v 0.092464 0.514566 0.312497
v 0.099804 0.499402 0.349167
v 0.074080 0.500000 0.251615
v 0.083954 0.518569 0.281992
v 0.099778 0.530004 0.353857
v 0.074080 0.543332 0.256411
v 0.074080 0.574681 0.265901
v 0.083954 0.554810 0.290113
v 0.083954 0.588397 0.305963
v 0.092294 0.561920 0.327394
v 0.074080 0.638172 0.307736
v 0.074080 0.659909 0.332237
v 0.083954 0.636222 0.349647
v 0.083954 0.650614 0.373550
v 0.092294 0.616835 0.377941
v 0.099812 0.586530 0.398750
v 0.099812 0.598407 0.429609
v 0.062710 0.688942 0.326327
v 0.074080 0.676803 0.360297
v 0.074080 0.692090 0.401125
v 0.083954 0.663637 0.408331
v 0.092294 0.633827 0.419769
v 0.099809 0.599987 0.457471
v 0.062710 0.721844 0.406436
v 0.062710 0.725607 0.443551
v 0.074080 0.697778 0.433381
v 0.074080 0.697477 0.466133
v 0.083954 0.668226 0.463709
v 0.074080 0.689119 0.508921
v 0.083954 0.663886 0.491271
v 0.083954 0.654585 0.517577
v 0.092461 0.619893 0.518269
v 0.099816 0.595276 0.481634
v 0.099778 0.582579 0.507042
v 0.062710 0.695456 0.562616
v 0.074080 0.677073 0.539379
v 0.074080 0.659665 0.567123
v 0.083954 0.636015 0.549740
v 0.092471 0.579040 0.562782
v 0.099809 0.566303 0.525005
v 0.083954 0.610861 0.577065
v 0.099814 0.542936 0.540568
v 0.074080 0.630138 0.599199
v 0.083954 0.580341 0.598227
v 0.074080 0.594311 0.624041
v 0.092463 0.523363 0.585827
v 0.099833 0.513485 0.549148
v 0.062710 0.584930 0.658873
v 0.074080 0.564438 0.637472
v 0.083954 0.545931 0.612202
v 0.074080 0.307909 0.401125
v 0.083954 0.345180 0.381859
v 0.099812 0.437977 0.370277
v 0.099812 0.468962 0.354234
v 0.099810 0.561422 0.369809
v 0.074080 0.603768 0.280958
v 0.092294 0.595888 0.351202
v 0.062710 0.618189 0.257497
v 0.083954 0.617705 0.328775
v 0.083954 0.668482 0.435808
v 0.092294 0.636317 0.464848
v 0.227154 0.462852 0.062710
v 0.240666 0.415070 0.062710
v 0.287750 0.342386 0.062710
v 0.316106 0.318145 0.062710
v 0.406502 0.278493 0.062710
v 0.455988 0.274393 0.062710
v 0.551677 0.298625 0.062710
v 0.593248 0.325784 0.062710
v 0.670000 0.450646 0.062710
v 0.670000 0.549355 0.062710
v 0.653876 0.596321 0.062710
v 0.611542 0.657375 0.062710
v 0.573211 0.688942 0.062710
v 0.455988 0.725607 0.062710
v 0.370512 0.711686 0.062710
v 0.306073 0.674481 0.062710
v 0.279572 0.648224 0.062710
v 0.251279 0.607418 0.062710
v 0.227154 0.537148 0.062710
v 0.281223 0.490701 0.083954
v 0.311975 0.508232 0.092465
v 0.318871 0.459067 0.092294
v 0.350104 0.488088 0.099791
v 0.358708 0.457651 0.099814
v 0.254317 0.467385 0.074080
v 0.266181 0.425433 0.074080
v 0.287336 0.454069 0.083954
v 0.301312 0.419659 0.083954
v 0.336763 0.421643 0.092294
v 0.373769 0.434573 0.099809
v 0.264300 0.371399 0.062710
v 0.280701 0.396074 0.074080
v 0.300340 0.369862 0.074080
v 0.322474 0.389139 0.083954
v 0.332415 0.340335 0.074080
v 0.342294 0.369500 0.083954
v 0.365368 0.353813 0.083954
v 0.367511 0.389151 0.092468
v 0.391867 0.417901 0.099816
v 0.417146 0.404947 0.099778
v 0.412442 0.368028 0.092294
v 0.359109 0.293316 0.062710
v 0.360160 0.322927 0.074080
v 0.390617 0.310880 0.074080
v 0.399379 0.338894 0.083954
v 0.426548 0.332543 0.083954
v 0.453558 0.362538 0.092294
v 0.440054 0.400231 0.099812
v 0.468414 0.401314 0.099813
v 0.454421 0.331262 0.083954
v 0.497582 0.370503 0.092464
v 0.433406 0.302523 0.074080
v 0.466158 0.302222 0.074080
v 0.491208 0.336363 0.083954
v 0.497653 0.411876 0.099832
v 0.539243 0.323197 0.074080
v 0.567302 0.340092 0.074080
v 0.542096 0.358684 0.083954
v 0.570764 0.382294 0.083954
v 0.539835 0.396569 0.092294
v 0.518243 0.426614 0.099792
v 0.534898 0.446995 0.099809
v 0.627873 0.361377 0.062710
v 0.591802 0.361828 0.074080
v 0.612856 0.386918 0.074080
v 0.593575 0.411603 0.083954
v 0.653876 0.403679 0.062710
v 0.628972 0.415433 0.074080
v 0.643128 0.456667 0.074080
v 0.614486 0.463086 0.083954
v 0.647923 0.500000 0.074080
v 0.618572 0.500000 0.083954
v 0.586906 0.484218 0.092465
v 0.583955 0.530072 0.092294
v 0.550372 0.499403 0.099805
v 0.545680 0.530007 0.099778
v 0.675462 0.500000 0.062710
v 0.614486 0.536914 0.083954
v 0.643128 0.543333 0.074080
v 0.606402 0.563619 0.083954
v 0.572145 0.561920 0.092294
v 0.628972 0.584567 0.074080
v 0.593575 0.588397 0.083954
v 0.591802 0.638172 0.074080
v 0.567302 0.659909 0.074080
v 0.549892 0.636222 0.083954
v 0.525990 0.650615 0.083954
v 0.521598 0.616835 0.092294
v 0.505453 0.584078 0.099810
v 0.466527 0.599118 0.099846
v 0.528906 0.711364 0.062710
v 0.539243 0.676803 0.074080
v 0.498413 0.692091 0.074080
v 0.491208 0.663637 0.083954
v 0.493103 0.721844 0.062710
v 0.466158 0.697778 0.074080
v 0.433406 0.697477 0.074080
v 0.435830 0.668226 0.083954
v 0.434690 0.636317 0.092294
v 0.434580 0.599176 0.099794
v 0.411810 0.592660 0.099825
v 0.406502 0.721507 0.062710
v 0.390617 0.689119 0.074080
v 0.399379 0.661106 0.083954
v 0.391245 0.624035 0.092294
v 0.392498 0.582581 0.099778
v 0.365368 0.646187 0.083954
v 0.336922 0.695456 0.062710
v 0.350692 0.671607 0.074080
v 0.342294 0.630500 0.083954
v 0.354142 0.598312 0.092294
v 0.323606 0.653191 0.074080
v 0.322474 0.610861 0.083954
v 0.374527 0.566298 0.099809
v 0.358973 0.542939 0.099814
v 0.300340 0.630138 0.074080
v 0.301312 0.580341 0.083954
v 0.327401 0.561935 0.092294
v 0.280701 0.603926 0.074080
v 0.350389 0.513483 0.099833
v 0.235980 0.573394 0.062710
v 0.266181 0.574567 0.074080
v 0.256117 0.543398 0.074080
v 0.287336 0.545932 0.083954
v 0.281736 0.518598 0.083954
v 0.251916 0.510916 0.074080
v 0.223733 0.500000 0.062710
v 0.498413 0.307909 0.074080
v 0.505174 0.281213 0.062710
v 0.517680 0.345180 0.083954
v 0.568539 0.431418 0.092294
v 0.545303 0.468956 0.099812
v 0.606402 0.436381 0.083954
v 0.531924 0.558123 0.099795
v 0.548337 0.595888 0.092294
v 0.612856 0.613082 0.074080
v 0.570764 0.617705 0.083954
v 0.635521 0.628797 0.062710
v 0.479770 0.633828 0.092294
v 0.463730 0.668482 0.083954
v 0.836828 0.462852 0.227155
v 0.836828 0.415069 0.240666
v 0.836828 0.342386 0.287750
v 0.836828 0.293316 0.359109
v 0.836828 0.278493 0.406502
v 0.836828 0.274393 0.455988
v 0.836828 0.298624 0.551677
v 0.836828 0.325784 0.593248
v 0.836828 0.450645 0.670000
v 0.836828 0.549354 0.670000
v 0.836828 0.596320 0.653876
v 0.836828 0.657375 0.611542
v 0.836828 0.711364 0.528906
v 0.836828 0.725607 0.455988
v 0.836828 0.711686 0.370512
v 0.836828 0.674481 0.306073
v 0.836828 0.648224 0.279573
v 0.836828 0.607418 0.251279
v 0.836828 0.537148 0.227155
v 0.815584 0.490701 0.281223
v 0.807068 0.508257 0.311997
v 0.807072 0.448997 0.321671
v 0.799747 0.488091 0.350104
v 0.799692 0.454685 0.360043
v 0.825459 0.467385 0.254318
v 0.825459 0.425433 0.266181
v 0.815584 0.454068 0.287336
v 0.815584 0.419659 0.301312
v 0.836828 0.371398 0.264300
v 0.825459 0.396074 0.280701
v 0.825459 0.369862 0.300340
v 0.815584 0.389139 0.322475
v 0.807244 0.409687 0.346069
v 0.807244 0.387299 0.371614
v 0.799744 0.428940 0.378952
v 0.799713 0.414528 0.397583
v 0.825459 0.340334 0.332415
v 0.815584 0.369500 0.342294
v 0.815584 0.353812 0.365368
v 0.799760 0.404948 0.417147
v 0.836828 0.318144 0.316106
v 0.807244 0.368028 0.412442
v 0.825459 0.322927 0.360160
v 0.825459 0.310880 0.390617
v 0.815584 0.338894 0.399380
v 0.815584 0.332543 0.426548
v 0.807076 0.363160 0.467960
v 0.799726 0.400231 0.440052
v 0.799725 0.401314 0.468414
v 0.825459 0.302522 0.433406
v 0.825459 0.302222 0.466158
v 0.815584 0.331261 0.454421
v 0.815584 0.336363 0.491208
v 0.799706 0.411877 0.497650
v 0.825459 0.323196 0.539243
v 0.825459 0.340091 0.567302
v 0.815584 0.358684 0.542096
v 0.815584 0.382294 0.570764
v 0.807244 0.396569 0.539836
v 0.799746 0.426615 0.518242
v 0.799729 0.446991 0.534897
v 0.836828 0.361376 0.627873
v 0.825459 0.361828 0.591803
v 0.825459 0.386918 0.612856
v 0.815584 0.411603 0.593575
v 0.836828 0.403679 0.653876
v 0.825459 0.415432 0.628972
v 0.825459 0.456667 0.643128
v 0.815584 0.463086 0.614486
v 0.825459 0.500000 0.647923
v 0.815584 0.500000 0.618572
v 0.807079 0.484171 0.586929
v 0.807244 0.530072 0.583955
v 0.799733 0.499404 0.550371
v 0.799760 0.530010 0.545681
v 0.836828 0.500000 0.675462
v 0.815584 0.536914 0.614486
v 0.825459 0.543332 0.643128
v 0.815584 0.563619 0.606402
v 0.807244 0.561920 0.572145
v 0.825459 0.584567 0.628972
v 0.815584 0.588397 0.593575
v 0.825459 0.638172 0.591803
v 0.825459 0.659909 0.567302
v 0.815584 0.636222 0.549892
v 0.815584 0.650614 0.525990
v 0.807244 0.616835 0.521598
v 0.799729 0.584080 0.505452
v 0.799692 0.599118 0.466529
v 0.836828 0.688942 0.573212
v 0.825459 0.676803 0.539243
v 0.825459 0.692090 0.498413
v 0.815584 0.663637 0.491208
v 0.836828 0.721844 0.493103
v 0.825459 0.697778 0.466158
v 0.825459 0.697477 0.433406
v 0.815584 0.668738 0.454421
v 0.815584 0.665671 0.417408
v 0.807244 0.636317 0.434690
v 0.799744 0.599175 0.434579
v 0.799713 0.592655 0.411797
v 0.836828 0.721507 0.406502
v 0.825459 0.689119 0.390617
v 0.815584 0.658326 0.390491
v 0.807244 0.624035 0.391245
v 0.799760 0.582581 0.392497
v 0.815584 0.646187 0.365368
v 0.836828 0.695456 0.336923
v 0.825459 0.671606 0.350692
v 0.815584 0.630500 0.342294
v 0.807244 0.598312 0.354142
v 0.825459 0.653191 0.323606
v 0.815584 0.610861 0.322475
v 0.799729 0.566299 0.374531
v 0.799724 0.542938 0.358971
v 0.825459 0.630138 0.300340
v 0.815584 0.580341 0.301312
v 0.807244 0.561935 0.327402
v 0.825459 0.603926 0.280701
v 0.799705 0.513485 0.350389
v 0.836828 0.573394 0.235980
v 0.825459 0.574567 0.266181
v 0.825459 0.543398 0.256117
v 0.815584 0.545931 0.287336
v 0.815584 0.518598 0.281736
v 0.825459 0.510916 0.251916
v 0.836828 0.500000 0.223733
v 0.825459 0.307909 0.498413
v 0.807244 0.377302 0.511862
v 0.836828 0.281213 0.505174
v 0.815584 0.345180 0.517680
v 0.807244 0.431418 0.568539
v 0.799726 0.468956 0.545302
v 0.815584 0.436381 0.606402
v 0.799743 0.558119 0.531923
v 0.807244 0.595888 0.548337
v 0.825459 0.613082 0.612856
v 0.815584 0.617705 0.570764
v 0.836828 0.628797 0.635521
v 0.807244 0.633827 0.479770
v 0.099162 0.044707 0.799944
v 0.099769 -0.000000 0.799769
v 0.799956 0.044640 0.800259
v 0.099769 0.040456 0.099769
v 0.099769 0.000000 0.099769
v 0.799916 0.044935 0.099025
v 0.134209 0.000000 0.134209
v 0.134209 -0.000000 0.765329
v 0.365765 0.929080 0.149954
v 0.325723 0.929080 0.164186
v 0.335986 0.942757 0.187814
v 0.372715 0.942758 0.174760
v 0.099614 0.941336 0.799928
v 0.099769 0.910000 0.799769
v 0.099769 0.939443 0.099769
v 0.099769 0.910000 0.099769
v 0.799966 0.943736 0.099274
v 0.799769 0.910000 0.099769
v 0.799954 0.944024 0.800564
v 0.799769 0.910000 0.799769
v 0.775587 0.900000 0.129352
v 0.784698 0.900003 0.142712
v 0.789769 0.900000 0.109769
v 0.789959 0.900110 0.160538
v 0.744670 0.899849 0.110158
v 0.765007 0.900001 0.119639
v 0.449769 0.925000 0.124769
v 0.492166 0.929080 0.141308
v 0.494023 0.925000 0.127796
v 0.533773 0.929080 0.149954
v 0.537453 0.925000 0.136821
v 0.573816 0.929080 0.164186
v 0.579250 0.925000 0.151676
v 0.611547 0.929080 0.183737
v 0.618634 0.925000 0.172083
v 0.646266 0.929080 0.208243
v 0.654873 0.925000 0.197663
v 0.677323 0.929080 0.237249
v 0.687291 0.925000 0.227940
v 0.704141 0.929080 0.270213
v 0.715284 0.925000 0.262348
v 0.726222 0.929080 0.306523
v 0.738332 0.925000 0.300248
v 0.743153 0.929080 0.345501
v 0.756004 0.925000 0.340933
v 0.754618 0.929080 0.386421
v 0.767972 0.925000 0.383646
v 0.760405 0.929080 0.428521
v 0.774012 0.925000 0.427590
v 0.760405 0.929080 0.471017
v 0.774012 0.925000 0.471948
v 0.754618 0.929080 0.513117
v 0.767972 0.925000 0.515892
v 0.743153 0.929080 0.554038
v 0.756004 0.925000 0.558605
v 0.726222 0.929080 0.593015
v 0.738332 0.925000 0.599290
v 0.704141 0.929080 0.629325
v 0.715284 0.925000 0.637190
v 0.677323 0.929080 0.662290
v 0.687291 0.925000 0.671599
v 0.646266 0.929080 0.691296
v 0.654873 0.925000 0.701876
v 0.611547 0.929080 0.715803
v 0.618634 0.925000 0.727456
v 0.573816 0.929080 0.735353
v 0.579250 0.925000 0.747863
v 0.533773 0.929080 0.749584
v 0.537453 0.925000 0.762717
v 0.492166 0.929080 0.758230
v 0.494023 0.925000 0.771742
v 0.449769 0.929080 0.761130
v 0.449769 0.925000 0.774769
v 0.407372 0.929080 0.758230
v 0.405515 0.925000 0.771742
v 0.365765 0.929080 0.749584
v 0.362085 0.925000 0.762717
v 0.325723 0.929080 0.735353
v 0.320289 0.925000 0.747863
v 0.287991 0.929080 0.715803
v 0.280904 0.925000 0.727456
v 0.253273 0.929080 0.691296
v 0.244666 0.925000 0.701876
v 0.222216 0.929080 0.662290
v 0.212248 0.925000 0.671599
v 0.195397 0.929080 0.629325
v 0.184254 0.925000 0.637190
v 0.173317 0.929080 0.593015
v 0.161207 0.925000 0.599290
v 0.156385 0.929080 0.554038
v 0.143534 0.925000 0.558605
v 0.144921 0.929080 0.513117
v 0.131567 0.925000 0.515892
v 0.139134 0.929080 0.471017
v 0.125527 0.925000 0.471948
v 0.139134 0.929080 0.428521
v 0.125527 0.925000 0.427590
v 0.144921 0.929080 0.386421
v 0.131567 0.925000 0.383646
v 0.156385 0.929080 0.345501
v 0.143534 0.925000 0.340933
v 0.173317 0.929080 0.306523
v 0.161207 0.925000 0.300248
v 0.195397 0.929080 0.270213
v 0.184254 0.925000 0.262348
v 0.222216 0.929080 0.237249
v 0.212248 0.925000 0.227940
v 0.253273 0.929080 0.208243
v 0.244666 0.925000 0.197663
v 0.287991 0.929080 0.183737
v 0.280904 0.925000 0.172083
v 0.320289 0.925000 0.151676
v 0.362085 0.925000 0.136821
v 0.407372 0.929080 0.141308
v 0.405515 0.925000 0.127796
v 0.449769 0.929080 0.138408
v 0.196189 0.942757 0.581164
v 0.216442 0.942757 0.614469
v 0.180659 0.942757 0.545411
v 0.630009 0.942757 0.228226
v 0.598163 0.942757 0.205747
v 0.449769 0.942758 0.164169
v 0.488658 0.942758 0.166829
v 0.335986 0.942757 0.711726
v 0.301375 0.942757 0.693792
v 0.301375 0.942757 0.205747
v 0.526823 0.942758 0.174760
v 0.164835 0.942757 0.430279
v 0.164835 0.942757 0.469259
v 0.598163 0.942757 0.693792
v 0.563553 0.942757 0.711726
v 0.683096 0.942757 0.285069
v 0.703350 0.942757 0.318374
v 0.269530 0.942757 0.671314
v 0.241042 0.942757 0.644707
v 0.170142 0.942757 0.507876
v 0.410880 0.942758 0.166829
v 0.196189 0.942757 0.318374
v 0.180659 0.942757 0.354127
v 0.170142 0.942757 0.391662
v 0.734704 0.942757 0.469259
v 0.729397 0.942757 0.507876
v 0.718879 0.942757 0.354127
v 0.729397 0.942757 0.391662
v 0.241042 0.942757 0.254832
v 0.269530 0.942757 0.228226
v 0.658496 0.942757 0.254832
v 0.216442 0.942757 0.285069
v 0.488658 0.942757 0.732710
v 0.526823 0.942757 0.724779
v 0.658496 0.942757 0.644707
v 0.630009 0.942757 0.671314
v 0.410880 0.942757 0.732710
v 0.372715 0.942757 0.724779
v 0.683096 0.942757 0.614469
v 0.718879 0.942757 0.545411
v 0.563553 0.942757 0.187814
v 0.703350 0.942757 0.581164
v 0.734704 0.942757 0.430279
v 0.449769 0.942757 0.735370
v 0.467821 0.932589 0.514198
v 0.458880 0.932589 0.516056
v 0.168992 0.910000 0.118992
v 0.180895 0.940000 0.120262
v 0.182182 0.909944 0.120593
v 0.196449 0.940000 0.127011
v 0.197296 0.910017 0.127568
v 0.206526 0.940000 0.135958
v 0.206526 0.910000 0.135958
v 0.213435 0.940000 0.145731
v 0.213903 0.910019 0.146629
v 0.217870 0.940000 0.158458
v 0.217870 0.910000 0.158458
v 0.219136 0.940000 0.170364
v 0.219106 0.910018 0.171377
v 0.215815 0.940000 0.186989
v 0.215448 0.910018 0.187935
v 0.207146 0.934045 0.201558
v 0.209192 0.910000 0.198724
v 0.200306 0.910019 0.208188
v 0.196991 0.940000 0.210418
v 0.186416 0.940000 0.216032
v 0.185463 0.910018 0.216381
v 0.169750 0.940000 0.219149
v 0.168737 0.910019 0.219162
v 0.152998 0.940000 0.216537
v 0.152040 0.910017 0.216211
v 0.138074 0.940000 0.208494
v 0.137276 0.910014 0.207869
v 0.128792 0.940000 0.198724
v 0.126140 0.910020 0.195082
v 0.122735 0.940000 0.188396
v 0.119848 0.910091 0.179068
v 0.118913 0.940000 0.171880
v 0.119306 0.909963 0.162067
v 0.120114 0.940000 0.158458
v 0.125496 0.940000 0.144281
v 0.124309 0.910020 0.146181
v 0.133736 0.940000 0.133309
v 0.131458 0.910000 0.135958
v 0.141111 0.910018 0.127283
v 0.147640 0.940000 0.123601
v 0.156595 0.910021 0.120377
v 0.163981 0.940000 0.119080
v 0.730546 0.910000 0.118992
v 0.742449 0.940000 0.120262
v 0.743737 0.909944 0.120594
v 0.758003 0.940000 0.127010
v 0.758852 0.910019 0.127567
v 0.770420 0.940000 0.138556
v 0.768080 0.910000 0.135958
v 0.775458 0.910018 0.146635
v 0.778282 0.940000 0.153577
v 0.780364 0.910071 0.163080
v 0.780690 0.928970 0.170362
v 0.779517 0.910011 0.179899
v 0.777370 0.939999 0.186987
v 0.775193 0.910000 0.191502
v 0.768702 0.940000 0.201559
v 0.768040 0.910020 0.202332
v 0.755670 0.940000 0.212410
v 0.754793 0.910020 0.212916
v 0.739771 0.940000 0.218300
v 0.738774 0.910018 0.218484
v 0.722816 0.940000 0.218556
v 0.721815 0.910019 0.218397
v 0.706750 0.940000 0.213152
v 0.705857 0.910018 0.212669
v 0.693398 0.940000 0.202702
v 0.695949 0.910000 0.205090
v 0.687691 0.910021 0.195077
v 0.684289 0.940000 0.188398
v 0.681448 0.910018 0.179310
v 0.680951 0.940000 0.175343
v 0.680699 0.940000 0.163378
v 0.680591 0.910000 0.166870
v 0.682652 0.910019 0.154053
v 0.684152 0.940000 0.150349
v 0.689771 0.940000 0.139780
v 0.690362 0.910021 0.138955
v 0.699135 0.940000 0.130090
v 0.702661 0.910016 0.127284
v 0.709196 0.940000 0.123600
v 0.718149 0.910021 0.120377
v 0.725535 0.940000 0.119080
v 0.774769 0.910000 0.711089
v 0.774769 0.930000 0.711089
v 0.774769 0.910000 0.758450
v 0.774769 0.930000 0.758450
v 0.694769 0.910000 0.711089
v 0.694769 0.930000 0.711089
v 0.694769 0.910000 0.758450
v 0.694769 0.930000 0.758450
v 0.764769 0.940000 0.748450
v 0.764769 0.940000 0.721089
v 0.704769 0.940000 0.748450
v 0.704769 0.940000 0.721089
v 0.204769 0.910000 0.711089
v 0.204769 0.930000 0.711089
v 0.204769 0.910000 0.758450
v 0.204769 0.930000 0.758450
v 0.124769 0.910000 0.711089
v 0.124769 0.930000 0.711089
v 0.124769 0.910000 0.758450
v 0.124769 0.930000 0.758450
v 0.194769 0.940000 0.748450
v 0.194769 0.940000 0.721089
v 0.134769 0.940000 0.748450
v 0.134769 0.940000 0.721089
v 0.852087 0.153313 0.103135
v 0.851349 0.154508 0.795244
v 0.852089 0.846596 0.796486
v 0.852168 0.846802 0.103000
v 0.850783 0.498874 0.120883
v 0.850297 0.549255 0.122759
v 0.850781 0.348251 0.157944
v 0.851746 0.500105 0.777141
v 0.851644 0.469490 0.775856
v 0.850687 0.572395 0.771076
v 0.850771 0.623077 0.754654
v 0.850872 0.650879 0.741852
v 0.851559 0.438446 0.771557
v 0.850861 0.407654 0.765236
v 0.851757 0.349991 0.740746
v 0.850723 0.378387 0.755470
v 0.851545 0.323334 0.725678
v 0.850867 0.297027 0.708344
v 0.850786 0.273865 0.688599
v 0.851751 0.252443 0.664279
v 0.850784 0.189606 0.558380
v 0.850784 0.174299 0.404091
v 0.850782 0.188839 0.343216
v 0.850779 0.272247 0.212479
v 0.850783 0.676941 0.172485
v 0.850722 0.702759 0.190613
v 0.850861 0.767578 0.258942
v 0.851557 0.818275 0.372162
v 0.850865 0.825352 0.402695
v 0.850723 0.825756 0.495880
v 0.851645 0.798141 0.585175
v 0.851637 0.726410 0.686310
v 0.850925 0.757904 0.654526
v 0.851629 0.703094 0.706818
v 0.851539 0.677460 0.725144
v 0.797842 0.151885 0.045845
v 0.101798 0.152064 0.045958
v 0.796949 0.847036 0.047126
v 0.101674 0.848030 0.045832
v 0.120881 0.498872 0.048756
v 0.122754 0.549240 0.049243
v 0.157962 0.348278 0.048756
v 0.235784 0.746331 0.046791
v 0.776056 0.500417 0.046827
v 0.774538 0.531431 0.046825
v 0.772503 0.563380 0.048758
v 0.762718 0.592255 0.046834
v 0.754681 0.623266 0.048753
v 0.770234 0.438648 0.046825
v 0.762955 0.408436 0.046824
v 0.777275 0.469866 0.048756
v 0.752837 0.379093 0.046829
v 0.739986 0.350871 0.046852
v 0.706492 0.298623 0.046828
v 0.727065 0.323172 0.048762
v 0.663739 0.253668 0.046815
v 0.639386 0.234476 0.046833
v 0.688586 0.273876 0.048765
v 0.586130 0.203496 0.046921
v 0.557187 0.192012 0.046676
v 0.615231 0.215938 0.048643
v 0.526472 0.183826 0.045498
v 0.496616 0.177095 0.046827
v 0.465711 0.174104 0.046826
v 0.527023 0.180158 0.048806
v 0.434659 0.174065 0.046827
v 0.403468 0.177967 0.045498
v 0.373250 0.182815 0.046828
v 0.404078 0.174299 0.048756
v 0.343442 0.191533 0.046830
v 0.314627 0.203009 0.046819
v 0.287000 0.217213 0.046828
v 0.260066 0.234355 0.046936
v 0.212517 0.272213 0.048753
v 0.159563 0.649139 0.046833
v 0.175062 0.676061 0.046818
v 0.193029 0.701357 0.046825
v 0.214306 0.724513 0.045498
v 0.210945 0.726131 0.048751
v 0.286262 0.782349 0.046827
v 0.258070 0.767236 0.048759
v 0.313856 0.796636 0.046811
v 0.342660 0.808221 0.046830
v 0.372462 0.816990 0.046826
v 0.403468 0.822033 0.045498
v 0.433827 0.825895 0.046826
v 0.401860 0.825383 0.048757
v 0.464877 0.825936 0.046826
v 0.495795 0.823025 0.046826
v 0.526238 0.817194 0.046831
v 0.451969 0.830695 0.049243
v 0.584894 0.796983 0.046805
v 0.556262 0.811162 0.048754
v 0.612576 0.782763 0.046810
v 0.638670 0.766022 0.046852
v 0.663187 0.746845 0.046779
v 0.705969 0.702017 0.046858
v 0.687005 0.727765 0.048764
v 0.724015 0.676746 0.046829
v 0.739586 0.649980 0.046808
v 0.045838 0.151881 0.101748
v 0.045875 0.152005 0.797851
v 0.045829 0.848056 0.101644
v 0.048129 0.845592 0.795337
v 0.048673 0.437519 0.772512
v 0.047976 0.407246 0.763989
v 0.048757 0.467619 0.777061
v 0.049243 0.517935 0.779984
v 0.048761 0.272247 0.687019
v 0.047786 0.378235 0.753634
v 0.048762 0.321270 0.725845
v 0.046767 0.746384 0.663864
v 0.046675 0.500766 0.123589
v 0.046921 0.531885 0.124974
v 0.046827 0.592317 0.136816
v 0.046826 0.621643 0.147009
v 0.048643 0.651773 0.158163
v 0.046827 0.469398 0.124922
v 0.046827 0.562156 0.129459
v 0.046827 0.438665 0.129300
v 0.046829 0.408478 0.136582
v 0.046825 0.379112 0.146702
v 0.046825 0.350864 0.159569
v 0.046819 0.323914 0.175060
v 0.046833 0.298607 0.193012
v 0.046803 0.253662 0.235771
v 0.046839 0.234459 0.260185
v 0.048752 0.273857 0.210976
v 0.046833 0.217648 0.286255
v 0.046832 0.191791 0.342663
v 0.046828 0.183011 0.372456
v 0.048759 0.201307 0.312134
v 0.045498 0.177967 0.403468
v 0.046827 0.174104 0.433829
v 0.046826 0.174065 0.464880
v 0.048756 0.174619 0.401844
v 0.046827 0.176976 0.495792
v 0.046827 0.182813 0.526296
v 0.045498 0.192549 0.556179
v 0.046824 0.203023 0.584922
v 0.046826 0.217221 0.612558
v 0.048756 0.188835 0.556280
v 0.046816 0.233948 0.638666
v 0.046827 0.253143 0.663120
v 0.045498 0.275487 0.685232
v 0.046795 0.297943 0.705948
v 0.045498 0.324105 0.723467
v 0.048751 0.621200 0.755489
v 0.046864 0.649124 0.739967
v 0.046879 0.676132 0.724510
v 0.046781 0.701248 0.706452
v 0.046891 0.724853 0.686218
v 0.045498 0.765018 0.638488
v 0.046837 0.782371 0.613220
v 0.048769 0.767258 0.641480
v 0.046788 0.796612 0.585678
v 0.046844 0.808208 0.556793
v 0.046835 0.816997 0.527130
v 0.046827 0.822905 0.496594
v 0.046826 0.825896 0.465715
v 0.045498 0.824976 0.434289
v 0.046827 0.823021 0.403782
v 0.048757 0.828569 0.435242
v 0.046828 0.817182 0.373261
v 0.046826 0.808472 0.343369
v 0.046834 0.796997 0.314606
v 0.049242 0.824302 0.385019
v 0.046841 0.782791 0.287010
v 0.046820 0.746853 0.236420
v 0.048749 0.768547 0.259895
v 0.045498 0.724513 0.214306
v 0.046822 0.702007 0.193550
v 0.048757 0.727749 0.212513
v 0.046835 0.676762 0.175520
v 0.045498 0.649082 0.160591
v 0.796462 0.153276 0.852137
v 0.102018 0.152280 0.853332
v 0.102851 0.846821 0.852220
v 0.796456 0.846634 0.852087
v 0.765107 0.407151 0.850864
v 0.777057 0.467596 0.850786
v 0.769337 0.579257 0.850942
v 0.687815 0.273077 0.850773
v 0.707263 0.297482 0.851621
v 0.726367 0.322197 0.850795
v 0.125078 0.545531 0.851799
v 0.157923 0.651714 0.850779
v 0.120884 0.501125 0.850784
v 0.124555 0.447859 0.850693
v 0.140336 0.391728 0.851813
v 0.172473 0.323182 0.850789
v 0.204368 0.280286 0.850684
v 0.312119 0.201297 0.850776
v 0.401872 0.174619 0.850784
v 0.613255 0.214607 0.850765
v 0.734049 0.665905 0.850953
v 0.675789 0.739356 0.850948
v 0.557405 0.809409 0.851555
v 0.527556 0.819424 0.850875
v 0.466535 0.828462 0.850783
v 0.372568 0.819528 0.850875
v 0.342744 0.811149 0.850725
v 0.285978 0.785119 0.850764
v 0.097182 0.047253 0.802524
v 0.096481 0.047952 0.096461
v 0.098605 0.045138 0.099769
v 0.099500 0.042762 0.099500
v 0.097705 0.046545 0.097705
v 0.802463 0.047159 0.802278
v 0.099769 0.046529 0.097713
v 0.802538 0.047246 0.097185
v 0.807120 0.948945 0.092364
v 0.099502 0.941740 0.099502
v 0.098557 0.944216 0.099769
v 0.099769 0.945627 0.097627
v 0.803802 0.947346 0.095972
v 0.095623 0.947583 0.095509
v 0.097626 0.945602 0.097626
v 0.803555 0.947186 0.803373
v 0.806600 0.948768 0.806405
v 0.098607 0.944429 0.800380
v 0.095331 0.947801 0.804288
v 0.898684 0.142697 0.092453
v 0.894887 0.148287 0.098028
v 0.896406 0.853268 0.096764
v 0.897332 0.145840 0.095616
v 0.898267 0.855744 0.093719
v 0.897306 0.145983 0.803934
v 0.893942 0.850173 0.800866
v 0.897124 0.853960 0.803616
v 0.898549 0.856852 0.806424
v 0.093667 0.143891 0.001193
v 0.098518 0.150000 0.005495
v 0.096088 0.853802 0.002390
v 0.096627 0.146686 0.002991
v 0.799769 0.147817 0.004098
v 0.803548 0.146147 0.002449
v 0.806555 0.142962 0.000920
v 0.801952 0.147818 0.004115
v 0.800949 0.850421 0.005502
v 0.803610 0.853936 0.002432
v 0.806494 0.856920 0.000972
v 0.801021 0.150000 0.005495
v 0.004098 0.850000 0.097586
v 0.004115 0.852183 0.097587
v 0.002158 0.854286 0.095514
v 0.003910 0.147664 0.097458
v 0.001867 0.145292 0.095058
v 0.000967 0.856663 0.092837
v 0.002907 0.853296 0.099769
v 0.002907 0.853296 0.799769
v 0.001267 0.855703 0.805354
v 0.004279 0.850849 0.801710
v 0.003905 0.147683 0.802108
v 0.001856 0.145272 0.804487
v 0.000832 0.142656 0.807179
v 0.806766 0.856767 0.898597
v 0.098426 0.851315 0.894210
v 0.095662 0.854031 0.897325
v 0.803273 0.853388 0.896758
v 0.092416 0.857395 0.898705
v 0.800988 0.148781 0.893974
v 0.801911 0.150000 0.895397
v 0.803408 0.146030 0.897056
v 0.806992 0.142823 0.898644
v 0.095092 0.850000 0.897674
v 0.799769 0.147817 0.895441
v 0.099502 0.149733 0.891509
v 0.098518 0.150000 0.894044
v 0.094760 0.144776 0.898023
v 0.097626 0.147856 0.895371
v 0.099792 0.144834 0.898018
v 0.476426 0.932589 0.388399
v 0.484535 0.932589 0.392601
v 0.491995 0.932589 0.397867
v 0.498669 0.932589 0.404100
v 0.431717 0.932589 0.514198
v 0.423112 0.932589 0.511140
v 0.515280 0.932589 0.463383
v 0.512816 0.932589 0.472176
v 0.516523 0.932589 0.454336
v 0.390361 0.932589 0.480552
v 0.386723 0.932589 0.472176
v 0.491995 0.932589 0.501673
v 0.484535 0.932589 0.506939
v 0.449769 0.932589 0.516679
v 0.504432 0.932589 0.488355
v 0.498669 0.932589 0.495439
v 0.509178 0.932589 0.480552
v 0.449769 0.932589 0.382860
v 0.458880 0.932589 0.383483
v 0.384259 0.931234 0.436156
v 0.386723 0.931234 0.427363
v 0.390361 0.930955 0.418987
v 0.395106 0.931861 0.411184
v 0.415004 0.932589 0.506939
v 0.504432 0.932589 0.411184
v 0.400869 0.932589 0.495439
v 0.395106 0.932589 0.488355
v 0.383016 0.931234 0.454336
v 0.383016 0.930780 0.445204
v 0.509178 0.932589 0.418987
v 0.467821 0.932589 0.385341
v 0.440658 0.932589 0.516056
v 0.384259 0.931234 0.463383
v 0.440658 0.932589 0.383483
v 0.476426 0.932589 0.511140
v 0.400869 0.932589 0.404100
v 0.407543 0.932589 0.397867
v 0.512816 0.932589 0.427363
v 0.415004 0.932589 0.392601
v 0.423112 0.932589 0.388399
v 0.515280 0.932589 0.436156
v 0.516523 0.932589 0.445203
v 0.431717 0.932589 0.385341
v 0.407543 0.932589 0.501673
v 0.732241 0.035504 0.732241
v 0.732241 0.035504 0.167297
v 0.167297 0.035504 0.167297
v 0.167297 0.035504 0.732241
v 0.384259 0.942586 0.463383
v 0.383016 0.942586 0.454336
v 0.400869 0.943941 0.404100
v 0.407543 0.943941 0.397867
v 0.386723 0.942586 0.427363
v 0.390361 0.942307 0.418987
v 0.433606 0.944123 0.507458
v 0.441611 0.944123 0.509122
v 0.446297 0.931307 0.475029
v 0.442890 0.931307 0.474321
v 0.441611 0.944123 0.390417
v 0.433606 0.944123 0.392081
v 0.442890 0.931307 0.425219
v 0.446297 0.931307 0.424511
v 0.498714 0.944123 0.484319
v 0.502963 0.944123 0.477332
v 0.472407 0.931307 0.461500
v 0.470599 0.931307 0.464473
v 0.407543 0.943941 0.501673
v 0.400869 0.943941 0.495439
v 0.484535 0.943941 0.392601
v 0.491995 0.943941 0.397867
v 0.395106 0.943213 0.411184
v 0.509178 0.943941 0.480552
v 0.504432 0.943941 0.488355
v 0.504432 0.943941 0.411184
v 0.509178 0.943941 0.418987
v 0.423112 0.943941 0.388399
v 0.431717 0.943941 0.385341
v 0.395106 0.943941 0.488355
v 0.390361 0.943941 0.480552
v 0.498669 0.943941 0.495439
v 0.449769 0.943941 0.382860
v 0.458880 0.943941 0.383483
v 0.516523 0.943941 0.454336
v 0.515280 0.943941 0.463383
v 0.467821 0.943941 0.385341
v 0.431717 0.943941 0.514198
v 0.423112 0.943941 0.511140
v 0.516523 0.943941 0.445203
v 0.383016 0.942133 0.445204
v 0.384259 0.942586 0.436156
v 0.512816 0.943941 0.472176
v 0.515280 0.943941 0.436156
v 0.476426 0.943941 0.388399
v 0.467821 0.943941 0.514198
v 0.458880 0.943941 0.516056
v 0.484535 0.943941 0.506939
v 0.476426 0.943941 0.511140
v 0.386723 0.943941 0.472176
v 0.449769 0.943941 0.516679
v 0.440658 0.943941 0.516056
v 0.415004 0.943941 0.392601
v 0.415004 0.943941 0.506939
v 0.512816 0.943941 0.427363
v 0.498669 0.943941 0.404100
v 0.491995 0.943941 0.501673
v 0.440658 0.943941 0.383483
v 0.470599 0.931307 0.435066
v 0.468403 0.931307 0.432367
v 0.468403 0.941589 0.432367
v 0.470599 0.941589 0.435066
v 0.427131 0.931307 0.461500
v 0.428939 0.931307 0.464473
v 0.428939 0.941589 0.464473
v 0.427131 0.941589 0.461500
v 0.473794 0.931307 0.458308
v 0.474733 0.931307 0.454957
v 0.474733 0.941589 0.454957
v 0.473794 0.941589 0.458308
v 0.506220 0.944123 0.469832
v 0.389999 0.942310 0.445682
v 0.389999 0.942910 0.453858
v 0.424332 0.930791 0.451510
v 0.424332 0.931321 0.448030
v 0.508427 0.944123 0.461959
v 0.396576 0.944123 0.477332
v 0.400824 0.944123 0.484319
v 0.498714 0.944123 0.415220
v 0.493554 0.944123 0.408878
v 0.405985 0.944123 0.490662
v 0.431135 0.931307 0.467172
v 0.405985 0.944123 0.408878
v 0.400824 0.943395 0.415220
v 0.428939 0.931307 0.435066
v 0.431135 0.931307 0.432367
v 0.493554 0.944123 0.490662
v 0.468403 0.931307 0.467172
v 0.509540 0.944123 0.453858
v 0.509540 0.944123 0.445681
v 0.475206 0.931307 0.448030
v 0.475206 0.931307 0.451510
v 0.396576 0.942489 0.422207
v 0.427131 0.931307 0.438039
v 0.449769 0.944123 0.509680
v 0.457927 0.944123 0.509122
v 0.453241 0.931307 0.475029
v 0.449769 0.931307 0.475266
v 0.508427 0.944123 0.437580
v 0.474733 0.931307 0.444582
v 0.473638 0.944123 0.504720
v 0.480898 0.944123 0.500958
v 0.463017 0.931307 0.471554
v 0.459927 0.931307 0.473155
v 0.393318 0.942910 0.429707
v 0.425745 0.930791 0.441231
v 0.502963 0.944123 0.422207
v 0.472407 0.931307 0.438039
v 0.465933 0.944123 0.507458
v 0.456648 0.931307 0.474321
v 0.457927 0.944123 0.390417
v 0.449769 0.944123 0.389859
v 0.449769 0.931307 0.424273
v 0.453241 0.931307 0.424511
v 0.506220 0.944123 0.429707
v 0.473794 0.931307 0.441231
v 0.411960 0.944123 0.496243
v 0.418641 0.944123 0.500958
v 0.436522 0.931307 0.471554
v 0.433679 0.931307 0.469548
v 0.391112 0.942910 0.437580
v 0.424806 0.930791 0.444582
v 0.391112 0.942910 0.461959
v 0.424806 0.930791 0.454957
v 0.425901 0.944123 0.504720
v 0.439611 0.931307 0.473155
v 0.393318 0.944123 0.469832
v 0.425745 0.931307 0.458308
v 0.418641 0.944123 0.398581
v 0.411960 0.944123 0.403297
v 0.433679 0.931307 0.429992
v 0.436522 0.931307 0.427985
v 0.487578 0.944123 0.403297
v 0.465860 0.931307 0.429992
v 0.480898 0.944123 0.398581
v 0.463017 0.931307 0.427985
v 0.473638 0.944123 0.394819
v 0.465933 0.944123 0.392081
v 0.456648 0.931307 0.425219
v 0.459927 0.931307 0.426384
v 0.487578 0.944123 0.496243
v 0.465860 0.931307 0.469548
v 0.425901 0.944123 0.394819
v 0.439611 0.931307 0.426384
v 0.431135 0.941589 0.467172
v 0.433679 0.941589 0.469548
v 0.436522 0.941589 0.471554
v 0.439611 0.941589 0.473155
v 0.442890 0.941589 0.474321
v 0.446297 0.941589 0.475029
v 0.449769 0.941589 0.475266
v 0.453241 0.941589 0.475029
v 0.456648 0.941589 0.474321
v 0.459927 0.941589 0.473155
v 0.463017 0.941589 0.471554
v 0.465860 0.941589 0.469548
v 0.468403 0.941589 0.467172
v 0.470599 0.941589 0.464473
v 0.472407 0.941589 0.461500
v 0.475206 0.941589 0.451510
v 0.475206 0.941589 0.448030
v 0.474733 0.941589 0.444582
v 0.473794 0.941589 0.441231
v 0.472407 0.941589 0.438039
v 0.465860 0.941589 0.429992
v 0.463017 0.941589 0.427985
v 0.459927 0.941589 0.426384
v 0.456648 0.941589 0.425219
v 0.453241 0.941589 0.424511
v 0.449769 0.941589 0.424273
v 0.446297 0.941589 0.424511
v 0.442890 0.941589 0.425219
v 0.439611 0.941589 0.426384
v 0.436522 0.941589 0.427985
v 0.433679 0.941589 0.429992
v 0.431135 0.941589 0.432367
v 0.428939 0.941589 0.435066
v 0.427131 0.941589 0.438039
v 0.424332 0.941603 0.448030
v 0.425745 0.941589 0.458308
v 0.424806 0.941072 0.454957
v 0.424332 0.941072 0.451510
v 0.425745 0.941072 0.441231
v 0.424806 0.941072 0.444582
v 0.449921 0.500000 0.839339
v 0.060199 0.500000 0.449921
v 0.449618 0.500000 0.060200
v 0.839339 0.500000 0.449618
vt 0.031053 0.718621
vt 0.035499 0.720416
vt 0.026066 0.720346
vt 0.025654 0.710480
vt 0.026515 0.713238
vt 0.028136 0.715962
vt 0.137375 0.604246
vt 0.121930 0.659366
vt 0.122584 0.654008
vt 0.022687 0.585810
vt 0.023966 0.590392
vt 0.024500 0.605588
vt 0.159726 0.585669
vt 0.157638 0.704625
vt 0.158044 0.605508
vt 0.122382 0.648826
vt 0.121287 0.643698
vt 0.119337 0.638797
vt 0.116604 0.634277
vt 0.113148 0.630272
vt 0.137650 0.590290
vt 0.108984 0.626926
vt 0.104316 0.624335
vt 0.158475 0.590276
vt 0.044658 0.590293
vt 0.139581 0.696883
vt 0.136677 0.699453
vt 0.042966 0.719180
vt 0.046140 0.716716
vt 0.143721 0.695123
vt 0.099309 0.622540
vt 0.094102 0.621593
vt 0.088785 0.621593
vt 0.083475 0.622533
vt 0.136551 0.714453
vt 0.139545 0.717155
vt 0.039517 0.720394
vt 0.135180 0.701853
vt 0.134152 0.704914
vt 0.143993 0.718854
vt 0.029656 0.699447
vt 0.027125 0.702489
vt 0.025605 0.706371
vt 0.134032 0.707728
vt 0.134613 0.710888
vt 0.156360 0.701567
vt 0.154649 0.699026
vt 0.152529 0.697231
vt 0.149706 0.695717
vt 0.047725 0.714472
vt 0.048974 0.711525
vt 0.045003 0.604255
vt 0.036991 0.696584
vt 0.033067 0.697385
vt 0.049282 0.708741
vt 0.048952 0.705545
vt 0.047883 0.702920
vt 0.046051 0.700337
vt 0.066261 0.634515
vt 0.063544 0.639068
vt 0.078421 0.624352
vt 0.073769 0.627010
vt 0.069696 0.630450
vt 0.146937 0.695106
vt 0.120402 0.664348
vt 0.061639 0.643999
vt 0.060623 0.649192
vt 0.060451 0.654463
vt 0.061164 0.659707
vt 0.062755 0.664753
vt 0.065229 0.669428
vt 0.068449 0.673621
vt 0.072303 0.677232
vt 0.076712 0.680134
vt 0.081577 0.682195
vt 0.097105 0.683289
vt 0.091934 0.683758
vt 0.086709 0.683410
vt 0.102129 0.681964
vt 0.106863 0.679785
vt 0.111180 0.676840
vt 0.043869 0.698529
vt 0.040984 0.697131
vt 0.114958 0.673233
vt 0.118077 0.669043
vt 0.089043 0.624277
vt 0.090127 0.626835
vt 0.084836 0.627901
vt 0.084167 0.625202
vt 0.080657 0.629354
vt 0.079554 0.626850
vt 0.076844 0.631426
vt 0.075321 0.629238
vt 0.073527 0.634340
vt 0.071614 0.632392
vt 0.070675 0.637734
vt 0.068471 0.636114
vt 0.068391 0.641498
vt 0.065974 0.640271
vt 0.066752 0.645495
vt 0.064214 0.644753
vt 0.065999 0.649822
vt 0.063307 0.649503
vt 0.065894 0.654230
vt 0.063170 0.654341
vt 0.066461 0.658579
vt 0.063811 0.659130
vt 0.067682 0.662707
vt 0.065240 0.663722
vt 0.069809 0.666530
vt 0.067517 0.667977
vt 0.072505 0.670010
vt 0.070469 0.671812
vt 0.075686 0.673021
vt 0.073986 0.675117
vt 0.079236 0.675451
vt 0.077986 0.677773
vt 0.083292 0.677071
vt 0.082431 0.679632
vt 0.087570 0.678062
vt 0.087130 0.680738
vt 0.091929 0.678381
vt 0.091919 0.681076
vt 0.096238 0.678033
vt 0.096659 0.680662
vt 0.100349 0.677034
vt 0.101236 0.679479
vt 0.104245 0.675115
vt 0.105554 0.677453
vt 0.107833 0.672635
vt 0.109503 0.674746
vt 0.110983 0.669659
vt 0.112962 0.671455
vt 0.113572 0.666292
vt 0.115807 0.667652
vt 0.115405 0.662339
vt 0.117905 0.663346
vt 0.116638 0.658130
vt 0.119284 0.658745
vt 0.117228 0.653777
vt 0.119912 0.653918
vt 0.117138 0.649498
vt 0.119740 0.649159
vt 0.116108 0.645249
vt 0.118699 0.644472
vt 0.114450 0.641175
vt 0.116899 0.639990
vt 0.112197 0.637420
vt 0.114406 0.635858
vt 0.109427 0.634122
vt 0.111266 0.632210
vt 0.105912 0.631447
vt 0.107449 0.629187
vt 0.102008 0.629315
vt 0.103171 0.626824
vt 0.097838 0.627809
vt 0.098586 0.625175
vt 0.093538 0.626969
vt 0.093839 0.624300
vt 0.559860 0.621397
vt 0.543601 0.618400
vt 0.614975 0.622046
vt 0.458822 0.612086
vt 0.529862 0.618711
vt 0.514890 0.621855
vt 0.578168 0.773597
vt 0.596015 0.765473
vt 0.629963 0.770174
vt 0.478730 0.788373
vt 0.559777 0.775405
vt 0.617474 0.730507
vt 0.613706 0.741536
vt 0.473892 0.713917
vt 0.476779 0.720216
vt 0.484534 0.735890
vt 0.607081 0.752778
vt 0.620293 0.718577
vt 0.621462 0.706383
vt 0.572286 0.626089
vt 0.489190 0.741145
vt 0.497307 0.750563
vt 0.516939 0.765073
vt 0.536561 0.773081
vt 0.497703 0.630834
vt 0.474273 0.661574
vt 0.470039 0.682148
vt 0.609833 0.659821
vt 0.605549 0.654085
vt 0.490866 0.635820
vt 0.481549 0.646843
vt 0.470711 0.699439
vt 0.620572 0.688018
vt 0.617485 0.673939
vt 0.597034 0.644840
vt 0.592018 0.640151
vt 0.612974 0.665238
vt 0.584402 0.633183
vt 0.402930 0.770949
vt 0.419400 0.773879
vt 0.343371 0.776225
vt 0.504173 0.776188
vt 0.434025 0.772790
vt 0.449643 0.768988
vt 0.418568 0.617689
vt 0.399021 0.621303
vt 0.346738 0.617362
vt 0.503417 0.615249
vt 0.440890 0.619694
vt 0.353168 0.660647
vt 0.361723 0.647149
vt 0.499994 0.682286
vt 0.496267 0.668677
vt 0.492311 0.659654
vt 0.384121 0.627852
vt 0.372981 0.635526
vt 0.346738 0.679431
vt 0.390246 0.766404
vt 0.483729 0.646754
vt 0.469833 0.633255
vt 0.455980 0.624981
vt 0.467188 0.760087
vt 0.348736 0.720703
vt 0.354418 0.733933
vt 0.474501 0.754460
vt 0.484359 0.744089
vt 0.497531 0.719221
vt 0.499807 0.710199
vt 0.501148 0.695729
vt 0.345380 0.688619
vt 0.345339 0.706131
vt 0.365454 0.748936
vt 0.492362 0.731699
vt 0.377468 0.759155
vt 0.718101 0.770303
vt 0.737648 0.767560
vt 0.748293 0.772194
vt 0.637022 0.610960
vt 0.641397 0.674264
vt 0.639232 0.694513
vt 0.636909 0.773017
vt 0.642520 0.715383
vt 0.745318 0.680990
vt 0.742479 0.668184
vt 0.749182 0.611822
vt 0.743664 0.710930
vt 0.746008 0.695865
vt 0.705020 0.622920
vt 0.718331 0.631905
vt 0.697196 0.764032
vt 0.709952 0.757451
vt 0.739206 0.659545
vt 0.731496 0.646145
vt 0.692648 0.617574
vt 0.648952 0.652771
vt 0.720582 0.749402
vt 0.731211 0.737517
vt 0.738676 0.724853
vt 0.648744 0.729199
vt 0.657265 0.742433
vt 0.688226 0.764714
vt 0.702106 0.768768
vt 0.668717 0.753443
vt 0.675988 0.613637
vt 0.708254 0.614625
vt 0.682061 0.621747
vt 0.674232 0.626051
vt 0.663196 0.634627
vt 0.679879 0.760784
vt 0.694364 0.617167
vt 0.654392 0.644382
vt 0.512904 0.691829
vt 0.514456 0.705857
vt 0.501770 0.763745
vt 0.597820 0.613268
vt 0.587650 0.613280
vt 0.646780 0.603671
vt 0.575242 0.614598
vt 0.517331 0.619747
vt 0.561150 0.618097
vt 0.552793 0.622840
vt 0.615846 0.755133
vt 0.632213 0.750638
vt 0.709177 0.747315
vt 0.577145 0.756263
vt 0.597686 0.757266
vt 0.673486 0.715222
vt 0.667747 0.724788
vt 0.516627 0.713214
vt 0.522848 0.724959
vt 0.643129 0.746381
vt 0.657336 0.736374
vt 0.677071 0.699122
vt 0.677911 0.688026
vt 0.617328 0.617607
vt 0.607287 0.615010
vt 0.531276 0.735061
vt 0.545234 0.746446
vt 0.561037 0.752737
vt 0.547692 0.626671
vt 0.537378 0.635333
vt 0.519133 0.661526
vt 0.514805 0.674613
vt 0.654177 0.639761
vt 0.647491 0.634547
vt 0.531454 0.642497
vt 0.526625 0.648782
vt 0.512751 0.687190
vt 0.675427 0.677335
vt 0.672534 0.668540
vt 0.663875 0.649983
vt 0.640640 0.630023
vt 0.628450 0.622645
vt 0.253784 0.123278
vt 0.249970 0.109533
vt 0.253955 0.123462
vt 0.250792 0.109817
vt 0.254038 0.123601
vt 0.251446 0.110395
vt 0.254091 0.123717
vt 0.252113 0.110928
vt 0.254122 0.123814
vt 0.252801 0.111430
vt 0.254131 0.123892
vt 0.253514 0.111906
vt 0.254105 0.124020
vt 0.254326 0.112251
vt 0.254043 0.124030
vt 0.255121 0.112786
vt 0.253932 0.124120
vt 0.256075 0.113111
vt 0.252654 0.107223
vt 0.252748 0.106596
vt 0.253261 0.107055
vt 0.253324 0.106057
vt 0.253839 0.106660
vt 0.253949 0.105522
vt 0.254514 0.106228
vt 0.254596 0.104966
vt 0.255576 0.105578
vt 0.255460 0.104860
vt 0.250205 0.109041
vt 0.254901 0.106984
vt 0.255882 0.106589
vt 0.255227 0.107750
vt 0.256111 0.107464
vt 0.255514 0.108520
vt 0.256303 0.108321
vt 0.255533 0.109383
vt 0.256458 0.109172
vt 0.255834 0.110179
vt 0.256579 0.110041
vt 0.256482 0.110884
vt 0.254260 0.107320
vt 0.254630 0.108013
vt 0.254712 0.108853
vt 0.255846 0.112224
vt 0.256737 0.111925
vt 0.256969 0.113009
vt 0.253679 0.107659
vt 0.254070 0.108308
vt 0.254827 0.109685
vt 0.255022 0.110507
vt 0.255164 0.111455
vt 0.253139 0.107989
vt 0.253546 0.108618
vt 0.253732 0.109415
vt 0.254190 0.110062
vt 0.254158 0.111140
vt 0.253035 0.108967
vt 0.252598 0.108353
vt 0.252045 0.107593
vt 0.251435 0.107964
vt 0.252056 0.108746
vt 0.252543 0.109343
vt 0.252847 0.110127
vt 0.253413 0.110703
vt 0.250428 0.108248
vt 0.251009 0.108639
vt 0.251516 0.109196
vt 0.252062 0.109770
vt 0.249948 0.108718
vt 0.253704 0.123946
vt 0.253543 0.123815
vt 0.253709 0.123794
vt 0.253534 0.123624
vt 0.253719 0.123620
vt 0.254385 0.124575
vt 0.254283 0.124579
vt 0.254407 0.124624
vt 0.253720 0.123370
vt 0.254290 0.124333
vt 0.253857 0.123668
vt 0.253962 0.123736
vt 0.254014 0.123838
vt 0.254080 0.123870
vt 0.254087 0.123945
vt 0.253836 0.123804
vt 0.253932 0.123833
vt 0.254047 0.123933
vt 0.254016 0.124058
vt 0.253847 0.123927
vt 0.253934 0.123926
vt 0.253995 0.123935
vt 0.254070 0.123991
vt 0.254058 0.124027
vt 0.254049 0.124012
vt 0.254023 0.124027
vt 0.253959 0.124017
vt 0.253883 0.124043
vt 0.253758 0.124108
vt 0.254012 0.124038
vt 0.254083 0.124035
vt 0.253998 0.124090
vt 0.253940 0.124145
vt 0.253843 0.124245
vt 0.253862 0.124449
vt 0.253956 0.124328
vt 0.254018 0.124232
vt 0.254059 0.124156
vt 0.254103 0.124113
vt 0.254100 0.124068
vt 0.254009 0.124566
vt 0.254079 0.124420
vt 0.254118 0.124294
vt 0.254130 0.124196
vt 0.254073 0.124022
vt 0.254248 0.124219
vt 0.254207 0.124137
vt 0.254167 0.124082
vt 0.254133 0.124050
vt 0.223584 0.113097
vt 0.222075 0.112151
vt 0.219795 0.111790
vt 0.217704 0.111153
vt 0.215433 0.110736
vt 0.213690 0.109811
vt 0.210854 0.110278
vt 0.208559 0.109473
vt 0.204855 0.110214
vt 0.201647 0.110217
vt 0.267546 0.129214
vt 0.267967 0.129933
vt 0.268448 0.130573
vt 0.268920 0.130952
vt 0.269353 0.131395
vt 0.269759 0.131884
vt 0.270152 0.132371
vt 0.270527 0.132922
vt 0.270830 0.132985
vt 0.271270 0.133537
vt 0.261920 0.132380
vt 0.267152 0.129534
vt 0.262215 0.132348
vt 0.266709 0.130298
vt 0.262434 0.132333
vt 0.266575 0.131075
vt 0.262563 0.132398
vt 0.266262 0.131810
vt 0.262656 0.132456
vt 0.266142 0.132534
vt 0.262686 0.132553
vt 0.266066 0.133278
vt 0.262662 0.132671
vt 0.266037 0.134044
vt 0.262578 0.132806
vt 0.266059 0.134849
vt 0.262411 0.132955
vt 0.266134 0.135806
vt 0.262260 0.133076
vt 0.261867 0.132488
vt 0.262137 0.132644
vt 0.262447 0.132763
vt 0.262654 0.132798
vt 0.262908 0.132798
vt 0.263170 0.132737
vt 0.263438 0.132614
vt 0.263712 0.132422
vt 0.263995 0.132144
vt 0.264291 0.131768
vt 0.247194 0.130504
vt 0.246961 0.129733
vt 0.246716 0.129155
vt 0.246197 0.128728
vt 0.245808 0.128365
vt 0.245366 0.128154
vt 0.245006 0.127934
vt 0.244570 0.127924
vt 0.243999 0.128216
vt 0.243590 0.128493
vt 0.245482 0.126694
vt 0.221803 0.124513
vt 0.245584 0.127226
vt 0.221120 0.122724
vt 0.245604 0.127698
vt 0.220543 0.121128
vt 0.245513 0.128069
vt 0.220913 0.119757
vt 0.245360 0.128369
vt 0.221036 0.118558
vt 0.245122 0.128588
vt 0.221315 0.117443
vt 0.244777 0.128705
vt 0.221751 0.116402
vt 0.244316 0.128693
vt 0.222394 0.115405
vt 0.223857 0.114642
vt 0.224172 0.113950
vt 0.222717 0.114039
vt 0.203795 0.113311
vt 0.220408 0.124911
vt 0.218174 0.124306
vt 0.219641 0.123231
vt 0.208581 0.111321
vt 0.213486 0.111292
vt 0.221270 0.113218
vt 0.220666 0.114515
vt 0.219164 0.113935
vt 0.217480 0.113513
vt 0.215640 0.113299
vt 0.213697 0.113296
vt 0.211565 0.113456
vt 0.209286 0.113898
vt 0.205916 0.114981
vt 0.207931 0.117536
vt 0.210491 0.116207
vt 0.212373 0.115608
vt 0.214136 0.115237
vt 0.215841 0.115130
vt 0.217407 0.115172
vt 0.218888 0.115412
vt 0.220191 0.115770
vt 0.219390 0.116944
vt 0.216898 0.116801
vt 0.214082 0.117285
vt 0.211858 0.118248
vt 0.209931 0.119540
vt 0.211887 0.121189
vt 0.213808 0.119644
vt 0.216118 0.118660
vt 0.218327 0.118304
vt 0.219797 0.118345
vt 0.219514 0.119734
vt 0.217768 0.120008
vt 0.215967 0.120741
vt 0.213958 0.122234
vt 0.216017 0.123362
vt 0.218232 0.121733
vt 0.267808 0.135334
vt 0.267112 0.135976
vt 0.267013 0.135338
vt 0.271129 0.133907
vt 0.270667 0.133533
vt 0.266448 0.136269
vt 0.266156 0.136521
vt 0.266902 0.134649
vt 0.266800 0.133946
vt 0.266975 0.133211
vt 0.266920 0.132525
vt 0.266883 0.131819
vt 0.267494 0.134475
vt 0.267342 0.133819
vt 0.267263 0.130203
vt 0.268382 0.134985
vt 0.268037 0.134255
vt 0.267839 0.133652
vt 0.267890 0.132966
vt 0.267714 0.132348
vt 0.267715 0.131656
vt 0.267544 0.130975
vt 0.268315 0.133459
vt 0.268536 0.134012
vt 0.268907 0.134644
vt 0.269239 0.134719
vt 0.269202 0.134268
vt 0.268994 0.133766
vt 0.268758 0.133245
vt 0.268517 0.132699
vt 0.268452 0.132040
vt 0.269868 0.134154
vt 0.269462 0.133522
vt 0.269188 0.133012
vt 0.269098 0.132373
vt 0.268482 0.131291
vt 0.270138 0.133777
vt 0.270197 0.134185
vt 0.269908 0.133268
vt 0.269608 0.132758
vt 0.268959 0.131729
vt 0.263094 0.131906
vt 0.263468 0.131892
vt 0.263349 0.132045
vt 0.263802 0.131869
vt 0.263627 0.132089
vt 0.263440 0.132290
vt 0.263254 0.132469
vt 0.263020 0.132555
vt 0.262837 0.132631
vt 0.262642 0.132672
vt 0.263233 0.132236
vt 0.263104 0.132397
vt 0.263032 0.132215
vt 0.262960 0.132375
vt 0.262830 0.132466
vt 0.262731 0.132531
vt 0.262603 0.132560
vt 0.262438 0.132554
vt 0.262147 0.132463
vt 0.262830 0.132381
vt 0.262839 0.132263
vt 0.262767 0.132041
vt 0.262425 0.132444
vt 0.262561 0.132491
vt 0.262666 0.132507
vt 0.262686 0.132481
vt 0.262720 0.132435
vt 0.262681 0.132363
vt 0.262509 0.132232
vt 0.262287 0.132563
vt 0.262471 0.132498
vt 0.262587 0.132499
vt 0.262657 0.132496
vt 0.262637 0.132482
vt 0.262239 0.132806
vt 0.262421 0.132708
vt 0.262552 0.132637
vt 0.262632 0.132575
vt 0.262660 0.132516
vt 0.247028 0.131133
vt 0.246516 0.130403
vt 0.245257 0.127071
vt 0.245325 0.126066
vt 0.244831 0.126903
vt 0.244625 0.128222
vt 0.245016 0.128195
vt 0.246267 0.129220
vt 0.246414 0.129751
vt 0.245783 0.130368
vt 0.246735 0.130898
vt 0.245901 0.129633
vt 0.245857 0.129198
vt 0.245745 0.128856
vt 0.245549 0.128590
vt 0.245308 0.128427
vt 0.245043 0.128374
vt 0.244762 0.128428
vt 0.244963 0.128500
vt 0.245094 0.128452
vt 0.245262 0.128493
vt 0.245373 0.128612
vt 0.245481 0.128805
vt 0.245507 0.129058
vt 0.245441 0.129386
vt 0.245241 0.129873
vt 0.244863 0.129358
vt 0.245172 0.128940
vt 0.245292 0.128658
vt 0.245252 0.128484
vt 0.245151 0.128427
vt 0.245261 0.128280
vt 0.245217 0.128317
vt 0.245079 0.128496
vt 0.244859 0.128690
vt 0.244631 0.128830
vt 0.244536 0.128280
vt 0.244887 0.128135
vt 0.245190 0.128033
vt 0.245348 0.128026
vt 0.245359 0.127679
vt 0.245065 0.127659
vt 0.244561 0.127627
vt 0.248079 0.153397
vt 0.247936 0.152892
vt 0.247500 0.151931
vt 0.247161 0.151221
vt 0.246817 0.150566
vt 0.246466 0.149948
vt 0.246106 0.149342
vt 0.245932 0.148809
vt 0.245338 0.148245
vt 0.244892 0.147749
vt 0.248911 0.153094
vt 0.249530 0.152512
vt 0.250124 0.151879
vt 0.250661 0.151213
vt 0.250915 0.150501
vt 0.251642 0.149726
vt 0.252331 0.148879
vt 0.253376 0.147971
vt 0.253884 0.147029
vt 0.260270 0.142341
vt 0.260686 0.142841
vt 0.261196 0.143290
vt 0.262014 0.143704
vt 0.262939 0.144141
vt 0.263971 0.144460
vt 0.264929 0.144836
vt 0.265802 0.145059
vt 0.266644 0.145202
vt 0.260964 0.139377
vt 0.261927 0.139256
vt 0.262884 0.139412
vt 0.263880 0.139801
vt 0.264866 0.140208
vt 0.265854 0.140924
vt 0.266857 0.141912
vt 0.267871 0.143265
vt 0.269664 0.145237
vt 0.244764 0.147026
vt 0.245715 0.146789
vt 0.245653 0.147602
vt 0.253356 0.146644
vt 0.252457 0.147789
vt 0.250141 0.150832
vt 0.249539 0.151387
vt 0.248893 0.151975
vt 0.248394 0.151345
vt 0.248989 0.150843
vt 0.249546 0.150318
vt 0.250087 0.149759
vt 0.250602 0.149095
vt 0.251082 0.148334
vt 0.251474 0.147465
vt 0.251932 0.146172
vt 0.253355 0.146031
vt 0.250746 0.146104
vt 0.250473 0.147225
vt 0.250190 0.147985
vt 0.249812 0.148667
vt 0.249403 0.149278
vt 0.248939 0.149816
vt 0.248455 0.150299
vt 0.247927 0.150733
vt 0.247472 0.150156
vt 0.248114 0.149571
vt 0.248864 0.148600
vt 0.249416 0.147398
vt 0.249656 0.146106
vt 0.248637 0.146167
vt 0.248510 0.147232
vt 0.248116 0.148267
vt 0.247698 0.148910
vt 0.247181 0.149456
vt 0.246650 0.148982
vt 0.247257 0.148176
vt 0.247603 0.147126
vt 0.247667 0.146283
vt 0.246674 0.146573
vt 0.246550 0.147746
vt 0.261502 0.139742
vt 0.260490 0.139618
vt 0.260931 0.140185
vt 0.260000 0.141796
vt 0.260517 0.142062
vt 0.267413 0.144809
vt 0.265924 0.144214
vt 0.264883 0.144155
vt 0.261541 0.143001
vt 0.261014 0.142528
vt 0.260753 0.141681
vt 0.261320 0.142198
vt 0.261827 0.142562
vt 0.262417 0.142894
vt 0.263125 0.143145
vt 0.263950 0.143301
vt 0.264861 0.143320
vt 0.265925 0.143301
vt 0.265525 0.142323
vt 0.264641 0.142467
vt 0.263880 0.142528
vt 0.263166 0.142465
vt 0.262566 0.142339
vt 0.262025 0.142137
vt 0.261597 0.141898
vt 0.261119 0.141551
vt 0.261333 0.141396
vt 0.261925 0.141645
vt 0.262820 0.141821
vt 0.263965 0.141751
vt 0.264949 0.141443
vt 0.264304 0.140719
vt 0.263574 0.141078
vt 0.262674 0.141294
vt 0.261929 0.141288
vt 0.261415 0.141203
vt 0.261380 0.140959
vt 0.261814 0.140916
vt 0.262419 0.140804
vt 0.263070 0.140485
vt 0.262243 0.140167
vt 0.261389 0.140567
vt 0.258728 0.115681
vt 0.259291 0.116631
vt 0.252848 0.124650
vt 0.252882 0.124744
vt 0.260872 0.132430
vt 0.260524 0.132119
vt 0.267614 0.126178
vt 0.267350 0.125391
vt 0.265669 0.138172
vt 0.265227 0.138905
vt 0.261406 0.134216
vt 0.261230 0.134650
vt 0.257599 0.139983
vt 0.257037 0.139464
vt 0.257895 0.144798
vt 0.259066 0.144150
vt 0.241327 0.148415
vt 0.240553 0.148069
vt 0.258086 0.138697
vt 0.256874 0.138428
vt 0.245781 0.123590
vt 0.245869 0.122938
vt 0.226263 0.129318
vt 0.228168 0.130590
vt 0.228421 0.114579
vt 0.230214 0.114914
vt 0.240789 0.129638
vt 0.240079 0.129491
vt 0.254103 0.122706
vt 0.254220 0.119564
vt 0.247726 0.107702
vt 0.246933 0.107820
vt 0.454129 0.970433
vt 0.452704 0.968584
vt 0.454669 0.969753
vt 0.448770 0.951294
vt 0.449611 0.948897
vt 0.449661 0.951008
vt 0.476510 0.931550
vt 0.478879 0.932045
vt 0.477480 0.932303
vt 0.480878 0.932829
vt 0.479492 0.933109
vt 0.482912 0.933697
vt 0.481515 0.933861
vt 0.484863 0.934730
vt 0.483551 0.934664
vt 0.486797 0.935925
vt 0.485430 0.935790
vt 0.488401 0.937366
vt 0.487070 0.937190
vt 0.489964 0.938907
vt 0.488689 0.938634
vt 0.491411 0.940606
vt 0.490290 0.940158
vt 0.492848 0.942426
vt 0.491506 0.941965
vt 0.493826 0.944403
vt 0.492680 0.943838
vt 0.494845 0.946504
vt 0.493649 0.945834
vt 0.495452 0.948640
vt 0.494445 0.947916
vt 0.496100 0.950919
vt 0.495041 0.950076
vt 0.496375 0.953215
vt 0.495399 0.952303
vt 0.496423 0.955537
vt 0.495699 0.954598
vt 0.496136 0.957765
vt 0.495466 0.956821
vt 0.495850 0.960116
vt 0.495309 0.959126
vt 0.495245 0.962357
vt 0.494656 0.961253
vt 0.494342 0.964368
vt 0.493932 0.963379
vt 0.493362 0.966490
vt 0.493121 0.965563
vt 0.492206 0.968523
vt 0.491876 0.967433
vt 0.490795 0.970367
vt 0.489159 0.972091
vt 0.489101 0.971105
vt 0.487426 0.973613
vt 0.487381 0.972502
vt 0.485553 0.974966
vt 0.485620 0.974023
vt 0.483558 0.976020
vt 0.483685 0.975233
vt 0.481472 0.977140
vt 0.481633 0.976245
vt 0.479251 0.977838
vt 0.479497 0.976889
vt 0.477006 0.978337
vt 0.477256 0.977632
vt 0.474745 0.978577
vt 0.474989 0.977994
vt 0.472448 0.978783
vt 0.472796 0.977993
vt 0.470107 0.978752
vt 0.470468 0.978092
vt 0.467857 0.978452
vt 0.468218 0.977646
vt 0.465663 0.977865
vt 0.465929 0.977267
vt 0.463401 0.977201
vt 0.463766 0.976520
vt 0.461332 0.976142
vt 0.461797 0.975454
vt 0.459299 0.974955
vt 0.459777 0.974299
vt 0.453762 0.959020
vt 0.454183 0.958925
vt 0.454888 0.961346
vt 0.453212 0.955385
vt 0.453778 0.954350
vt 0.453886 0.957251
vt 0.453680 0.951722
vt 0.454295 0.950773
vt 0.454699 0.948173
vt 0.455482 0.947362
vt 0.455448 0.946521
vt 0.457277 0.944263
vt 0.456367 0.944910
vt 0.455765 0.944510
vt 0.457293 0.943350
vt 0.456734 0.942899
vt 0.459590 0.941629
vt 0.458483 0.941967
vt 0.457966 0.941477
vt 0.459872 0.940852
vt 0.459417 0.940298
vt 0.458940 0.939759
vt 0.462430 0.939448
vt 0.461324 0.939711
vt 0.460906 0.939115
vt 0.461010 0.938106
vt 0.462841 0.938712
vt 0.462547 0.938215
vt 0.462262 0.937712
vt 0.464612 0.938210
vt 0.464364 0.937688
vt 0.464064 0.937052
vt 0.463833 0.936514
vt 0.464544 0.935747
vt 0.461703 0.936915
vt 0.466154 0.937535
vt 0.465984 0.936857
vt 0.465794 0.936318
vt 0.465617 0.935762
vt 0.467905 0.934226
vt 0.465675 0.934549
vt 0.467882 0.936984
vt 0.467776 0.936579
vt 0.467633 0.936032
vt 0.467499 0.935490
vt 0.467983 0.934731
vt 0.469506 0.936629
vt 0.469472 0.935941
vt 0.469385 0.935369
vt 0.469320 0.934818
vt 0.469590 0.933623
vt 0.467051 0.933814
vt 0.469026 0.932960
vt 0.471225 0.936430
vt 0.471253 0.935594
vt 0.471220 0.934890
vt 0.471840 0.934266
vt 0.471082 0.933170
vt 0.471052 0.932590
vt 0.474061 0.936454
vt 0.473075 0.935856
vt 0.473102 0.935158
vt 0.473126 0.934560
vt 0.474986 0.934078
vt 0.474315 0.933474
vt 0.473156 0.932858
vt 0.473168 0.932264
vt 0.474829 0.936145
vt 0.474905 0.935580
vt 0.474987 0.935006
vt 0.476013 0.934594
vt 0.475229 0.933007
vt 0.475284 0.932431
vt 0.477533 0.937076
vt 0.476617 0.936449
vt 0.476734 0.935888
vt 0.476937 0.935194
vt 0.477641 0.934022
vt 0.477294 0.933332
vt 0.477393 0.932744
vt 0.451465 0.963934
vt 0.450946 0.964235
vt 0.450142 0.962137
vt 0.462037 0.974708
vt 0.460146 0.973603
vt 0.461227 0.973590
vt 0.465657 0.975215
vt 0.458396 0.971128
vt 0.463634 0.973932
vt 0.460089 0.971878
vt 0.462924 0.972933
vt 0.461146 0.972074
vt 0.461489 0.971581
vt 0.463313 0.972283
vt 0.461893 0.970964
vt 0.463588 0.971752
vt 0.462837 0.970870
vt 0.463926 0.975910
vt 0.464987 0.975721
vt 0.465795 0.975582
vt 0.464708 0.973921
vt 0.464950 0.973372
vt 0.465180 0.972824
vt 0.465520 0.972182
vt 0.466022 0.976629
vt 0.467538 0.975124
vt 0.466615 0.974582
vt 0.466794 0.974010
vt 0.466972 0.973440
vt 0.467247 0.972767
vt 0.468244 0.976849
vt 0.469251 0.976431
vt 0.470654 0.975974
vt 0.468630 0.974758
vt 0.468755 0.974177
vt 0.468872 0.973592
vt 0.468952 0.973160
vt 0.470388 0.977297
vt 0.470574 0.975361
vt 0.470632 0.974745
vt 0.470706 0.974135
vt 0.470840 0.973419
vt 0.472606 0.977219
vt 0.473517 0.976638
vt 0.476050 0.975961
vt 0.472613 0.975396
vt 0.472598 0.974810
vt 0.472601 0.974202
vt 0.472666 0.973479
vt 0.474786 0.977236
vt 0.477340 0.976041
vt 0.475697 0.975560
vt 0.474598 0.975277
vt 0.474524 0.974533
vt 0.474463 0.973801
vt 0.474411 0.973358
vt 0.477055 0.977050
vt 0.478326 0.976382
vt 0.476618 0.974930
vt 0.476443 0.974205
vt 0.476305 0.973470
vt 0.476948 0.972887
vt 0.479945 0.974309
vt 0.478456 0.974297
vt 0.478287 0.973543
vt 0.478100 0.972986
vt 0.481296 0.975731
vt 0.481922 0.974808
vt 0.482391 0.974147
vt 0.481637 0.973837
vt 0.480337 0.973440
vt 0.480103 0.972893
vt 0.479886 0.972334
vt 0.480422 0.971654
vt 0.483293 0.974734
vt 0.485579 0.971744
vt 0.482267 0.972861
vt 0.481984 0.972341
vt 0.481630 0.971678
vt 0.485192 0.973563
vt 0.484861 0.973049
vt 0.485961 0.971835
vt 0.485283 0.971293
vt 0.483978 0.971814
vt 0.483668 0.971304
vt 0.483254 0.970710
vt 0.482930 0.970219
vt 0.486752 0.972009
vt 0.485395 0.970371
vt 0.485015 0.969893
vt 0.484636 0.969422
vt 0.484936 0.968608
vt 0.488588 0.970728
vt 0.488821 0.969678
vt 0.489009 0.968879
vt 0.488043 0.968660
vt 0.486850 0.969016
vt 0.486430 0.968583
vt 0.486006 0.968166
vt 0.490617 0.969404
vt 0.490066 0.969076
vt 0.490228 0.966384
vt 0.488183 0.967545
vt 0.487615 0.967073
vt 0.487001 0.966461
vt 0.491127 0.967122
vt 0.491118 0.966035
vt 0.489466 0.966071
vt 0.488740 0.965544
vt 0.488066 0.965005
vt 0.492362 0.965311
vt 0.491284 0.963757
vt 0.490352 0.964232
vt 0.489824 0.963946
vt 0.489300 0.963671
vt 0.489246 0.962806
vt 0.493142 0.963230
vt 0.492923 0.962170
vt 0.492538 0.961291
vt 0.491293 0.962534
vt 0.490611 0.962203
vt 0.490057 0.961981
vt 0.493862 0.961160
vt 0.492122 0.960659
vt 0.491546 0.960472
vt 0.490984 0.960294
vt 0.490310 0.960017
vt 0.494660 0.959098
vt 0.494076 0.958961
vt 0.493994 0.957324
vt 0.493607 0.956661
vt 0.493134 0.957424
vt 0.492593 0.958704
vt 0.492010 0.958571
vt 0.491413 0.958464
vt 0.490730 0.958251
vt 0.494677 0.956874
vt 0.492572 0.956661
vt 0.491962 0.956608
vt 0.491380 0.956556
vt 0.491010 0.955771
vt 0.495066 0.954682
vt 0.494454 0.954673
vt 0.494052 0.953081
vt 0.493465 0.951264
vt 0.492932 0.954703
vt 0.492341 0.954719
vt 0.491599 0.954712
vt 0.494610 0.952516
vt 0.492967 0.951327
vt 0.492830 0.952700
vt 0.492235 0.952762
vt 0.491645 0.952815
vt 0.490929 0.952812
vt 0.494291 0.950349
vt 0.493520 0.949614
vt 0.492219 0.950804
vt 0.491639 0.950909
vt 0.491062 0.951013
vt 0.490485 0.950372
vt 0.493728 0.948270
vt 0.491573 0.945395
vt 0.492009 0.948843
vt 0.491447 0.948964
vt 0.490740 0.949198
vt 0.492997 0.946246
vt 0.492095 0.945664
vt 0.491295 0.946035
vt 0.491057 0.947051
vt 0.490515 0.947285
vt 0.489982 0.947494
vt 0.489584 0.947658
vt 0.492052 0.944303
vt 0.490457 0.945186
vt 0.489961 0.945458
vt 0.489444 0.945709
vt 0.488782 0.945980
vt 0.490921 0.942488
vt 0.489942 0.942089
vt 0.489239 0.942627
vt 0.489205 0.943650
vt 0.488728 0.943975
vt 0.488244 0.944290
vt 0.487889 0.944527
vt 0.489764 0.940722
vt 0.487347 0.939941
vt 0.488296 0.941931
vt 0.487833 0.942298
vt 0.487383 0.942654
vt 0.486794 0.943039
vt 0.488211 0.939242
vt 0.487190 0.939040
vt 0.486902 0.940608
vt 0.486355 0.941088
vt 0.485950 0.941492
vt 0.485648 0.941791
vt 0.486644 0.937829
vt 0.485700 0.938945
vt 0.485271 0.939525
vt 0.484788 0.940062
vt 0.484285 0.940561
vt 0.485126 0.936331
vt 0.484097 0.936299
vt 0.483312 0.936263
vt 0.481581 0.935700
vt 0.483062 0.937053
vt 0.483991 0.938033
vt 0.483650 0.938500
vt 0.483325 0.938971
vt 0.482872 0.939510
vt 0.483302 0.935232
vt 0.482137 0.937406
vt 0.481771 0.938021
vt 0.481373 0.938597
vt 0.479805 0.937838
vt 0.480139 0.937234
vt 0.480444 0.936592
vt 0.479749 0.935522
vt 0.480266 0.934751
vt 0.481280 0.934584
vt 0.478339 0.936882
vt 0.478509 0.936343
vt 0.478697 0.935799
vt 0.479322 0.933862
vt 0.454101 0.949946
vt 0.454809 0.946164
vt 0.457563 0.941065
vt 0.459388 0.938850
vt 0.462562 0.935820
vt 0.475318 0.931992
vt 0.474429 0.931438
vt 0.454025 0.947892
vt 0.456291 0.942517
vt 0.465032 0.934152
vt 0.466933 0.933268
vt 0.471021 0.931979
vt 0.472993 0.931805
vt 0.472196 0.931237
vt 0.453433 0.953575
vt 0.453400 0.949718
vt 0.455157 0.944106
vt 0.455793 0.942362
vt 0.456094 0.941418
vt 0.459134 0.938006
vt 0.463120 0.934933
vt 0.468883 0.932215
vt 0.469973 0.931382
vt 0.453102 0.951614
vt 0.454155 0.945813
vt 0.461240 0.935927
vt 0.464814 0.933592
vt 0.466757 0.932656
vt 0.467815 0.931705
vt 0.452708 0.953488
vt 0.453333 0.947614
vt 0.456139 0.940839
vt 0.459491 0.937047
vt 0.462833 0.934427
vt 0.465691 0.932236
vt 0.453178 0.957251
vt 0.452516 0.951502
vt 0.452684 0.949501
vt 0.453221 0.946362
vt 0.457769 0.938211
vt 0.460955 0.935406
vt 0.464651 0.933199
vt 0.463620 0.932959
vt 0.454116 0.960819
vt 0.452483 0.955394
vt 0.453351 0.944839
vt 0.456319 0.939801
vt 0.459163 0.936560
vt 0.462647 0.934025
vt 0.461744 0.933921
vt 0.454911 0.962486
vt 0.453186 0.959134
vt 0.452600 0.957312
vt 0.451940 0.953420
vt 0.452157 0.950417
vt 0.451512 0.950562
vt 0.453894 0.943320
vt 0.454919 0.941404
vt 0.460716 0.935031
vt 0.459789 0.934970
vt 0.451884 0.955390
vt 0.451647 0.952399
vt 0.451854 0.948007
vt 0.455878 0.939408
vt 0.457224 0.937651
vt 0.458881 0.936220
vt 0.458001 0.936260
vt 0.454364 0.962724
vt 0.453429 0.961038
vt 0.452639 0.959248
vt 0.452016 0.957360
vt 0.451161 0.950741
vt 0.452566 0.944987
vt 0.453404 0.942983
vt 0.454446 0.941043
vt 0.456314 0.937655
vt 0.451324 0.956322
vt 0.451655 0.946967
vt 0.455547 0.939104
vt 0.454690 0.939232
vt 0.453814 0.962954
vt 0.452839 0.961196
vt 0.452220 0.960188
vt 0.450692 0.954203
vt 0.450961 0.948993
vt 0.451842 0.944645
vt 0.452867 0.942643
vt 0.454087 0.940776
vt 0.453297 0.940974
vt 0.450928 0.956950
vt 0.450451 0.951135
vt 0.450905 0.946697
vt 0.452010 0.942818
vt 0.453272 0.963203
vt 0.450159 0.953277
vt 0.450372 0.948858
vt 0.450759 0.944810
vt 0.453306 0.964622
vt 0.451587 0.961084
vt 0.449960 0.955407
vt 0.449982 0.946906
vt 0.450893 0.959626
vt 0.450274 0.957567
vt 0.449365 0.953250
vt 0.453155 0.964986
vt 0.452174 0.963670
vt 0.451172 0.961731
vt 0.450333 0.959767
vt 0.449517 0.957706
vt 0.449141 0.955492
vt 0.448497 0.953626
vt 0.450596 0.961925
vt 0.449713 0.959875
vt 0.448766 0.958168
vt 0.448504 0.955878
vt 0.449129 0.960342
vt 0.452152 0.966052
vt 0.451538 0.966681
vt 0.452857 0.965722
vt 0.454806 0.966172
vt 0.454411 0.964845
vt 0.454951 0.964573
vt 0.455458 0.964300
vt 0.456119 0.964020
vt 0.450502 0.964615
vt 0.449677 0.962492
vt 0.453296 0.967966
vt 0.453971 0.967560
vt 0.454965 0.967962
vt 0.455817 0.966282
vt 0.456443 0.965888
vt 0.457076 0.965540
vt 0.455277 0.969278
vt 0.457300 0.969346
vt 0.456666 0.968117
vt 0.457130 0.967746
vt 0.457583 0.967372
vt 0.458179 0.966967
vt 0.455643 0.972067
vt 0.456237 0.971428
vt 0.456777 0.970895
vt 0.457809 0.971080
vt 0.458236 0.969376
vt 0.458753 0.968847
vt 0.459416 0.968280
vt 0.457341 0.973587
vt 0.457910 0.972926
vt 0.458375 0.972322
vt 0.459513 0.970901
vt 0.459906 0.970446
vt 0.460279 0.969986
vt 0.460782 0.969474
vt 0.458204 0.964489
vt 0.456914 0.962163
vt 0.455864 0.959378
vt 0.455393 0.956799
vt 0.455371 0.953850
vt 0.489415 0.956383
vt 0.488942 0.959026
vt 0.487970 0.961897
vt 0.486661 0.964247
vt 0.484792 0.966596
vt 0.481862 0.969032
vt 0.485692 0.944079
vt 0.487708 0.947207
vt 0.488990 0.950726
vt 0.489403 0.953370
vt 0.461669 0.941905
vt 0.464115 0.940194
vt 0.466462 0.939038
vt 0.469216 0.938188
vt 0.472831 0.937887
vt 0.456091 0.950140
vt 0.457567 0.946682
vt 0.459726 0.943682
vt 0.469052 0.971603
vt 0.466468 0.970865
vt 0.463720 0.969589
vt 0.460648 0.967347
vt 0.475424 0.938177
vt 0.478268 0.938859
vt 0.481557 0.940421
vt 0.483633 0.941986
vt 0.478466 0.970770
vt 0.474756 0.971730
vt 0.472059 0.971892
vt 0.138337 0.919969
vt 0.140479 0.923171
vt 0.138121 0.924226
vt 0.136019 0.917446
vt 0.135650 0.920736
vt 0.132948 0.915135
vt 0.132473 0.917876
vt 0.125347 0.912066
vt 0.129958 0.913505
vt 0.128753 0.915784
vt 0.120535 0.911669
vt 0.124667 0.914552
vt 0.112135 0.913628
vt 0.115746 0.912335
vt 0.114163 0.915529
vt 0.109130 0.915226
vt 0.106118 0.917615
vt 0.110372 0.917487
vt 0.101722 0.923368
vt 0.103788 0.920121
vt 0.105057 0.922710
vt 0.099285 0.931213
vt 0.100340 0.926498
vt 0.102156 0.929573
vt 0.099285 0.936049
vt 0.101720 0.932751
vt 0.100064 0.939816
vt 0.101865 0.935957
vt 0.101257 0.943025
vt 0.102840 0.940118
vt 0.103798 0.947138
vt 0.104137 0.943055
vt 0.106438 0.949930
vt 0.105944 0.945706
vt 0.109130 0.952032
vt 0.108124 0.948060
vt 0.117146 0.955195
vt 0.113437 0.954201
vt 0.116562 0.952480
vt 0.124352 0.955332
vt 0.120519 0.955588
vt 0.122920 0.952949
vt 0.136016 0.949809
vt 0.132120 0.952674
vt 0.131919 0.949799
vt 0.139197 0.946168
vt 0.134415 0.947784
vt 0.142293 0.939611
vt 0.141087 0.942813
vt 0.139192 0.940762
vt 0.142975 0.935829
vt 0.140313 0.936640
vt 0.143085 0.932421
vt 0.142293 0.927655
vt 0.139764 0.928169
vt 0.137318 0.928888
vt 0.136338 0.926277
vt 0.134276 0.928147
vt 0.133211 0.926049
vt 0.130327 0.926741
vt 0.127965 0.928845
vt 0.126220 0.926987
vt 0.134899 0.923889
vt 0.132434 0.921117
vt 0.131782 0.924178
vt 0.129456 0.922082
vt 0.127868 0.924290
vt 0.130231 0.919413
vt 0.127758 0.918130
vt 0.126729 0.920544
vt 0.125359 0.922952
vt 0.123872 0.925744
vt 0.121954 0.925340
vt 0.124208 0.917059
vt 0.124504 0.919781
vt 0.122177 0.919439
vt 0.121980 0.922152
vt 0.120142 0.925332
vt 0.119141 0.922325
vt 0.121478 0.914213
vt 0.121439 0.916759
vt 0.118662 0.916964
vt 0.119050 0.919557
vt 0.118286 0.914445
vt 0.116022 0.920352
vt 0.114762 0.923997
vt 0.118186 0.925831
vt 0.116133 0.926946
vt 0.115079 0.917906
vt 0.113895 0.921357
vt 0.112560 0.919095
vt 0.111985 0.922732
vt 0.114228 0.928934
vt 0.107097 0.920229
vt 0.107733 0.923405
vt 0.106210 0.925741
vt 0.108534 0.926967
vt 0.107627 0.929140
vt 0.110574 0.929121
vt 0.103501 0.925520
vt 0.105138 0.928314
vt 0.104361 0.931941
vt 0.107051 0.931422
vt 0.106899 0.933771
vt 0.109680 0.932796
vt 0.104287 0.934727
vt 0.104722 0.937481
vt 0.107098 0.936114
vt 0.107719 0.938386
vt 0.110228 0.937439
vt 0.105961 0.940978
vt 0.109084 0.941205
vt 0.112892 0.941720
vt 0.113578 0.937233
vt 0.115040 0.939353
vt 0.107938 0.944117
vt 0.109829 0.946163
vt 0.111033 0.943655
vt 0.113470 0.945620
vt 0.116336 0.944061
vt 0.117371 0.941126
vt 0.113517 0.951491
vt 0.115386 0.949470
vt 0.118062 0.950219
vt 0.118538 0.947641
vt 0.120881 0.947859
vt 0.119983 0.945054
vt 0.120448 0.941958
vt 0.123190 0.941731
vt 0.119720 0.952997
vt 0.120835 0.950481
vt 0.124525 0.950139
vt 0.123997 0.947571
vt 0.123754 0.944810
vt 0.125335 0.940842
vt 0.127681 0.954612
vt 0.126083 0.952415
vt 0.129097 0.951326
vt 0.127204 0.949381
vt 0.129702 0.948149
vt 0.128369 0.945890
vt 0.132670 0.945926
vt 0.130303 0.944550
vt 0.131960 0.942878
vt 0.130071 0.940848
vt 0.126975 0.939614
vt 0.128419 0.937743
vt 0.137192 0.944540
vt 0.134558 0.943874
vt 0.136040 0.941513
vt 0.133353 0.940982
vt 0.134374 0.938863
vt 0.132266 0.936720
vt 0.129146 0.935952
vt 0.129496 0.933585
vt 0.137403 0.938061
vt 0.135073 0.936616
vt 0.135358 0.934280
vt 0.132574 0.932574
vt 0.137979 0.934397
vt 0.129019 0.930849
vt 0.140506 0.932372
vt 0.137896 0.931616
vt 0.135157 0.931153
vt 0.131764 0.929196
vt 0.110297 0.920723
vt 0.111985 0.926649
vt 0.109820 0.924997
vt 0.112935 0.931869
vt 0.112854 0.934770
vt 0.112060 0.947831
vt 0.110692 0.949981
vt 0.116277 0.947006
vt 0.126260 0.946932
vt 0.127243 0.943356
vt 0.531872 0.857342
vt 0.532187 0.861270
vt 0.531244 0.857876
vt 0.462873 0.884942
vt 0.460843 0.882012
vt 0.462301 0.883012
vt 0.459095 0.878860
vt 0.460680 0.879897
vt 0.457660 0.875547
vt 0.459126 0.876690
vt 0.456544 0.872091
vt 0.457885 0.873339
vt 0.455730 0.868474
vt 0.456978 0.869872
vt 0.455339 0.864930
vt 0.456418 0.866320
vt 0.455286 0.861303
vt 0.456193 0.862742
vt 0.455568 0.857691
vt 0.456131 0.859084
vt 0.489138 0.824002
vt 0.493104 0.823703
vt 0.492589 0.824461
vt 0.496654 0.823810
vt 0.500607 0.824165
vt 0.500035 0.824888
vt 0.507668 0.826207
vt 0.511421 0.827520
vt 0.510620 0.828619
vt 0.514744 0.829463
vt 0.513856 0.830508
vt 0.517962 0.831641
vt 0.516939 0.832731
vt 0.523910 0.855699
vt 0.523218 0.855852
vt 0.522011 0.851859
vt 0.524365 0.858710
vt 0.523886 0.860503
vt 0.524516 0.864764
vt 0.523677 0.866429
vt 0.523563 0.870675
vt 0.522878 0.870493
vt 0.521345 0.876243
vt 0.519934 0.877429
vt 0.522033 0.873150
vt 0.519856 0.878817
vt 0.516560 0.882202
vt 0.518331 0.881452
vt 0.516233 0.883530
vt 0.517066 0.884366
vt 0.513677 0.885073
vt 0.514129 0.885598
vt 0.514726 0.886297
vt 0.515427 0.887232
vt 0.510009 0.887815
vt 0.511782 0.887406
vt 0.512317 0.888167
vt 0.512856 0.888941
vt 0.509430 0.889195
vt 0.510002 0.890219
vt 0.510452 0.891072
vt 0.504833 0.890442
vt 0.506655 0.890365
vt 0.507028 0.891226
vt 0.507484 0.892346
vt 0.507584 0.893698
vt 0.503925 0.891467
vt 0.504271 0.892599
vt 0.504648 0.893736
vt 0.499223 0.892061
vt 0.501040 0.892326
vt 0.501278 0.893249
vt 0.501487 0.894177
vt 0.500663 0.895427
vt 0.497479 0.896801
vt 0.500121 0.896975
vt 0.498153 0.892909
vt 0.498282 0.893844
vt 0.498385 0.895037
vt 0.495183 0.892561
vt 0.495220 0.893259
vt 0.495258 0.894180
vt 0.495246 0.895357
vt 0.495378 0.896295
vt 0.493441 0.897561
vt 0.495413 0.898432
vt 0.492442 0.892574
vt 0.492267 0.893702
vt 0.492163 0.894867
vt 0.491054 0.896035
vt 0.491982 0.898433
vt 0.489475 0.892301
vt 0.489332 0.893198
vt 0.489160 0.894338
vt 0.488996 0.895260
vt 0.482055 0.895368
vt 0.486815 0.896871
vt 0.488499 0.898329
vt 0.485013 0.891306
vt 0.486491 0.892381
vt 0.486265 0.893288
vt 0.485917 0.894424
vt 0.483967 0.895130
vt 0.485236 0.897447
vt 0.485034 0.898375
vt 0.483596 0.891793
vt 0.483212 0.892901
vt 0.482875 0.893787
vt 0.481955 0.896474
vt 0.481674 0.897379
vt 0.481456 0.898059
vt 0.529139 0.850857
vt 0.530225 0.850123
vt 0.530373 0.854240
vt 0.513338 0.831685
vt 0.516230 0.833798
vt 0.514468 0.833641
vt 0.509223 0.831346
vt 0.518677 0.838108
vt 0.510603 0.832682
vt 0.516051 0.836615
vt 0.511697 0.834195
vt 0.514355 0.836120
vt 0.511010 0.835222
vt 0.513710 0.836871
vt 0.512943 0.837818
vt 0.510327 0.836233
vt 0.511392 0.837779
vt 0.510220 0.829855
vt 0.508443 0.830051
vt 0.508853 0.832534
vt 0.508370 0.833386
vt 0.507907 0.834237
vt 0.507255 0.835225
vt 0.507266 0.827404
vt 0.506920 0.828358
vt 0.502339 0.828884
vt 0.505850 0.831156
vt 0.505475 0.832066
vt 0.505090 0.832962
vt 0.504542 0.834016
vt 0.503945 0.825061
vt 0.503709 0.826236
vt 0.503488 0.827209
vt 0.501792 0.827770
vt 0.502700 0.830088
vt 0.502363 0.831277
vt 0.502015 0.832447
vt 0.501824 0.833140
vt 0.500034 0.826193
vt 0.497898 0.828209
vt 0.499467 0.829395
vt 0.499263 0.830371
vt 0.499103 0.831331
vt 0.498786 0.832470
vt 0.496422 0.825041
vt 0.496377 0.826039
vt 0.494838 0.826882
vt 0.490634 0.827649
vt 0.496179 0.829012
vt 0.496083 0.830240
vt 0.495961 0.831461
vt 0.494702 0.832094
vt 0.492829 0.825731
vt 0.490184 0.827188
vt 0.490648 0.828522
vt 0.492964 0.829202
vt 0.492916 0.830436
vt 0.492934 0.831416
vt 0.489082 0.825267
vt 0.489234 0.826263
vt 0.489674 0.829684
vt 0.489758 0.830665
vt 0.489879 0.831604
vt 0.489962 0.832306
vt 0.485426 0.824637
vt 0.485464 0.825919
vt 0.485707 0.826888
vt 0.484481 0.828125
vt 0.482704 0.829747
vt 0.486397 0.829773
vt 0.486587 0.830728
vt 0.486787 0.831681
vt 0.486936 0.832862
vt 0.481784 0.825639
vt 0.481925 0.826912
vt 0.482271 0.827849
vt 0.480133 0.829753
vt 0.483233 0.830640
vt 0.483511 0.831588
vt 0.483818 0.832507
vt 0.484067 0.833662
vt 0.478271 0.826990
vt 0.478512 0.828256
vt 0.478966 0.829140
vt 0.474673 0.833247
vt 0.478228 0.832749
vt 0.480368 0.832320
vt 0.480749 0.833215
vt 0.481135 0.834097
vt 0.480323 0.835251
vt 0.474921 0.828699
vt 0.475272 0.829927
vt 0.475794 0.830769
vt 0.474976 0.832316
vt 0.475446 0.833610
vt 0.477871 0.834404
vt 0.478446 0.835472
vt 0.471765 0.830709
vt 0.472216 0.831902
vt 0.472816 0.832686
vt 0.471332 0.835113
vt 0.474691 0.835253
vt 0.475312 0.836279
vt 0.475849 0.837050
vt 0.476253 0.837631
vt 0.468832 0.832988
vt 0.469375 0.834151
vt 0.470045 0.834874
vt 0.468765 0.838774
vt 0.471982 0.837081
vt 0.472759 0.838009
vt 0.473518 0.838935
vt 0.473064 0.840241
vt 0.466136 0.835553
vt 0.466774 0.836664
vt 0.467510 0.837315
vt 0.467221 0.839027
vt 0.469644 0.839307
vt 0.470517 0.840154
vt 0.471369 0.840996
vt 0.463736 0.838365
vt 0.464440 0.839402
vt 0.465229 0.839978
vt 0.463376 0.845491
vt 0.467530 0.841763
vt 0.468467 0.842523
vt 0.469377 0.843289
vt 0.469155 0.844650
vt 0.461576 0.841355
vt 0.462381 0.842341
vt 0.463219 0.842836
vt 0.463217 0.844544
vt 0.464217 0.845452
vt 0.465678 0.844373
vt 0.466467 0.844916
vt 0.467461 0.845550
vt 0.459759 0.844510
vt 0.460633 0.845430
vt 0.461502 0.845844
vt 0.461289 0.848631
vt 0.464075 0.847160
vt 0.464911 0.847628
vt 0.465958 0.848175
vt 0.466215 0.849652
vt 0.458185 0.847799
vt 0.459144 0.848660
vt 0.460052 0.848997
vt 0.461762 0.851448
vt 0.462758 0.850057
vt 0.463863 0.850514
vt 0.464955 0.850970
vt 0.456959 0.851249
vt 0.457981 0.852036
vt 0.458922 0.852274
vt 0.459433 0.853916
vt 0.459226 0.858059
vt 0.460607 0.854516
vt 0.462166 0.853241
vt 0.463082 0.853533
vt 0.463976 0.853816
vt 0.464281 0.855161
vt 0.456200 0.853952
vt 0.456626 0.855507
vt 0.457879 0.855567
vt 0.460949 0.856181
vt 0.461878 0.856390
vt 0.463032 0.856617
vt 0.457142 0.859050
vt 0.458097 0.859161
vt 0.458469 0.861738
vt 0.459695 0.860941
vt 0.460488 0.859342
vt 0.461431 0.859458
vt 0.462573 0.859582
vt 0.463497 0.859681
vt 0.457461 0.862529
vt 0.460351 0.862507
vt 0.461316 0.862537
vt 0.462474 0.862542
vt 0.463380 0.863723
vt 0.457653 0.866013
vt 0.458738 0.867325
vt 0.459735 0.867270
vt 0.460512 0.865686
vt 0.461471 0.865625
vt 0.462639 0.865491
vt 0.458180 0.869431
vt 0.460674 0.871480
vt 0.461228 0.868770
vt 0.462436 0.868607
vt 0.463364 0.868433
vt 0.464267 0.869479
vt 0.459047 0.872801
vt 0.460367 0.873876
vt 0.461777 0.871951
vt 0.462933 0.871619
vt 0.464070 0.871301
vt 0.460228 0.876051
vt 0.463293 0.878517
vt 0.462920 0.876724
vt 0.462870 0.874949
vt 0.463950 0.874516
vt 0.465012 0.874111
vt 0.465650 0.873850
vt 0.461709 0.879159
vt 0.463211 0.879954
vt 0.464413 0.877648
vt 0.465493 0.877163
vt 0.466324 0.876730
vt 0.467475 0.877444
vt 0.463260 0.882196
vt 0.467326 0.884180
vt 0.466015 0.880335
vt 0.467054 0.879747
vt 0.467827 0.879227
vt 0.464527 0.887026
vt 0.464794 0.885465
vt 0.465506 0.884841
vt 0.467124 0.885344
vt 0.467715 0.883052
vt 0.468647 0.882330
vt 0.469588 0.881632
vt 0.470847 0.882139
vt 0.466956 0.889621
vt 0.467101 0.888079
vt 0.467763 0.887398
vt 0.471983 0.888812
vt 0.469770 0.885416
vt 0.470633 0.884608
vt 0.471491 0.883819
vt 0.469544 0.891927
vt 0.469624 0.890462
vt 0.470217 0.889731
vt 0.471874 0.889937
vt 0.475490 0.891812
vt 0.472049 0.887595
vt 0.472687 0.886908
vt 0.473301 0.886215
vt 0.474130 0.885441
vt 0.473128 0.894591
vt 0.472248 0.892887
vt 0.472871 0.891816
vt 0.474521 0.889521
vt 0.475087 0.888777
vt 0.475629 0.888027
vt 0.476379 0.887173
vt 0.478781 0.888690
vt 0.478119 0.889607
vt 0.477652 0.890407
vt 0.477157 0.891204
vt 0.478275 0.892573
vt 0.477422 0.893594
vt 0.475748 0.893662
vt 0.475296 0.894499
vt 0.475535 0.896021
vt 0.481220 0.889908
vt 0.480939 0.890542
vt 0.480445 0.891577
vt 0.479952 0.892631
vt 0.478779 0.895228
vt 0.478409 0.896114
vt 0.478782 0.897584
vt 0.482841 0.899008
vt 0.520660 0.879339
vt 0.519263 0.882172
vt 0.512559 0.890378
vt 0.506648 0.895097
vt 0.498839 0.898113
vt 0.491971 0.899395
vt 0.488358 0.899589
vt 0.485695 0.899760
vt 0.523049 0.873685
vt 0.522192 0.876673
vt 0.517922 0.885206
vt 0.502283 0.897715
vt 0.495475 0.899392
vt 0.489570 0.900408
vt 0.524151 0.867735
vt 0.521633 0.880068
vt 0.519999 0.882786
vt 0.518718 0.885535
vt 0.518109 0.886995
vt 0.512678 0.892027
vt 0.505611 0.896477
vt 0.499006 0.899077
vt 0.492826 0.900638
vt 0.524479 0.870940
vt 0.523946 0.874028
vt 0.523239 0.877302
vt 0.508832 0.895170
vt 0.496422 0.900520
vt 0.524828 0.861699
vt 0.525336 0.867970
vt 0.517954 0.887919
vt 0.511931 0.893568
vt 0.505951 0.897385
vt 0.502636 0.898947
vt 0.500030 0.900151
vt 0.525475 0.864807
vt 0.525612 0.871332
vt 0.524805 0.874429
vt 0.524432 0.877825
vt 0.514918 0.891900
vt 0.509273 0.896046
vt 0.503765 0.899379
vt 0.522433 0.882850
vt 0.517507 0.889551
vt 0.512448 0.894393
vt 0.507132 0.898272
vt 0.523071 0.852794
vt 0.525582 0.858581
vt 0.526046 0.861693
vt 0.526698 0.864993
vt 0.526529 0.868180
vt 0.246190 0.258932
vt 0.250744 0.471974
vt 0.239304 0.459630
vt 0.233915 0.270309
vt 0.520006 0.887194
vt 0.510508 0.896807
vt 0.524830 0.855503
vt 0.527022 0.871000
vt 0.525931 0.876964
vt 0.522294 0.884575
vt 0.518151 0.890257
vt 0.515710 0.892878
vt 0.513714 0.895040
vt 0.523987 0.852507
vt 0.527040 0.861683
vt 0.527460 0.872634
vt 0.524334 0.881728
vt 0.520719 0.887845
vt 0.516870 0.892839
vt 0.526001 0.855327
vt 0.526819 0.858447
vt 0.528023 0.864844
vt 0.526091 0.878674
vt 0.523078 0.885161
vt 0.519447 0.890709
vt 0.524920 0.852251
vt 0.527778 0.858112
vt 0.528721 0.867080
vt 0.527539 0.875473
vt 0.525169 0.882239
vt 0.522046 0.888195
vt 0.528644 0.872135
vt 0.526978 0.879097
vt 0.524401 0.885413
vt 0.525296 0.850238
vt 0.528967 0.860189
vt 0.529430 0.868678
vt 0.528462 0.875804
vt 0.526540 0.882367
vt 0.526005 0.849553
vt 0.529877 0.865180
vt 0.529600 0.872377
vt 0.528341 0.879136
vt 0.527331 0.851856
vt 0.529951 0.861634
vt 0.530389 0.868816
vt 0.529815 0.875723
vt 0.528917 0.854756
vt 0.529947 0.858104
vt 0.530880 0.865193
vt 0.530954 0.872188
vt 0.530961 0.861557
vt 0.531713 0.868525
vt 0.528203 0.851177
vt 0.532112 0.864895
vt 0.531239 0.853709
vt 0.528346 0.847244
vt 0.528893 0.846651
vt 0.527417 0.847626
vt 0.526479 0.848001
vt 0.523770 0.849186
vt 0.522862 0.849592
vt 0.521961 0.849977
vt 0.527544 0.843132
vt 0.526461 0.844017
vt 0.525367 0.844631
vt 0.523798 0.843819
vt 0.523050 0.846076
vt 0.521898 0.846517
vt 0.520844 0.847096
vt 0.519451 0.846486
vt 0.525675 0.839909
vt 0.524499 0.840884
vt 0.523475 0.841594
vt 0.520615 0.841516
vt 0.521048 0.843309
vt 0.520042 0.844000
vt 0.519032 0.844673
vt 0.523377 0.836923
vt 0.522253 0.837952
vt 0.521313 0.838760
vt 0.519627 0.838278
vt 0.518892 0.840895
vt 0.517906 0.841625
vt 0.517155 0.842232
vt 0.515843 0.841738
vt 0.520813 0.834191
vt 0.519748 0.835268
vt 0.518894 0.836163
vt 0.516830 0.838307
vt 0.516123 0.838990
vt 0.515283 0.839858
vt 0.517928 0.849035
vt 0.520298 0.854763
vt 0.521350 0.860838
vt 0.521036 0.867020
vt 0.490072 0.889916
vt 0.485920 0.888985
vt 0.481445 0.887344
vt 0.476425 0.884208
vt 0.473398 0.881263
vt 0.470428 0.877474
vt 0.509109 0.885379
vt 0.504881 0.887696
vt 0.500788 0.889086
vt 0.496055 0.890019
vt 0.519415 0.872909
vt 0.516467 0.878223
vt 0.512496 0.882807
vt 0.466360 0.857275
vt 0.467544 0.853149
vt 0.469518 0.848739
vt 0.471947 0.845207
vt 0.475295 0.841639
vt 0.480335 0.838084
vt 0.501452 0.835664
vt 0.505524 0.837193
vt 0.509740 0.839728
vt 0.514344 0.843926
vt 0.467653 0.872145
vt 0.466513 0.868053
vt 0.465875 0.863265
vt 0.486054 0.835702
vt 0.492160 0.834667
vt 0.496540 0.834788
vt 0.361989 0.941780
vt 0.360605 0.940185
vt 0.361726 0.940655
vt 0.358243 0.936481
vt 0.357307 0.934478
vt 0.358084 0.935214
vt 0.356534 0.932348
vt 0.357275 0.933180
vt 0.356016 0.930215
vt 0.356789 0.931036
vt 0.355653 0.927933
vt 0.356372 0.928858
vt 0.355591 0.925726
vt 0.356180 0.926636
vt 0.355711 0.923487
vt 0.356218 0.924410
vt 0.356031 0.921220
vt 0.356451 0.922221
vt 0.371522 0.903407
vt 0.373897 0.902730
vt 0.373586 0.903262
vt 0.376181 0.902027
vt 0.375819 0.902830
vt 0.378416 0.901964
vt 0.378071 0.902622
vt 0.380769 0.901911
vt 0.380266 0.902776
vt 0.383061 0.902176
vt 0.382506 0.902999
vt 0.385200 0.902775
vt 0.384793 0.903323
vt 0.387363 0.903318
vt 0.386975 0.903987
vt 0.389472 0.904190
vt 0.388948 0.904948
vt 0.391504 0.905272
vt 0.390928 0.905994
vt 0.393428 0.906550
vt 0.392796 0.907226
vt 0.395141 0.908091
vt 0.394571 0.908653
vt 0.398086 0.922760
vt 0.397674 0.923874
vt 0.396953 0.920339
vt 0.398320 0.926461
vt 0.397701 0.927475
vt 0.397840 0.930135
vt 0.397043 0.931012
vt 0.396527 0.933576
vt 0.395714 0.934360
vt 0.394464 0.936441
vt 0.395858 0.935276
vt 0.394997 0.936903
vt 0.393321 0.937905
vt 0.393750 0.938282
vt 0.391277 0.939957
vt 0.392348 0.939536
vt 0.392855 0.940083
vt 0.391047 0.940875
vt 0.391512 0.941457
vt 0.389230 0.941479
vt 0.389545 0.941978
vt 0.389942 0.942592
vt 0.390239 0.943112
vt 0.387738 0.942349
vt 0.387976 0.943023
vt 0.388291 0.943688
vt 0.388037 0.944674
vt 0.385027 0.943469
vt 0.386204 0.943642
vt 0.386461 0.944324
vt 0.386665 0.944878
vt 0.384418 0.944064
vt 0.384575 0.944644
vt 0.384722 0.945374
vt 0.383950 0.946173
vt 0.384324 0.946543
vt 0.381476 0.944254
vt 0.382590 0.944481
vt 0.382714 0.945071
vt 0.382777 0.945816
vt 0.380780 0.944749
vt 0.380820 0.945321
vt 0.380842 0.945911
vt 0.379805 0.946772
vt 0.378946 0.944403
vt 0.378940 0.944835
vt 0.378913 0.945566
vt 0.378891 0.946289
vt 0.377685 0.947445
vt 0.381865 0.947347
vt 0.378859 0.948216
vt 0.377237 0.944306
vt 0.377085 0.944990
vt 0.377008 0.945575
vt 0.376911 0.946157
vt 0.375914 0.946450
vt 0.374136 0.946529
vt 0.376709 0.948077
vt 0.375473 0.944028
vt 0.375253 0.944704
vt 0.375113 0.945260
vt 0.374965 0.945829
vt 0.374298 0.946877
vt 0.374652 0.947594
vt 0.374539 0.948177
vt 0.372695 0.943231
vt 0.373492 0.944081
vt 0.373280 0.944774
vt 0.373064 0.945307
vt 0.372029 0.945397
vt 0.371630 0.946127
vt 0.372582 0.947030
vt 0.372411 0.947602
vt 0.371867 0.943319
vt 0.371637 0.943854
vt 0.371393 0.944370
vt 0.370285 0.944488
vt 0.370590 0.946278
vt 0.370387 0.946836
vt 0.370222 0.947245
vt 0.401310 0.919981
vt 0.401988 0.919575
vt 0.402479 0.921809
vt 0.392445 0.907910
vt 0.394107 0.909271
vt 0.391690 0.908081
vt 0.394606 0.910501
vt 0.389787 0.907831
vt 0.393244 0.910017
vt 0.391342 0.909384
vt 0.392903 0.910597
vt 0.390907 0.909981
vt 0.392489 0.911033
vt 0.391998 0.911585
vt 0.390471 0.910569
vt 0.391069 0.911528
vt 0.390647 0.906718
vt 0.388677 0.906376
vt 0.387121 0.906007
vt 0.389703 0.908337
vt 0.389389 0.908823
vt 0.389090 0.909312
vt 0.388665 0.909877
vt 0.388737 0.905699
vt 0.387997 0.907403
vt 0.387717 0.907917
vt 0.387461 0.908438
vt 0.387087 0.909040
vt 0.386823 0.904582
vt 0.386606 0.905142
vt 0.385334 0.905838
vt 0.386184 0.906599
vt 0.385916 0.907290
vt 0.385647 0.907971
vt 0.385496 0.908378
vt 0.384725 0.904094
vt 0.383656 0.904587
vt 0.384269 0.905984
vt 0.384096 0.906562
vt 0.383944 0.907138
vt 0.383696 0.907812
vt 0.382549 0.903797
vt 0.381343 0.904868
vt 0.381375 0.905151
vt 0.382237 0.905874
vt 0.382133 0.906467
vt 0.382037 0.907056
vt 0.381234 0.907378
vt 0.380381 0.903561
vt 0.379453 0.904103
vt 0.376900 0.904566
vt 0.380271 0.905672
vt 0.380229 0.906267
vt 0.380195 0.906863
vt 0.378228 0.903388
vt 0.377221 0.904985
vt 0.378297 0.905349
vt 0.378311 0.906096
vt 0.378324 0.906826
vt 0.378339 0.907260
vt 0.376052 0.903581
vt 0.375232 0.904425
vt 0.376291 0.905537
vt 0.376359 0.906130
vt 0.376438 0.906720
vt 0.376468 0.907449
vt 0.373899 0.903987
vt 0.372507 0.905191
vt 0.373206 0.905793
vt 0.374325 0.905929
vt 0.374455 0.906511
vt 0.374586 0.907084
vt 0.374685 0.907805
vt 0.371605 0.904188
vt 0.371823 0.904759
vt 0.368991 0.907032
vt 0.372417 0.906490
vt 0.372596 0.907061
vt 0.372784 0.907623
vt 0.372951 0.908324
vt 0.369382 0.904261
vt 0.369533 0.905032
vt 0.369805 0.905578
vt 0.369224 0.906479
vt 0.369445 0.907298
vt 0.370574 0.907227
vt 0.370805 0.907781
vt 0.371046 0.908320
vt 0.371276 0.909001
vt 0.367336 0.905312
vt 0.367550 0.906074
vt 0.367874 0.906592
vt 0.366831 0.908011
vt 0.368798 0.908159
vt 0.369167 0.908801
vt 0.369523 0.909439
vt 0.369750 0.909818
vt 0.365402 0.906571
vt 0.365675 0.907317
vt 0.366051 0.907796
vt 0.365051 0.910143
vt 0.367238 0.909370
vt 0.367641 0.910010
vt 0.367990 0.910492
vt 0.367641 0.911282
vt 0.363591 0.908015
vt 0.363930 0.908736
vt 0.364353 0.909177
vt 0.364062 0.910208
vt 0.365568 0.910520
vt 0.366065 0.911089
vt 0.366550 0.911654
vt 0.361962 0.909636
vt 0.362347 0.910314
vt 0.362808 0.910710
vt 0.362226 0.912364
vt 0.361388 0.914052
vt 0.364144 0.911933
vt 0.364681 0.912440
vt 0.365200 0.912943
vt 0.365518 0.913238
vt 0.360477 0.911384
vt 0.360926 0.912037
vt 0.361423 0.912384
vt 0.361914 0.914066
vt 0.362870 0.913466
vt 0.363336 0.913841
vt 0.363925 0.914287
vt 0.363939 0.915225
vt 0.359174 0.913262
vt 0.359682 0.913881
vt 0.360208 0.914180
vt 0.360253 0.915253
vt 0.361755 0.915113
vt 0.362389 0.915505
vt 0.363013 0.915900
vt 0.358067 0.915263
vt 0.358626 0.915833
vt 0.359175 0.916081
vt 0.360033 0.917597
vt 0.360964 0.916893
vt 0.361595 0.917252
vt 0.362105 0.917505
vt 0.362491 0.917694
vt 0.357153 0.917345
vt 0.357759 0.917873
vt 0.358331 0.918062
vt 0.358580 0.919094
vt 0.358694 0.920764
vt 0.360205 0.918679
vt 0.360874 0.918986
vt 0.361415 0.919195
vt 0.361556 0.920029
vt 0.356456 0.919503
vt 0.357102 0.919978
vt 0.357687 0.920109
vt 0.359583 0.920546
vt 0.360294 0.920787
vt 0.360863 0.920938
vt 0.357237 0.922219
vt 0.357678 0.923182
vt 0.358116 0.924549
vt 0.359008 0.922496
vt 0.359743 0.922627
vt 0.360467 0.922772
vt 0.360755 0.923566
vt 0.356999 0.924341
vt 0.358935 0.924445
vt 0.359680 0.924534
vt 0.360260 0.924575
vt 0.356961 0.926486
vt 0.357581 0.927357
vt 0.358428 0.927497
vt 0.358922 0.926421
vt 0.359656 0.926446
vt 0.360236 0.926435
vt 0.360665 0.927159
vt 0.357133 0.928631
vt 0.358649 0.930606
vt 0.358930 0.928389
vt 0.359512 0.928343
vt 0.360228 0.928246
vt 0.357524 0.930751
vt 0.358297 0.931471
vt 0.359262 0.930342
vt 0.359844 0.930229
vt 0.360555 0.930072
vt 0.361263 0.930664
vt 0.357968 0.932830
vt 0.359786 0.933126
vt 0.360091 0.932148
vt 0.360645 0.931969
vt 0.361193 0.931781
vt 0.358627 0.934910
vt 0.359167 0.934677
vt 0.360141 0.935936
vt 0.361072 0.936487
vt 0.360509 0.934051
vt 0.361047 0.933830
vt 0.361712 0.933552
vt 0.362510 0.934002
vt 0.359009 0.937852
vt 0.359350 0.936965
vt 0.359851 0.936660
vt 0.362484 0.938970
vt 0.361369 0.935790
vt 0.361889 0.935525
vt 0.362511 0.935171
vt 0.360404 0.938949
vt 0.360977 0.938444
vt 0.361938 0.938817
vt 0.362503 0.937334
vt 0.363121 0.936967
vt 0.363586 0.936648
vt 0.363936 0.936408
vt 0.362250 0.940099
vt 0.363929 0.939998
vt 0.363667 0.938856
vt 0.364254 0.938425
vt 0.364698 0.938063
vt 0.365480 0.938353
vt 0.363146 0.942933
vt 0.363267 0.942041
vt 0.363661 0.941617
vt 0.364674 0.941810
vt 0.364881 0.940387
vt 0.365299 0.939987
vt 0.365799 0.939478
vt 0.365242 0.944740
vt 0.364788 0.943645
vt 0.365214 0.943013
vt 0.367266 0.943155
vt 0.366392 0.941550
vt 0.366877 0.941027
vt 0.367232 0.940594
vt 0.367500 0.940268
vt 0.369517 0.941681
vt 0.368691 0.941629
vt 0.368373 0.942105
vt 0.367930 0.942678
vt 0.367952 0.944278
vt 0.366905 0.944274
vt 0.366531 0.944955
vt 0.366960 0.945908
vt 0.370221 0.942536
vt 0.369945 0.943036
vt 0.369561 0.943655
vt 0.368705 0.945367
vt 0.368443 0.945899
vt 0.368594 0.946821
vt 0.370906 0.947863
vt 0.394301 0.938749
vt 0.391864 0.941946
vt 0.385994 0.946437
vt 0.381028 0.948006
vt 0.372769 0.948500
vt 0.397197 0.931843
vt 0.395474 0.937232
vt 0.393369 0.940640
vt 0.390924 0.943440
vt 0.383167 0.947731
vt 0.376640 0.948865
vt 0.374960 0.949016
vt 0.397059 0.933817
vt 0.396484 0.935639
vt 0.394738 0.939139
vt 0.390456 0.944358
vt 0.385299 0.947259
vt 0.381085 0.948602
vt 0.378876 0.949007
vt 0.377382 0.949340
vt 0.398008 0.928273
vt 0.397752 0.932026
vt 0.395942 0.937585
vt 0.393927 0.941036
vt 0.389224 0.945403
vt 0.387363 0.946557
vt 0.383299 0.948331
vt 0.379530 0.949445
vt 0.397597 0.934057
vt 0.396985 0.935945
vt 0.395721 0.938576
vt 0.393322 0.942343
vt 0.385468 0.947831
vt 0.381687 0.949327
vt 0.398134 0.924593
vt 0.398594 0.928354
vt 0.398544 0.930306
vt 0.398431 0.932323
vt 0.391213 0.944624
vt 0.389474 0.945945
vt 0.387590 0.947131
vt 0.383949 0.948981
vt 0.397698 0.935198
vt 0.398351 0.935214
vt 0.396202 0.939326
vt 0.392982 0.943371
vt 0.386172 0.948421
vt 0.397542 0.920959
vt 0.398716 0.924560
vt 0.399049 0.926474
vt 0.399180 0.928428
vt 0.399115 0.930445
vt 0.398654 0.933401
vt 0.394610 0.941939
vt 0.391558 0.945121
vt 0.389778 0.946507
vt 0.388338 0.947644
vt 0.398482 0.935799
vt 0.396079 0.940375
vt 0.393372 0.943835
vt 0.390436 0.946659
vt 0.398115 0.920818
vt 0.398804 0.922643
vt 0.399308 0.924532
vt 0.399640 0.926523
vt 0.399596 0.929503
vt 0.399539 0.933182
vt 0.397387 0.938688
vt 0.395042 0.942353
vt 0.392347 0.945528
vt 0.400169 0.928181
vt 0.398535 0.936861
vt 0.396544 0.940747
vt 0.394186 0.944147
vt 0.398845 0.920677
vt 0.399526 0.923230
vt 0.400497 0.929838
vt 0.399513 0.934930
vt 0.397886 0.939021
vt 0.395854 0.942589
vt 0.400197 0.924030
vt 0.400298 0.932903
vt 0.399074 0.937134
vt 0.397347 0.940925
vt 0.399998 0.921096
vt 0.400871 0.925673
vt 0.400878 0.930825
vt 0.400069 0.935165
vt 0.398718 0.939137
vt 0.399106 0.919506
vt 0.401397 0.928758
vt 0.400879 0.933068
vt 0.399904 0.937199
vt 0.400440 0.921484
vt 0.401430 0.926579
vt 0.401465 0.930951
vt 0.400907 0.935146
vt 0.401407 0.924425
vt 0.401691 0.933005
vt 0.401170 0.922276
vt 0.402036 0.926596
vt 0.402172 0.928805
vt 0.402268 0.930808
vt 0.400725 0.920148
vt 0.402003 0.924369
vt 0.402632 0.928682
vt 0.401765 0.922158
vt 0.402803 0.926386
vt 0.402745 0.924125
vt 0.401277 0.917378
vt 0.400641 0.917849
vt 0.400078 0.918074
vt 0.399208 0.917442
vt 0.398389 0.918724
vt 0.397826 0.918909
vt 0.397143 0.919165
vt 0.400685 0.915230
vt 0.399900 0.915742
vt 0.399228 0.916079
vt 0.397169 0.914684
vt 0.397870 0.916736
vt 0.397339 0.917006
vt 0.396795 0.917248
vt 0.396262 0.917502
vt 0.395561 0.917011
vt 0.399575 0.913233
vt 0.398826 0.913786
vt 0.398193 0.914189
vt 0.397230 0.913748
vt 0.396563 0.915241
vt 0.395901 0.915588
vt 0.395399 0.915889
vt 0.398261 0.911396
vt 0.397564 0.911970
vt 0.396982 0.912424
vt 0.395291 0.912642
vt 0.395316 0.913669
vt 0.394735 0.914100
vt 0.394012 0.914536
vt 0.396827 0.909686
vt 0.396157 0.910281
vt 0.395619 0.910782
vt 0.394302 0.911995
vt 0.393760 0.912479
vt 0.393222 0.912951
vt 0.392905 0.913246
vt 0.385151 0.909869
vt 0.387545 0.910997
vt 0.390020 0.912649
vt 0.392656 0.915271
vt 0.394555 0.918478
vt 0.395495 0.920979
vt 0.396108 0.923905
vt 0.396174 0.926565
vt 0.395809 0.929533
vt 0.363512 0.932467
vt 0.362448 0.928903
vt 0.362187 0.925176
vt 0.362749 0.921445
vt 0.372191 0.910273
vt 0.375780 0.909125
vt 0.379556 0.908813
vt 0.382217 0.909111
vt 0.364103 0.917947
vt 0.366192 0.914826
vt 0.368935 0.912238
vt 0.374069 0.942097
vt 0.371648 0.941107
vt 0.369137 0.939623
vt 0.366439 0.937161
vt 0.364893 0.935063
vt 0.386882 0.941046
vt 0.383333 0.942332
vt 0.379593 0.942860
vt 0.376959 0.942711
vt 0.395017 0.932074
vt 0.393750 0.934748
vt 0.392188 0.936853
vt 0.390041 0.938970
vt 0.417821 0.962936
vt 0.415683 0.961395
vt 0.417677 0.962339
vt 0.405773 0.927736
vt 0.407069 0.925647
vt 0.406852 0.927137
vt 0.408596 0.924053
vt 0.408208 0.925379
vt 0.410183 0.922328
vt 0.409741 0.923731
vt 0.412029 0.921107
vt 0.411496 0.922368
vt 0.413951 0.919862
vt 0.413307 0.921061
vt 0.415975 0.918822
vt 0.415232 0.919934
vt 0.420266 0.917249
vt 0.422519 0.916943
vt 0.421587 0.917770
vt 0.424794 0.916758
vt 0.423830 0.917344
vt 0.427032 0.916723
vt 0.429268 0.916981
vt 0.428270 0.917434
vt 0.431455 0.917397
vt 0.430461 0.917778
vt 0.433679 0.917885
vt 0.435767 0.918832
vt 0.434734 0.919059
vt 0.437910 0.919824
vt 0.436676 0.920132
vt 0.439664 0.921103
vt 0.438579 0.921265
vt 0.441511 0.922488
vt 0.440383 0.922564
vt 0.443290 0.924057
vt 0.442212 0.923998
vt 0.444781 0.925812
vt 0.443738 0.925680
vt 0.446094 0.927711
vt 0.444934 0.927541
vt 0.447078 0.929706
vt 0.446086 0.929460
vt 0.448123 0.931813
vt 0.447200 0.931479
vt 0.448686 0.933942
vt 0.447788 0.933582
vt 0.449336 0.936160
vt 0.448345 0.935720
vt 0.449639 0.938422
vt 0.448699 0.937915
vt 0.449732 0.940696
vt 0.448988 0.940199
vt 0.449605 0.942978
vt 0.448769 0.942372
vt 0.449165 0.945150
vt 0.448620 0.944668
vt 0.448697 0.947428
vt 0.448094 0.946851
vt 0.447937 0.949576
vt 0.447380 0.948973
vt 0.446888 0.951513
vt 0.446345 0.950874
vt 0.445895 0.953480
vt 0.445222 0.952845
vt 0.444579 0.955333
vt 0.443962 0.954653
vt 0.443073 0.957066
vt 0.442504 0.956343
vt 0.441394 0.958652
vt 0.440943 0.958031
vt 0.439507 0.959972
vt 0.439088 0.959292
vt 0.424560 0.959585
vt 0.423548 0.958936
vt 0.427180 0.959012
vt 0.417505 0.957536
vt 0.416752 0.956670
vt 0.419417 0.957942
vt 0.414345 0.955632
vt 0.414610 0.955279
vt 0.412022 0.952890
vt 0.413283 0.954181
vt 0.411436 0.953311
vt 0.410848 0.951439
vt 0.410380 0.951769
vt 0.409339 0.949000
vt 0.409502 0.950130
vt 0.408997 0.950429
vt 0.408498 0.948583
vt 0.407839 0.948889
vt 0.408343 0.946762
vt 0.407654 0.946923
vt 0.407101 0.947111
vt 0.406534 0.947282
vt 0.407593 0.943946
vt 0.407275 0.945085
vt 0.406571 0.945260
vt 0.406004 0.945381
vt 0.407071 0.943284
vt 0.406344 0.943375
vt 0.405612 0.943477
vt 0.405389 0.944528
vt 0.407276 0.941461
vt 0.406851 0.941488
vt 0.406256 0.941514
vt 0.405685 0.941538
vt 0.405047 0.940914
vt 0.404522 0.940887
vt 0.407247 0.939769
vt 0.406558 0.939659
vt 0.405985 0.939631
vt 0.405396 0.938921
vt 0.407599 0.936881
vt 0.407020 0.937853
vt 0.406428 0.937763
vt 0.405883 0.937683
vt 0.405173 0.936590
vt 0.407350 0.936078
vt 0.406763 0.935942
vt 0.406204 0.935795
vt 0.405774 0.935014
vt 0.405086 0.934289
vt 0.404285 0.938349
vt 0.404227 0.935317
vt 0.408192 0.934521
vt 0.407554 0.934233
vt 0.407010 0.934047
vt 0.406453 0.933842
vt 0.406541 0.931885
vt 0.404687 0.933207
vt 0.408852 0.932821
vt 0.408474 0.932649
vt 0.407958 0.932407
vt 0.407325 0.932067
vt 0.406608 0.930482
vt 0.405557 0.931318
vt 0.405040 0.931074
vt 0.410212 0.930355
vt 0.409324 0.931033
vt 0.408820 0.930744
vt 0.408332 0.930449
vt 0.408271 0.929350
vt 0.406410 0.929345
vt 0.405727 0.928993
vt 0.410298 0.929516
vt 0.409829 0.929175
vt 0.409361 0.928825
vt 0.410152 0.925977
vt 0.408443 0.927588
vt 0.408576 0.926796
vt 0.407405 0.927482
vt 0.440374 0.957517
vt 0.438591 0.958700
vt 0.439509 0.957234
vt 0.437276 0.958910
vt 0.440329 0.955365
vt 0.438043 0.957705
vt 0.439110 0.956030
vt 0.437566 0.957246
vt 0.438639 0.955459
vt 0.437243 0.956748
vt 0.436826 0.956150
vt 0.438166 0.954899
vt 0.437095 0.955268
vt 0.441868 0.955904
vt 0.442045 0.954858
vt 0.443346 0.952640
vt 0.440350 0.954443
vt 0.439927 0.954027
vt 0.439514 0.953607
vt 0.439725 0.952783
vt 0.443272 0.954287
vt 0.442689 0.952590
vt 0.441640 0.952980
vt 0.441179 0.952611
vt 0.440724 0.952245
vt 0.444525 0.952526
vt 0.444536 0.951475
vt 0.443999 0.950598
vt 0.442780 0.951408
vt 0.442174 0.951008
vt 0.441520 0.950482
vt 0.445595 0.950671
vt 0.445731 0.948947
vt 0.443776 0.949703
vt 0.443238 0.949432
vt 0.442726 0.949166
vt 0.442666 0.948315
vt 0.446624 0.948804
vt 0.445715 0.947417
vt 0.444829 0.948050
vt 0.444138 0.947788
vt 0.443462 0.947500
vt 0.447322 0.946763
vt 0.446870 0.945679
vt 0.446989 0.943107
vt 0.445325 0.946195
vt 0.444649 0.945915
vt 0.444096 0.945765
vt 0.443677 0.945643
vt 0.447838 0.944647
vt 0.446474 0.943008
vt 0.445920 0.944278
vt 0.445196 0.944122
vt 0.444473 0.943969
vt 0.444191 0.943166
vt 0.447993 0.942471
vt 0.447628 0.940969
vt 0.445887 0.942258
vt 0.445307 0.942209
vt 0.444722 0.942157
vt 0.448366 0.940286
vt 0.447377 0.938716
vt 0.446573 0.939475
vt 0.445991 0.940327
vt 0.445403 0.940295
vt 0.444830 0.940312
vt 0.444402 0.940314
vt 0.447953 0.938156
vt 0.446413 0.934921
vt 0.446155 0.938353
vt 0.445428 0.938442
vt 0.444693 0.938485
vt 0.444191 0.937800
vt 0.447624 0.936029
vt 0.446891 0.935274
vt 0.446052 0.935302
vt 0.445863 0.936425
vt 0.445132 0.936555
vt 0.444405 0.936685
vt 0.447093 0.933947
vt 0.445992 0.932619
vt 0.445392 0.934486
vt 0.444809 0.934627
vt 0.444100 0.934834
vt 0.443352 0.934284
vt 0.446531 0.931885
vt 0.444372 0.930396
vt 0.444730 0.932621
vt 0.444170 0.932830
vt 0.443490 0.933101
vt 0.445466 0.929957
vt 0.444546 0.929429
vt 0.443890 0.930801
vt 0.443342 0.931053
vt 0.442824 0.931334
vt 0.442157 0.931599
vt 0.444365 0.928100
vt 0.442901 0.927138
vt 0.441465 0.925922
vt 0.442120 0.928009
vt 0.442596 0.929254
vt 0.442104 0.929572
vt 0.441621 0.929891
vt 0.441259 0.930135
vt 0.443206 0.926271
vt 0.441324 0.926429
vt 0.441195 0.927862
vt 0.440619 0.928328
vt 0.439703 0.928112
vt 0.441822 0.924507
vt 0.441381 0.924922
vt 0.439695 0.923893
vt 0.440349 0.926026
vt 0.439901 0.926422
vt 0.439377 0.926947
vt 0.440001 0.923258
vt 0.438391 0.923872
vt 0.438660 0.924884
vt 0.438282 0.925343
vt 0.437904 0.925788
vt 0.437629 0.926119
vt 0.438269 0.921991
vt 0.437199 0.921990
vt 0.437251 0.923464
vt 0.436914 0.923967
vt 0.436581 0.924451
vt 0.436125 0.925003
vt 0.436422 0.920895
vt 0.434932 0.921783
vt 0.435396 0.922727
vt 0.435105 0.923241
vt 0.434823 0.923753
vt 0.433967 0.923787
vt 0.434554 0.919667
vt 0.433532 0.919852
vt 0.432724 0.919977
vt 0.431986 0.920278
vt 0.433763 0.921626
vt 0.433508 0.922165
vt 0.433229 0.922839
vt 0.432619 0.918312
vt 0.432511 0.918946
vt 0.430640 0.920568
vt 0.431813 0.921239
vt 0.431616 0.921785
vt 0.431442 0.922330
vt 0.431313 0.922741
vt 0.430409 0.918547
vt 0.429371 0.919091
vt 0.429064 0.919870
vt 0.429837 0.921182
vt 0.429662 0.921896
vt 0.428855 0.922154
vt 0.428288 0.918228
vt 0.425976 0.919329
vt 0.428089 0.920143
vt 0.427984 0.920736
vt 0.427894 0.921458
vt 0.426058 0.917287
vt 0.426119 0.917913
vt 0.426088 0.918508
vt 0.424516 0.918855
vt 0.426075 0.920011
vt 0.426061 0.920589
vt 0.426039 0.921177
vt 0.425948 0.921887
vt 0.423975 0.918123
vt 0.422728 0.919873
vt 0.424111 0.920052
vt 0.424135 0.920655
vt 0.424173 0.921237
vt 0.424158 0.921960
vt 0.421828 0.918528
vt 0.421049 0.919287
vt 0.421014 0.919955
vt 0.422167 0.920606
vt 0.422303 0.921338
vt 0.422374 0.922201
vt 0.418042 0.917927
vt 0.419377 0.918137
vt 0.419690 0.918867
vt 0.416741 0.921103
vt 0.418934 0.921118
vt 0.420274 0.921053
vt 0.420466 0.921762
vt 0.420621 0.922613
vt 0.417233 0.918862
vt 0.417514 0.919440
vt 0.417727 0.920003
vt 0.416398 0.920928
vt 0.417181 0.921393
vt 0.418510 0.921955
vt 0.418723 0.922505
vt 0.418914 0.923192
vt 0.415653 0.920608
vt 0.416485 0.922218
vt 0.416816 0.922883
vt 0.417136 0.923551
vt 0.416681 0.924280
vt 0.413808 0.921679
vt 0.413359 0.922646
vt 0.413667 0.923465
vt 0.414870 0.923336
vt 0.415234 0.923983
vt 0.415550 0.924477
vt 0.412054 0.922938
vt 0.411227 0.924469
vt 0.413268 0.924472
vt 0.413679 0.925071
vt 0.414028 0.925520
vt 0.414293 0.925860
vt 0.412437 0.927544
vt 0.412672 0.926737
vt 0.412275 0.926314
vt 0.411804 0.925745
vt 0.410514 0.926364
vt 0.410342 0.924242
vt 0.411434 0.928055
vt 0.410990 0.927674
vt 0.410549 0.927284
vt 0.408712 0.925760
vt 0.412744 0.954651
vt 0.409789 0.952194
vt 0.408482 0.950721
vt 0.407291 0.949121
vt 0.404393 0.943198
vt 0.403682 0.937342
vt 0.404752 0.929578
vt 0.415894 0.956647
vt 0.410867 0.953777
vt 0.406065 0.947882
vt 0.403931 0.941653
vt 0.403594 0.939512
vt 0.403630 0.935216
vt 0.403927 0.933013
vt 0.404232 0.931220
vt 0.413893 0.956199
vt 0.412338 0.955077
vt 0.408886 0.951994
vt 0.405039 0.946574
vt 0.403199 0.933562
vt 0.415574 0.957150
vt 0.407705 0.951305
vt 0.403847 0.943778
vt 0.403336 0.941700
vt 0.403033 0.939489
vt 0.402917 0.937292
vt 0.402907 0.935416
vt 0.421119 0.958487
vt 0.419036 0.958709
vt 0.417240 0.958067
vt 0.411757 0.955558
vt 0.409859 0.953788
vt 0.406959 0.951028
vt 0.404096 0.945874
vt 0.402154 0.938065
vt 0.422752 0.959247
vt 0.420861 0.959150
vt 0.415252 0.957651
vt 0.413436 0.956768
vt 0.405957 0.949771
vt 0.404718 0.947914
vt 0.403250 0.943877
vt 0.402703 0.941702
vt 0.402526 0.939574
vt 0.416974 0.958609
vt 0.412331 0.957022
vt 0.408829 0.953939
vt 0.402082 0.942572
vt 0.402019 0.940301
vt 0.426445 0.959451
vt 0.422616 0.959968
vt 0.420719 0.959713
vt 0.418767 0.959395
vt 0.414337 0.957842
vt 0.406673 0.951767
vt 0.405413 0.950005
vt 0.403356 0.946126
vt 0.402644 0.944323
vt 0.417578 0.959551
vt 0.411114 0.956395
vt 0.407833 0.953562
vt 0.404006 0.948237
vt 0.402934 0.947008
vt 0.426454 0.960189
vt 0.424515 0.960321
vt 0.420545 0.960283
vt 0.414048 0.958651
vt 0.409166 0.955247
vt 0.406163 0.952074
vt 0.404847 0.950286
vt 0.403649 0.949129
vt 0.422476 0.960697
vt 0.418801 0.960412
vt 0.413239 0.958567
vt 0.410684 0.956823
vt 0.407209 0.954050
vt 0.404589 0.951158
vt 0.424466 0.960914
vt 0.417774 0.960589
vt 0.408592 0.955805
vt 0.405782 0.952313
vt 0.405625 0.953237
vt 0.426460 0.960944
vt 0.422849 0.961373
vt 0.416188 0.960236
vt 0.412173 0.958470
vt 0.410292 0.957294
vt 0.406900 0.955110
vt 0.425762 0.961833
vt 0.421097 0.961670
vt 0.414001 0.959715
vt 0.408391 0.956756
vt 0.427522 0.961310
vt 0.418015 0.961323
vt 0.415923 0.960782
vt 0.411798 0.958987
vt 0.409983 0.958009
vt 0.425285 0.962178
vt 0.420004 0.962166
vt 0.413668 0.960263
vt 0.411829 0.959839
vt 0.423587 0.962617
vt 0.417819 0.961907
vt 0.413753 0.961086
vt 0.422162 0.962761
vt 0.415750 0.962107
vt 0.426511 0.962780
vt 0.419847 0.962934
vt 0.424345 0.963513
vt 0.422073 0.963391
vt 0.426609 0.963550
vt 0.422313 0.964120
vt 0.420019 0.963682
vt 0.424566 0.964329
vt 0.428792 0.963333
vt 0.429158 0.964207
vt 0.428705 0.962564
vt 0.429507 0.961862
vt 0.428452 0.960750
vt 0.428381 0.960182
vt 0.428287 0.959458
vt 0.426867 0.964342
vt 0.431347 0.963780
vt 0.431022 0.962902
vt 0.430832 0.962176
vt 0.432222 0.960598
vt 0.430414 0.960419
vt 0.430255 0.959692
vt 0.430109 0.958963
vt 0.430743 0.958389
vt 0.433531 0.963128
vt 0.433160 0.962280
vt 0.432916 0.961569
vt 0.433549 0.960737
vt 0.432250 0.959758
vt 0.432046 0.959039
vt 0.431873 0.958479
vt 0.435603 0.962262
vt 0.435200 0.961457
vt 0.434883 0.960791
vt 0.435051 0.959092
vt 0.434053 0.958889
vt 0.433762 0.958229
vt 0.433501 0.957428
vt 0.437579 0.961252
vt 0.437228 0.960592
vt 0.436832 0.959970
vt 0.435900 0.958282
vt 0.435554 0.957649
vt 0.435221 0.957021
vt 0.435006 0.956646
vt 0.429530 0.957078
vt 0.426873 0.957443
vt 0.423863 0.957402
vt 0.421255 0.956900
vt 0.418469 0.955839
vt 0.440080 0.949865
vt 0.438422 0.951911
vt 0.436237 0.953978
vt 0.433090 0.955939
vt 0.416171 0.954472
vt 0.413841 0.952601
vt 0.412137 0.950579
vt 0.410569 0.948025
vt 0.409587 0.945559
vt 0.408918 0.942675
vt 0.408779 0.940066
vt 0.409084 0.937128
vt 0.409803 0.934601
vt 0.411024 0.931946
vt 0.433903 0.925482
vt 0.437003 0.927625
vt 0.439564 0.930403
vt 0.441449 0.933665
vt 0.442273 0.936182
vt 0.412536 0.929786
vt 0.414570 0.927633
vt 0.417643 0.925494
vt 0.420106 0.924417
vt 0.422985 0.923645
vt 0.442798 0.939128
vt 0.442780 0.941778
vt 0.442327 0.944721
vt 0.441447 0.947221
vt 0.426731 0.923452
vt 0.430422 0.924067
vt 0.258148 0.968936
vt 0.251552 0.973340
vt 0.249385 0.968484
vt 0.263347 0.964169
vt 0.256574 0.963404
vt 0.268111 0.957849
vt 0.262468 0.956867
vt 0.274447 0.942204
vt 0.271478 0.951698
vt 0.266784 0.949211
vt 0.275274 0.932292
vt 0.269326 0.940799
vt 0.271255 0.914990
vt 0.273910 0.922432
vt 0.267335 0.919162
vt 0.267970 0.908797
vt 0.263055 0.902586
vt 0.263309 0.911350
vt 0.249412 0.892551
vt 0.257894 0.897781
vt 0.252562 0.900390
vt 0.241958 0.889840
vt 0.246779 0.897176
vt 0.235037 0.888457
vt 0.238424 0.894383
vt 0.225065 0.888456
vt 0.231865 0.893480
vt 0.217293 0.890062
vt 0.225252 0.893779
vt 0.210673 0.892523
vt 0.216670 0.895787
vt 0.202194 0.897765
vt 0.210613 0.898463
vt 0.196439 0.903209
vt 0.205147 0.902190
vt 0.192104 0.908757
vt 0.200293 0.906685
vt 0.185559 0.925293
vt 0.187621 0.917645
vt 0.192449 0.919872
vt 0.185332 0.940177
vt 0.184776 0.932289
vt 0.190231 0.937212
vt 0.196754 0.964164
vt 0.190841 0.956156
vt 0.196757 0.955731
vt 0.204254 0.970691
vt 0.200912 0.960862
vt 0.222575 0.978137
vt 0.213003 0.975424
vt 0.215361 0.970668
vt 0.232507 0.978689
vt 0.223836 0.972977
vt 0.242320 0.977065
vt 0.241266 0.971858
vt 0.239789 0.966823
vt 0.245165 0.964810
vt 0.241320 0.960564
vt 0.245640 0.958374
vt 0.244220 0.952435
vt 0.239308 0.947998
vt 0.243718 0.943979
vt 0.250084 0.961852
vt 0.255796 0.956781
vt 0.249493 0.955434
vt 0.253814 0.950649
vt 0.249268 0.947376
vt 0.259307 0.952249
vt 0.261954 0.947157
vt 0.256985 0.945036
vt 0.252029 0.942209
vt 0.246280 0.939145
vt 0.247112 0.935195
vt 0.264165 0.939848
vt 0.258559 0.940453
vt 0.259268 0.935661
vt 0.253680 0.935253
vt 0.247133 0.931460
vt 0.253327 0.929405
vt 0.270032 0.934232
vt 0.264789 0.934146
vt 0.264371 0.928427
vt 0.259030 0.929221
vt 0.269559 0.927656
vt 0.257397 0.922983
vt 0.251095 0.922608
vt 0.246105 0.927429
vt 0.243813 0.923196
vt 0.262438 0.921044
vt 0.255332 0.918598
vt 0.246552 0.916367
vt 0.259992 0.915852
vt 0.252501 0.914665
vt 0.239719 0.919273
vt 0.257668 0.904597
vt 0.251124 0.905902
vt 0.246315 0.902757
vt 0.245167 0.908376
vt 0.239304 0.905671
vt 0.239340 0.911747
vt 0.241013 0.900540
vt 0.233535 0.898930
vt 0.234601 0.904480
vt 0.229757 0.904164
vt 0.231766 0.909900
vt 0.227787 0.898776
vt 0.222108 0.899670
vt 0.224922 0.904570
vt 0.220239 0.905848
vt 0.224622 0.910400
vt 0.217461 0.913284
vt 0.222617 0.917930
vt 0.214895 0.902225
vt 0.214428 0.908664
vt 0.218244 0.920939
vt 0.208424 0.906301
vt 0.204205 0.910200
vt 0.209375 0.912681
vt 0.205325 0.917706
vt 0.211223 0.919150
vt 0.197388 0.921657
vt 0.195836 0.927184
vt 0.201160 0.928160
vt 0.200719 0.932988
vt 0.206498 0.931132
vt 0.212880 0.932086
vt 0.213350 0.937735
vt 0.190377 0.928421
vt 0.195316 0.932901
vt 0.196030 0.940505
vt 0.201319 0.939410
vt 0.207007 0.938903
vt 0.215184 0.942153
vt 0.186832 0.947028
vt 0.191348 0.943727
vt 0.193603 0.949928
vt 0.197602 0.946023
vt 0.200148 0.951163
vt 0.204794 0.948412
vt 0.204732 0.957266
vt 0.207558 0.952391
vt 0.211002 0.955793
vt 0.216578 0.953133
vt 0.217715 0.945528
vt 0.221570 0.948498
vt 0.207594 0.966565
vt 0.208957 0.961145
vt 0.213817 0.964190
vt 0.216335 0.959415
vt 0.226253 0.956975
vt 0.225421 0.950060
vt 0.222328 0.961781
vt 0.230186 0.950718
vt 0.220914 0.966992
vt 0.228696 0.962786
vt 0.228452 0.968178
vt 0.236620 0.956374
vt 0.235368 0.949844
vt 0.232615 0.973379
vt 0.234174 0.968009
vt 0.235128 0.962370
vt 0.256643 0.911192
vt 0.249122 0.911183
vt 0.233673 0.916606
vt 0.227694 0.916441
vt 0.214591 0.925746
vt 0.200766 0.914801
vt 0.207742 0.925403
vt 0.196334 0.911981
vt 0.202470 0.923494
vt 0.202643 0.944071
vt 0.210008 0.946087
vt 0.034293 0.914365
vt 0.039715 0.913231
vt 0.036814 0.917483
vt 0.029685 0.916056
vt 0.024911 0.918878
vt 0.031014 0.919532
vt 0.016677 0.927396
vt 0.021093 0.922006
vt 0.022401 0.925947
vt 0.013538 0.933612
vt 0.019634 0.929650
vt 0.011647 0.947332
vt 0.011832 0.940366
vt 0.015468 0.941145
vt 0.012989 0.954163
vt 0.015364 0.947298
vt 0.019911 0.966150
vt 0.015787 0.960536
vt 0.019134 0.958922
vt 0.025168 0.970724
vt 0.022824 0.963841
vt 0.041482 0.976307
vt 0.036603 0.975627
vt 0.038883 0.972317
vt 0.053759 0.974472
vt 0.048425 0.975907
vt 0.051071 0.971509
vt 0.058257 0.972527
vt 0.062850 0.969449
vt 0.056738 0.969141
vt 0.070596 0.960525
vt 0.066480 0.966130
vt 0.063938 0.963419
vt 0.073392 0.954156
vt 0.067528 0.958435
vt 0.073883 0.936949
vt 0.074658 0.941793
vt 0.071117 0.943668
vt 0.069701 0.927390
vt 0.072028 0.931731
vt 0.068717 0.933214
vt 0.062645 0.919718
vt 0.066251 0.923064
vt 0.063601 0.925543
vt 0.057976 0.916739
vt 0.060146 0.922473
vt 0.053468 0.914745
vt 0.054877 0.919299
vt 0.046673 0.913231
vt 0.045993 0.916883
vt 0.040738 0.924342
vt 0.043105 0.928056
vt 0.037242 0.929263
vt 0.040993 0.932870
vt 0.037421 0.934136
vt 0.037653 0.921058
vt 0.032615 0.922838
vt 0.036347 0.925372
vt 0.032284 0.927336
vt 0.032879 0.931712
vt 0.034779 0.936117
vt 0.025797 0.922804
vt 0.029137 0.924850
vt 0.026085 0.927462
vt 0.028751 0.930143
vt 0.022732 0.931624
vt 0.026528 0.932703
vt 0.024808 0.935625
vt 0.029215 0.935673
vt 0.032928 0.938413
vt 0.031573 0.941537
vt 0.027020 0.941243
vt 0.016914 0.935167
vt 0.020827 0.935159
vt 0.019598 0.938980
vt 0.023272 0.939866
vt 0.022717 0.943210
vt 0.026685 0.946232
vt 0.031188 0.944314
vt 0.031539 0.947697
vt 0.022783 0.946598
vt 0.027993 0.951468
vt 0.018920 0.944277
vt 0.019153 0.948280
vt 0.023694 0.951013
vt 0.033030 0.951111
vt 0.022293 0.957051
vt 0.024584 0.960347
vt 0.026799 0.957007
vt 0.029888 0.960293
vt 0.031457 0.956349
vt 0.034955 0.953458
vt 0.037521 0.955293
vt 0.027507 0.967834
vt 0.027438 0.963169
vt 0.030674 0.965533
vt 0.033620 0.962826
vt 0.032946 0.970705
vt 0.034289 0.967287
vt 0.039443 0.968686
vt 0.040021 0.964952
vt 0.044779 0.968923
vt 0.044528 0.965156
vt 0.042373 0.961320
vt 0.047862 0.960611
vt 0.043909 0.956737
vt 0.047530 0.955938
vt 0.045026 0.972584
vt 0.048968 0.964370
vt 0.050033 0.967990
vt 0.052137 0.963179
vt 0.051604 0.958944
vt 0.054957 0.965934
vt 0.055039 0.961431
vt 0.061213 0.960965
vt 0.063672 0.957797
vt 0.060484 0.955763
vt 0.062042 0.952756
vt 0.057814 0.952434
vt 0.053679 0.950712
vt 0.055173 0.945942
vt 0.069942 0.952786
vt 0.065515 0.954235
vt 0.067058 0.949126
vt 0.063345 0.948441
vt 0.074730 0.947331
vt 0.070938 0.948276
vt 0.067496 0.945140
vt 0.067204 0.941139
vt 0.063467 0.941696
vt 0.059476 0.941827
vt 0.054929 0.942122
vt 0.053976 0.939446
vt 0.070221 0.937586
vt 0.065847 0.935972
vt 0.062321 0.937333
vt 0.057661 0.936693
vt 0.052622 0.937213
vt 0.060248 0.933325
vt 0.066445 0.929187
vt 0.063390 0.931227
vt 0.058164 0.930652
vt 0.054275 0.932423
vt 0.060922 0.928061
vt 0.055629 0.928399
vt 0.050537 0.935189
vt 0.047623 0.933507
vt 0.057921 0.925393
vt 0.051761 0.926070
vt 0.049688 0.929485
vt 0.054558 0.923202
vt 0.044033 0.932707
vt 0.050544 0.917686
vt 0.050852 0.921655
vt 0.046959 0.920675
vt 0.047481 0.924647
vt 0.044124 0.924187
vt 0.042954 0.920419
vt 0.041373 0.916772
vt 0.020099 0.952180
vt 0.016607 0.953317
vt 0.024972 0.954154
vt 0.035875 0.959531
vt 0.040228 0.956367
vt 0.036722 0.964180
vt 0.031295 0.974038
vt 0.050783 0.954076
vt 0.055500 0.955814
vt 0.058313 0.963736
vt 0.058408 0.958437
vt 0.060599 0.966608
vt 0.059529 0.947271
vt 0.063716 0.945074
vt 0.097772 0.914364
vt 0.103193 0.913231
vt 0.100292 0.917481
vt 0.093167 0.916054
vt 0.088390 0.918872
vt 0.094492 0.919529
vt 0.080984 0.926228
vt 0.084570 0.921996
vt 0.085874 0.925941
vt 0.076403 0.935583
vt 0.078403 0.930426
vt 0.080387 0.935167
vt 0.075127 0.947328
vt 0.075311 0.940367
vt 0.078945 0.941145
vt 0.076467 0.954157
vt 0.078842 0.947295
vt 0.083384 0.966143
vt 0.079263 0.960529
vt 0.082610 0.958916
vt 0.088641 0.970716
vt 0.086298 0.963834
vt 0.104949 0.976303
vt 0.100071 0.975621
vt 0.102352 0.972312
vt 0.117225 0.974474
vt 0.111890 0.975906
vt 0.114538 0.971509
vt 0.121723 0.972531
vt 0.126319 0.969456
vt 0.120207 0.969143
vt 0.133302 0.961731
vt 0.129951 0.966140
vt 0.127412 0.963424
vt 0.137369 0.952155
vt 0.135653 0.957406
vt 0.133418 0.952784
vt 0.137356 0.936949
vt 0.138131 0.941793
vt 0.134590 0.943668
vt 0.133174 0.927391
vt 0.135501 0.931730
vt 0.132190 0.933213
vt 0.126116 0.919717
vt 0.129724 0.923064
vt 0.127075 0.925543
vt 0.121450 0.916739
vt 0.123621 0.922473
vt 0.116944 0.914746
vt 0.118351 0.919299
vt 0.110148 0.913231
vt 0.109468 0.916883
vt 0.104213 0.924340
vt 0.106583 0.928056
vt 0.099530 0.929683
vt 0.104467 0.932868
vt 0.100551 0.934317
vt 0.101130 0.921056
vt 0.096092 0.922836
vt 0.099824 0.925371
vt 0.095760 0.927333
vt 0.089274 0.922798
vt 0.092613 0.924846
vt 0.089559 0.927458
vt 0.092225 0.930141
vt 0.094989 0.932923
vt 0.092491 0.936175
vt 0.097620 0.936778
vt 0.096043 0.939119
vt 0.086205 0.931621
vt 0.090003 0.932701
vt 0.088282 0.935623
vt 0.095047 0.941534
vt 0.083104 0.929648
vt 0.090493 0.941241
vt 0.084300 0.935157
vt 0.083073 0.938978
vt 0.086746 0.939864
vt 0.086192 0.943207
vt 0.090354 0.947959
vt 0.094662 0.944310
vt 0.095016 0.947693
vt 0.082397 0.944275
vt 0.082629 0.948276
vt 0.086260 0.946592
vt 0.087168 0.951011
vt 0.096503 0.951109
vt 0.085768 0.957046
vt 0.088059 0.960342
vt 0.090274 0.957002
vt 0.093361 0.960288
vt 0.094930 0.956346
vt 0.098428 0.953455
vt 0.100993 0.955291
vt 0.090979 0.967827
vt 0.090911 0.963164
vt 0.094146 0.965527
vt 0.097092 0.962821
vt 0.096416 0.970699
vt 0.097760 0.967282
vt 0.102913 0.968683
vt 0.103492 0.964949
vt 0.108248 0.968921
vt 0.107998 0.965154
vt 0.105838 0.961321
vt 0.111333 0.960610
vt 0.107381 0.956735
vt 0.111003 0.955937
vt 0.108493 0.972581
vt 0.112438 0.964369
vt 0.113502 0.967990
vt 0.115607 0.963179
vt 0.115075 0.958944
vt 0.118427 0.965936
vt 0.118510 0.961432
vt 0.124686 0.960967
vt 0.127148 0.957798
vt 0.123959 0.955764
vt 0.125517 0.952755
vt 0.121288 0.952434
vt 0.117152 0.950711
vt 0.118646 0.945941
vt 0.131007 0.958436
vt 0.128991 0.954235
vt 0.130533 0.949125
vt 0.126820 0.948440
vt 0.138201 0.947328
vt 0.134411 0.948274
vt 0.130969 0.945141
vt 0.130678 0.941139
vt 0.127151 0.943941
vt 0.126488 0.939481
vt 0.122950 0.941826
vt 0.118403 0.942121
vt 0.117449 0.939444
vt 0.133694 0.937585
vt 0.129320 0.935971
vt 0.125384 0.936281
vt 0.121134 0.936692
vt 0.116096 0.937212
vt 0.123722 0.933324
vt 0.129919 0.929187
vt 0.126864 0.931227
vt 0.121638 0.930651
vt 0.117749 0.932422
vt 0.124396 0.928060
vt 0.119103 0.928398
vt 0.114011 0.935188
vt 0.111097 0.933506
vt 0.121395 0.925393
vt 0.115236 0.926069
vt 0.113162 0.929484
vt 0.118033 0.923201
vt 0.107508 0.932706
vt 0.114019 0.917686
vt 0.114327 0.921654
vt 0.110434 0.920674
vt 0.110955 0.924646
vt 0.107599 0.924185
vt 0.106430 0.920417
vt 0.104849 0.916772
vt 0.083574 0.952177
vt 0.092393 0.953131
vt 0.080084 0.953313
vt 0.088446 0.954148
vt 0.099347 0.959528
vt 0.103701 0.956365
vt 0.100193 0.964176
vt 0.094761 0.974030
vt 0.114255 0.954075
vt 0.118973 0.955814
vt 0.121784 0.963739
vt 0.121881 0.958438
vt 0.124070 0.966613
vt 0.123003 0.947270
vt 0.018955 0.490419
vt 0.037377 0.475057
vt 0.266161 0.490419
vt 0.019134 0.245501
vt 0.033028 0.262057
vt 0.264576 0.243403
vt 0.044451 0.274382
vt 0.049696 0.463664
vt 0.911057 0.333339
vt 0.901312 0.337028
vt 0.899188 0.330199
vt 0.908126 0.326816
vt 0.254879 0.124637
vt 0.255119 0.124953
vt 0.248851 0.135295
vt 0.249584 0.136085
vt 0.264682 0.143805
vt 0.263318 0.142857
vt 0.266328 0.130690
vt 0.266640 0.130537
vt 0.154680 0.714893
vt 0.156466 0.712356
vt 0.157284 0.718500
vt 0.157596 0.708852
vt 0.148825 0.718656
vt 0.152699 0.716743
vt 0.664044 0.832077
vt 0.652827 0.834082
vt 0.653073 0.830555
vt 0.642342 0.834055
vt 0.642101 0.830555
vt 0.632019 0.835471
vt 0.631301 0.832058
vt 0.622037 0.838289
vt 0.620860 0.835020
vt 0.612568 0.842444
vt 0.610957 0.839376
vt 0.603780 0.847851
vt 0.601766 0.845038
vt 0.595828 0.854404
vt 0.593450 0.851896
vt 0.588851 0.861979
vt 0.586154 0.859821
vt 0.582974 0.870434
vt 0.580009 0.868663
vt 0.578300 0.879612
vt 0.575121 0.878259
vt 0.574914 0.889344
vt 0.571579 0.888434
vt 0.572873 0.899451
vt 0.569443 0.899000
vt 0.572214 0.909750
vt 0.568752 0.909765
vt 0.572949 0.920053
vt 0.569517 0.920533
vt 0.575062 0.930171
vt 0.571723 0.931109
vt 0.578515 0.939923
vt 0.575330 0.941300
vt 0.583245 0.949131
vt 0.580271 0.950923
vt 0.589167 0.957629
vt 0.586458 0.959803
vt 0.596173 0.965263
vt 0.593778 0.967779
vt 0.604137 0.971894
vt 0.602099 0.974709
vt 0.612915 0.977402
vt 0.611276 0.980466
vt 0.622364 0.981664
vt 0.621156 0.984924
vt 0.632307 0.984599
vt 0.631555 0.987995
vt 0.642559 0.986151
vt 0.642277 0.989618
vt 0.652929 0.986291
vt 0.653123 0.989765
vt 0.663224 0.985016
vt 0.663889 0.988431
vt 0.673251 0.982349
vt 0.674374 0.985642
vt 0.682823 0.978338
vt 0.684384 0.981455
vt 0.691769 0.973050
vt 0.693767 0.975956
vt 0.700109 0.966434
vt 0.702511 0.969086
vt 0.707483 0.958713
vt 0.710293 0.961037
vt 0.713973 0.949727
vt 0.717073 0.951657
vt 0.718991 0.940265
vt 0.722252 0.941694
vt 0.722556 0.930403
vt 0.725923 0.931349
vt 0.724687 0.920276
vt 0.728114 0.920743
vt 0.725382 0.910040
vt 0.728824 0.910024
vt 0.724627 0.899809
vt 0.728030 0.899317
vt 0.722475 0.889799
vt 0.725773 0.888845
vt 0.718975 0.880191
vt 0.722107 0.878796
vt 0.714195 0.871159
vt 0.717106 0.869351
vt 0.708230 0.862864
vt 0.710869 0.860680
vt 0.701190 0.855449
vt 0.703533 0.852929
vt 0.693172 0.849034
vt 0.695241 0.846109
vt 0.683747 0.843154
vt 0.685502 0.839883
vt 0.673605 0.838584
vt 0.674872 0.835142
vt 0.663302 0.835580
vt 0.086723 0.655551
vt 0.087108 0.656230
vt 0.087584 0.656844
vt 0.088139 0.657381
vt 0.086071 0.651766
vt 0.085998 0.652529
vt 0.086033 0.653302
vt 0.086180 0.654071
vt 0.086436 0.654821
vt 0.087936 0.648506
vt 0.087387 0.649035
vt 0.086917 0.649639
vt 0.086536 0.650306
vt 0.086252 0.651025
vt 0.097116 0.651712
vt 0.096901 0.650959
vt 0.096582 0.650244
vt 0.096163 0.649581
vt 0.095655 0.648982
vt 0.095090 0.648448
vt 0.094453 0.647999
vt 0.093759 0.647646
vt 0.093021 0.647395
vt 0.092252 0.647250
vt 0.091475 0.647209
vt 0.090711 0.647257
vt 0.089958 0.647421
vt 0.089233 0.647692
vt 0.088553 0.648063
vt 0.096649 0.655521
vt 0.096953 0.654802
vt 0.097152 0.654047
vt 0.097242 0.653271
vt 0.097222 0.652488
vt 0.093916 0.658162
vt 0.094598 0.657799
vt 0.095221 0.657343
vt 0.095773 0.656803
vt 0.096246 0.656190
vt 0.088762 0.657832
vt 0.089443 0.658194
vt 0.090166 0.658455
vt 0.090917 0.658610
vt 0.091681 0.658656
vt 0.092443 0.658594
vt 0.093189 0.658425
vt 0.855202 0.301189
vt 0.853078 0.294361
vt 0.863195 0.291871
vt 0.864482 0.298906
vt 0.843332 0.298049
vt 0.846263 0.304573
vt 0.873908 0.321057
vt 0.873477 0.328195
vt 0.863133 0.326942
vt 0.864420 0.319907
vt 0.952972 0.649108
vt 0.945478 0.648848
vt 0.945966 0.643725
vt 0.952840 0.643963
vt 0.894304 0.291871
vt 0.904422 0.294361
vt 0.902298 0.301189
vt 0.893017 0.298906
vt 0.891194 0.339518
vt 0.889907 0.332483
vt 0.846200 0.314240
vt 0.843270 0.320763
vt 0.834040 0.315929
vt 0.837734 0.309805
vt 0.944772 0.643683
vt 0.944904 0.648828
vt 0.937410 0.648569
vt 0.937898 0.643445
vt 0.853015 0.332736
vt 0.863133 0.330247
vt 0.864420 0.337281
vt 0.855139 0.339565
vt 0.904359 0.324452
vt 0.894241 0.326941
vt 0.892954 0.319907
vt 0.902235 0.317623
vt 0.883529 0.297756
vt 0.883960 0.290617
vt 0.873540 0.290617
vt 0.873971 0.297756
vt 0.936765 0.650599
vt 0.931620 0.650731
vt 0.931879 0.643237
vt 0.937003 0.643725
vt 0.920287 0.328505
vt 0.916593 0.322381
vt 0.852092 0.330199
vt 0.849968 0.337028
vt 0.840223 0.333339
vt 0.843153 0.326816
vt 0.830992 0.328505
vt 0.834686 0.322381
vt 0.925912 0.650534
vt 0.926172 0.643040
vt 0.931295 0.643527
vt 0.931057 0.650402
vt 0.923334 0.315928
vt 0.914104 0.320763
vt 0.911174 0.314240
vt 0.919641 0.309805
vt 0.880850 0.340771
vt 0.870430 0.340771
vt 0.870861 0.333633
vt 0.880419 0.333633
vt 0.883897 0.328195
vt 0.883466 0.321057
vt 0.860086 0.339518
vt 0.861373 0.332483
vt 0.837733 0.347383
vt 0.834040 0.341260
vt 0.843270 0.336425
vt 0.846200 0.342949
vt 0.873477 0.328993
vt 0.883897 0.328993
vt 0.883466 0.336131
vt 0.873908 0.336131
vt 0.914167 0.298049
vt 0.923397 0.302884
vt 0.919703 0.309007
vt 0.911236 0.304573
vt 0.894241 0.330247
vt 0.892954 0.337282
vt 0.911174 0.342949
vt 0.914104 0.336425
vt 0.923335 0.341260
vt 0.919641 0.347383
vt 0.853015 0.324452
vt 0.855139 0.317623
vt 0.904359 0.332736
vt 0.902235 0.339565
vt 0.920453 0.643152
vt 0.925598 0.643020
vt 0.925338 0.650514
vt 0.920215 0.650026
vt 0.928888 0.635830
vt 0.929020 0.640975
vt 0.921526 0.640715
vt 0.922014 0.635592
vt 0.837796 0.309008
vt 0.834102 0.302884
vt 0.929772 0.635860
vt 0.937266 0.636120
vt 0.936778 0.641243
vt 0.929904 0.641005
vt 0.919890 0.642822
vt 0.919631 0.650316
vt 0.914507 0.649829
vt 0.914745 0.642954
vt 0.937840 0.636140
vt 0.945334 0.636399
vt 0.944847 0.641523
vt 0.937972 0.641285
vt 0.946040 0.641564
vt 0.945908 0.636419
vt 0.953402 0.636678
vt 0.952915 0.641802
vt 0.822571 0.214135
vt 0.808081 0.213371
vt 0.818551 0.132849
vt 0.821918 0.133040
vt 0.037610 0.717838
vt 0.038641 0.713334
vt 0.040062 0.717438
vt 0.040153 0.712648
vt 0.042898 0.715987
vt 0.041143 0.711738
vt 0.044523 0.714400
vt 0.041818 0.710738
vt 0.045794 0.712389
vt 0.042236 0.709465
vt 0.046453 0.710231
vt 0.042342 0.708257
vt 0.046603 0.707850
vt 0.041995 0.706639
vt 0.045857 0.704798
vt 0.041123 0.705221
vt 0.044659 0.702916
vt 0.043003 0.701185
vt 0.040080 0.704373
vt 0.039011 0.703780
vt 0.040235 0.699718
vt 0.037372 0.703470
vt 0.037153 0.699252
vt 0.035729 0.703720
vt 0.034115 0.699845
vt 0.034272 0.704503
vt 0.031475 0.701431
vt 0.033356 0.705489
vt 0.029497 0.703806
vt 0.032773 0.706565
vt 0.028342 0.706818
vt 0.032459 0.708194
vt 0.028296 0.710038
vt 0.032646 0.709541
vt 0.033108 0.710711
vt 0.029323 0.712947
vt 0.034073 0.712118
vt 0.030661 0.714720
vt 0.032433 0.716299
vt 0.035426 0.713069
vt 0.035331 0.717589
vt 0.037006 0.713481
vt 0.146023 0.716343
vt 0.147043 0.711946
vt 0.148384 0.715985
vt 0.148563 0.711274
vt 0.151113 0.714660
vt 0.149789 0.710128
vt 0.152695 0.713151
vt 0.154039 0.711243
vt 0.150537 0.708647
vt 0.154973 0.708199
vt 0.150748 0.706987
vt 0.154858 0.705036
vt 0.150386 0.705343
vt 0.154061 0.702841
vt 0.149537 0.703897
vt 0.152713 0.700903
vt 0.148290 0.702799
vt 0.150281 0.698958
vt 0.146749 0.702190
vt 0.147358 0.697904
vt 0.145083 0.702142
vt 0.144205 0.697908
vt 0.143488 0.702675
vt 0.141130 0.699061
vt 0.142183 0.703715
vt 0.139428 0.700499
vt 0.137950 0.702352
vt 0.141332 0.705110
vt 0.136826 0.705340
vt 0.141042 0.706420
vt 0.141068 0.707665
vt 0.136751 0.707573
vt 0.137151 0.709941
vt 0.141368 0.708977
vt 0.141914 0.710068
vt 0.138638 0.712707
vt 0.142841 0.711055
vt 0.140933 0.714825
vt 0.143849 0.711704
vt 0.143794 0.716104
vt 0.145416 0.712095
vt 0.954824 0.603330
vt 0.950059 0.598361
vt 0.955212 0.585944
vt 0.949351 0.590022
vt 0.931349 0.603280
vt 0.937210 0.599201
vt 0.931737 0.585894
vt 0.936502 0.590863
vt 0.937977 0.699938
vt 0.931268 0.699938
vt 0.937977 0.685227
vt 0.931268 0.685227
vt 0.870548 0.651237
vt 0.865785 0.646267
vt 0.871004 0.633847
vt 0.865127 0.637914
vt 0.847076 0.651194
vt 0.852953 0.647128
vt 0.847531 0.633805
vt 0.852295 0.638774
vt 0.858010 0.754626
vt 0.851301 0.754626
vt 0.858010 0.739914
vt 0.851301 0.739914
vt 0.162567 0.582847
vt 0.019760 0.582847
vt 0.160077 0.721312
vt 0.023207 0.723334
vt 0.959330 0.607494
vt 0.959762 0.581730
vt 0.926799 0.607494
vt 0.927231 0.581730
vt 0.875043 0.655403
vt 0.875567 0.629639
vt 0.842513 0.655403
vt 0.843037 0.629639
vt 0.939429 0.596862
vt 0.947628 0.596210
vt 0.938933 0.593013
vt 0.947132 0.592361
vt 0.855184 0.644800
vt 0.863350 0.644116
vt 0.854730 0.640925
vt 0.862896 0.640242
vt 0.473493 0.779072
vt 0.466996 0.604591
vt 0.462177 0.608208
vt 0.476057 0.784714
vt 0.622246 0.779072
vt 0.626979 0.774991
vt 0.620139 0.633832
vt 0.617667 0.627028
vt 0.439784 0.960233
vt 0.442467 0.958348
vt 0.438933 0.961172
vt 0.436687 0.962182
vt 0.434322 0.963345
vt 0.448643 0.949139
vt 0.445782 0.954560
vt 0.447276 0.951609
vt 0.411819 0.920823
vt 0.413711 0.919578
vt 0.585788 0.769806
vt 0.588083 0.767626
vt 0.593366 0.765665
vt 0.405490 0.927489
vt 0.404403 0.929401
vt 0.404546 0.928123
vt 0.415762 0.918501
vt 0.571943 0.773626
vt 0.577307 0.771772
vt 0.417890 0.917540
vt 0.422475 0.916592
vt 0.420103 0.916861
vt 0.563864 0.774219
vt 0.424722 0.916390
vt 0.555323 0.774122
vt 0.546350 0.773529
vt 0.427033 0.916332
vt 0.429216 0.916566
vt 0.420277 0.916432
vt 0.537761 0.771964
vt 0.431497 0.917089
vt 0.425923 0.916004
vt 0.435673 0.918266
vt 0.432403 0.916990
vt 0.439803 0.920706
vt 0.441571 0.921913
vt 0.437555 0.919045
vt 0.443165 0.923195
vt 0.447393 0.929424
vt 0.445900 0.926475
vt 0.449042 0.933736
vt 0.448336 0.930974
vt 0.449977 0.936903
vt 0.449575 0.945133
vt 0.450193 0.941914
vt 0.449510 0.946379
vt 0.430248 0.964520
vt 0.426923 0.964734
vt 0.424557 0.964730
vt 0.422208 0.964577
vt 0.580922 0.631542
vt 0.586557 0.635750
vt 0.419952 0.964137
vt 0.417716 0.963282
vt 0.415785 0.962640
vt 0.413482 0.961464
vt 0.409823 0.958562
vt 0.411613 0.960248
vt 0.408076 0.956985
vt 0.615404 0.671417
vt 0.617782 0.677380
vt 0.404231 0.951321
vt 0.405705 0.954253
vt 0.402195 0.944839
vt 0.403277 0.949456
vt 0.402239 0.946216
vt 0.621334 0.698252
vt 0.401642 0.942686
vt 0.402272 0.935816
vt 0.401706 0.938997
vt 0.402807 0.933630
vt 0.403557 0.931485
vt 0.401518 0.939096
vt 0.402212 0.934590
vt 0.407748 0.924315
vt 0.509435 0.608959
vt 0.510588 0.782518
vt 0.506436 0.612184
vt 0.507259 0.779222
vt 0.340802 0.611418
vt 0.343795 0.614369
vt 0.337028 0.782392
vt 0.340229 0.779372
vt 0.395333 0.907762
vt 0.392891 0.905576
vt 0.396444 0.908380
vt 0.397938 0.910349
vt 0.399619 0.912414
vt 0.382473 0.901578
vt 0.388448 0.903189
vt 0.385213 0.902376
vt 0.403159 0.926277
vt 0.363339 0.943586
vt 0.365058 0.945036
vt 0.366849 0.946474
vt 0.368846 0.947337
vt 0.369174 0.947970
vt 0.370899 0.948469
vt 0.360354 0.940421
vt 0.373908 0.949596
vt 0.359055 0.938583
vt 0.361692 0.942222
vt 0.364056 0.944820
vt 0.357949 0.936664
vt 0.357000 0.934636
vt 0.359448 0.939955
vt 0.355677 0.930313
vt 0.356044 0.932637
vt 0.357005 0.935695
vt 0.355240 0.925752
vt 0.355362 0.923484
vt 0.355100 0.928122
vt 0.355376 0.930971
vt 0.356200 0.919062
vt 0.356955 0.916900
vt 0.355465 0.921259
vt 0.354825 0.924789
vt 0.358021 0.914821
vt 0.476150 0.639639
vt 0.359042 0.912798
vt 0.360371 0.910926
vt 0.357707 0.914632
vt 0.356434 0.917063
vt 0.355512 0.920003
vt 0.361876 0.909173
vt 0.363646 0.907643
vt 0.358367 0.913057
vt 0.365382 0.906143
vt 0.363347 0.907425
vt 0.360865 0.909632
vt 0.498255 0.677069
vt 0.367339 0.904893
vt 0.369404 0.903856
vt 0.371564 0.903014
vt 0.364196 0.906463
vt 0.373847 0.902365
vt 0.366616 0.904807
vt 0.499780 0.706103
vt 0.370465 0.902943
vt 0.378303 0.901567
vt 0.375001 0.901698
vt 0.379549 0.901345
vt 0.401645 0.916150
vt 0.401617 0.917255
vt 0.403062 0.920628
vt 0.402325 0.919450
vt 0.402823 0.921702
vt 0.402978 0.924018
vt 0.403324 0.923908
vt 0.402640 0.930772
vt 0.403208 0.928514
vt 0.402069 0.932990
vt 0.403608 0.925703
vt 0.401295 0.935153
vt 0.400295 0.937232
vt 0.402870 0.931743
vt 0.398997 0.939150
vt 0.397763 0.941000
vt 0.401313 0.936217
vt 0.399334 0.939280
vt 0.396260 0.942688
vt 0.394590 0.944277
vt 0.392752 0.945690
vt 0.397189 0.942237
vt 0.398876 0.940494
vt 0.388739 0.947867
vt 0.395723 0.943859
vt 0.390936 0.947021
vt 0.386562 0.948679
vt 0.393473 0.945722
vt 0.384333 0.949271
vt 0.382044 0.949646
vt 0.388014 0.948657
vt 0.377507 0.949703
vt 0.383106 0.949947
vt 0.379835 0.950003
vt 0.375269 0.949428
vt 0.373057 0.948944
vt 0.378050 0.950172
vt 0.754547 0.778223
vt 0.630767 0.779376
vt 0.751331 0.775226
vt 0.633800 0.776126
vt 0.755141 0.605943
vt 0.752192 0.608877
vt 0.630760 0.604591
vt 0.634087 0.607938
vt 0.641687 0.706867
vt 0.643545 0.714172
vt 0.640662 0.699115
vt 0.515040 0.828888
vt 0.520027 0.832511
vt 0.640277 0.687020
vt 0.524904 0.837518
vt 0.483715 0.823701
vt 0.492055 0.822419
vt 0.489111 0.823023
vt 0.504458 0.824334
vt 0.508122 0.825482
vt 0.500390 0.823035
vt 0.496751 0.822848
vt 0.511767 0.826971
vt 0.532760 0.860954
vt 0.469987 0.892984
vt 0.472900 0.895125
vt 0.479273 0.898394
vt 0.482724 0.899566
vt 0.484265 0.900705
vt 0.486230 0.900799
vt 0.491866 0.901881
vt 0.467218 0.890633
vt 0.475974 0.896886
vt 0.479876 0.899363
vt 0.464717 0.888066
vt 0.474013 0.896577
vt 0.462458 0.885315
vt 0.468063 0.892322
vt 0.460396 0.882347
vt 0.458613 0.879153
vt 0.462903 0.886959
vt 0.457148 0.875789
vt 0.456008 0.872285
vt 0.458741 0.880897
vt 0.454774 0.865017
vt 0.455797 0.874034
vt 0.454720 0.861332
vt 0.454877 0.868836
vt 0.455003 0.857670
vt 0.454147 0.866002
vt 0.456585 0.850518
vt 0.454147 0.859197
vt 0.457870 0.847059
vt 0.455252 0.854056
vt 0.459686 0.843838
vt 0.461344 0.840636
vt 0.455399 0.852047
vt 0.463538 0.837636
vt 0.459131 0.843687
vt 0.456867 0.847643
vt 0.466002 0.834854
vt 0.468740 0.832299
vt 0.461607 0.838958
vt 0.471862 0.830165
vt 0.474898 0.828039
vt 0.467039 0.832855
vt 0.478286 0.826337
vt 0.471421 0.829765
vt 0.481825 0.825007
vt 0.485506 0.824014
vt 0.489314 0.823586
vt 0.472927 0.828359
vt 0.493036 0.823120
vt 0.477127 0.826074
vt 0.496845 0.823433
vt 0.507923 0.824723
vt 0.528023 0.842683
vt 0.530641 0.847465
vt 0.529406 0.846361
vt 0.530771 0.849894
vt 0.531776 0.853517
vt 0.532445 0.857213
vt 0.532514 0.864745
vt 0.645366 0.663670
vt 0.532267 0.852438
vt 0.532317 0.868443
vt 0.533363 0.859279
vt 0.533102 0.864642
vt 0.531571 0.872131
vt 0.530442 0.875714
vt 0.528985 0.879154
vt 0.533279 0.866691
vt 0.527185 0.882430
vt 0.532491 0.871387
vt 0.525089 0.885514
vt 0.530311 0.877962
vt 0.522535 0.888247
vt 0.520087 0.890889
vt 0.526616 0.884608
vt 0.523045 0.888538
vt 0.517327 0.893191
vt 0.514369 0.895309
vt 0.511171 0.897126
vt 0.518857 0.892707
vt 0.507782 0.898642
vt 0.522035 0.890323
vt 0.515539 0.895380
vt 0.500647 0.900640
vt 0.509551 0.898670
vt 0.504458 0.900138
vt 0.496953 0.900866
vt 0.493397 0.901215
vt 0.497122 0.901410
vt 0.489773 0.900996
vt 0.501700 0.901170
vt 0.486190 0.900249
vt 0.492043 0.752226
vt 0.526903 0.614815
vt 0.521289 0.617502
vt 0.496778 0.757688
vt 0.700526 0.752165
vt 0.706008 0.749997
vt 0.655866 0.613865
vt 0.651076 0.607974
vt 0.557998 0.620198
vt 0.465494 0.978229
vt 0.463890 0.977926
vt 0.461187 0.976506
vt 0.569250 0.616149
vt 0.459253 0.975486
vt 0.457154 0.974008
vt 0.454548 0.971444
vt 0.454496 0.971665
vt 0.535471 0.638100
vt 0.477107 0.978739
vt 0.475990 0.979198
vt 0.474777 0.978956
vt 0.472467 0.979180
vt 0.470474 0.979271
vt 0.482079 0.932971
vt 0.478346 0.931414
vt 0.475599 0.930972
vt 0.474399 0.931048
vt 0.471284 0.930824
vt 0.484982 0.934328
vt 0.482224 0.932725
vt 0.488115 0.936529
vt 0.490980 0.939575
vt 0.486174 0.934703
vt 0.489975 0.938034
vt 0.494147 0.944114
vt 0.492647 0.941233
vt 0.495660 0.947749
vt 0.494970 0.945087
vt 0.496463 0.950125
vt 0.496572 0.957699
vt 0.496945 0.954390
vt 0.494764 0.964423
vt 0.496603 0.958969
vt 0.493943 0.966429
vt 0.495938 0.961839
vt 0.493022 0.968265
vt 0.490312 0.971641
vt 0.483848 0.976338
vt 0.486771 0.974741
vt 0.479434 0.978291
vt 0.528375 0.648164
vt 0.524157 0.653554
vt 0.467852 0.978944
vt 0.452408 0.968999
vt 0.450611 0.965698
vt 0.448955 0.961771
vt 0.450485 0.965887
vt 0.448565 0.959135
vt 0.448078 0.956690
vt 0.448033 0.953661
vt 0.449041 0.949004
vt 0.448442 0.950528
vt 0.449632 0.946740
vt 0.451671 0.942632
vt 0.660832 0.648197
vt 0.664578 0.654275
vt 0.670083 0.663127
vt 0.452815 0.940832
vt 0.456079 0.937368
vt 0.454402 0.938874
vt 0.457783 0.935934
vt 0.459612 0.934553
vt 0.461574 0.933593
vt 0.676338 0.684438
vt 0.676982 0.691621
vt 0.464265 0.932214
vt 0.675953 0.703093
vt 0.467285 0.931346
vt 0.255442 0.104701
vt 0.199417 0.108860
vt 0.255426 0.104559
vt 0.196419 0.107539
vt 0.193270 0.106094
vt 0.190223 0.104559
vt 0.198493 0.108187
vt 0.271323 0.133540
vt 0.271377 0.133540
vt 0.198382 0.109246
vt 0.196220 0.107687
vt 0.703036 0.429903
vt 0.702463 0.430212
vt 0.701919 0.429903
vt 0.247818 0.153547
vt 0.247932 0.153480
vt 0.267317 0.145136
vt 0.248463 0.134318
vt 0.248068 0.133387
vt 0.247740 0.132908
vt 0.266007 0.144478
vt 0.247505 0.132113
vt 0.247921 0.132744
vt 0.700539 0.429903
vt 0.701121 0.430227
vt 0.699972 0.430227
vt 0.265657 0.131039
vt 0.264965 0.131391
vt 0.248065 0.133281
vt 0.254717 0.124649
vt 0.254554 0.124607
vt 0.254190 0.146318
vt 0.256669 0.145300
vt 0.258399 0.140580
vt 0.255434 0.145806
vt 0.259201 0.141186
vt 0.265912 0.137346
vt 0.261627 0.133950
vt 0.261836 0.133654
vt 0.262054 0.133367
vt 0.221956 0.125694
vt 0.224900 0.128114
vt 0.245545 0.124826
vt 0.223425 0.126920
vt 0.242204 0.148291
vt 0.243091 0.147905
vt 0.244074 0.147642
vt 0.242470 0.147977
vt 0.242424 0.147979
vt 0.258752 0.138887
vt 0.259525 0.139069
vt 0.260276 0.139260
vt 0.242033 0.148029
vt 0.700640 0.431730
vt 0.700640 0.431025
vt 0.701121 0.431260
vt 0.241431 0.129561
vt 0.241630 0.129364
vt 0.242144 0.129222
vt 0.227014 0.114371
vt 0.225614 0.114168
vt 0.242745 0.128851
vt 0.702931 0.431334
vt 0.701919 0.431334
vt 0.702345 0.431010
vt 0.241682 0.129112
vt 0.253909 0.122912
vt 0.253874 0.123097
vt 0.254001 0.122886
vt 0.248383 0.108072
vt 0.249032 0.108459
vt 0.249686 0.108850
vt 0.261655 0.132453
vt 0.253153 0.124511
vt 0.253379 0.124338
vt 0.261265 0.132443
vt 0.253644 0.124273
vt 0.267403 0.126813
vt 0.267257 0.127316
vt 0.267431 0.127982
vt 0.267373 0.128848
vt 0.253400 0.124419
vt 0.267397 0.126966
vt 0.699594 0.431849
vt 0.699227 0.432207
vt 0.698844 0.431849
vt 0.258127 0.115019
vt 0.257485 0.114367
vt 0.256715 0.113678
vt 0.267639 0.127086
vt 0.257230 0.114091
vt 0.257553 0.114335
vt 0.257279 0.113574
vt 0.699175 0.429903
vt 0.699175 0.431052
vt 0.698844 0.430486
vt 0.754950 0.025385
vt 0.766939 0.017073
vt 0.808941 0.086963
vt 0.806168 0.088924
vt 0.734913 0.046545
vt 0.744208 0.035272
vt 0.803687 0.091248
vt 0.801541 0.093888
vt 0.877270 0.197787
vt 0.864616 0.204644
vt 0.831689 0.130848
vt 0.834632 0.129242
vt 0.727308 0.157520
vt 0.721428 0.144138
vt 0.798463 0.116655
vt 0.799825 0.119774
vt 0.717432 0.130067
vt 0.797534 0.113377
vt 0.924226 0.129436
vt 0.920615 0.142769
vt 0.844595 0.116225
vt 0.845383 0.112961
vt 0.780042 0.205923
vt 0.767038 0.199370
vt 0.809032 0.129548
vt 0.812046 0.131087
vt 0.837005 0.212906
vt 0.825272 0.132763
vt 0.755034 0.191085
vt 0.744275 0.181220
vt 0.803757 0.125304
vt 0.806251 0.127609
vt 0.734981 0.169959
vt 0.801605 0.122675
vt 0.793742 0.005776
vt 0.808027 0.002991
vt 0.818457 0.083594
vt 0.815146 0.084278
vt 0.915207 0.060639
vt 0.920660 0.073740
vt 0.844807 0.099908
vt 0.843513 0.096836
vt 0.899267 0.037071
vt 0.908029 0.048375
vt 0.841910 0.093978
vt 0.839842 0.091403
vt 0.888843 0.189293
vt 0.837318 0.127245
vt 0.727262 0.058997
vt 0.799778 0.096802
vt 0.915155 0.155828
vt 0.907954 0.168107
vt 0.841725 0.122245
vt 0.843369 0.119340
vt 0.924287 0.087387
vt 0.926114 0.101312
vt 0.845995 0.106372
vt 0.845641 0.103106
vt 0.721393 0.072389
vt 0.798428 0.099930
vt 0.779955 0.010498
vt 0.811954 0.085406
vt 0.851109 0.209717
vt 0.828550 0.132026
vt 0.926081 0.115770
vt 0.846013 0.109649
vt 0.822544 0.002194
vt 0.821827 0.083372
vt 0.793818 0.210614
vt 0.815242 0.132192
vt 0.877455 0.018555
vt 0.889080 0.027119
vt 0.837405 0.089038
vt 0.834641 0.087049
vt 0.717409 0.086462
vt 0.797511 0.103212
vt 0.851169 0.006573
vt 0.864735 0.011664
vt 0.831656 0.085470
vt 0.828488 0.084317
vt 0.715408 0.115580
vt 0.715408 0.100953
vt 0.797056 0.106592
vt 0.797060 0.110000
vt 0.837017 0.003398
vt 0.825191 0.083615
vt 0.899129 0.179340
vt 0.839697 0.124894
vt 0.224331 0.446277
vt 0.220602 0.285229
vt 0.059405 0.287724
vt 0.063021 0.448740
vt 0.332322 0.050181
vt 0.429753 0.050181
vt 0.332322 0.147611
vt 0.429753 0.147611
vt 0.842164 0.109557
vt 0.842184 0.106669
vt 0.834845 0.091970
vt 0.832580 0.090327
vt 0.840090 0.098493
vt 0.838714 0.096003
vt 0.243940 0.772973
vt 0.241997 0.773656
vt 0.239584 0.764916
vt 0.240358 0.764643
vt 0.237912 0.743953
vt 0.239971 0.744094
vt 0.238712 0.753082
vt 0.237897 0.753025
vt 0.226925 0.769368
vt 0.225633 0.767768
vt 0.233051 0.762556
vt 0.233567 0.763197
vt 0.836826 0.122372
vt 0.838532 0.120144
vt 0.808642 0.091939
vt 0.806551 0.093899
vt 0.836883 0.093820
vt 0.804780 0.120407
vt 0.806591 0.122626
vt 0.803258 0.098584
vt 0.802119 0.101222
vt 0.827430 0.088036
vt 0.824659 0.087446
vt 0.839907 0.117698
vt 0.840926 0.115080
vt 0.808687 0.124573
vt 0.818991 0.087434
vt 0.816202 0.088012
vt 0.801360 0.112563
vt 0.802139 0.115328
vt 0.813514 0.088968
vt 0.830087 0.127357
vt 0.832562 0.126014
vt 0.800965 0.109716
vt 0.841909 0.103826
vt 0.841156 0.101102
vt 0.803286 0.117959
vt 0.800961 0.106840
vt 0.810977 0.090285
vt 0.819034 0.129011
vt 0.821865 0.129179
vt 0.813562 0.127514
vt 0.816249 0.128452
vt 0.841560 0.112357
vt 0.824687 0.128955
vt 0.827445 0.128343
vt 0.830089 0.089003
vt 0.834824 0.124341
vt 0.801348 0.103991
vt 0.804745 0.096128
vt 0.811025 0.126213
vt 0.821827 0.087244
vt 0.681665 0.435548
vt 0.682126 0.434488
vt 0.684649 0.435774
vt 0.684338 0.436479
vt 0.697734 0.440043
vt 0.697428 0.441125
vt 0.694830 0.440190
vt 0.695052 0.439468
vt 0.682729 0.443250
vt 0.682127 0.442268
vt 0.684617 0.440950
vt 0.685012 0.441604
vt 0.224567 0.766009
vt 0.232626 0.761849
vt 0.252614 0.756101
vt 0.252933 0.758124
vt 0.243953 0.758722
vt 0.243889 0.757895
vt 0.223752 0.764121
vt 0.232300 0.761092
vt 0.252173 0.764216
vt 0.251347 0.766102
vt 0.243312 0.761895
vt 0.243642 0.761141
vt 0.224552 0.752140
vt 0.225613 0.750378
vt 0.233031 0.755586
vt 0.232610 0.756290
vt 0.250270 0.767856
vt 0.242884 0.762598
vt 0.247454 0.747362
vt 0.248926 0.748824
vt 0.242329 0.755006
vt 0.241699 0.754409
vt 0.228424 0.770776
vt 0.234165 0.763763
vt 0.223197 0.762141
vt 0.222915 0.760104
vt 0.231966 0.759481
vt 0.232079 0.760298
vt 0.250179 0.750476
vt 0.242860 0.755639
vt 0.239979 0.774067
vt 0.237924 0.774199
vt 0.237960 0.765133
vt 0.238779 0.765080
vt 0.222915 0.758048
vt 0.231963 0.758656
vt 0.233858 0.773619
vt 0.231922 0.772923
vt 0.235563 0.764623
vt 0.236336 0.764902
vt 0.251280 0.752233
vt 0.243273 0.756397
vt 0.223741 0.754029
vt 0.232288 0.757046
vt 0.235870 0.774050
vt 0.237140 0.765073
vt 0.233839 0.744523
vt 0.235855 0.744095
vt 0.237084 0.753081
vt 0.236287 0.753250
vt 0.223189 0.756009
vt 0.232071 0.757840
vt 0.248964 0.769447
vt 0.247456 0.770849
vt 0.241762 0.763795
vt 0.242364 0.763235
vt 0.252098 0.754113
vt 0.243613 0.757200
vt 0.252918 0.760204
vt 0.243964 0.759506
vt 0.245770 0.772029
vt 0.241089 0.764267
vt 0.252726 0.762255
vt 0.243850 0.760370
vt 0.243935 0.745213
vt 0.245768 0.746166
vt 0.241018 0.753918
vt 0.240286 0.753531
vt 0.226906 0.748780
vt 0.233542 0.754946
vt 0.228402 0.747368
vt 0.234135 0.754383
vt 0.230077 0.746173
vt 0.231902 0.745222
vt 0.235520 0.753526
vt 0.234799 0.753907
vt 0.230101 0.771967
vt 0.234835 0.764241
vt 0.241991 0.744515
vt 0.239513 0.753252
vt 0.694510 0.440879
vt 0.694098 0.441524
vt 0.693609 0.442120
vt 0.693047 0.442647
vt 0.692431 0.443100
vt 0.691761 0.443462
vt 0.691051 0.443727
vt 0.690313 0.443891
vt 0.689559 0.443951
vt 0.688805 0.443905
vt 0.688063 0.443755
vt 0.687346 0.443504
vt 0.686671 0.443156
vt 0.686049 0.442718
vt 0.685493 0.442197
vt 0.684316 0.440247
vt 0.684112 0.439508
vt 0.684012 0.438748
vt 0.684017 0.437980
vt 0.684126 0.437219
vt 0.685053 0.435118
vt 0.685541 0.434520
vt 0.686106 0.433995
vt 0.686736 0.433552
vt 0.687420 0.433198
vt 0.688146 0.432942
vt 0.688899 0.432787
vt 0.689666 0.432737
vt 0.690432 0.432792
vt 0.691183 0.432952
vt 0.691903 0.433214
vt 0.692580 0.433572
vt 0.693205 0.434017
vt 0.693759 0.434540
vt 0.694917 0.436488
vt 0.695175 0.438728
vt 0.695247 0.437973
vt 0.695162 0.437200
vt 0.694277 0.435100
vt 0.694679 0.435771
vt 0.696974 0.442159
vt 0.694062 0.431152
vt 0.695008 0.431832
vt 0.685248 0.445572
vt 0.684305 0.444918
vt 0.681666 0.441213
vt 0.681353 0.440102
vt 0.695849 0.432641
vt 0.691863 0.446391
vt 0.690753 0.446642
vt 0.681195 0.438959
vt 0.688477 0.446678
vt 0.687354 0.446461
vt 0.696648 0.433506
vt 0.681352 0.436660
vt 0.689617 0.446739
vt 0.686269 0.430610
vt 0.687359 0.430220
vt 0.681195 0.437805
vt 0.696385 0.443125
vt 0.695671 0.444007
vt 0.697221 0.434488
vt 0.697517 0.435616
vt 0.697907 0.436693
vt 0.698046 0.437797
vt 0.694847 0.444788
vt 0.693928 0.445454
vt 0.697889 0.438926
vt 0.691939 0.430219
vt 0.693032 0.430611
vt 0.682726 0.433500
vt 0.683455 0.432603
vt 0.684299 0.431812
vt 0.685243 0.431144
vt 0.686271 0.446090
vt 0.689647 0.429903
vt 0.690803 0.429982
vt 0.692927 0.445992
vt 0.688492 0.429983
vt 0.683460 0.444139
vt 0.247563 0.682432
vt 0.249557 0.683464
vt 0.248663 0.684937
vt 0.246878 0.684012
vt 0.253043 0.686296
vt 0.254468 0.688060
vt 0.253036 0.689042
vt 0.251773 0.687473
vt 0.236587 0.713288
vt 0.234475 0.712539
vt 0.235161 0.710963
vt 0.237050 0.711634
vt 0.227617 0.706944
vt 0.226456 0.705032
vt 0.227980 0.704243
vt 0.229020 0.705956
vt 0.238782 0.681239
vt 0.241016 0.681084
vt 0.241018 0.682802
vt 0.239017 0.682940
vt 0.251394 0.684759
vt 0.250305 0.686097
vt 0.254459 0.707001
vt 0.252995 0.708741
vt 0.251748 0.707565
vt 0.253124 0.706008
vt 0.225566 0.702979
vt 0.227183 0.702406
vt 0.243251 0.681233
vt 0.245447 0.681685
vt 0.244985 0.683342
vt 0.243020 0.682936
vt 0.255623 0.690034
vt 0.256504 0.691986
vt 0.254924 0.692541
vt 0.254120 0.690858
vt 0.243248 0.713743
vt 0.241014 0.713896
vt 0.241014 0.712179
vt 0.243015 0.712042
vt 0.236590 0.681697
vt 0.237054 0.683350
vt 0.227619 0.688036
vt 0.229031 0.686300
vt 0.230285 0.687470
vt 0.229021 0.689025
vt 0.257443 0.698656
vt 0.257094 0.700923
vt 0.255379 0.700569
vt 0.255703 0.698505
vt 0.234481 0.682449
vt 0.235165 0.684023
vt 0.251358 0.710242
vt 0.250292 0.708906
vt 0.238780 0.713743
vt 0.239014 0.712042
vt 0.247548 0.712539
vt 0.245440 0.713288
vt 0.244978 0.711635
vt 0.246868 0.710966
vt 0.230661 0.710210
vt 0.229027 0.708681
vt 0.230283 0.707511
vt 0.231746 0.708881
vt 0.224963 0.694155
vt 0.225566 0.692001
vt 0.227183 0.692575
vt 0.226642 0.694504
vt 0.255543 0.705180
vt 0.253996 0.704442
vt 0.256491 0.703083
vt 0.254872 0.702475
vt 0.230666 0.684772
vt 0.231749 0.686102
vt 0.232488 0.711504
vt 0.233382 0.710038
vt 0.232494 0.683480
vt 0.233386 0.684946
vt 0.257463 0.696386
vt 0.255735 0.696502
vt 0.226457 0.689948
vt 0.227980 0.690737
vt 0.257137 0.694127
vt 0.255455 0.694475
vt 0.224963 0.700825
vt 0.226643 0.700476
vt 0.249530 0.711516
vt 0.248647 0.710050
vt 0.224659 0.696372
vt 0.226370 0.696489
vt 0.224659 0.698609
vt 0.226370 0.698492
vt 0.372234 0.475206
vt 0.383190 0.452130
vt 0.389592 0.456580
vt 0.375377 0.449899
vt 0.369382 0.449899
vt 0.363954 0.451031
vt 0.358414 0.453758
vt 0.352981 0.458392
vt 0.348556 0.465545
vt 0.346562 0.475142
vt 0.348153 0.483870
vt 0.351883 0.490783
vt 0.357596 0.496207
vt 0.365701 0.500034
vt 0.375430 0.500581
vt 0.383484 0.498162
vt 0.389336 0.494141
vt 0.393461 0.489425
vt 0.396590 0.482907
vt 0.397644 0.477092
vt 0.397177 0.469790
vt 0.394015 0.461909
vt 0.371938 0.423662
vt 0.395012 0.434623
vt 0.389844 0.441821
vt 0.397245 0.426810
vt 0.397245 0.420815
vt 0.396114 0.415386
vt 0.393389 0.409846
vt 0.388755 0.404411
vt 0.381602 0.399986
vt 0.372007 0.397989
vt 0.363276 0.399581
vt 0.356364 0.403308
vt 0.350939 0.409021
vt 0.347111 0.417125
vt 0.346562 0.426852
vt 0.348980 0.434908
vt 0.353000 0.440762
vt 0.357717 0.444888
vt 0.364232 0.448017
vt 0.370306 0.449101
vt 0.377432 0.448587
vt 0.384693 0.445727
vt 0.371981 0.526741
vt 0.348447 0.536607
vt 0.346562 0.528786
vt 0.352045 0.542625
vt 0.356485 0.547042
vt 0.362786 0.550581
vt 0.368564 0.552014
vt 0.375785 0.552014
vt 0.383322 0.549622
vt 0.388701 0.546072
vt 0.393139 0.541056
vt 0.395998 0.535571
vt 0.397581 0.527879
vt 0.396688 0.520053
vt 0.393464 0.512771
vt 0.386989 0.505920
vt 0.377257 0.501709
vt 0.369138 0.501379
vt 0.363281 0.502804
vt 0.358275 0.505186
vt 0.353539 0.509144
vt 0.349357 0.514931
vt 0.346880 0.522332
vt 0.368663 0.534372
vt 0.364109 0.509237
vt 0.372972 0.509237
vt 0.356461 0.511981
vt 0.351590 0.515475
vt 0.347842 0.519561
vt 0.345022 0.524803
vt 0.343234 0.531800
vt 0.343686 0.539695
vt 0.345794 0.545785
vt 0.349554 0.551327
vt 0.354162 0.555456
vt 0.361223 0.558894
vt 0.369028 0.559966
vt 0.376879 0.558644
vt 0.385122 0.554067
vt 0.391610 0.545680
vt 0.393940 0.537894
vt 0.394009 0.531863
vt 0.392939 0.526426
vt 0.390276 0.520859
vt 0.385704 0.515373
vt 0.379147 0.511142
vt 0.000000 0.000000
vt 0.000000 0.000000
vt 0.000000 0.000000
vt 0.000000 0.000000
vt 0.000000 0.000000
vt 0.000000 0.000000
vt 0.000000 0.000000
vt 0.000000 0.000000
vt 0.000000 0.000000
vt 0.000000 0.000000
vt 0.000000 0.000000
vt 0.000000 0.000000
vt 0.000000 0.000000
vt 0.000000 0.000000
vt 0.000000 0.000000
vt 0.000000 0.000000
vt 0.000000 0.000000
vt 0.000000 0.000000
vt 0.000000 0.000000
vt 0.000000 0.000000
vt 0.000000 0.000000
vt 0.000000 0.000000
vt 0.000000 0.000000
vt 0.000000 0.000000
vt 0.000000 0.000000
vt 0.000000 0.000000
vt 0.000000 0.000000
vt 0.000000 0.000000
vt 0.000000 0.000000
vt 0.000000 0.000000
vt 0.000000 0.000000
vt 0.000000 0.000000
vt 0.000000 0.000000
vt 0.000000 0.000000
vt 0.000000 0.000000
vt 0.000000 0.000000
vt 0.000000 0.000000
vt 0.000000 0.000000
vt 0.000000 0.000000
vt 0.000000 0.000000
vt 0.000000 0.000000
vt 0.000000 0.000000
vt 0.000000 0.000000
vt 0.000000 0.000000
vt 0.000000 0.000000
vt 0.000000 0.000000
vt 0.000000 0.000000
vt 0.000000 0.000000
vt 0.000000 0.000000
vt 0.000000 0.000000
vt 0.000000 0.000000
vt 0.000000 0.000000
vt 0.000000 0.000000
vt 0.000000 0.000000
vt 0.000000 0.000000
vt 0.000000 0.000000
vt 0.000000 0.000000
vt 0.000000 0.000000
vt 0.000000 0.000000
vt 0.000000 0.000000
vt 0.000000 0.000000
vt 0.000000 0.000000
vt 0.000000 0.000000
vt 0.000000 0.000000
vt 0.000000 0.000000
vt 0.000000 0.000000
vt 0.000000 0.000000
vt 0.000000 0.000000
vt 0.000000 0.000000
vt 0.000000 0.000000
vt 0.000000 0.000000
vt 0.000000 0.000000
vt 0.000000 0.000000
vt 0.000000 0.000000
vt 0.000000 0.000000
vt 0.000000 0.000000
vt 0.000000 0.000000
vt 0.000000 0.000000
vt 0.000000 0.000000
vt 0.000000 0.000000
vt 0.000000 0.000000
vt 0.000000 0.000000
vt 0.000000 0.000000
vt 0.000000 0.000000
vt 0.000000 0.000000
vt 0.000000 0.000000
vt 0.000000 0.000000
vt 0.000000 0.000000
vt 0.000000 0.000000
vt 0.000000 0.000000
vt 0.000000 0.000000
vt 0.000000 0.000000
vt 0.000000 0.000000
vt 0.000000 0.000000
vt 0.000000 0.000000
vt 0.000000 0.000000
vt 0.000000 0.000000
vt 0.000000 0.000000
vt 0.000000 0.000000
vt 0.000000 0.000000
vt 0.000000 0.000000
vt 0.000000 0.000000
vt 0.000000 0.000000
vt 0.000000 0.000000
vt 0.000000 0.000000
vt 0.000000 0.000000
vt 0.000000 0.000000
vt 0.000000 0.000000
vt 0.000000 0.000000
vt 0.000000 0.000000
vt 0.000000 0.000000
vt 0.000000 0.000000
vt 0.000000 0.000000
vt 0.000000 0.000000
vt 0.000000 0.000000
vt 0.000000 0.000000
vt 0.000000 0.000000
vt 0.000000 0.000000
vt 0.000000 0.000000
vt 0.000000 0.000000
vt 0.000000 0.000000
vt 0.000000 0.000000
vt 0.000000 0.000000
vt 0.000000 0.000000
vt 0.000000 0.000000
vt 0.000000 0.000000
vt 0.000000 0.000000
vt 0.000000 0.000000
vt 0.000000 0.000000
vt 0.000000 0.000000
vt 0.000000 0.000000
vt 0.000000 0.000000
vt 0.000000 0.000000
vt 0.000000 0.000000
vt 0.000000 0.000000
vt 0.000000 0.000000
vt 0.000000 0.000000
vt 0.000000 0.000000
vt 0.000000 0.000000
vt 0.000000 0.000000
vt 0.000000 0.000000
vt 0.000000 0.000000
vt 0.000000 0.000000
vt 0.000000 0.000000
vt 0.000000 0.000000
vt 0.000000 0.000000
vt 0.000000 0.000000
vt 0.000000 0.000000
vt 0.000000 0.000000
vt 0.000000 0.000000
vt 0.000000 0.000000
vt 0.000000 0.000000
vt 0.000000 0.000000
vt 0.000000 0.000000
vt 0.000000 0.000000
vt 0.000000 0.000000
vt 0.000000 0.000000
vt 0.000000 0.000000
vt 0.000000 0.000000
vt 0.000000 0.000000
vt 0.000000 0.000000
vt 0.000000 0.000000
vt 0.000000 0.000000
vt 0.000000 0.000000
vt 0.000000 0.000000
vt 0.000000 0.000000
vt 0.000000 0.000000
vt 0.000000 0.000000
vt 0.000000 0.000000
vt 0.000000 0.000000
vt 0.000000 0.000000
vt 0.000000 0.000000
vt 0.000000 0.000000
vt 0.000000 0.000000
vt 0.000000 0.000000
vt 0.000000 0.000000
vt 0.000000 0.000000
vt 0.000000 0.000000
vt 0.000000 0.000000
vt 0.000000 0.000000
vt 0.000000 0.000000
vt 0.000000 0.000000
vt 0.000000 0.000000
vt 0.000000 0.000000
vt 0.000000 0.000000
vt 0.000000 0.000000
vt 0.000000 0.000000
vt 0.000000 0.000000
vt 0.000000 0.000000
vt 0.000000 0.000000
vt 0.000000 0.000000
vt 0.000000 0.000000
vt 0.000000 0.000000
vt 0.000000 0.000000
vt 0.000000 0.000000
vt 0.000000 0.000000
vt 0.000000 0.000000
vt 0.000000 0.000000
vt 0.000000 0.000000
vt 0.000000 0.000000
vt 0.000000 0.000000
vt 0.000000 0.000000
vt 0.000000 0.000000
vt 0.000000 0.000000
vt 0.000000 0.000000
vt 0.000000 0.000000
vt 0.000000 0.000000
vt 0.000000 0.000000
vt 0.000000 0.000000
vt 0.000000 0.000000
vt 0.000000 0.000000
vt 0.000000 0.000000
vt 0.000000 0.000000
vt 0.000000 0.000000
vt 0.000000 0.000000
vt 0.000000 0.000000
vt 0.000000 0.000000
vt 0.000000 0.000000
vt 0.000000 0.000000
vt 0.000000 0.000000
vt 0.000000 0.000000
vt 0.000000 0.000000
vt 0.000000 0.000000
vt 0.000000 0.000000
vt 0.000000 0.000000
vt 0.000000 0.000000
vt 0.000000 0.000000
vt 0.000000 0.000000
vt 0.000000 0.000000
vt 0.000000 0.000000
vt 0.000000 0.000000
vt 0.000000 0.000000
vt 0.000000 0.000000
vt 0.000000 0.000000
vt 0.000000 0.000000
vt 0.000000 0.000000
vt 0.000000 0.000000
vt 0.000000 0.000000
vt 0.000000 0.000000
vt 0.000000 0.000000
vt 0.000000 0.000000
vt 0.000000 0.000000
vt 0.000000 0.000000
vt 0.000000 0.000000
vt 0.000000 0.000000
vt 0.000000 0.000000
vt 0.000000 0.000000
vt 0.000000 0.000000
vt 0.000000 0.000000
vt 0.000000 0.000000
vt 0.000000 0.000000
vt 0.000000 0.000000
vt 0.000000 0.000000
vt 0.000000 0.000000
vt 0.000000 0.000000
vt 0.000000 0.000000
vt 0.000000 0.000000
vt 0.000000 0.000000
vt 0.000000 0.000000
vt 0.000000 0.000000
vt 0.000000 0.000000
vt 0.000000 0.000000
vt 0.000000 0.000000
vt 0.000000 0.000000
vt 0.000000 0.000000
vt 0.000000 0.000000
vt 0.000000 0.000000
vt 0.000000 0.000000
vt 0.000000 0.000000
vt 0.000000 0.000000
vt 0.000000 0.000000
vt 0.000000 0.000000
vt 0.000000 0.000000
vt 0.000000 0.000000
vt 0.000000 0.000000
vt 0.000000 0.000000
vt 0.000000 0.000000
vt 0.000000 0.000000
vt 0.000000 0.000000
vt 0.000000 0.000000
vt 0.000000 0.000000
vt 0.000000 0.000000
vt 0.000000 0.000000
vt 0.000000 0.000000
vt 0.000000 0.000000
vt 0.000000 0.000000
vt 0.000000 0.000000
vt 0.000000 0.000000
vt 0.000000 0.000000
vt 0.000000 0.000000
vt 0.000000 0.000000
vt 0.000000 0.000000
vt 0.000000 0.000000
vt 0.000000 0.000000
vt 0.000000 0.000000
vt 0.000000 0.000000
vt 0.000000 0.000000
vt 0.000000 0.000000
vt 0.000000 0.000000
vt 0.000000 0.000000
vt 0.000000 0.000000
vt 0.000000 0.000000
vt 0.000000 0.000000
vt 0.000000 0.000000
vt 0.000000 0.000000
vt 0.000000 0.000000
vt 0.000000 0.000000
vt 0.000000 0.000000
vt 0.000000 0.000000
vt 0.000000 0.000000
vt 0.000000 0.000000
vt 0.000000 0.000000
vt 0.000000 0.000000
vt 0.000000 0.000000
vt 0.000000 0.000000
vt 0.000000 0.000000
vt 0.000000 0.000000
vt 0.000000 0.000000
vt 0.000000 0.000000
vt 0.000000 0.000000
vt 0.000000 0.000000
vt 0.000000 0.000000
vt 0.000000 0.000000
vt 0.000000 0.000000
vt 0.000000 0.000000
vt 0.000000 0.000000
vt 0.000000 0.000000
vt 0.000000 0.000000
vt 0.000000 0.000000
vt 0.000000 0.000000
vt 0.000000 0.000000
vt 0.000000 0.000000
vt 0.000000 0.000000
vt 0.000000 0.000000
vt 0.000000 0.000000
vt 0.000000 0.000000
vt 0.000000 0.000000
vt 0.000000 0.000000
vt 0.000000 0.000000
vt 0.000000 0.000000
vt 0.000000 0.000000
vt 0.000000 0.000000
vt 0.000000 0.000000
vt 0.000000 0.000000
vt 0.000000 0.000000
vt 0.000000 0.000000
vt 0.000000 0.000000
vt 0.000000 0.000000
vt 0.000000 0.000000
vt 0.000000 0.000000
vt 0.000000 0.000000
vt 0.000000 0.000000
vt 0.000000 0.000000
vt 0.000000 0.000000
vt 0.000000 0.000000
vt 0.000000 0.000000
vt 0.000000 0.000000
vt 0.000000 0.000000
vt 0.000000 0.000000
vt 0.000000 0.000000
vt 0.000000 0.000000
vt 0.000000 0.000000
vt 0.000000 0.000000
vt 0.000000 0.000000
vt 0.000000 0.000000
vt 0.000000 0.000000
vt 0.000000 0.000000
vt 0.000000 0.000000
vt 0.000000 0.000000
vt 0.000000 0.000000
vt 0.000000 0.000000
vt 0.000000 0.000000
vt 0.000000 0.000000
vt 0.000000 0.000000
vt 0.000000 0.000000
vt 0.000000 0.000000
vt 0.000000 0.000000
vt 0.000000 0.000000
vt 0.000000 0.000000
vt 0.000000 0.000000
vt 0.000000 0.000000
vt 0.000000 0.000000
vt 0.000000 0.000000
vt 0.000000 0.000000
vt 0.000000 0.000000
vt 0.000000 0.000000
vt 0.000000 0.000000
vt 0.000000 0.000000
vt 0.000000 0.000000
vt 0.000000 0.000000
vt 0.000000 0.000000
vt 0.000000 0.000000
vt 0.000000 0.000000
vt 0.000000 0.000000
vt 0.000000 0.000000
vt 0.000000 0.000000
vt 0.000000 0.000000
vt 0.000000 0.000000
vt 0.000000 0.000000
vt 0.000000 0.000000
vt 0.000000 0.000000
vt 0.000000 0.000000
vt 0.000000 0.000000
vt 0.000000 0.000000
vt 0.000000 0.000000
vt 0.000000 0.000000
vt 0.000000 0.000000
vt 0.000000 0.000000
vt 0.000000 0.000000
vt 0.000000 0.000000
vt 0.000000 0.000000
vt 0.000000 0.000000
vt 0.000000 0.000000
vt 0.000000 0.000000
vt 0.000000 0.000000
vt 0.000000 0.000000
vt 0.000000 0.000000
vt 0.000000 0.000000
vt 0.000000 0.000000
vt 0.000000 0.000000
vt 0.000000 0.000000
vt 0.000000 0.000000
vt 0.000000 0.000000
vt 0.000000 0.000000
vt 0.000000 0.000000
vt 0.000000 0.000000
vt 0.000000 0.000000
vt 0.000000 0.000000
vt 0.000000 0.000000
vt 0.000000 0.000000
vt 0.000000 0.000000
vt 0.000000 0.000000
vt 0.000000 0.000000
vt 0.000000 0.000000
vt 0.000000 0.000000
vt 0.000000 0.000000
vt 0.000000 0.000000
vt 0.000000 0.000000
vt 0.000000 0.000000
vt 0.000000 0.000000
vt 0.000000 0.000000
vt 0.000000 0.000000
vt 0.000000 0.000000
vt 0.000000 0.000000
vt 0.000000 0.000000
vt 0.000000 0.000000
vt 0.000000 0.000000
vt 0.000000 0.000000
vt 0.000000 0.000000
vt 0.000000 0.000000
vt 0.000000 0.000000
vt 0.000000 0.000000
vt 0.000000 0.000000
vt 0.000000 0.000000
vt 0.000000 0.000000
vt 0.000000 0.000000
vt 0.000000 0.000000
vt 0.000000 0.000000
vt 0.000000 0.000000
vt 0.000000 0.000000
vt 0.000000 0.000000
vt 0.000000 0.000000
vt 0.000000 0.000000
vt 0.000000 0.000000
vt 0.000000 0.000000
vt 0.000000 0.000000
vt 0.000000 0.000000
vt 0.000000 0.000000
vt 0.000000 0.000000
vt 0.000000 0.000000
vt 0.000000 0.000000
vt 0.000000 0.000000
vt 0.000000 0.000000
vt 0.000000 0.000000
vt 0.000000 0.000000
vt 0.000000 0.000000
vt 0.000000 0.000000
vt 0.000000 0.000000
vt 0.000000 0.000000
vt 0.000000 0.000000
vt 0.000000 0.000000
vt 0.000000 0.000000
vt 0.000000 0.000000
vt 0.000000 0.000000
vt 0.000000 0.000000
vt 0.000000 0.000000
vt 0.000000 0.000000
vt 0.000000 0.000000
vt 0.000000 0.000000
vt 0.000000 0.000000
vt 0.000000 0.000000
vt 0.000000 0.000000
vt 0.000000 0.000000
vt 0.000000 0.000000
vt 0.000000 0.000000
vt 0.000000 0.000000
vt 0.000000 0.000000
vt 0.000000 0.000000
vt 0.000000 0.000000
vt 0.000000 0.000000
vt 0.000000 0.000000
vt 0.000000 0.000000
vt 0.000000 0.000000
vt 0.000000 0.000000
vt 0.000000 0.000000
vt 0.000000 0.000000
vt 0.000000 0.000000
vt 0.000000 0.000000
vt 0.000000 0.000000
vt 0.000000 0.000000
vt 0.000000 0.000000
vt 0.000000 0.000000
vn -0.002200 1.000000 0.006500
vn 0.029400 0.999600 -0.002800
vn -0.000300 1.000000 0.000000
vn 0.000000 1.000000 -0.000100
vn -0.000000 1.000000 0.000000
vn 0.002200 1.000000 -0.000100
vn -0.000100 1.000000 0.000400
vn -0.000000 1.000000 0.000300
vn -0.000100 1.000000 0.000600
vn 0.000000 1.000000 -0.000200
vn -0.000000 1.000000 0.000100
vn -0.000200 0.999900 0.012200
vn -0.000100 1.000000 0.000000
vn -0.009100 1.000000 -0.000000
vn -0.001900 1.000000 -0.000100
vn 0.000100 1.000000 -0.000800
vn -0.000000 1.000000 0.000200
vn 0.013600 0.999900 -0.000000
vn 0.000100 1.000000 -0.000000
vn 0.000100 1.000000 -0.000100
vn -0.160600 0.014500 0.986900
vn -0.169000 0.000000 0.985600
vn -0.333100 0.000000 0.942900
vn -0.487700 0.000000 0.873000
vn -0.628200 0.000000 0.778000
vn -0.750700 0.000000 0.660600
vn -0.851500 0.000000 0.524300
vn -0.927900 0.000000 0.372900
vn -0.977600 0.000000 0.210700
vn -0.999100 0.000000 0.042400
vn -0.991900 0.000000 -0.127000
vn -0.956200 0.000000 -0.292800
vn -0.892900 0.000000 -0.450200
vn -0.804000 0.000000 -0.594600
vn -0.691900 0.000000 -0.722000
vn -0.560000 0.000000 -0.828500
vn -0.411900 0.000000 -0.911200
vn -0.252000 0.000000 -0.967700
vn -0.084800 0.000000 -0.996400
vn 0.084800 0.000000 -0.996400
vn 0.252000 0.000000 -0.967700
vn 0.411900 0.000000 -0.911200
vn 0.560000 0.000000 -0.828500
vn 0.691900 0.000000 -0.722000
vn 0.804000 0.000000 -0.594600
vn 0.892900 0.000000 -0.450200
vn 0.956200 0.000000 -0.292800
vn 0.991900 0.000000 -0.127000
vn 0.999100 0.000000 0.042500
vn 0.977600 0.000000 0.210700
vn 0.927900 0.000000 0.372900
vn 0.851500 0.000000 0.524300
vn 0.750700 0.000000 0.660700
vn 0.628200 0.000000 0.778000
vn 0.487700 0.000000 0.873000
vn 0.333100 0.000000 0.942900
vn 0.169000 0.000000 0.985600
vn 0.024700 0.000000 0.999700
vn 0.000000 -0.034400 0.999400
vn 0.999900 -0.000500 -0.014800
vn 1.000000 0.000000 0.003900
vn 0.999000 0.001200 -0.044200
vn 1.000000 -0.000700 -0.003000
vn 1.000000 0.000600 -0.004300
vn 1.000000 -0.000500 -0.003300
vn 0.999900 -0.000000 0.013500
vn 1.000000 -0.006400 0.004500
vn 0.998900 -0.046000 -0.001700
vn 1.000000 0.009300 0.003000
vn 1.000000 -0.000500 0.001700
vn 1.000000 0.000400 0.000400
vn 1.000000 0.004000 0.001200
vn 1.000000 0.007900 0.000700
vn 1.000000 0.000400 -0.003900
vn 0.999800 -0.020900 -0.003700
vn 1.000000 0.004500 0.004800
vn 1.000000 0.001100 0.002700
vn 1.000000 0.000300 0.001000
vn 1.000000 -0.001000 -0.000400
vn 1.000000 -0.003400 -0.000500
vn 1.000000 0.003400 -0.001300
vn 1.000000 -0.000300 -0.002000
vn 1.000000 -0.000900 -0.001200
vn 1.000000 -0.000500 -0.004200
vn 1.000000 -0.001900 -0.000600
vn 0.999800 -0.020700 0.000000
vn 1.000000 -0.001600 0.000600
vn 0.999900 0.014500 0.000200
vn 0.999800 0.020700 -0.000000
vn 0.999800 -0.020100 -0.001200
vn 1.000000 0.001500 -0.001900
vn 1.000000 0.002500 -0.001200
vn 1.000000 -0.001300 -0.000900
vn 0.999700 0.023800 0.001200
vn 1.000000 0.001300 -0.001700
vn 0.999900 -0.004500 -0.009000
vn 1.000000 0.002200 0.005200
vn -0.013700 -0.000700 -0.999900
vn 0.009900 0.000000 -1.000000
vn -0.041400 0.001400 -0.999100
vn -0.002200 -0.000500 -1.000000
vn 0.001100 0.000600 -1.000000
vn 0.005900 -0.000300 -1.000000
vn 0.017700 0.000100 -0.999800
vn 0.000900 0.001300 -1.000000
vn 0.000300 -0.003000 -1.000000
vn 0.000500 -0.001400 -1.000000
vn 0.003000 0.000400 -1.000000
vn 0.000200 0.001300 -1.000000
vn 0.001500 0.000400 -1.000000
vn 0.000500 0.003300 -1.000000
vn -0.003300 0.000200 -1.000000
vn 0.001200 -0.000200 -1.000000
vn -0.000000 -0.000900 -1.000000
vn 0.000000 -0.000800 -1.000000
vn -0.000500 0.002300 -1.000000
vn -0.001600 -0.000100 -1.000000
vn -0.000900 -0.000500 -1.000000
vn 0.001500 -0.000600 -1.000000
vn -0.000600 0.001200 -1.000000
vn -0.000300 -0.004600 -1.000000
vn 0.000000 -0.013700 -0.999900
vn 0.000400 -0.000100 -1.000000
vn 0.000700 -0.001000 -1.000000
vn 0.000100 0.016100 -0.999900
vn -0.013700 -0.405100 -0.914200
vn -0.001100 -0.000100 -1.000000
vn -0.000700 -0.001000 -1.000000
vn -0.000200 -0.002900 -1.000000
vn 0.000800 0.015400 -0.999900
vn -0.000100 0.001100 -1.000000
vn -0.001100 0.000700 -1.000000
vn -1.000000 -0.000300 -0.000500
vn -0.999800 -0.000600 0.022200
vn -1.000000 0.000100 -0.007300
vn -0.999900 0.000600 0.010500
vn -1.000000 0.000700 0.001900
vn -1.000000 -0.000200 -0.005700
vn -0.999900 0.000000 -0.012400
vn -0.999900 -0.000100 -0.014300
vn -1.000000 0.000000 -0.001000
vn -1.000000 -0.003400 -0.000200
vn -1.000000 -0.001600 -0.000500
vn -1.000000 0.000200 -0.003000
vn -1.000000 0.000500 -0.001500
vn -1.000000 0.001100 -0.000200
vn -1.000000 0.002900 -0.000200
vn -1.000000 0.000700 0.002600
vn -1.000000 0.000100 -0.001100
vn -1.000000 -0.001100 -0.000100
vn -1.000000 -0.000700 -0.001100
vn -1.000000 0.000400 0.008800
vn -1.000000 -0.002600 -0.002500
vn -1.000000 -0.000900 0.000600
vn -1.000000 -0.000100 0.001200
vn -1.000000 -0.000600 -0.001600
vn -1.000000 -0.005700 0.000300
vn -0.999900 -0.014600 -0.000000
vn -0.999900 0.011000 0.000700
vn -1.000000 -0.006400 0.000100
vn -0.996600 0.082400 -0.002300
vn -1.000000 0.002500 0.000400
vn -1.000000 0.001500 0.000800
vn -1.000000 -0.001900 0.000100
vn -1.000000 0.000400 0.000800
vn -1.000000 0.003300 0.000600
vn -1.000000 -0.000100 0.001000
vn -1.000000 0.000300 0.001800
vn -1.000000 0.001700 -0.000900
vn -0.002600 0.024200 0.999700
vn -0.032200 0.002700 0.999500
vn 0.031900 0.000100 0.999500
vn 0.034200 0.000000 0.999400
vn -0.015700 -0.001700 0.999900
vn 0.011800 0.000100 0.999900
vn 0.000700 0.000800 1.000000
vn -0.013700 0.000700 0.999900
vn 0.006800 0.000100 1.000000
vn -0.044400 -0.001200 0.999000
vn -0.001700 -0.000000 1.000000
vn -0.000200 -0.003500 1.000000
vn -0.000500 -0.001700 1.000000
vn -0.003600 0.000400 1.000000
vn -0.001800 0.000700 1.000000
vn -0.000300 0.001500 1.000000
vn -0.001800 -0.000100 1.000000
vn 0.001600 0.016800 0.999900
vn -0.009400 0.003500 0.999900
vn 0.019900 -0.001100 0.999800
vn -0.001100 -0.000100 1.000000
vn -0.002800 0.001900 1.000000
vn 0.005500 -0.002000 1.000000
vn -0.000400 -0.001900 1.000000
vn -0.003300 -0.002600 1.000000
vn 0.000700 -0.002300 1.000000
vn 0.001500 0.002800 1.000000
vn 0.005600 0.003800 1.000000
vn -0.001300 -0.005500 1.000000
vn -0.003400 -0.000200 1.000000
vn 0.000100 -0.013200 0.999900
vn 0.000100 -0.012400 0.999900
vn 0.003600 -0.125500 0.992100
vn -0.002900 -0.034500 0.999400
vn -0.001200 0.001000 1.000000
vn 0.000000 0.033300 0.999400
vn 0.001900 -0.025000 0.999700
vn 0.002600 -0.000600 1.000000
vn 0.000600 0.003000 1.000000
vn 0.001100 -0.000100 1.000000
vn 0.000100 0.011000 0.999900
vn 0.007300 -0.001700 1.000000
vn -0.974800 0.000800 0.223100
vn -0.968000 -0.000000 0.250800
vn -0.918200 -0.000000 0.396200
vn -0.918300 -0.000000 0.396000
vn -0.841600 -0.000000 0.540100
vn -0.842000 -0.000000 0.539500
vn -0.742700 -0.000000 0.669600
vn -0.743100 -0.000000 0.669100
vn -0.624700 -0.000000 0.780800
vn -0.624900 -0.000000 0.780700
vn -0.472100 -0.000000 0.881600
vn -0.479000 0.000200 0.877800
vn -0.352500 0.000000 0.935800
vn -0.349800 -0.000000 0.936800
vn -0.165200 -0.000000 0.986300
vn -0.171200 0.000100 0.985200
vn -0.631800 -0.770900 0.081300
vn -0.520800 -0.849800 0.081200
vn -0.381500 -0.920800 0.081300
vn -0.232500 -0.968500 0.088800
vn -0.185100 -0.979800 0.076200
vn -0.974000 -0.059300 0.218800
vn -0.226900 -0.970500 0.081200
vn -0.211900 -0.947000 0.241300
vn -0.206400 -0.946800 0.246900
vn -0.196600 -0.897400 0.395000
vn -0.195000 -0.897000 0.396700
vn -0.180200 -0.823100 0.538500
vn -0.178300 -0.822500 0.540100
vn -0.156200 -0.712100 0.684500
vn -0.176400 -0.722900 0.668100
vn -0.148200 -0.607900 0.780100
vn -0.147100 -0.607400 0.780700
vn -0.121500 -0.502700 0.855900
vn -0.381400 -0.920800 0.081200
vn -0.371300 -0.896500 0.241600
vn -0.351400 -0.848500 0.395600
vn -0.351500 -0.848500 0.395600
vn -0.317100 -0.765600 0.559700
vn -0.343000 -0.769800 0.538300
vn -0.308200 -0.696000 0.648600
vn -0.141300 -0.297900 0.944100
vn -0.071000 -0.171000 0.982700
vn -0.060000 -0.167300 0.984100
vn -0.507000 -0.827400 0.241600
vn -0.479900 -0.783100 0.395600
vn -0.446500 -0.728700 0.519300
vn -0.361600 -0.626600 0.690400
vn -0.307800 -0.530600 0.789800
vn -0.323500 -0.534000 0.781100
vn -0.242900 -0.398400 0.884500
vn -0.243500 -0.398600 0.884200
vn -0.189500 -0.311900 0.931000
vn -0.646300 -0.729100 0.225300
vn -0.630200 -0.737900 0.241600
vn -0.596500 -0.698400 0.395600
vn -0.538800 -0.630900 0.558300
vn -0.534700 -0.631400 0.561600
vn -0.480500 -0.567000 0.669000
vn -0.512800 -0.568600 0.643200
vn -0.427800 -0.476100 0.768300
vn -0.406300 -0.330800 0.851800
vn -0.463100 -0.375200 0.803000
vn -0.650700 -0.555800 0.517300
vn -0.698400 -0.596500 0.395600
vn -0.739800 -0.631900 0.230900
vn -0.746900 -0.625900 0.224700
vn -0.835600 -0.501300 0.224700
vn -0.829600 -0.508400 0.230900
vn -0.783100 -0.479900 0.395600
vn -0.706800 -0.433100 0.559400
vn -0.705600 -0.433700 0.560400
vn -0.633700 -0.389800 0.668200
vn -0.632200 -0.390200 0.669300
vn -0.552700 -0.341200 0.760300
vn -0.934800 -0.348200 0.069700
vn -0.890600 -0.385600 0.241300
vn -0.898900 -0.372300 0.230900
vn -0.848500 -0.351400 0.395600
vn -0.790000 -0.327200 0.518500
vn -0.409900 -0.193800 0.891300
vn -0.314900 -0.145800 0.937900
vn -0.296600 -0.151300 0.942900
vn -0.190700 -0.087500 0.977700
vn -0.973000 -0.222400 0.062000
vn -0.968600 -0.235200 0.081000
vn -0.952600 -0.199200 0.230100
vn -0.948000 -0.207700 0.241200
vn -0.896900 -0.197100 0.395800
vn -0.897400 -0.196400 0.395000
vn -0.822700 -0.180800 0.539000
vn -0.804100 -0.200600 0.559600
vn -0.722500 -0.179300 0.667700
vn -0.720500 -0.180700 0.669500
vn -0.607900 -0.151900 0.779300
vn -0.587500 -0.165900 0.792100
vn -0.493300 -0.137700 0.858900
vn -0.860500 0.502900 0.081100
vn -0.920700 0.381700 0.081300
vn -0.016000 0.999800 -0.013200
vn -0.971800 0.086600 0.219300
vn -0.061000 0.974000 0.218100
vn -0.963800 0.253800 0.081400
vn -0.947200 0.211200 0.241300
vn -0.947300 0.206700 0.244700
vn -0.897400 0.196700 0.395000
vn -0.897000 0.195000 0.396700
vn -0.807100 0.177000 0.563300
vn -0.818200 0.200200 0.539000
vn -0.734300 0.179100 0.654700
vn -0.726100 0.156900 0.669500
vn -0.601000 0.131300 0.788400
vn -0.608500 0.145900 0.780000
vn -0.498900 0.119000 0.858500
vn -0.920800 0.381500 0.081000
vn -0.896500 0.371400 0.241500
vn -0.896500 0.371300 0.241600
vn -0.848500 0.351400 0.395600
vn -0.789900 0.327100 0.518800
vn -0.660600 0.294800 0.690500
vn -0.585800 0.259700 0.767700
vn -0.299300 0.130900 0.945100
vn -0.191000 0.075200 0.978700
vn -0.822300 0.521300 0.228100
vn -0.827400 0.507000 0.241500
vn -0.783100 0.479900 0.395600
vn -0.783100 0.479800 0.395600
vn -0.718100 0.440000 0.539300
vn -0.721300 0.413900 0.555300
vn -0.658800 0.379700 0.649500
vn -0.513800 0.315000 0.798000
vn -0.397900 0.243200 0.884600
vn -0.398100 0.243700 0.884400
vn -0.312300 0.190700 0.930600
vn -0.495300 0.413800 0.763900
vn -0.561300 0.467700 0.682800
vn -0.557800 0.498000 0.663900
vn -0.627000 0.563000 0.538400
vn -0.630800 0.538800 0.558500
vn -0.698400 0.596500 0.395600
vn -0.740000 0.632100 0.229900
vn -0.736800 0.637400 0.225400
vn -0.122800 0.173500 0.977100
vn -0.189100 0.254500 0.948400
vn -0.330000 0.407100 0.851700
vn -0.372900 0.460600 0.805500
vn -0.555600 0.650600 0.517700
vn -0.596500 0.698400 0.395600
vn -0.631800 0.739700 0.231900
vn -0.624800 0.747800 0.224700
vn -0.490900 0.868200 0.072900
vn -0.520300 0.819200 0.241200
vn -0.508400 0.829600 0.230800
vn -0.479900 0.783100 0.395600
vn -0.433000 0.706600 0.559600
vn -0.433700 0.705400 0.560700
vn -0.389800 0.634100 0.667800
vn -0.388800 0.637700 0.664900
vn -0.338000 0.553300 0.761300
vn -0.366600 0.928000 0.066600
vn -0.381400 0.920800 0.081200
vn -0.371300 0.896500 0.241600
vn -0.351400 0.848500 0.395600
vn -0.327100 0.789800 0.518900
vn -0.192000 0.410700 0.891300
vn -0.155200 0.335100 0.929300
vn -0.241700 0.967000 0.080300
vn -0.193800 0.955300 0.223200
vn -0.207500 0.948000 0.241200
vn -0.197000 0.897200 0.395300
vn -0.196800 0.897400 0.395000
vn -0.181200 0.822200 0.539700
vn -0.200700 0.803800 0.560100
vn -0.179800 0.723500 0.666500
vn -0.181500 0.721100 0.668700
vn -0.152000 0.607400 0.779700
vn -0.166200 0.586600 0.792600
vn -0.137700 0.491800 0.859700
vn -0.975500 -0.219900 0.000100
vn -0.974700 -0.223600 -0.000000
vn -0.918100 -0.396500 0.000400
vn -0.908400 -0.418100 -0.000100
vn -0.857500 -0.514500 0.000200
vn -0.847700 -0.530500 -0.000200
vn -0.766400 -0.642300 0.000200
vn -0.754400 -0.656500 -0.000200
vn -0.678400 -0.734700 0.000100
vn -0.663800 -0.747900 -0.000300
vn -0.522500 -0.852700 -0.000000
vn -0.487000 -0.873400 -0.000800
vn -0.413000 -0.910700 -0.000700
vn -0.382700 -0.923900 -0.000000
vn -0.233400 -0.972400 -0.000000
vn -0.198900 -0.980000 -0.000800
vn -0.137600 -0.990500 -0.000600
vn -0.190400 -0.981700 -0.000100
vn -0.000200 -0.195500 0.980700
vn 0.000100 -0.183500 0.983000
vn 0.000100 -0.342500 0.939500
vn 0.000100 -0.346400 0.938100
vn 0.000000 -0.478700 0.878000
vn 0.000100 -0.477500 0.878600
vn 0.000100 -0.621700 0.783300
vn 0.000000 -0.624300 0.781200
vn -0.000000 -0.744100 0.668000
vn 0.000000 -0.742600 0.669800
vn 0.000000 -0.841900 0.539600
vn 0.000000 -0.920500 0.390800
vn 0.000100 -0.918200 0.396200
vn 0.000200 -0.958700 0.284400
vn -0.000700 -0.972700 0.231900
vn -0.000200 -0.984400 0.175800
vn -0.000100 -0.982700 0.185400
vn 0.160800 -0.000000 0.987000
vn 0.153300 0.000100 0.988200
vn 0.324300 0.000400 0.946000
vn 0.350400 -0.000300 0.936600
vn 0.496600 -0.000400 0.868000
vn 0.471500 0.000200 0.881800
vn 0.616200 0.000200 0.787600
vn 0.624300 0.000000 0.781200
vn 0.743700 0.000000 0.668600
vn 0.742900 0.000000 0.669400
vn 0.841600 0.000000 0.540000
vn 0.841400 0.000000 0.540300
vn 0.918400 0.000000 0.395700
vn 0.918300 0.000000 0.395800
vn 0.972900 0.000000 0.231300
vn 0.973000 -0.000000 0.230800
vn 0.991800 0.000400 0.128100
vn -0.000700 0.160600 0.987000
vn -0.000300 0.176900 0.984200
vn -0.000400 0.329000 0.944300
vn 0.000100 0.348800 0.937200
vn 0.000200 0.480500 0.877000
vn -0.000000 0.471400 0.881900
vn -0.000000 0.624700 0.780900
vn -0.000000 0.624200 0.781300
vn -0.000000 0.742900 0.669400
vn 0.000000 0.743700 0.668600
vn 0.000000 0.841900 0.539600
vn -0.000000 0.841300 0.540500
vn -0.000000 0.918400 0.395600
vn -0.000000 0.918100 0.396200
vn -0.000000 0.967800 0.251900
vn 0.000600 0.972800 0.231600
vn 0.001000 0.994600 0.103500
vn -0.198400 0.980100 0.000600
vn -0.223600 0.974700 -0.000000
vn -0.367400 0.930100 0.000300
vn -0.382400 0.924000 0.000000
vn -0.539300 0.842100 0.000300
vn -0.555100 0.831800 -0.000100
vn -0.642600 0.766200 0.000200
vn -0.657200 0.753700 -0.000200
vn -0.760000 0.650000 0.000200
vn -0.770400 0.637500 -0.000100
vn -0.829500 0.558400 0.000100
vn -0.840700 0.541500 -0.000300
vn -0.923800 0.382900 0.000000
vn -0.930100 0.367400 -0.000300
vn -0.981000 0.194200 0.000100
vn -0.981000 0.194000 0.000100
vn -0.990500 0.137300 0.000200
vn -0.997400 0.072600 -0.000100
vn -0.172100 0.000300 -0.985100
vn -0.183300 0.000000 -0.983000
vn -0.348200 0.000000 -0.937400
vn -0.352800 -0.000100 -0.935700
vn -0.484600 -0.000300 -0.874700
vn -0.471900 0.000000 -0.881600
vn -0.624900 0.000000 -0.780700
vn -0.624500 0.000000 -0.781100
vn -0.743200 0.000000 -0.669100
vn -0.742900 0.000000 -0.669400
vn -0.842000 0.000000 -0.539600
vn -0.841700 0.000000 -0.540000
vn -0.918300 0.000000 -0.396000
vn -0.918200 0.000000 -0.396200
vn -0.973300 0.000000 -0.229400
vn -0.969100 0.000500 -0.246600
vn -0.987000 -0.135500 -0.085800
vn -0.052200 -0.980300 -0.190300
vn -0.116000 -0.165500 -0.979400
vn -0.171900 -0.065800 -0.982900
vn -0.169100 -0.056200 -0.984000
vn -0.248300 -0.965300 -0.081300
vn -0.351000 -0.932800 -0.081400
vn -0.538300 -0.839000 -0.079800
vn -0.620500 -0.780900 -0.072500
vn -0.928400 -0.362700 -0.081300
vn -0.969200 -0.232600 -0.081200
vn -0.973100 -0.220000 -0.068600
vn -0.974000 -0.067000 -0.216300
vn -0.987900 -0.093200 -0.123800
vn -0.943500 -0.205800 -0.259700
vn -0.943600 -0.226500 -0.241600
vn -0.896500 -0.371300 -0.241600
vn -0.893100 -0.389400 -0.225300
vn -0.829600 -0.508400 -0.230900
vn -0.826000 -0.516900 -0.224700
vn -0.739900 -0.631900 -0.230900
vn -0.735100 -0.639500 -0.224900
vn -0.631900 -0.739800 -0.231000
vn -0.641800 -0.728000 -0.241300
vn -0.507000 -0.827400 -0.241600
vn -0.493700 -0.840000 -0.225300
vn -0.372300 -0.898900 -0.230900
vn -0.385600 -0.890600 -0.241300
vn -0.213500 -0.946700 -0.241300
vn -0.202600 -0.952300 -0.228100
vn -0.072700 -0.973300 -0.217900
vn -0.204100 -0.891600 -0.404200
vn -0.196500 -0.897400 -0.395000
vn -0.351400 -0.848500 -0.395600
vn -0.479900 -0.783100 -0.395600
vn -0.596500 -0.698400 -0.395600
vn -0.698400 -0.596500 -0.395600
vn -0.783100 -0.479900 -0.395600
vn -0.783100 -0.479800 -0.395600
vn -0.848500 -0.351400 -0.395600
vn -0.848500 -0.351500 -0.395600
vn -0.897400 -0.196600 -0.395000
vn -0.897000 -0.194900 -0.396700
vn -0.818100 -0.200700 -0.539000
vn -0.806600 -0.176800 -0.564000
vn -0.789800 -0.327100 -0.518800
vn -0.706600 -0.430700 -0.561400
vn -0.706700 -0.433000 -0.559600
vn -0.650200 -0.555400 -0.518500
vn -0.538900 -0.628300 -0.561100
vn -0.538300 -0.630300 -0.559500
vn -0.446800 -0.729000 -0.518600
vn -0.339900 -0.759200 -0.555000
vn -0.322300 -0.778100 -0.539200
vn -0.180200 -0.823100 -0.538600
vn -0.180900 -0.822400 -0.539300
vn -0.159400 -0.724400 -0.670700
vn -0.174500 -0.708800 -0.683400
vn -0.309700 -0.695100 -0.648800
vn -0.374900 -0.608300 -0.699600
vn -0.501500 -0.584800 -0.637600
vn -0.544700 -0.462500 -0.699600
vn -0.658000 -0.401000 -0.637300
vn -0.661700 -0.293800 -0.689900
vn -0.734600 -0.179900 -0.654200
vn -0.726000 -0.156800 -0.669500
vn -0.608000 -0.147900 -0.780100
vn -0.599300 -0.131000 -0.789700
vn -0.584100 -0.257900 -0.769600
vn -0.513800 -0.312000 -0.799200
vn -0.493400 -0.418900 -0.762300
vn -0.392100 -0.455500 -0.799200
vn -0.339600 -0.551100 -0.762200
vn -0.223000 -0.554700 -0.801600
vn -0.154700 -0.631700 -0.759700
vn -0.191900 -0.476200 -0.858100
vn -0.233300 -0.393600 -0.889200
vn -0.330500 -0.383900 -0.862200
vn -0.410800 -0.249400 -0.877000
vn -0.407600 -0.235900 -0.882100
vn -0.499400 -0.121300 -0.857900
vn -0.184000 -0.313000 -0.931800
vn -0.196200 -0.266100 -0.943800
vn -0.309900 -0.180100 -0.933600
vn -0.299300 -0.131200 -0.945100
vn 0.928300 -0.362800 0.081400
vn 0.191200 -0.978400 0.078400
vn 0.973600 -0.220400 0.059600
vn 0.999200 -0.017700 0.036200
vn 0.069700 -0.972900 0.220600
vn 0.063000 -0.977900 0.199200
vn 0.969100 -0.233100 0.081300
vn 0.949800 -0.199600 0.240900
vn 0.950000 -0.206700 0.234100
vn 0.897500 -0.196300 0.395000
vn 0.897200 -0.195000 0.396300
vn 0.805200 -0.176700 0.566100
vn 0.817600 -0.202600 0.539000
vn 0.725200 -0.179600 0.664800
vn 0.723000 -0.175300 0.668200
vn 0.609400 -0.147300 0.779000
vn 0.608000 -0.144400 0.780700
vn 0.499100 -0.118200 0.858400
vn 0.893100 -0.389300 0.225300
vn 0.896500 -0.371400 0.241500
vn 0.848500 -0.351500 0.395600
vn 0.848500 -0.351400 0.395600
vn 0.788200 -0.326500 0.521700
vn 0.297500 -0.135400 0.945100
vn 0.184500 -0.077100 0.979800
vn 0.826300 -0.516200 0.225200
vn 0.829600 -0.508300 0.230900
vn 0.783100 -0.479800 0.395600
vn 0.783100 -0.479900 0.395600
vn 0.707500 -0.433600 0.558100
vn 0.707300 -0.426700 0.563600
vn 0.633100 -0.381400 0.673600
vn 0.635900 -0.394100 0.663600
vn 0.523400 -0.325500 0.787500
vn 0.528100 -0.341300 0.777600
vn 0.412800 -0.265000 0.871400
vn 0.406000 -0.235300 0.883100
vn 0.307900 -0.179300 0.934400
vn 0.651100 -0.556100 0.516500
vn 0.698400 -0.596500 0.395600
vn 0.739600 -0.631700 0.232400
vn 0.732800 -0.642600 0.223800
vn 0.620800 -0.780600 0.072500
vn 0.640900 -0.728700 0.241300
vn 0.631800 -0.739700 0.231900
vn 0.596500 -0.698400 0.395600
vn 0.596500 -0.698300 0.395600
vn 0.546900 -0.640300 0.539300
vn 0.556800 -0.619500 0.553400
vn 0.485200 -0.543200 0.685200
vn 0.484100 -0.556000 0.675600
vn 0.430200 -0.493400 0.756000
vn 0.538300 -0.838900 0.079800
vn 0.493700 -0.839900 0.225400
vn 0.507000 -0.827400 0.241600
vn 0.479800 -0.783100 0.395600
vn 0.479900 -0.783100 0.395600
vn 0.432800 -0.706400 0.560100
vn 0.420900 -0.730100 0.538300
vn 0.381300 -0.658100 0.649200
vn 0.324200 -0.498100 0.804200
vn 0.253900 -0.392500 0.884000
vn 0.251900 -0.424600 0.869700
vn 0.177000 -0.301100 0.937000
vn 0.180300 -0.286400 0.941000
vn 0.111100 -0.187400 0.976000
vn 0.351000 -0.932800 0.081400
vn 0.385500 -0.890600 0.241300
vn 0.372300 -0.898900 0.231000
vn 0.351500 -0.848500 0.395600
vn 0.351400 -0.848500 0.395600
vn 0.327100 -0.789700 0.519000
vn 0.295300 -0.660200 0.690600
vn 0.259500 -0.583000 0.769900
vn 0.049100 -0.173300 0.983700
vn 0.211800 -0.975400 0.060400
vn 0.232600 -0.969200 0.081200
vn 0.225600 -0.940000 0.256000
vn 0.213500 -0.946700 0.241300
vn 0.204100 -0.891700 0.404000
vn 0.196800 -0.897300 0.395000
vn 0.181200 -0.822500 0.539200
vn 0.200900 -0.804000 0.559700
vn 0.179200 -0.720800 0.669600
vn 0.161000 -0.747100 0.644900
vn 0.132900 -0.615100 0.777200
vn 0.154900 -0.594700 0.788900
vn 0.130400 -0.501200 0.855400
vn 0.503000 0.860400 0.081300
vn 0.381400 0.920800 0.081300
vn 0.242200 0.965100 0.099700
vn 0.229100 0.970000 0.081200
vn 0.210800 0.947300 0.241300
vn 0.206200 0.947100 0.245900
vn 0.196300 0.897500 0.395000
vn 0.194000 0.896900 0.397300
vn 0.176300 0.809300 0.560400
vn 0.197000 0.819100 0.538800
vn 0.172600 0.721500 0.670600
vn 0.177100 0.723800 0.666900
vn 0.149200 0.610000 0.778300
vn 0.144200 0.607500 0.781100
vn 0.117700 0.498400 0.858900
vn 0.381400 0.920800 0.081200
vn 0.371300 0.896500 0.241600
vn 0.351500 0.848500 0.395600
vn 0.351400 0.848500 0.395600
vn 0.327700 0.791300 0.516200
vn 0.521300 0.822300 0.228100
vn 0.507000 0.827400 0.241600
vn 0.479800 0.783100 0.395600
vn 0.435900 0.711300 0.551400
vn 0.426800 0.711200 0.558600
vn 0.376600 0.628400 0.680600
vn 0.390800 0.631700 0.669600
vn 0.332100 0.536600 0.775700
vn 0.329000 0.536000 0.777500
vn 0.258900 0.420200 0.869700
vn 0.223600 0.414800 0.882000
vn 0.161100 0.293900 0.942200
vn 0.167700 0.295300 0.940600
vn 0.070600 0.167200 0.983400
vn 0.055100 0.163200 0.985100
vn 0.558600 0.654000 0.510100
vn 0.596500 0.698400 0.395600
vn 0.632100 0.740000 0.230000
vn 0.637500 0.736700 0.225400
vn 0.163800 0.080100 0.983200
vn 0.284000 0.207100 0.936200
vn 0.256500 0.211100 0.943200
vn 0.384500 0.312700 0.868500
vn 0.364000 0.314600 0.876700
vn 0.476000 0.411700 0.777200
vn 0.451100 0.414100 0.790600
vn 0.537900 0.495600 0.682000
vn 0.575900 0.487700 0.656100
vn 0.634700 0.537700 0.555000
vn 0.630900 0.538900 0.558200
vn 0.698300 0.596500 0.395600
vn 0.698400 0.596500 0.395600
vn 0.739500 0.631600 0.232800
vn 0.750100 0.622400 0.223500
vn 0.867900 0.491400 0.072900
vn 0.819900 0.519200 0.241300
vn 0.829400 0.508200 0.231800
vn 0.783100 0.479900 0.395600
vn 0.729500 0.447100 0.517700
vn 0.624200 0.364900 0.690800
vn 0.550700 0.323600 0.769400
vn 0.928000 0.366600 0.066700
vn 0.920800 0.381400 0.081200
vn 0.896500 0.371300 0.241500
vn 0.896500 0.371400 0.241600
vn 0.848500 0.351500 0.395600
vn 0.778100 0.322300 0.539300
vn 0.759900 0.339300 0.554500
vn 0.697300 0.309400 0.646600
vn 0.553500 0.217800 0.803800
vn 0.474300 0.185800 0.860500
vn 0.965400 0.240400 0.101300
vn 0.971000 0.224300 0.082100
vn 0.945700 0.211900 0.246500
vn 0.948000 0.207700 0.241100
vn 0.897000 0.197200 0.395600
vn 0.897400 0.196700 0.395000
vn 0.822500 0.181100 0.539100
vn 0.823000 0.180600 0.538600
vn 0.726400 0.160300 0.668400
vn 0.710800 0.175800 0.681100
vn 0.629600 0.155000 0.761300
vn 0.455800 0.131900 0.880200
vn 0.345800 0.099500 0.933000
vn -0.130800 0.987600 -0.086800
vn -0.188300 0.086000 -0.978300
vn -0.096300 0.146000 -0.984600
vn -0.072100 0.170900 -0.982700
vn -0.965800 0.246600 -0.079800
vn -0.928000 0.366600 -0.066700
vn -0.920800 0.381500 -0.081300
vn -0.868200 0.490800 -0.073000
vn -0.503500 0.860100 -0.081800
vn -0.381400 0.920800 -0.081800
vn -0.380800 0.921100 -0.081100
vn -0.232700 0.969200 -0.081100
vn -0.220100 0.973100 -0.068500
vn -0.067000 0.974000 -0.216500
vn -0.094500 0.988400 -0.119100
vn -0.205700 0.943500 -0.259800
vn -0.226500 0.943600 -0.241600
vn -0.371300 0.896500 -0.241600
vn -0.507000 0.827400 -0.241600
vn -0.524300 0.821200 -0.225200
vn -0.631900 0.739800 -0.230900
vn -0.639700 0.735000 -0.224800
vn -0.739600 0.631700 -0.232100
vn -0.748800 0.623800 -0.224100
vn -0.829300 0.508200 -0.232500
vn -0.820500 0.518300 -0.241300
vn -0.896500 0.371400 -0.241500
vn -0.896500 0.371400 -0.241600
vn -0.948000 0.207700 -0.241200
vn -0.952000 0.200300 -0.231500
vn -0.969400 0.106300 -0.221400
vn -0.897000 0.197100 -0.395700
vn -0.897400 0.196500 -0.395000
vn -0.848500 0.351500 -0.395600
vn -0.848500 0.351400 -0.395600
vn -0.783100 0.479900 -0.395600
vn -0.698400 0.596500 -0.395600
vn -0.596500 0.698400 -0.395600
vn -0.479900 0.783100 -0.395600
vn -0.351400 0.848500 -0.395600
vn -0.196500 0.897400 -0.395000
vn -0.194500 0.897000 -0.397000
vn -0.198500 0.818400 -0.539300
vn -0.176700 0.807900 -0.562200
vn -0.327600 0.790900 -0.516900
vn -0.416000 0.721100 -0.554100
vn -0.440000 0.718000 -0.539300
vn -0.564400 0.625900 -0.538300
vn -0.537900 0.629900 -0.560300
vn -0.649800 0.555100 -0.519300
vn -0.704100 0.434100 -0.561900
vn -0.706600 0.433000 -0.559700
vn -0.789900 0.327200 -0.518700
vn -0.804100 0.200400 -0.559700
vn -0.822400 0.180900 -0.539300
vn -0.722700 0.179300 -0.667400
vn -0.721100 0.180500 -0.669000
vn -0.633200 0.390800 -0.668000
vn -0.633200 0.390800 -0.668100
vn -0.497100 0.553300 -0.668400
vn -0.471800 0.556300 -0.684100
vn -0.381300 0.658300 -0.649100
vn -0.293100 0.660600 -0.691200
vn -0.177700 0.734200 -0.655200
vn -0.156700 0.726400 -0.669200
vn -0.163600 0.605000 -0.779300
vn -0.127400 0.582100 -0.803100
vn -0.260700 0.590100 -0.764100
vn -0.381700 0.476200 -0.792200
vn -0.405200 0.477500 -0.779600
vn -0.533300 0.329200 -0.779200
vn -0.533100 0.329200 -0.779400
vn -0.606200 0.152600 -0.780500
vn -0.607900 0.151400 -0.779400
vn -0.482100 0.120800 -0.867800
vn -0.460900 0.138500 -0.876600
vn -0.431900 0.266300 -0.861700
vn -0.362500 0.297600 -0.883200
vn -0.320500 0.397900 -0.859600
vn -0.219900 0.401000 -0.889300
vn -0.134300 0.502400 -0.854100
vn -0.340400 0.095600 -0.935400
vn -0.282800 0.143300 -0.948400
vn -0.276500 0.228000 -0.933600
vn -0.168000 0.303700 -0.937800
vn -0.139800 0.295900 -0.944900
vn -0.000100 -0.982200 -0.188000
vn 0.000100 -0.985700 -0.168600
vn 0.000700 -0.972700 -0.232000
vn -0.000200 -0.958700 -0.284400
vn -0.000100 -0.918200 -0.396200
vn -0.000000 -0.920400 -0.391000
vn -0.000000 -0.841700 -0.540000
vn -0.000000 -0.841900 -0.539600
vn -0.000000 -0.742900 -0.669400
vn 0.000000 -0.744200 -0.667900
vn -0.000000 -0.624400 -0.781100
vn -0.000400 -0.610200 -0.792300
vn -0.000300 -0.477200 -0.878800
vn -0.000000 -0.488200 -0.872700
vn -0.000100 -0.343200 -0.939300
vn -0.000200 -0.335700 -0.942000
vn -0.000100 -0.171100 -0.985300
vn -0.000200 -0.167900 -0.985800
vn 0.135700 -0.990800 0.000100
vn 0.195900 -0.980600 0.000900
vn 0.233500 -0.972400 0.000000
vn 0.382600 -0.923900 0.000000
vn 0.413000 -0.910700 0.000700
vn 0.487000 -0.873400 0.000900
vn 0.522600 -0.852500 -0.000000
vn 0.665700 -0.746200 0.000300
vn 0.681100 -0.732200 -0.000100
vn 0.750300 -0.661100 0.000100
vn 0.761500 -0.648100 -0.000200
vn 0.847800 -0.530400 0.000200
vn 0.857300 -0.514700 -0.000200
vn 0.908300 -0.418400 0.000100
vn 0.918000 -0.396500 -0.000400
vn 0.974700 -0.223400 0.000000
vn 0.975400 -0.220200 -0.000100
vn 0.980900 0.194400 0.000700
vn 0.974600 0.224000 -0.000000
vn 0.930000 0.367500 0.000300
vn 0.924000 0.382400 0.000000
vn 0.840400 0.541900 0.000300
vn 0.828900 0.559400 -0.000100
vn 0.770900 0.637000 0.000100
vn 0.759900 0.650100 -0.000200
vn 0.650000 0.759900 0.000200
vn 0.638200 0.769800 -0.000100
vn 0.558900 0.829300 0.000100
vn 0.540900 0.841100 -0.000300
vn 0.382500 0.924000 -0.000000
vn 0.367300 0.930100 -0.000300
vn 0.200900 0.979600 0.000100
vn 0.220400 0.975400 0.000600
vn 0.000100 0.157700 -0.987500
vn 0.000100 0.156800 -0.987600
vn 0.000200 0.337600 -0.941300
vn -0.000100 0.350700 -0.936500
vn -0.000200 0.488400 -0.872600
vn 0.000200 0.471700 -0.881800
vn 0.000200 0.617000 -0.787000
vn 0.000000 0.624200 -0.781300
vn 0.000000 0.743300 -0.668900
vn 0.000000 0.742800 -0.669600
vn 0.000000 0.841600 -0.540100
vn 0.000000 0.841800 -0.539800
vn 0.000000 0.918300 -0.395800
vn 0.000000 0.918200 -0.396200
vn 0.000000 0.968300 -0.249900
vn -0.000100 0.969200 -0.246400
vn 0.164600 -0.074100 -0.983600
vn 0.175000 -0.067900 -0.982200
vn 0.102800 -0.185400 -0.977300
vn 0.972800 -0.222200 -0.065500
vn 0.969300 -0.232000 -0.081300
vn 0.934800 -0.348200 -0.069800
vn 0.631400 -0.771200 -0.081400
vn 0.520800 -0.849800 -0.081200
vn 0.520900 -0.849700 -0.081300
vn 0.381400 -0.920800 -0.081400
vn 0.381300 -0.920900 -0.081200
vn 0.227700 -0.970300 -0.081200
vn 0.232600 -0.968600 -0.087800
vn 0.182400 -0.980400 -0.074200
vn 0.206500 -0.946900 -0.246300
vn 0.211400 -0.947100 -0.241300
vn 0.371400 -0.896500 -0.241600
vn 0.371300 -0.896500 -0.241600
vn 0.507000 -0.827400 -0.241600
vn 0.630200 -0.737900 -0.241500
vn 0.643900 -0.730400 -0.227700
vn 0.740000 -0.632000 -0.230000
vn 0.745800 -0.627200 -0.224700
vn 0.829600 -0.508300 -0.231000
vn 0.835700 -0.501100 -0.224700
vn 0.898900 -0.372400 -0.230800
vn 0.890500 -0.385700 -0.241200
vn 0.948000 -0.207700 -0.241100
vn 0.954400 -0.195700 -0.225400
vn 0.973900 -0.056600 -0.219900
vn 0.896800 -0.197100 -0.396100
vn 0.897500 -0.196200 -0.395000
vn 0.848500 -0.351500 -0.395600
vn 0.783100 -0.479900 -0.395600
vn 0.698400 -0.596500 -0.395600
vn 0.698300 -0.596500 -0.395600
vn 0.596500 -0.698400 -0.395600
vn 0.479900 -0.783100 -0.395600
vn 0.479800 -0.783100 -0.395600
vn 0.351500 -0.848500 -0.395600
vn 0.351400 -0.848500 -0.395600
vn 0.196600 -0.897400 -0.395000
vn 0.195100 -0.897000 -0.396600
vn 0.178100 -0.822400 -0.540400
vn 0.180300 -0.823100 -0.538600
vn 0.342600 -0.769900 -0.538300
vn 0.317200 -0.765800 -0.559400
vn 0.446700 -0.729000 -0.518600
vn 0.536500 -0.629900 -0.561500
vn 0.537900 -0.629800 -0.560400
vn 0.649700 -0.554900 -0.519600
vn 0.704100 -0.433500 -0.562400
vn 0.706000 -0.432600 -0.560700
vn 0.789400 -0.326900 -0.519600
vn 0.803500 -0.201200 -0.560200
vn 0.822800 -0.180700 -0.538800
vn 0.722500 -0.180200 -0.667500
vn 0.720600 -0.181500 -0.669200
vn 0.633000 -0.389900 -0.668800
vn 0.635100 -0.389300 -0.667100
vn 0.483500 -0.567300 -0.666600
vn 0.511500 -0.568600 -0.644300
vn 0.360400 -0.626600 -0.691000
vn 0.307700 -0.695600 -0.649200
vn 0.155900 -0.712200 -0.684400
vn 0.175800 -0.722800 -0.668400
vn 0.147600 -0.608000 -0.780100
vn 0.147500 -0.607900 -0.780200
vn 0.340000 -0.527000 -0.778900
vn 0.298000 -0.514400 -0.804100
vn 0.429900 -0.480300 -0.764500
vn 0.509200 -0.335300 -0.792700
vn 0.535600 -0.328300 -0.778000
vn 0.607900 -0.152300 -0.779200
vn 0.607800 -0.152400 -0.779300
vn 0.491000 -0.122300 -0.862600
vn 0.416500 -0.195700 -0.887800
vn 0.429900 -0.281900 -0.857700
vn 0.258200 -0.403000 -0.878000
vn 0.242800 -0.398600 -0.884400
vn 0.121800 -0.502400 -0.856000
vn 0.313300 -0.145500 -0.938500
vn 0.305800 -0.147900 -0.940500
vn 0.181600 -0.300600 -0.936300
vn 0.175700 -0.298600 -0.938100
vn 0.087600 0.172000 -0.981200
vn 0.193900 0.055700 -0.979400
vn 0.168500 0.069400 -0.983300
vn 0.981600 0.174800 -0.077600
vn 0.223100 0.972500 -0.066700
vn 0.232200 0.969300 -0.081300
vn 0.366500 0.928000 -0.066600
vn 0.381400 0.920800 -0.081200
vn 0.490200 0.868600 -0.073000
vn 0.860200 0.503300 -0.081900
vn 0.920800 0.381400 -0.081700
vn 0.921000 0.381000 -0.081300
vn 0.969100 0.232700 -0.081300
vn 0.973100 0.219800 -0.068500
vn 0.974200 0.065300 -0.215900
vn 0.943500 0.205500 -0.259900
vn 0.943600 0.226600 -0.241500
vn 0.896500 0.371400 -0.241500
vn 0.896500 0.371300 -0.241600
vn 0.827400 0.507000 -0.241600
vn 0.822200 0.521600 -0.227900
vn 0.740100 0.632100 -0.229700
vn 0.736500 0.637900 -0.224900
vn 0.631700 0.739600 -0.232300
vn 0.624100 0.748400 -0.224600
vn 0.508100 0.829200 -0.233000
vn 0.517700 0.820800 -0.241400
vn 0.371300 0.896500 -0.241600
vn 0.207700 0.948000 -0.241200
vn 0.195900 0.954300 -0.225700
vn 0.056400 0.973900 -0.220000
vn 0.197200 0.896900 -0.395800
vn 0.196600 0.897400 -0.395000
vn 0.351500 0.848500 -0.395600
vn 0.351400 0.848500 -0.395600
vn 0.479800 0.783100 -0.395600
vn 0.596500 0.698400 -0.395600
vn 0.596500 0.698300 -0.395600
vn 0.698400 0.596500 -0.395600
vn 0.783100 0.479900 -0.395600
vn 0.783100 0.479900 -0.395500
vn 0.848500 0.351500 -0.395500
vn 0.848500 0.351400 -0.395600
vn 0.897400 0.196300 -0.395000
vn 0.897100 0.195000 -0.396400
vn 0.818100 0.201700 -0.538500
vn 0.806200 0.176800 -0.564600
vn 0.789500 0.327000 -0.519400
vn 0.707900 0.428800 -0.561200
vn 0.708100 0.433900 -0.557100
vn 0.651500 0.556500 -0.515600
vn 0.537600 0.631200 -0.559100
vn 0.538000 0.629900 -0.560200
vn 0.446500 0.728600 -0.519400
vn 0.340500 0.758500 -0.555600
vn 0.322300 0.778000 -0.539300
vn 0.179800 0.823200 -0.538500
vn 0.180900 0.822200 -0.539700
vn 0.159500 0.726100 -0.668800
vn 0.158600 0.727000 -0.668100
vn 0.303400 0.679600 -0.667900
vn 0.304800 0.677200 -0.669700
vn 0.482600 0.566800 -0.667800
vn 0.484100 0.551700 -0.679200
vn 0.629700 0.381100 -0.676900
vn 0.632500 0.394000 -0.666900
vn 0.722800 0.177900 -0.667800
vn 0.722200 0.176800 -0.668700
vn 0.607700 0.147300 -0.780400
vn 0.608500 0.148800 -0.779500
vn 0.535800 0.324000 -0.779700
vn 0.538300 0.336200 -0.772800
vn 0.413200 0.481700 -0.772800
vn 0.414400 0.470600 -0.779000
vn 0.231400 0.583200 -0.778600
vn 0.243800 0.547800 -0.800300
vn 0.138200 0.630200 -0.764000
vn 0.181800 0.461400 -0.868400
vn 0.199300 0.423400 -0.883800
vn 0.336100 0.393000 -0.855900
vn 0.397200 0.239400 -0.886000
vn 0.399000 0.245700 -0.883400
vn 0.499300 0.120900 -0.857900
vn 0.151600 0.325300 -0.933400
vn 0.166900 0.283100 -0.944500
vn 0.305000 0.187200 -0.933800
vn 0.291700 0.135200 -0.946900
vn 0.975500 0.000900 -0.220100
vn 0.968200 -0.000000 -0.250000
vn 0.918100 -0.000000 -0.396300
vn 0.918300 -0.000000 -0.395900
vn 0.841800 -0.000000 -0.539900
vn 0.841900 -0.000000 -0.539700
vn 0.743000 -0.000000 -0.669300
vn 0.743300 -0.000000 -0.669000
vn 0.624300 -0.000000 -0.781200
vn 0.624900 -0.000000 -0.780700
vn 0.471200 -0.000000 -0.882000
vn 0.480100 0.000200 -0.877200
vn 0.354000 0.000100 -0.935200
vn 0.344500 -0.000100 -0.938800
vn 0.175600 -0.000100 -0.984500
vn 0.180300 0.000000 -0.983600
vn 1.000000 0.000100 0.005400
vn 0.999900 -0.000100 0.010900
vn 0.000700 -0.999900 0.011600
vn -0.000000 -0.999700 0.025300
vn -0.999900 0.000100 0.011600
vn -1.000000 0.000000 0.009500
vn 0.000500 0.999800 0.019400
vn -0.000100 1.000000 0.006100
vn 0.018100 0.000100 -0.999800
vn 0.013900 0.000300 -0.999900
vn 0.013100 -0.999900 0.000100
vn 0.011300 -0.999900 0.000000
vn 0.027300 0.000800 0.999600
vn 0.011700 0.000000 0.999900
vn 0.012800 0.999900 0.000600
vn 0.032000 0.999500 -0.000400
vn -1.000000 0.000100 -0.002300
vn -1.000000 -0.000100 -0.005400
vn 0.000500 -0.999900 -0.016200
vn 0.000000 -1.000000 -0.006100
vn 0.999900 0.000500 -0.016900
vn 1.000000 0.000000 -0.006800
vn -0.000000 0.999900 -0.016000
vn -0.009100 0.000300 1.000000
vn -0.016000 -0.000000 0.999900
vn -0.007800 -1.000000 -0.000200
vn -0.009200 -1.000000 -0.000300
vn -0.020200 0.000400 -0.999800
vn -0.008300 -0.000200 -1.000000
vn -0.011300 0.999900 0.000000
vn -0.011700 0.999900 0.000000
vn 0.862400 0.304800 0.404100
vn 0.336700 0.856000 0.392400
vn -0.886300 0.300400 0.352500
vn -0.900200 0.212400 0.380300
vn -0.919500 0.131100 0.370700
vn -0.938500 0.043700 0.342400
vn -0.936000 -0.041800 0.349400
vn -0.915500 -0.138000 0.377800
vn -0.902800 -0.220400 0.369200
vn -0.887400 -0.308300 0.342700
vn -0.844500 -0.384000 0.373400
vn -0.799100 -0.468500 0.376800
vn -0.754400 -0.536400 0.378400
vn -0.697200 -0.611600 0.374000
vn -0.641600 -0.670200 0.373200
vn -0.567500 -0.727900 0.384900
vn -0.500300 -0.786300 0.362600
vn -0.418000 -0.824100 0.382300
vn -0.349800 -0.865800 0.357800
vn -0.256500 -0.886500 0.385200
vn -0.168900 -0.908700 0.381700
vn -0.087800 -0.931200 0.353800
vn -0.001000 -0.924000 0.382400
vn 0.179500 -0.910800 0.371900
vn 0.262300 -0.883000 0.389200
vn 0.348100 -0.858700 0.376100
vn 0.428900 -0.822500 0.373400
vn 0.499400 -0.778700 0.379800
vn 0.573600 -0.719400 0.391700
vn 0.641500 -0.670000 0.373700
vn 0.702600 -0.604700 0.375000
vn 0.746000 -0.537800 0.392800
vn 0.804800 -0.461200 0.373600
vn 0.834500 -0.379600 0.399400
vn 0.871300 -0.304000 0.385400
vn 0.888300 -0.222900 0.401500
vn 0.903600 -0.127600 0.408800
vn 0.911800 -0.045100 0.408000
vn -0.751900 -0.649800 0.111200
vn -0.581600 -0.784400 0.215600
vn -0.423900 -0.876300 0.229100
vn -0.247600 -0.941200 0.230000
vn -0.168300 -0.985600 0.015900
vn -0.062200 -0.971200 0.230000
vn -0.071100 -0.980600 0.182700
vn -0.065100 -0.899500 0.431900
vn 0.010600 -0.998700 0.050100
vn 0.039500 -0.900100 0.433900
vn 0.003800 -0.848300 0.529600
vn 0.125600 -0.965500 0.228100
vn 0.118600 -0.973900 0.193500
vn 0.102600 -0.841600 0.530200
vn 0.102600 -0.841600 0.530300
vn 0.229800 -0.972300 0.042300
vn 0.177800 -0.884800 0.430800
vn 0.200400 -0.824000 0.530000
vn 0.127600 -0.615200 0.778000
vn 0.308600 -0.922800 0.230800
vn 0.303900 -0.934900 0.183200
vn 0.278700 -0.857500 0.432400
vn 0.279000 -0.856900 0.433500
vn 0.197000 -0.603200 0.772900
vn 0.197200 -0.596300 0.778200
vn 0.399500 -0.916600 0.016900
vn 0.364900 -0.836600 0.408600
vn 0.368200 -0.822200 0.434100
vn 0.280100 -0.678800 0.678800
vn 0.259800 -0.507500 0.821500
vn 0.470700 -0.871300 0.139200
vn 0.475300 -0.862000 0.176100
vn 0.457100 -0.789800 0.409000
vn 0.397800 -0.749300 0.529400
vn 0.367300 -0.634200 0.680400
vn 0.276300 -0.528500 0.802700
vn 0.274800 -0.523900 0.806200
vn 0.212500 -0.406300 0.888700
vn 0.124100 -0.200700 0.971800
vn 0.567800 -0.811000 0.140600
vn 0.540100 -0.814000 0.214000
vn 0.481000 -0.676900 0.557200
vn 0.480700 -0.698500 0.530100
vn 0.345800 -0.503300 0.791900
vn 0.341400 -0.485600 0.804700
vn 0.192700 -0.272500 0.942700
vn 0.396100 -0.591200 0.702500
vn -0.012000 0.019500 0.999700
vn 0.633300 -0.765800 0.111400
vn 0.640600 -0.733300 0.227800
vn 0.577000 -0.705600 0.411400
vn 0.544700 -0.626600 0.557500
vn 0.457900 -0.563700 0.687500
vn 0.399900 -0.459000 0.793400
vn 0.314000 -0.390000 0.865700
vn 0.264800 -0.314800 0.911500
vn 0.082800 -0.106100 0.990900
vn 0.715800 -0.689300 0.112000
vn 0.686000 -0.695500 0.213900
vn 0.662100 -0.626200 0.411800
vn 0.585400 -0.588100 0.558000
vn 0.529300 -0.495700 0.688600
vn 0.427500 -0.428200 0.796200
vn 0.320200 -0.278200 0.905600
vn -0.054600 0.056400 0.996900
vn -0.168100 0.173300 0.970400
vn -0.276900 0.253600 0.926800
vn 0.753200 -0.609800 0.246700
vn 0.751000 -0.620900 0.224800
vn 0.656300 -0.507200 0.558600
vn 0.576000 -0.482000 0.660300
vn 0.478800 -0.366000 0.798000
vn 0.375600 -0.310000 0.873400
vn 0.369500 -0.303800 0.878100
vn 0.101800 -0.084200 0.991200
vn -0.293200 0.248000 0.923300
vn -0.388100 0.292900 0.873800
vn 0.823800 -0.522900 0.218800
vn 0.822200 -0.507400 0.257800
vn 0.700300 -0.483200 0.525400
vn 0.636900 -0.396200 0.661400
vn 0.496800 -0.342800 0.797300
vn 0.359700 -0.211900 0.908700
vn 0.446200 -0.296200 0.844500
vn -0.021600 0.013200 0.999700
vn -0.020600 0.012400 0.999700
vn -0.193100 0.129300 0.972600
vn -0.285100 0.175500 0.942300
vn -0.399400 0.276900 0.873900
vn -0.551500 0.342100 0.760800
vn 0.891700 -0.450600 0.041600
vn 0.801300 -0.437400 0.408100
vn 0.760200 -0.380000 0.526900
vn 0.641500 -0.351000 0.682100
vn 0.540400 -0.266700 0.798000
vn 0.457500 -0.241800 0.855700
vn 0.207200 -0.087800 0.974400
vn 0.305800 -0.194300 0.932100
vn -0.335100 0.177700 0.925300
vn -0.558100 0.294600 0.775700
vn -0.571200 0.308800 0.760500
vn 0.904300 -0.359200 0.230600
vn 0.910800 -0.371100 0.181100
vn 0.845400 -0.344600 0.408100
vn 0.845300 -0.344400 0.408600
vn 0.659700 -0.268800 0.701800
vn 0.672300 -0.284100 0.683600
vn 0.390200 -0.139400 0.910100
vn -0.026000 0.012400 0.999600
vn -0.310100 0.126400 0.942300
vn -0.302900 0.121500 0.945200
vn -0.584800 0.235700 0.776200
vn -0.585900 0.236700 0.775100
vn -0.783000 0.317400 0.535000
vn 0.663000 0.488800 0.567000
vn 0.907500 -0.048500 0.417300
vn 0.665700 -0.033800 0.745500
vn 0.660600 -0.031100 0.750100
vn 0.378900 -0.017800 0.925300
vn 0.030200 -0.001900 0.999500
vn -0.347700 0.021400 0.937400
vn -0.218400 0.010600 0.975800
vn -0.426800 0.020600 0.904100
vn -0.408900 0.016400 0.912400
vn -0.604000 0.042900 0.795800
vn -0.706200 0.016000 0.707800
vn -0.846500 0.058000 0.529200
vn -0.912900 0.028600 0.407200
vn -0.996800 0.061700 0.050200
vn 0.902500 -0.128400 0.411000
vn 0.750000 -0.126000 0.649300
vn 0.655400 -0.080300 0.751000
vn 0.492800 -0.084200 0.866000
vn 0.323800 -0.040700 0.945200
vn 0.222400 -0.035100 0.974300
vn 0.058600 -0.008300 0.998300
vn -0.344300 0.056800 0.937100
vn -0.598600 0.071600 0.797900
vn -0.701100 0.119200 0.703000
vn -0.825700 0.107100 0.553900
vn -0.902200 0.144900 0.406300
vn -0.965800 0.124100 0.227700
vn -0.967900 0.127000 0.216700
vn 0.891100 -0.221800 0.396000
vn 0.737100 -0.183700 0.650300
vn 0.734000 -0.181300 0.654500
vn 0.537000 -0.132000 0.833200
vn -0.110200 0.019500 0.993700
vn -0.456800 0.119200 0.881600
vn -0.403600 0.098400 0.909600
vn -0.584600 0.142800 0.798600
vn -0.586700 0.144200 0.796900
vn -0.808300 0.198300 0.554400
vn -0.809100 0.199000 0.553000
vn -0.945700 0.232700 0.227000
vn -0.947100 0.237600 0.215700
vn 0.855200 -0.309700 0.415600
vn 0.715300 -0.238900 0.656700
vn 0.612300 -0.232500 0.755600
vn 0.460300 -0.148200 0.875300
vn 0.321400 -0.115200 0.939900
vn 0.294800 -0.103500 0.949900
vn 0.046000 -0.017600 0.998800
vn -0.207000 0.089200 0.974300
vn -0.397100 0.118100 0.910100
vn -0.564700 0.212500 0.797500
vn -0.692000 0.229800 0.684400
vn -0.781700 0.288700 0.552800
vn -0.865300 0.290300 0.408600
vn -0.914800 0.341900 0.215100
vn -0.939800 0.323400 0.110700
vn 0.829700 -0.381500 0.407500
vn 0.664500 -0.329000 0.671000
vn 0.598700 -0.257400 0.758500
vn 0.357000 -0.170400 0.918400
vn 0.011400 -0.008900 0.999900
vn -0.271800 0.109400 0.956100
vn -0.468300 0.217700 0.856300
vn -0.540900 0.235500 0.807500
vn -0.657100 0.320100 0.682500
vn -0.762400 0.339700 0.550800
vn -0.822700 0.396600 0.407200
vn -0.890100 0.395300 0.226700
vn -0.897200 0.427700 0.110300
vn 0.776300 -0.465300 0.425300
vn 0.641900 -0.361700 0.676200
vn 0.561300 -0.346500 0.751600
vn 0.286000 -0.154400 0.945700
vn 0.307800 -0.176300 0.935000
vn 0.036300 -0.022600 0.999100
vn 0.001900 0.002600 1.000000
vn -0.247700 0.138900 0.958800
vn -0.508900 0.297100 0.807900
vn -0.509300 0.297500 0.807500
vn -0.717500 0.419200 0.556300
vn -0.720500 0.424500 0.548300
vn -0.839900 0.493900 0.225000
vn -0.839900 0.498200 0.215300
vn 0.735100 -0.539000 0.411200
vn 0.589600 -0.457500 0.665600
vn 0.538800 -0.370600 0.756500
vn 0.322600 -0.239300 0.915800
vn 0.058100 -0.046200 0.997200
vn -0.088400 0.059900 0.994300
vn -0.329800 0.241800 0.912600
vn -0.354800 0.265200 0.896500
vn -0.506100 0.373700 0.777300
vn -0.484600 0.334000 0.808500
vn -0.664700 0.500900 0.554300
vn -0.739100 0.514400 0.434900
vn -0.779400 0.589200 0.212900
vn -0.807800 0.578800 0.111500
vn 0.680300 -0.604200 0.414800
vn 0.581100 -0.516700 0.628800
vn 0.564700 -0.482500 0.669500
vn 0.356200 -0.333100 0.873000
vn 0.293100 -0.267000 0.918000
vn 0.273300 -0.234700 0.932900
vn -0.250700 0.218500 0.943100
vn -0.470300 0.415300 0.778700
vn -0.471400 0.417800 0.776700
vn -0.674700 0.597200 0.433700
vn -0.674800 0.598100 0.432300
vn -0.736000 0.651600 0.183700
vn -0.735800 0.668000 0.111100
vn 0.610400 -0.667600 0.426300
vn 0.531800 -0.559900 0.635300
vn 0.441200 -0.504200 0.742400
vn -0.067600 0.066100 0.995500
vn -0.304600 0.335600 0.891400
vn -0.286000 0.306000 0.908100
vn -0.414500 0.469700 0.779500
vn -0.490300 0.503700 0.711200
vn -0.614400 0.684400 0.392600
vn -0.614600 0.660000 0.432100
vn -0.680800 0.732200 0.016900
vn 0.549800 -0.719100 0.424900
vn 0.458000 -0.624700 0.632400
vn 0.414400 -0.503700 0.758000
vn 0.298900 -0.395700 0.868300
vn 0.200300 -0.248200 0.947800
vn 0.131900 -0.174400 0.975800
vn -0.005700 0.007200 1.000000
vn 0.010400 -0.020000 0.999700
vn -0.225200 0.294100 0.928900
vn -0.262500 0.311200 0.913400
vn -0.440800 0.597000 0.670300
vn -0.434600 0.558100 0.706900
vn -0.558100 0.715100 0.420900
vn -0.558200 0.730600 0.393300
vn -0.597000 0.781200 0.182300
vn -0.597400 0.768100 0.230400
vn 0.476800 -0.771700 0.420800
vn 0.406800 -0.658800 0.632900
vn 0.405900 -0.652100 0.640300
vn 0.296000 -0.470300 0.831400
vn 0.002300 0.005800 1.000000
vn -0.157800 0.220200 0.962600
vn -0.244100 0.404600 0.881300
vn -0.327400 0.496000 0.804200
vn -0.380800 0.637100 0.670100
vn -0.459300 0.711400 0.531900
vn -0.465900 0.779400 0.418800
vn -0.540000 0.840600 0.042500
vn 0.399000 -0.813900 0.422300
vn 0.334900 -0.682400 0.649700
vn 0.335200 -0.689300 0.642300
vn 0.215200 -0.446200 0.868700
vn 0.210800 -0.417400 0.883900
vn 0.135800 -0.269500 0.953400
vn 0.101300 -0.218600 0.970500
vn 0.024500 -0.052600 0.998300
vn -0.061700 0.117800 0.991100
vn -0.172000 0.381500 0.908200
vn -0.156600 0.328000 0.931600
vn -0.265300 0.547700 0.793500
vn -0.263800 0.532000 0.804600
vn -0.375100 0.762000 0.527900
vn -0.375500 0.759500 0.531200
vn -0.438900 0.887400 0.141200
vn -0.452400 0.867400 0.207100
vn 0.314400 -0.845600 0.431400
vn 0.278500 -0.701000 0.656600
vn 0.226500 -0.630700 0.742200
vn 0.192700 -0.456700 0.868500
vn 0.119600 -0.329100 0.936700
vn -0.168000 0.376100 0.911200
vn -0.206900 0.575700 0.791100
vn -0.272000 0.675800 0.685100
vn -0.286300 0.799200 0.528500
vn -0.338100 0.846800 0.410700
vn -0.345600 0.921800 0.175900
vn -0.339900 0.930100 0.139500
vn 0.237400 -0.873900 0.424200
vn 0.183700 -0.742400 0.644300
vn 0.189500 -0.636600 0.747500
vn 0.118700 -0.483700 0.867100
vn 0.092800 -0.320400 0.942700
vn 0.055000 -0.223000 0.973300
vn 0.012000 -0.048400 0.998800
vn -0.035400 0.130000 0.990900
vn -0.125500 0.479500 0.868500
vn -0.125100 0.457000 0.880600
vn -0.191500 0.702600 0.685300
vn -0.191300 0.704100 0.683900
vn -0.239200 0.880900 0.408500
vn -0.239400 0.880600 0.408900
vn -0.262800 0.964700 0.015500
vn 0.085400 -0.923400 0.374100
vn 0.149500 -0.892300 0.425900
vn 0.126400 -0.754600 0.643900
vn 0.127900 -0.748800 0.650300
vn 0.092700 -0.542600 0.834900
vn 0.001800 -0.017200 0.999900
vn -0.073400 0.465600 0.881900
vn -0.073000 0.425900 0.901800
vn -0.126200 0.736400 0.664600
vn -0.133400 0.716600 0.684600
vn -0.138700 0.902500 0.407800
vn -0.185600 0.948900 0.255400
vn -0.178300 0.959900 0.216100
vn 0.058200 -0.902500 0.426800
vn 0.065500 -0.756400 0.650800
vn 0.032400 -0.666300 0.745000
vn 0.050000 -0.483000 0.874200
vn 0.022600 -0.333000 0.942700
vn 0.022700 -0.313700 0.949200
vn 0.000400 -0.029900 0.999600
vn -0.042300 0.319200 0.946700
vn -0.027100 0.509900 0.859800
vn -0.064800 0.724200 0.686500
vn -0.054800 0.745400 0.664400
vn -0.070800 0.964700 0.253800
vn -0.066500 0.967500 0.244000
vn -0.021400 -0.907100 0.420400
vn -0.037200 -0.743800 0.667300
vn 0.000800 -0.662600 0.749000
vn -0.015700 -0.389500 0.920900
vn 0.026700 0.308400 0.950900
vn 0.000100 0.502300 0.864700
vn 0.026800 0.727300 0.685800
vn 0.028200 0.729700 0.683200
vn 0.006600 0.913400 0.407100
vn 0.049000 0.969100 0.241800
vn 0.031400 0.985000 0.169600
vn -0.116000 -0.896300 0.428100
vn -0.076900 -0.736700 0.671800
vn -0.095300 -0.660400 0.744800
vn -0.025000 -0.313900 0.949100
vn -0.039300 -0.349100 0.936300
vn -0.000000 -0.000800 1.000000
vn -0.005600 -0.021900 0.999700
vn 0.060200 0.499400 0.864300
vn 0.068000 0.404500 0.912000
vn 0.075400 0.702100 0.708100
vn 0.088000 0.723400 0.684800
vn 0.110300 0.907000 0.406400
vn 0.110000 0.906700 0.407100
vn 0.120500 0.992600 0.015800
vn -0.198900 -0.878700 0.434000
vn -0.148500 -0.655000 0.740900
vn -0.140800 -0.645500 0.750700
vn -0.081200 -0.370600 0.925200
vn 0.042500 0.273100 0.961000
vn 0.096000 0.446900 0.889400
vn 0.114600 0.593000 0.797000
vn 0.169000 0.690700 0.703100
vn 0.166100 0.814900 0.555200
vn 0.209700 0.889600 0.405700
vn 0.193500 0.954200 0.228300
vn 0.196900 0.956300 0.216000
vn -0.279200 -0.859600 0.428000
vn -0.252700 -0.721500 0.644700
vn -0.190400 -0.637900 0.746200
vn -0.162900 -0.454500 0.875700
vn -0.093600 -0.316500 0.944000
vn -0.073800 -0.218800 0.973000
vn -0.005700 -0.021000 0.999800
vn 0.005100 0.002700 1.000000
vn 0.073100 0.207200 0.975600
vn 0.146000 0.380400 0.913200
vn 0.095800 0.296700 0.950100
vn 0.178000 0.553800 0.813400
vn 0.193600 0.573500 0.796000
vn 0.264600 0.799400 0.539400
vn 0.256500 0.792000 0.554100
vn 0.301500 0.926400 0.225400
vn 0.305300 0.927300 0.216600
vn -0.367600 -0.824700 0.429800
vn -0.293300 -0.701400 0.649600
vn -0.280600 -0.602700 0.747000
vn -0.181200 -0.448300 0.875300
vn -0.149600 -0.327000 0.933100
vn 0.147000 0.388000 0.909900
vn 0.241400 0.531800 0.811700
vn 0.271600 0.673100 0.687900
vn 0.346200 0.767300 0.539700
vn 0.353400 0.843100 0.405200
vn 0.407200 0.888300 0.212300
vn 0.400700 0.900600 0.168300
vn -0.437700 -0.790600 0.428200
vn -0.386300 -0.661600 0.642700
vn -0.305900 -0.586300 0.750100
vn -0.246600 -0.417700 0.874500
vn -0.160200 -0.306200 0.938400
vn -0.122200 -0.207400 0.970600
vn -0.013100 -0.021900 0.999700
vn -0.016900 -0.027100 0.999500
vn 0.073400 0.185000 0.980000
vn 0.245000 0.421900 0.872900
vn 0.284900 0.536700 0.794200
vn 0.363900 0.627500 0.688400
vn 0.394900 0.749000 0.532000
vn 0.456700 0.791900 0.405400
vn 0.471800 0.880700 0.042000
vn -0.517700 -0.738300 0.432400
vn -0.423600 -0.634100 0.646900
vn -0.385800 -0.523100 0.760000
vn -0.267700 -0.405200 0.874200
vn -0.212900 -0.294900 0.931500
vn 0.074100 0.114600 0.990600
vn 0.278000 0.373200 0.885100
vn 0.194800 0.284100 0.938800
vn 0.329900 0.483700 0.810700
vn 0.348100 0.496500 0.795200
vn 0.480400 0.689700 0.541800
vn 0.488100 0.693400 0.530100
vn 0.537800 0.810500 0.232100
vn 0.542700 0.810700 0.219500
vn -0.582600 -0.687600 0.433400
vn -0.431400 -0.504800 0.747700
vn -0.412800 -0.496600 0.763500
vn -0.224500 -0.265600 0.937600
vn -0.221500 -0.263200 0.939000
vn -0.041200 -0.046400 0.998100
vn 0.260900 0.335200 0.905300
vn 0.387800 0.439200 0.810400
vn 0.462100 0.574300 0.675800
vn 0.550200 0.636700 0.540300
vn 0.577400 0.703700 0.414000
vn 0.644600 0.732700 0.218200
vn 0.641400 0.749000 0.166400
vn -0.649300 -0.628700 0.428000
vn -0.476500 -0.461800 0.748100
vn -0.470400 -0.460000 0.753100
vn -0.280500 -0.276400 0.919200
vn -0.030300 -0.026700 0.999200
vn 0.072500 0.115800 0.990600
vn 0.359000 0.335900 0.870800
vn 0.436900 0.445500 0.781400
vn 0.534600 0.509600 0.674200
vn 0.591000 0.602900 0.536000
vn 0.662200 0.626100 0.411700
vn 0.704100 0.709000 0.039200
vn -0.706700 -0.559900 0.432600
vn -0.528900 -0.420800 0.737100
vn -0.508600 -0.416400 0.753600
vn -0.254000 -0.208000 0.944600
vn -0.255300 -0.208600 0.944100
vn -0.044500 -0.036300 0.998300
vn 0.118900 0.103800 0.987500
vn 0.289700 0.229400 0.929200
vn 0.387800 0.328700 0.861200
vn 0.495500 0.388500 0.776900
vn 0.559900 0.466000 0.685100
vn 0.668400 0.514200 0.537400
vn 0.699900 0.581700 0.414500
vn 0.780400 0.615400 0.111000
vn 0.749800 0.629200 0.205000
vn -0.755200 -0.493000 0.432100
vn -0.561100 -0.365800 0.742600
vn -0.559700 -0.365600 0.743700
vn -0.319100 -0.208200 0.924600
vn 0.355200 0.203400 0.912400
vn 0.515700 0.351400 0.781400
vn 0.614500 0.389900 0.685800
vn 0.680500 0.461300 0.569400
vn 0.769900 0.487200 0.412100
vn 0.805600 0.547800 0.225700
vn 0.836700 0.536400 0.110500
vn -0.799900 -0.416400 0.432100
vn -0.593200 -0.308400 0.743700
vn -0.587500 -0.308300 0.748200
vn -0.290200 -0.154200 0.944400
vn -0.285600 -0.153000 0.946000
vn -0.065500 -0.035000 0.997200
vn 0.113600 0.061000 0.991700
vn 0.399800 0.213700 0.891400
vn 0.439900 0.241300 0.865000
vn 0.557500 0.279900 0.781500
vn 0.639400 0.347100 0.686100
vn 0.736200 0.371800 0.565400
vn 0.801000 0.437700 0.408400
vn 0.873400 0.438300 0.212000
vn 0.876700 0.467700 0.112800
vn -0.838200 -0.342500 0.424500
vn -0.698200 -0.264600 0.665200
vn -0.608200 -0.266600 0.747700
vn -0.362500 -0.141100 0.921200
vn -0.025200 -0.008900 0.999600
vn 0.436900 0.171300 0.883000
vn 0.388800 0.135700 0.911300
vn 0.556600 0.243000 0.794400
vn 0.677200 0.265200 0.686400
vn 0.761400 0.326100 0.560300
vn 0.850800 0.332700 0.406700
vn 0.895000 0.382500 0.229600
vn 0.923900 0.365600 0.112400
vn -0.868300 -0.253900 0.426100
vn -0.708100 -0.226800 0.668700
vn -0.643200 -0.176400 0.745100
vn -0.296800 -0.102100 0.949500
vn -0.334800 -0.103100 0.936600
vn -0.031800 -0.009900 0.999400
vn 0.304000 0.111800 0.946100
vn 0.508700 0.143100 0.849000
vn 0.587700 0.158900 0.793300
vn 0.671600 0.215700 0.708800
vn 0.798900 0.222900 0.558700
vn 0.872100 0.273400 0.405800
vn 0.940900 0.261200 0.215600
vn 0.950300 0.290500 0.112400
vn -0.886300 -0.170800 0.430400
vn -0.655300 -0.126100 0.744700
vn -0.650700 -0.127400 0.748600
vn -0.372200 -0.072700 0.925300
vn 0.308100 0.044400 0.950300
vn 0.462600 0.114800 0.879100
vn 0.700800 0.116900 0.703700
vn 0.796000 0.174700 0.579500
vn 0.899500 0.162900 0.405300
vn 0.952300 0.203300 0.227600
vn 0.977100 0.181200 0.111600
vn -0.899100 -0.088600 0.428600
vn -0.762500 -0.058200 0.644400
vn -0.658900 -0.081200 0.747900
vn -0.496000 -0.036500 0.867600
vn -0.325000 -0.038100 0.945000
vn -0.225400 -0.019300 0.974100
vn -0.023800 -0.003200 0.999700
vn -0.026000 -0.003200 0.999700
vn 0.316000 0.028400 0.948300
vn 0.604900 0.041800 0.795200
vn 0.433400 0.028100 0.900800
vn 0.471800 0.025500 0.881300
vn 0.598600 0.073500 0.797700
vn 0.829300 0.070300 0.554400
vn 0.813300 0.078900 0.576400
vn 0.969500 0.094300 0.226300
vn 0.972200 0.090500 0.215800
vn -0.907600 0.001300 0.419800
vn -0.765200 0.001100 0.643800
vn -0.761800 -0.000500 0.647800
vn -0.550500 -0.000400 0.834800
vn 0.439200 0.029900 0.897900
vn 0.605400 -0.014400 0.795800
vn 0.815500 0.009600 0.578600
vn 0.832700 0.000200 0.553700
vn 0.974000 0.000200 0.226400
vn 0.976400 -0.003900 0.215800
vn 0.971500 -0.098000 0.215900
vn 0.969600 -0.093900 0.226000
vn 0.813600 -0.078800 0.576100
vn 0.812200 -0.077700 0.578200
vn 0.492300 -0.046900 0.869200
vn 0.510900 -0.055100 0.857800
vn 0.119600 -0.011500 0.992800
vn -0.081800 0.010400 0.996600
vn -0.312500 0.029600 0.949500
vn -0.336000 0.033500 0.941300
vn -0.483800 0.031800 0.874600
vn -0.662800 0.080300 0.744500
vn -0.759600 0.060700 0.647600
vn -0.900300 0.092500 0.425300
vn 0.965600 -0.196700 0.169900
vn 0.955000 -0.205700 0.213700
vn 0.897500 -0.161500 0.410400
vn 0.800200 -0.172500 0.574400
vn 0.719000 -0.123900 0.683900
vn 0.436900 -0.097000 0.894300
vn -0.059200 0.012200 0.998200
vn -0.379800 0.073600 0.922100
vn -0.652700 0.127200 0.746900
vn -0.656100 0.129900 0.743400
vn -0.885100 0.175200 0.431200
vn 0.958100 -0.286000 0.016400
vn 0.873800 -0.260400 0.410700
vn 0.874600 -0.261500 0.408200
vn 0.700100 -0.209600 0.682600
vn 0.681500 -0.193700 0.705800
vn 0.487400 -0.156000 0.859100
vn 0.445200 -0.135700 0.885100
vn 0.251000 -0.075100 0.965100
vn 0.304800 -0.094900 0.947700
vn -0.015700 0.005900 0.999900
vn -0.323600 0.087000 0.942200
vn -0.344600 0.103400 0.933100
vn -0.637000 0.190900 0.746900
vn -0.610900 0.167000 0.773900
vn -0.806200 0.253500 0.534600
vn -0.866400 0.255800 0.428900
vn -0.258200 -0.948700 0.182300
vn -0.151900 -0.889100 0.431700
vn -0.064300 -0.898800 0.433700
vn 0.073200 -0.600000 0.796600
vn 0.131500 -0.588300 0.797800
vn 0.105100 -0.310800 0.944600
vn 0.116000 -0.327300 0.937800
vn -0.013400 0.022300 0.999700
vn -0.747300 0.398600 0.531700
vn -0.785600 0.319900 0.529600
vn -0.894800 0.364300 0.258000
vn -0.784000 0.360500 0.505300
vn -0.354400 -0.935000 0.015300
vn -0.236700 -0.870300 0.432000
vn -0.150800 -0.888200 0.434000
vn 0.026100 -0.603000 0.797300
vn 0.073700 -0.598000 0.798100
vn 0.090400 -0.406900 0.909000
vn -0.202300 0.292700 0.934600
vn -0.233000 0.292300 0.927500
vn -0.315700 0.364900 0.875900
vn -0.335900 0.344900 0.876500
vn -0.590300 0.488700 0.642400
vn -0.636600 0.424700 0.643700
vn -0.705900 0.448700 0.548000
vn -0.749800 0.401400 0.526100
vn -0.833800 0.442800 0.329700
vn -0.751700 0.436200 0.494700
vn -0.435300 -0.881400 0.183300
vn -0.320300 -0.843500 0.431200
vn -0.236100 -0.869900 0.433100
vn -0.044800 -0.624600 0.779700
vn 0.016100 -0.625400 0.780100
vn 0.036900 -0.298700 0.953600
vn 0.094400 -0.452900 0.886600
vn 0.020000 -0.094100 0.995400
vn 0.298400 -0.933700 0.197800
vn -0.008200 0.023000 0.999700
vn -0.014200 0.032000 0.999400
vn -0.191400 0.266400 0.944700
vn -0.537900 0.514000 0.668100
vn -0.581400 0.466800 0.666400
vn -0.789400 0.524600 0.318800
vn -0.515400 -0.856000 0.039900
vn -0.404300 -0.819500 0.406200
vn -0.333900 -0.850200 0.407000
vn -0.104600 -0.617100 0.779900
vn -0.044300 -0.623800 0.780300
vn 0.007500 -0.290100 0.957000
vn -0.133300 0.298200 0.945100
vn -0.188100 0.338600 0.921900
vn -0.358700 0.506100 0.784300
vn -0.387600 0.485100 0.783900
vn -0.499300 0.572400 0.650400
vn -0.544700 0.531300 0.648800
vn -0.740200 0.594600 0.314000
vn -0.658700 0.578200 0.481400
vn -0.491700 -0.757400 0.429600
vn -0.390900 -0.812600 0.432300
vn -0.164000 -0.604000 0.779900
vn -0.104400 -0.616700 0.780200
vn -0.030600 -0.430500 0.902100
vn -0.012800 0.055200 0.998400
vn -0.134500 0.303800 0.943200
vn -0.301600 0.544700 0.782600
vn -0.360400 0.512800 0.779200
vn -0.677800 0.661000 0.322000
vn -0.603700 0.639000 0.476700
vn -0.671900 -0.732300 0.111300
vn -0.678700 -0.702500 0.214000
vn -0.576700 -0.784400 0.228400
vn -0.333800 -0.644700 0.687800
vn -0.243100 -0.683100 0.688600
vn -0.237500 -0.580200 0.779100
vn -0.163900 -0.603900 0.780000
vn -0.048600 -0.285300 0.957200
vn -0.016900 -0.348800 0.937100
vn -0.012700 -0.200800 0.979500
vn -0.078800 0.342700 0.936100
vn -0.115600 0.374200 0.920100
vn -0.255700 0.576400 0.776100
vn -0.302700 0.551800 0.777100
vn -0.478700 0.688600 0.544800
vn -0.536000 0.647200 0.542000
vn -0.618900 0.725200 0.301700
vn -0.538600 0.694300 0.477300
vn -0.732000 -0.651900 0.198000
vn -0.521000 -0.667900 0.531400
vn -0.431400 -0.728700 0.531900
vn -0.091400 -0.335600 0.937600
vn 0.003000 0.009300 1.000000
vn -0.001900 0.074300 0.997200
vn -0.080600 0.303800 0.949300
vn -0.208500 0.595000 0.776200
vn -0.255600 0.575500 0.776800
vn -0.408300 0.741100 0.533000
vn -0.480500 0.696200 0.533300
vn -0.543900 0.787900 0.288700
vn -0.470500 0.739400 0.481600
vn -0.816000 -0.575800 0.051600
vn -0.693500 -0.593700 0.408300
vn -0.610500 -0.677400 0.410300
vn -0.576000 -0.601200 0.553800
vn -0.505100 -0.661200 0.554700
vn -0.334600 -0.521700 0.784800
vn -0.256500 -0.564800 0.784400
vn -0.229100 -0.463400 0.856000
vn -0.125400 -0.391300 0.911700
vn -0.126400 -0.409800 0.903400
vn -0.036800 -0.159200 0.986600
vn -0.003300 -0.001800 1.000000
vn -0.002900 0.230100 0.973200
vn -0.016900 0.330400 0.943700
vn -0.045900 0.376100 0.925400
vn -0.338800 0.764100 0.548900
vn -0.407000 0.732000 0.546400
vn -0.464200 0.834700 0.296300
vn -0.400900 0.786700 0.469400
vn -0.365900 -0.478100 0.798500
vn -0.318300 -0.509600 0.799300
vn -0.121500 -0.278200 0.952800
vn -0.068500 -0.126100 0.989700
vn 0.010600 0.045600 0.998900
vn -0.077600 0.634400 0.769100
vn -0.126700 0.627500 0.768300
vn -0.178300 0.723400 0.667000
vn -0.212600 0.715500 0.665500
vn -0.267600 0.803700 0.531400
vn -0.339500 0.779400 0.526500
vn -0.381300 0.875500 0.296900
vn -0.330700 0.826700 0.455100
vn -0.731700 -0.550400 0.402100
vn -0.697700 -0.483600 0.528600
vn -0.623800 -0.575700 0.528700
vn -0.554300 -0.477200 0.681900
vn -0.488800 -0.543500 0.682400
vn -0.419800 -0.431800 0.798300
vn -0.363900 -0.476900 0.800100
vn -0.224000 -0.360600 0.905400
vn 0.015900 0.056100 0.998300
vn 0.055100 0.329300 0.942600
vn 0.030900 0.352300 0.935400
vn 0.020100 0.483800 0.875000
vn 0.002300 0.483900 0.875100
vn -0.027600 0.639500 0.768300
vn -0.077200 0.636500 0.767400
vn -0.286000 0.896200 0.339100
vn -0.249100 0.851800 0.460900
vn -0.175100 -0.231500 0.956900
vn -0.176600 -0.302100 0.936800
vn -0.104300 -0.171800 0.979600
vn 0.057000 0.334100 0.940800
vn -0.101800 0.835400 0.540100
vn -0.175400 0.823800 0.539100
vn -0.212500 0.929100 0.302700
vn -0.163100 0.874100 0.457600
vn -0.580100 -0.434900 0.688700
vn -0.498800 -0.343800 0.795600
vn -0.440200 -0.411300 0.798200
vn -0.320100 -0.255700 0.912200
vn -0.332300 -0.367000 0.868800
vn -0.253800 -0.262400 0.931000
vn 0.011800 0.014800 0.999800
vn 0.022900 0.043400 0.998800
vn 0.111900 0.319400 0.941000
vn 0.102400 0.376600 0.920700
vn 0.111200 0.656700 0.745900
vn 0.064500 0.664100 0.744900
vn 0.041200 0.761900 0.646400
vn -0.006800 0.763600 0.645700
vn -0.028100 0.840600 0.541000
vn -0.101500 0.836300 0.538800
vn -0.114500 0.943200 0.311800
vn -0.083700 0.890700 0.446800
vn -0.029800 -0.050400 0.998300
vn -0.029300 -0.019600 0.999400
vn 0.152800 0.309400 0.938600
vn 0.133800 0.343800 0.929500
vn 0.175400 0.642900 0.745600
vn 0.112500 0.658500 0.744100
vn -0.018700 0.940200 0.340100
vn 0.002300 0.893900 0.448200
vn -0.348900 -0.270800 0.897200
vn -0.344500 -0.266400 0.900200
vn 0.143000 0.297100 0.944100
vn 0.229000 0.594500 0.770800
vn 0.156400 0.621300 0.767800
vn 0.073600 0.922800 0.378200
vn 0.087300 0.895200 0.437100
vn -0.170500 -0.134400 0.976200
vn -0.227500 -0.187300 0.955600
vn 0.026800 0.020600 0.999400
vn 0.209700 0.281200 0.936500
vn 0.210100 0.327900 0.921100
vn 0.287400 0.593700 0.751700
vn 0.244800 0.613100 0.751100
vn 0.157000 0.917900 0.364500
vn 0.175100 0.876300 0.448800
vn 0.163900 0.169900 0.971700
vn 0.203200 0.232000 0.951300
vn 0.191900 0.273500 0.942500
vn 0.337600 0.571900 0.747700
vn 0.293200 0.598300 0.745700
vn 0.292500 0.820300 0.491500
vn 0.251000 0.841900 0.477700
vn 0.246400 0.870500 0.426000
vn 0.052200 0.035500 0.998000
vn 0.195700 0.134200 0.971400
vn 0.264100 0.200100 0.943500
vn 0.263800 0.228300 0.937200
vn 0.370600 0.353100 0.859100
vn 0.363100 0.361300 0.858900
vn 0.445000 0.486300 0.752000
vn 0.410800 0.517800 0.750400
vn 0.435200 0.603700 0.668000
vn 0.410700 0.622500 0.666200
vn 0.409000 0.831400 0.376200
vn 0.414500 0.798200 0.437000
vn 0.477900 0.771300 0.420200
vn 0.425600 0.287100 0.858200
vn 0.502100 0.383500 0.775100
vn 0.476200 0.416500 0.774400
vn 0.536300 0.492300 0.685600
vn 0.506100 0.522000 0.686600
vn 0.564400 0.728700 0.387900
vn 0.562100 0.709800 0.424500
vn 0.630600 0.700200 0.334800
vn 0.627900 0.650400 0.427500
vn 0.678400 0.491200 0.546400
vn 0.641500 0.545500 0.539300
vn 0.694100 0.605700 0.389000
vn 0.795200 0.453600 0.402500
vn 0.698000 0.427400 0.574600
vn 0.567600 0.309100 0.763000
vn 0.436200 0.272100 0.857700
vn 0.316700 0.176000 0.932100
vn -0.119400 -0.060600 0.991000
vn -0.381900 -0.208500 0.900400
vn -0.386800 -0.210400 0.897900
vn -0.512900 -0.319200 0.796900
vn -0.631200 -0.358600 0.687800
vn -0.710500 -0.434900 0.553300
vn -0.795800 -0.453400 0.401500
vn -0.830800 -0.507700 0.228000
vn -0.834000 -0.506900 0.217900
vn 0.797800 0.458000 0.392000
vn 0.740300 0.542600 0.396900
vn 0.838500 0.378300 0.392200
vn 0.820400 0.385200 0.422700
vn 0.593800 0.277600 0.755200
vn 0.586000 0.277600 0.761300
vn 0.302900 0.143600 0.942200
vn 0.311300 0.145500 0.939100
vn 0.049600 0.021600 0.998500
vn -0.385200 -0.211400 0.898300
vn -0.556700 -0.241600 0.794800
vn -0.733700 -0.352300 0.581000
vn -0.755700 -0.351100 0.552800
vn -0.883600 -0.410500 0.225400
vn -0.886900 -0.408200 0.216200
vn 0.860800 0.305500 0.407100
vn 0.622600 0.222000 0.750400
vn 0.619400 0.222300 0.753000
vn 0.359800 0.130300 0.923900
vn 0.029500 0.009900 0.999500
vn -0.287000 -0.096800 0.953000
vn -0.297100 -0.099800 0.949600
vn -0.438600 -0.147200 0.886500
vn -0.479200 -0.155900 0.863800
vn -0.565400 -0.215400 0.796200
vn -0.788600 -0.266300 0.554300
vn -0.769500 -0.271300 0.578200
vn -0.918500 -0.323700 0.227100
vn -0.922600 -0.320300 0.215100
vn 0.880700 0.216800 0.421200
vn 0.881200 0.216600 0.420300
vn 0.637200 0.158100 0.754300
vn 0.644100 0.156900 0.748700
vn 0.330600 0.079400 0.940400
vn 0.308100 0.078800 0.948100
vn 0.054500 0.014100 0.998400
vn -0.392500 -0.119900 0.911900
vn -0.591800 -0.133500 0.794900
vn -0.722100 -0.196200 0.663300
vn -0.812300 -0.185000 0.553100
vn -0.936200 -0.242200 0.254600
vn -0.948700 -0.230100 0.216600
vn 0.898200 0.130400 0.419800
vn 0.896500 0.131500 0.423000
vn 0.655000 0.096000 0.749500
vn 0.650100 0.097400 0.753600
vn 0.378600 0.057000 0.923800
vn -0.099400 -0.008400 0.995000
vn -0.414700 -0.059600 0.908000
vn -0.478300 -0.061000 0.876100
vn -0.594000 -0.100400 0.798200
vn -0.742900 -0.091600 0.663100
vn -0.821500 -0.135600 0.553800
vn -0.965900 -0.128300 0.224900
vn -0.960100 -0.136400 0.244200
vn 0.910000 0.043900 0.412200
vn 0.907600 0.045800 0.417400
vn 0.664800 0.031000 0.746400
vn 0.660300 0.032800 0.750300
vn 0.330600 0.016600 0.943600
vn 0.320600 0.018300 0.947000
vn 0.072800 0.004200 0.997300
vn -0.333800 -0.016600 0.942500
vn -0.602300 -0.029900 0.797700
vn -0.603400 -0.029500 0.796900
vn -0.847000 -0.041400 0.529900
vn -0.831200 -0.051600 0.553600
vn -0.976400 -0.029400 0.214200
vn -0.982200 -0.040000 0.183500
vn -0.003300 -0.001700 1.000000
vn -0.003200 -0.001700 1.000000
vn -0.002800 0.000700 1.000000
vn 0.000000 0.000100 1.000000
vn -0.000000 -0.000100 1.000000
vn -0.000300 -0.004100 1.000000
vn -0.001600 -0.002500 1.000000
vn -0.000900 0.001200 1.000000
vn 0.001100 0.002900 1.000000
vn 0.000900 0.003200 1.000000
vn 0.000800 0.003200 1.000000
vn 0.001800 0.000200 1.000000
vn -0.000000 0.000000 1.000000
vn -0.002000 0.003500 1.000000
vn -0.000300 0.003400 1.000000
vn -0.000200 0.003200 1.000000
vn 0.001400 0.001900 1.000000
vn 0.002500 0.005000 1.000000
vn 0.003600 -0.001200 1.000000
vn 0.000100 0.000100 1.000000
vn 0.000100 0.000200 1.000000
vn 0.000800 0.003900 1.000000
vn 0.001700 0.002800 1.000000
vn 0.001100 -0.001500 1.000000
vn -0.001500 0.001800 1.000000
vn 0.000100 -0.000000 1.000000
vn 0.004600 -0.000600 1.000000
vn 0.002400 -0.002900 1.000000
vn -0.003500 -0.000700 1.000000
vn 0.003700 0.000600 1.000000
vn 0.002600 -0.002100 1.000000
vn 0.002800 -0.002100 1.000000
vn -0.001500 -0.002600 1.000000
vn -0.003100 0.000900 1.000000
vn -0.003400 0.000700 1.000000
vn -0.003300 0.000500 1.000000
vn -0.000100 0.001800 1.000000
vn -0.004800 -0.002300 1.000000
vn -0.003400 -0.000400 1.000000
vn -0.003200 -0.000900 1.000000
vn -0.005700 -0.002900 1.000000
vn -0.003700 0.000100 1.000000
vn 0.000500 -0.002500 1.000000
vn 0.002300 0.001700 1.000000
vn 0.003300 -0.000300 1.000000
vn 0.003500 -0.000000 1.000000
vn 0.003300 0.000300 1.000000
vn 0.003300 0.000800 1.000000
vn -0.001900 -0.003200 1.000000
vn 0.003800 0.005800 1.000000
vn 0.005900 -0.002100 1.000000
vn -0.000100 0.000200 1.000000
vn -0.000200 0.000100 1.000000
vn -0.000200 0.000200 1.000000
vn -0.000100 0.000100 1.000000
vn -0.000100 0.000000 1.000000
vn -0.004600 0.000000 1.000000
vn -0.002700 0.001400 1.000000
vn -0.006500 0.001800 1.000000
vn 0.002000 0.003700 1.000000
vn -0.435400 0.061700 0.898100
vn -0.429400 0.127800 0.894000
vn -0.401000 0.204500 0.893000
vn -0.301800 0.321400 0.897600
vn -0.224200 0.379600 0.897600
vn -0.048200 0.447600 0.892900
vn 0.017600 0.424900 0.905000
vn 0.097400 0.428800 0.898100
vn 0.239200 0.386300 0.890800
vn 0.357500 0.283600 0.889800
vn 0.412400 0.199700 0.888800
vn 0.426600 0.106600 0.898200
vn 0.445900 0.043100 0.894000
vn 0.455800 -0.045900 0.888900
vn 0.419300 -0.132500 0.898100
vn 0.400400 -0.195700 0.895200
vn 0.294700 -0.340300 0.892900
vn 0.168200 -0.417600 0.892900
vn -0.083500 -0.450500 0.888900
vn -0.173100 -0.405400 0.897600
vn -0.308000 -0.325400 0.894000
vn -0.363500 -0.265600 0.892900
vn -0.376800 -0.197200 0.905000
vn -0.439800 -0.028600 0.897600
vn -0.380900 -0.035100 0.924000
vn -0.321700 -0.029600 0.946400
vn -0.311900 0.005700 0.950100
vn -0.243100 0.004500 0.970000
vn -0.189600 0.058200 0.980100
vn -0.421400 0.070300 0.904200
vn -0.393000 0.065600 0.917200
vn -0.353900 0.100100 0.929900
vn -0.318500 0.090100 0.943600
vn -0.286400 0.116300 0.951000
vn -0.240000 0.097500 0.965900
vn -0.324400 0.243000 0.914200
vn -0.255800 0.191700 0.947500
vn -0.126600 0.161800 0.978700
vn -0.259800 0.282200 0.923500
vn -0.224200 0.243500 0.943600
vn -0.177500 0.261100 0.948800
vn -0.145200 0.213500 0.966100
vn -0.084800 0.177800 0.980400
vn -0.294100 0.319500 0.900800
vn -0.098500 0.240300 0.965700
vn -0.077300 0.188600 0.979000
vn -0.244400 0.389600 0.888000
vn -0.203300 0.324000 0.924000
vn -0.140700 0.355700 0.924000
vn -0.117600 0.297200 0.947500
vn -0.158600 0.400900 0.902300
vn -0.061500 0.314700 0.947200
vn -0.049700 0.254200 0.965900
vn -0.023800 0.238700 0.970800
vn -0.021400 0.210000 0.977500
vn 0.008600 0.188800 0.982000
vn -0.080200 0.410500 0.908300
vn -0.073500 0.376500 0.923500
vn -0.002900 0.319600 0.947500
vn -0.002400 0.259500 0.965700
vn -0.003500 0.382500 0.924000
vn 0.055500 0.314800 0.947500
vn 0.046800 0.265700 0.962900
vn 0.070700 0.189500 0.979300
vn 0.179400 0.389300 0.903500
vn 0.162100 0.351800 0.922000
vn 0.191800 0.318600 0.928300
vn 0.164900 0.273800 0.947500
vn 0.212100 0.239100 0.947500
vn 0.171400 0.193200 0.966100
vn 0.299600 0.291500 0.908400
vn 0.285600 0.277800 0.917200
vn 0.290300 0.225900 0.929900
vn 0.261200 0.203300 0.943600
vn 0.274900 0.155400 0.948800
vn 0.224800 0.127000 0.966100
vn 0.399200 0.170700 0.900800
vn 0.360600 0.154300 0.919900
vn 0.360900 0.109300 0.926200
vn 0.312500 0.094600 0.945200
vn 0.310400 0.057700 0.948800
vn 0.263100 0.048900 0.963500
vn 0.416900 0.093400 0.904200
vn 0.388800 0.087100 0.917200
vn 0.365600 0.040500 0.929900
vn 0.329000 0.036400 0.943600
vn 0.309200 0.000000 0.951000
vn 0.267500 0.000000 0.963600
vn 0.240600 -0.025600 0.970300
vn 0.205700 -0.021900 0.978400
vn 0.193600 -0.030500 0.980600
vn 0.429500 -0.063600 0.900800
vn 0.378400 -0.056000 0.924000
vn 0.366100 -0.110800 0.924000
vn 0.309200 -0.093600 0.946400
vn 0.279600 -0.131900 0.951000
vn 0.241500 -0.114000 0.963700
vn 0.209200 -0.124600 0.969900
vn 0.177900 -0.106500 0.978300
vn 0.297800 -0.311800 0.902300
vn 0.267500 -0.280100 0.922000
vn 0.250300 -0.282100 0.926200
vn 0.212100 -0.239100 0.947500
vn 0.164900 -0.273900 0.947500
vn 0.133200 -0.221200 0.966100
vn 0.073900 -0.192100 0.978600
vn 0.180400 -0.391500 0.902300
vn 0.162100 -0.351800 0.922000
vn 0.129000 -0.344500 0.929900
vn 0.112400 -0.300300 0.947200
vn 0.011500 -0.204600 0.978800
vn 0.043500 -0.428900 0.902300
vn 0.039600 -0.390200 0.919900
vn -0.003500 -0.377100 0.926200
vn -0.002900 -0.319600 0.947500
vn -0.019700 -0.428300 0.903400
vn -0.017800 -0.386900 0.922000
vn -0.070500 -0.361000 0.929900
vn -0.063500 -0.324900 0.943600
vn -0.105300 -0.297700 0.948800
vn -0.084300 -0.238500 0.967500
vn -0.088600 -0.174400 0.980700
vn -0.098800 -0.422800 0.900800
vn -0.087100 -0.372400 0.924000
vn -0.174400 -0.397700 0.900800
vn -0.160100 -0.364900 0.917200
vn -0.200400 -0.319400 0.926200
vn -0.173500 -0.276600 0.945200
vn -0.196200 -0.247400 0.948800
vn -0.156800 -0.197700 0.967600
vn -0.159200 -0.107900 0.981300
vn -0.283100 -0.181200 0.941800
vn -0.216400 -0.138500 0.966400
vn -0.212300 -0.119000 0.969900
vn -0.181700 -0.101300 0.978100
vn -0.315400 -0.274700 0.908300
vn -0.300500 -0.261700 0.917200
vn -0.302300 -0.209600 0.929900
vn -0.263500 -0.182700 0.947200
vn -0.188300 -0.053700 0.980600
vn -0.393800 -0.095900 0.914200
vn -0.313900 -0.076400 0.946400
vn -0.304900 -0.050900 0.951000
vn -0.255500 -0.042600 0.965900
vn -0.196100 0.006900 0.980600
vn -0.201500 0.016100 0.979400
vn -0.258900 0.020600 0.965700
vn -0.369100 -0.104400 0.923500
vn -0.417800 -0.118200 0.900800
vn -0.422900 -0.124000 0.897600
vn -0.433600 -0.023900 0.900800
vn -0.397900 -0.021900 0.917200
vn -0.375500 0.034600 0.926200
vn -0.325100 0.029900 0.945200
vn -0.309300 0.063400 0.948800
vn -0.253000 0.051800 0.966100
vn -0.193300 0.067500 0.978800
vn -0.233000 0.081300 0.969100
vn -0.209800 0.153200 0.965700
vn -0.161200 0.117700 0.979900
vn -0.158500 0.118400 0.980200
vn -0.207700 0.144000 0.967500
vn -0.254100 0.176200 0.951000
vn -0.289600 0.143200 0.946400
vn -0.338000 0.167200 0.926200
vn -0.369200 0.150000 0.917200
vn -0.387400 0.157400 0.908400
vn -0.127600 0.156500 0.979400
vn -0.153500 0.188300 0.970000
vn -0.181000 0.182700 0.966400
vn -0.225000 0.227100 0.947500
vn -0.315200 0.218600 0.923500
vn -0.357000 0.247500 0.900700
vn -0.346000 0.247200 0.905100
vn -0.040700 0.193500 0.980300
vn -0.101500 0.231400 0.967500
vn -0.124200 0.283100 0.951000
vn -0.171700 0.273600 0.946400
vn -0.140500 0.434300 0.889700
vn 0.012000 0.434100 0.900800
vn 0.011000 0.398300 0.917200
vn 0.065500 0.371400 0.926200
vn 0.080900 0.238000 0.967900
vn 0.063900 0.185300 0.980600
vn 0.112400 0.300300 0.947200
vn 0.090800 0.242600 0.965900
vn 0.104900 0.414100 0.904200
vn 0.097800 0.386300 0.917200
vn 0.129000 0.344500 0.929900
vn 0.147300 0.213900 0.965700
vn 0.115500 0.167700 0.979000
vn 0.124700 0.146300 0.981300
vn 0.125400 0.208300 0.970000
vn 0.162700 0.417300 0.894100
vn 0.249800 0.353200 0.901600
vn 0.226500 0.320300 0.919900
vn 0.250300 0.282100 0.926200
vn 0.189400 0.156000 0.969400
vn 0.164400 0.135400 0.977100
vn 0.172800 0.089500 0.980900
vn 0.186200 0.156300 0.970000
vn 0.244900 0.205500 0.947500
vn 0.289400 0.341900 0.894100
vn 0.230100 0.083200 0.969600
vn 0.199100 0.072500 0.977300
vn 0.184700 0.030500 0.982300
vn 0.222400 0.085600 0.971200
vn 0.291100 0.112100 0.950100
vn 0.286900 0.148500 0.946400
vn 0.330300 0.171000 0.928300
vn 0.322300 0.214800 0.922000
vn 0.356900 0.237800 0.903400
vn 0.171300 -0.086000 0.981500
vn 0.261900 -0.058700 0.963300
vn 0.301700 -0.067600 0.951000
vn 0.329000 -0.036400 0.943600
vn 0.365600 -0.040500 0.929900
vn 0.387000 0.014200 0.922000
vn 0.428500 0.015700 0.903400
vn 0.427100 -0.129300 0.894900
vn 0.339700 -0.175800 0.924000
vn 0.283900 -0.146900 0.947500
vn 0.385500 -0.199600 0.900800
vn 0.253000 -0.196900 0.947200
vn 0.207000 -0.161100 0.965000
vn 0.132400 -0.152600 0.979400
vn 0.302700 -0.235600 0.923500
vn 0.161200 -0.185000 0.969400
vn 0.132400 -0.152100 0.979500
vn 0.161300 -0.181800 0.970000
vn 0.295500 -0.213000 0.931300
vn 0.373100 -0.269000 0.887900
vn 0.350300 -0.267300 0.897700
vn 0.209100 -0.347200 0.914200
vn 0.164900 -0.273800 0.947500
vn 0.092400 -0.227300 0.969400
vn 0.075900 -0.186800 0.979500
vn 0.088600 -0.236700 0.967500
vn 0.210300 -0.297400 0.931300
vn 0.265500 -0.375500 0.888000
vn 0.227700 -0.359200 0.905100
vn 0.055500 -0.314800 0.947500
vn 0.044700 -0.253200 0.966400
vn 0.013200 -0.239700 0.970700
vn 0.011300 -0.204800 0.978700
vn -0.037800 -0.195100 0.980100
vn -0.002300 -0.253000 0.967500
vn 0.064600 -0.366200 0.928300
vn 0.108800 -0.371700 0.922000
vn 0.129200 -0.441400 0.888000
vn 0.098700 -0.413700 0.905000
vn -0.057300 -0.202600 0.977600
vn -0.065300 -0.231100 0.970700
vn -0.040000 -0.254000 0.966400
vn -0.049700 -0.315800 0.947500
vn 0.017000 -0.456100 0.889800
vn -0.128500 -0.144900 0.981100
vn -0.122800 -0.172700 0.977300
vn -0.138500 -0.194200 0.971100
vn -0.120300 -0.227300 0.966400
vn -0.145900 -0.275700 0.950100
vn -0.118800 -0.300400 0.946400
vn -0.140700 -0.355700 0.924000
vn -0.196100 -0.183900 0.963200
vn -0.230300 -0.216000 0.948800
vn -0.224200 -0.243500 0.943600
vn -0.249100 -0.270600 0.929900
vn -0.236000 -0.321100 0.917200
vn -0.253000 -0.344200 0.904200
vn -0.251600 -0.360700 0.898100
vn -0.297100 -0.120700 0.947200
vn -0.243000 -0.098700 0.965000
vn -0.381900 -0.206700 0.900800
vn -0.350400 -0.189600 0.917200
vn -0.343900 -0.154600 0.926200
vn -0.279800 -0.125800 0.951800
vn -0.241100 -0.052800 0.969100
vn -0.200500 -0.043900 0.978700
vn -0.343200 0.679800 0.648100
vn -0.322200 -0.309700 -0.894600
vn -0.366800 -0.386600 -0.846200
vn -0.364800 -0.465500 -0.806300
vn -0.363500 -0.540100 -0.759000
vn -0.352600 -0.617400 -0.703200
vn -0.366600 -0.670400 -0.645200
vn -0.370900 -0.730000 -0.574100
vn -0.321800 -0.796500 -0.511900
vn -0.361500 -0.609600 0.705500
vn -0.341800 -0.463800 0.817400
vn -0.404800 -0.217800 0.888100
vn -0.408500 -0.131800 0.903200
vn -0.417900 -0.048500 0.907200
vn -0.123300 -0.573600 -0.809800
vn -0.207800 -0.664200 -0.718100
vn -0.222500 -0.779700 -0.585300
vn -0.107600 -0.885900 -0.451300
vn -0.215700 -0.945700 -0.243000
vn -0.015000 -0.985600 -0.168300
vn -0.228000 -0.971700 -0.062200
vn -0.175600 -0.981600 -0.075000
vn -0.041600 -0.998400 0.038900
vn -0.431100 -0.902300 0.004600
vn -0.112200 -0.987800 0.107800
vn -0.181900 -0.976200 0.118400
vn -0.405900 -0.907300 0.109900
vn -0.433800 -0.893300 0.117900
vn -0.702700 -0.708100 0.069100
vn -0.199500 -0.952000 0.232000
vn -0.112900 -0.970100 0.214800
vn -0.406800 -0.891800 0.197800
vn -0.406300 -0.892100 0.197700
vn -0.683700 -0.712500 0.157800
vn -0.707500 -0.687700 0.162700
vn -0.049900 -0.953900 0.295900
vn -0.407500 -0.863700 0.296700
vn -0.529100 -0.812200 0.245800
vn -0.684200 -0.689500 0.237600
vn -0.798800 -0.576200 0.173000
vn -0.232600 -0.888300 0.396000
vn -0.195200 -0.898400 0.393400
vn -0.408800 -0.842900 0.349800
vn -0.530100 -0.770800 0.353300
vn -0.699900 -0.661600 0.268900
vn -0.800800 -0.542200 0.254600
vn -0.945000 -0.302700 0.123600
vn -0.015800 -0.873400 0.486700
vn -0.434100 -0.787000 0.438400
vn -0.411600 -0.800700 0.435200
vn -0.703900 -0.611600 0.361300
vn -0.774900 -0.559400 0.294100
vn -0.951000 -0.264400 0.160400
vn -0.229300 -0.796300 0.559700
vn -0.182200 -0.809100 0.558700
vn -0.411300 -0.750100 0.517800
vn -0.436400 -0.735400 0.518300
vn -0.679300 -0.611700 0.405500
vn -0.775600 -0.508400 0.374100
vn -0.877300 -0.399900 0.265200
vn -0.924900 -0.310900 0.218800
vn -0.957800 -0.237200 0.162500
vn -0.999400 0.029400 -0.018200
vn -0.015200 -0.764500 0.644500
vn -0.405600 -0.698700 0.589300
vn -0.411000 -0.695700 0.589200
vn -0.704900 -0.541200 0.458500
vn -0.681100 -0.566500 0.463800
vn -0.911500 -0.301900 0.279500
vn -0.115800 -0.702300 0.702400
vn -0.181900 -0.687400 0.703200
vn -0.407000 -0.638500 0.653200
vn -0.406300 -0.638900 0.653200
vn -0.702600 -0.497900 0.508400
vn -0.707700 -0.492500 0.506600
vn -0.932900 -0.251300 0.258100
vn -0.908300 -0.305200 0.286100
vn -0.994700 -0.070600 0.074900
vn -0.996000 0.061500 -0.064100
vn -0.947100 0.222200 -0.231600
vn -0.116600 -0.616600 0.778600
vn -0.215200 -0.625100 0.750300
vn -0.407800 -0.560500 0.720800
vn -0.573400 -0.525100 0.628900
vn -0.705900 -0.424600 0.567000
vn -0.861500 -0.330300 0.385700
vn -0.931100 -0.219900 0.290900
vn -0.992400 -0.079400 0.093700
vn -0.924900 0.237800 -0.296700
vn -0.139400 -0.551000 0.822800
vn -0.228700 -0.519000 0.823600
vn -0.529600 -0.471900 0.704900
vn -0.576900 -0.440000 0.688200
vn -0.795100 -0.344800 0.499000
vn -0.898000 -0.215700 0.383400
vn -0.756600 -0.359800 0.546000
vn -0.999500 0.016400 -0.025600
vn -0.999500 0.016500 -0.025600
vn -0.936100 0.190200 -0.295800
vn -0.948700 0.162400 -0.271100
vn -0.200200 -0.436500 0.877100
vn -0.141200 -0.453900 0.879800
vn -0.405600 -0.437900 0.802300
vn -0.529800 -0.378000 0.759200
vn -0.702300 -0.345100 0.622600
vn -0.796800 -0.266700 0.542300
vn -0.927100 -0.178100 0.329900
vn -0.902200 -0.213200 0.375000
vn -0.999700 0.020600 -0.009200
vn -0.920700 0.186900 -0.342700
vn -0.769200 0.284000 -0.572400
vn -0.050200 -0.389100 0.919800
vn -0.406900 -0.329900 0.851800
vn -0.530000 -0.335600 0.778800
vn -0.707000 -0.249900 0.661600
vn -0.795700 -0.241200 0.555600
vn -0.952200 -0.104400 0.287200
vn -0.943000 0.125400 -0.308400
vn -0.943200 0.125000 -0.307800
vn -0.769200 0.240400 -0.592100
vn -0.768300 0.241200 -0.593000
vn -0.539800 0.317100 -0.779700
vn -0.471500 0.505500 0.722600
vn -0.417700 -0.048400 0.907300
vn -0.745900 -0.033700 0.665200
vn -0.750200 -0.031100 0.660500
vn -0.925100 -0.017800 0.379200
vn -0.999600 -0.002000 0.029500
vn -0.971600 0.012100 -0.236500
vn -0.975900 0.010500 -0.218100
vn -0.906900 0.020300 -0.420800
vn -0.909200 0.019500 -0.415900
vn -0.780000 0.029300 -0.625100
vn -0.797100 0.017700 -0.603600
vn -0.529300 0.057600 -0.846500
vn -0.434000 0.025800 -0.900500
vn -0.050300 0.061800 -0.996800
vn -0.416500 -0.134500 0.899100
vn -0.746100 -0.099100 0.658500
vn -0.752700 -0.094300 0.651500
vn -0.943400 -0.047600 0.328100
vn -0.947300 -0.043500 0.317500
vn -0.998900 -0.006200 0.045600
vn -0.942700 0.048100 -0.330200
vn -0.797700 0.086800 -0.596800
vn -0.779200 0.099100 -0.618900
vn -0.553600 0.105200 -0.826100
vn -0.431300 0.147500 -0.890100
vn -0.227700 0.124200 -0.965800
vn -0.216600 0.127100 -0.967900
vn -0.476600 -0.229900 0.848500
vn -0.768400 -0.144100 0.623500
vn -0.752700 -0.157200 0.639300
vn -0.925100 -0.090500 0.368700
vn -0.999400 -0.011600 0.031300
vn -0.981800 0.016900 -0.188900
vn -0.911000 0.097600 -0.400800
vn -0.798800 0.142300 -0.584600
vn -0.796400 0.144200 -0.587300
vn -0.555200 0.197900 -0.807800
vn -0.552500 0.199300 -0.809400
vn -0.227100 0.232500 -0.945700
vn -0.215800 0.237400 -0.947100
vn -0.484300 -0.289400 0.825700
vn -0.478900 -0.292300 0.827800
vn -0.765000 -0.214300 0.607400
vn -0.769700 -0.210500 0.602700
vn -0.943600 -0.109500 0.312500
vn -0.947300 -0.103700 0.303200
vn -0.999600 -0.008800 0.025900
vn -0.952900 0.094300 -0.288200
vn -0.939200 0.113200 -0.324200
vn -0.780000 0.206900 -0.590500
vn -0.798600 0.188100 -0.571700
vn -0.552300 0.290000 -0.781600
vn -0.432900 0.281800 -0.856300
vn -0.215100 0.341400 -0.915000
vn -0.113900 0.323500 -0.939300
vn -0.378000 -0.394800 0.837400
vn -0.488700 -0.352800 0.797900
vn -0.670400 -0.325700 0.666700
vn -0.766600 -0.257500 0.588300
vn -0.920900 -0.170100 0.350700
vn -0.999800 -0.014000 0.015400
vn -0.959400 0.119000 -0.255600
vn -0.796300 0.254400 -0.548700
vn -0.779500 0.271000 -0.564800
vn -0.553000 0.337200 -0.761900
vn -0.430200 0.396500 -0.811000
vn -0.227100 0.395900 -0.889700
vn -0.113400 0.427700 -0.896800
vn -0.485400 -0.459500 0.743800
vn -0.675400 -0.360700 0.643300
vn -0.768800 -0.334900 0.544800
vn -0.947100 -0.152100 0.282700
vn -0.935800 -0.175400 0.305900
vn -0.999200 -0.021000 0.034300
vn -0.999700 0.016900 -0.017400
vn -0.964200 0.121400 -0.235800
vn -0.931600 0.183600 -0.313600
vn -0.779400 0.316800 -0.540600
vn -0.795300 0.298000 -0.527900
vn -0.553000 0.434600 -0.710800
vn -0.431900 0.440800 -0.786900
vn -0.213400 0.510100 -0.833200
vn -0.172900 0.505700 -0.845200
vn -0.413600 -0.533500 0.737800
vn -0.479700 -0.503200 0.718800
vn -0.669700 -0.449100 0.591400
vn -0.769200 -0.363700 0.525400
vn -0.917500 -0.238100 0.318700
vn -0.998300 -0.034600 0.046800
vn -0.990900 0.076400 -0.110700
vn -0.902300 0.265600 -0.339400
vn -0.947000 0.180300 -0.265800
vn -0.778400 0.381800 -0.498300
vn -0.705800 0.401500 -0.583700
vn -0.406900 0.544700 -0.733300
vn -0.429700 0.530700 -0.730600
vn -0.018300 0.587600 -0.808900
vn -0.483200 -0.593700 0.643500
vn -0.674300 -0.477200 0.563600
vn -0.770300 -0.432000 0.469100
vn -0.931000 -0.235400 0.279100
vn -0.931300 -0.234400 0.278700
vn -0.910700 0.259400 -0.321400
vn -0.687300 0.488400 -0.537700
vn -0.701800 0.473500 -0.532200
vn -0.402400 0.609000 -0.683500
vn -0.405900 0.607100 -0.683100
vn -0.111600 0.659600 -0.743300
vn -0.203900 0.633300 -0.746600
vn -0.492300 -0.633500 0.596900
vn -0.472200 -0.646500 0.599200
vn -0.768500 -0.468900 0.435400
vn -0.770800 -0.466100 0.434200
vn -0.941800 -0.246000 0.229300
vn -0.942800 -0.243500 0.227800
vn -0.998800 -0.037100 0.030600
vn -0.990500 0.106000 -0.087500
vn -0.906400 0.310000 -0.287000
vn -0.877100 0.357100 -0.321100
vn -0.798100 0.431400 -0.420600
vn -0.684700 0.541500 -0.487800
vn -0.555600 0.598600 -0.577000
vn -0.402600 0.678500 -0.614400
vn -0.227500 0.701600 -0.675300
vn -0.110900 0.734500 -0.669400
vn -0.490100 -0.688800 0.534100
vn -0.477200 -0.697300 0.534800
vn -0.770000 -0.506300 0.388300
vn -0.769300 -0.507200 0.388600
vn -0.921800 -0.307900 0.235800
vn -0.999900 -0.006400 0.009200
vn -0.999700 -0.020600 0.011900
vn -0.957000 0.230400 -0.176300
vn -0.798400 0.478000 -0.366100
vn -0.797300 0.479500 -0.366600
vn -0.554200 0.661500 -0.505300
vn -0.554600 0.661200 -0.505200
vn -0.226900 0.773500 -0.591700
vn -0.215800 0.778100 -0.589900
vn -0.493100 -0.735500 0.464600
vn -0.472600 -0.749000 0.464400
vn -0.767900 -0.544500 0.337500
vn -0.771100 -0.540400 0.336600
vn -0.933700 -0.304200 0.189100
vn -0.941900 -0.280500 0.184800
vn -1.000000 -0.003800 0.005800
vn -0.959100 0.244500 -0.142900
vn -0.789300 0.528900 -0.312000
vn -0.796400 0.520200 -0.308600
vn -0.684900 0.611800 -0.395800
vn -0.553600 0.713900 -0.428800
vn -0.407700 0.768400 -0.493300
vn -0.214100 0.839400 -0.499600
vn -0.170100 0.841000 -0.513500
vn -0.493300 -0.776600 0.391900
vn -0.474000 -0.789200 0.390500
vn -0.768000 -0.574100 0.283800
vn -0.769800 -0.571900 0.283500
vn -0.941700 -0.301300 0.149500
vn -0.942500 -0.299100 0.148900
vn -0.997600 -0.063500 0.028500
vn -0.994200 0.094400 -0.050600
vn -0.889000 0.411600 -0.200400
vn -0.817700 0.500800 -0.283900
vn -0.683600 0.660700 -0.310200
vn -0.434000 0.803500 -0.407500
vn -0.407400 0.818600 -0.404800
vn -0.016300 0.896300 -0.443100
vn -0.494300 -0.810000 0.315400
vn -0.473300 -0.823500 0.312600
vn -0.768300 -0.598400 0.227200
vn -0.769300 -0.597200 0.227200
vn -0.921500 -0.363000 0.138100
vn -0.997000 -0.072700 0.025400
vn -0.937400 0.321900 -0.132700
vn -0.764100 0.606100 -0.220900
vn -0.707700 0.654000 -0.267000
vn -0.407500 0.857500 -0.314100
vn -0.432000 0.843300 -0.319800
vn -0.111600 0.929200 -0.352400
vn -0.200100 0.908400 -0.367100
vn -0.495100 -0.836200 0.236000
vn -0.472900 -0.850100 0.231800
vn -0.768100 -0.617800 0.168400
vn -0.769500 -0.616000 0.168600
vn -0.933500 -0.345800 0.094600
vn -0.941600 -0.322500 0.097100
vn -0.995900 0.088200 -0.019700
vn -0.905700 0.409200 -0.111100
vn -0.905800 0.409000 -0.111000
vn -0.779600 0.599300 -0.181700
vn -0.702800 0.690600 -0.170800
vn -0.433900 0.866800 -0.245700
vn -0.407100 0.881300 -0.240100
vn -0.183000 0.948500 -0.258500
vn -0.111000 0.962000 -0.249400
vn -0.495800 -0.854600 0.154600
vn -0.471900 -0.869000 0.148700
vn -0.768200 -0.631000 0.108000
vn -0.769200 -0.629800 0.108200
vn -0.943400 -0.326900 0.056200
vn -0.942800 -0.328500 0.056100
vn -1.000000 -0.008300 -0.000400
vn -0.999900 -0.015300 -0.000600
vn -0.957100 0.285700 -0.049200
vn -0.779900 0.616800 -0.106300
vn -0.779500 0.617400 -0.106100
vn -0.433900 0.887900 -0.152600
vn -0.432100 0.889000 -0.151900
vn -0.016000 0.985600 -0.168300
vn -0.499100 -0.863500 0.072700
vn -0.471200 -0.879700 0.064200
vn -0.768200 -0.638500 0.046600
vn -0.769400 -0.637100 0.047000
vn -0.925100 -0.378700 0.028000
vn -0.999900 -0.012400 0.003600
vn -0.958800 0.283400 -0.021000
vn -0.779900 0.624100 -0.046300
vn -0.779500 0.624800 -0.046000
vn -0.433800 0.898600 -0.066200
vn -0.431900 0.899500 -0.065400
vn -0.182500 0.980600 -0.071300
vn -0.230000 0.970000 -0.078800
vn -0.497700 -0.867300 -0.012200
vn -0.472400 -0.881100 -0.020900
vn -0.768200 -0.640000 -0.015200
vn -0.769300 -0.638700 -0.014700
vn -0.941700 -0.336300 -0.007700
vn -0.946800 -0.321800 -0.004300
vn -0.997700 -0.067300 -0.002000
vn -0.994200 0.107100 -0.000900
vn -0.909400 0.415700 0.012000
vn -0.918600 0.395200 0.009000
vn -0.797800 0.602700 0.013700
vn -0.779100 0.626400 0.023300
vn -0.529700 0.848200 0.002700
vn -0.431200 0.901400 0.039000
vn -0.041700 0.999100 0.009400
vn -0.497800 -0.862100 -0.095000
vn -0.470300 -0.876100 -0.106000
vn -0.768300 -0.635500 -0.076900
vn -0.769300 -0.634300 -0.076300
vn -0.921500 -0.385500 -0.046400
vn -0.997000 -0.076200 -0.011300
vn -0.942400 0.332200 0.039700
vn -0.798000 0.598300 0.071700
vn -0.796600 0.600100 0.072600
vn -0.530200 0.841700 0.101800
vn -0.529900 0.841900 0.101900
vn -0.193500 0.974000 0.117900
vn -0.228100 0.967500 0.109100
vn -0.498000 -0.848900 -0.177000
vn -0.469300 -0.862400 -0.189900
vn -0.768200 -0.625300 -0.137600
vn -0.769400 -0.623900 -0.136800
vn -0.933700 -0.349800 -0.076700
vn -0.941600 -0.330700 -0.063900
vn -0.995300 0.095800 0.013000
vn -0.883700 0.455700 0.107100
vn -0.908800 0.407600 0.089600
vn -0.779700 0.611600 0.134400
vn -0.797300 0.591800 0.118900
vn -0.529500 0.824600 0.199300
vn -0.433900 0.883400 0.176900
vn -0.050200 0.972200 0.228700
vn -0.499000 -0.827400 -0.257700
vn -0.467900 -0.840600 -0.273000
vn -0.768500 -0.608500 -0.197900
vn -0.769200 -0.607800 -0.197400
vn -0.943000 -0.316500 -0.102800
vn -0.999300 -0.034700 -0.013000
vn -0.999700 -0.024400 -0.008300
vn -0.937700 0.329000 0.111600
vn -0.876300 0.455100 0.157800
vn -0.910500 0.399300 0.107200
vn -0.778500 0.591600 0.209600
vn -0.685100 0.697300 0.210500
vn -0.406000 0.865600 0.293100
vn -0.431900 0.857700 0.279100
vn -0.181700 0.935200 0.303900
vn -0.230300 0.928000 0.292800
vn -0.314100 -0.847100 -0.428700
vn -0.422500 -0.833900 -0.355100
vn -0.473100 -0.814200 -0.336500
vn -0.666400 -0.676900 -0.312500
vn -0.769900 -0.591000 -0.240900
vn -0.920700 -0.355500 -0.161200
vn -0.952500 0.284700 0.108300
vn -0.853200 0.477300 0.210500
vn -0.795100 0.561200 0.229900
vn -0.683700 0.664200 0.302300
vn -0.529900 0.784700 0.321600
vn -0.404600 0.832500 0.378500
vn -0.041700 0.921800 0.385500
vn -0.424900 -0.791300 -0.439600
vn -0.650200 -0.664300 -0.368600
vn -0.671200 -0.652100 -0.352600
vn -0.875400 -0.415400 -0.247200
vn -0.931400 -0.324100 -0.165700
vn -0.973100 -0.200000 -0.114200
vn -0.994800 -0.088900 -0.049900
vn -0.996800 0.069900 0.038800
vn -0.907900 0.366400 0.203700
vn -0.910800 0.361200 0.199900
vn -0.797600 0.527800 0.291900
vn -0.794000 0.531100 0.295700
vn -0.527700 0.742000 0.413500
vn -0.529800 0.741300 0.412100
vn -0.141200 0.865500 0.480600
vn -0.205500 0.865400 0.457100
vn -0.438600 -0.734600 -0.517700
vn -0.656800 -0.625000 -0.422000
vn -0.740200 -0.543800 -0.395500
vn -0.875200 -0.406800 -0.261700
vn -0.936100 -0.286700 -0.203700
vn -0.943200 0.273500 0.188600
vn -0.795400 0.499000 0.343900
vn -0.796700 0.498000 0.342400
vn -0.527400 0.699300 0.482500
vn -0.526900 0.699400 0.482800
vn -0.191600 0.807700 0.557600
vn -0.139900 0.808000 0.572300
vn -0.445800 -0.681600 -0.580200
vn -0.744100 -0.509900 -0.431700
vn -0.745300 -0.509300 -0.430300
vn -0.944000 -0.252400 -0.212800
vn -0.943600 -0.253000 -0.213600
vn -0.999900 -0.010900 -0.011700
vn -0.999800 -0.012400 -0.013400
vn -0.979400 0.155400 0.128700
vn -0.936800 0.273100 0.218600
vn -0.911600 0.315000 0.264200
vn -0.798900 0.460700 0.386600
vn -0.794100 0.464000 0.392500
vn -0.525100 0.651100 0.548100
vn -0.527000 0.650700 0.546700
vn -0.068600 0.763300 0.642400
vn -0.424500 -0.631300 -0.649100
vn -0.745700 -0.464100 -0.478000
vn -0.749900 -0.462500 -0.473000
vn -0.925800 -0.264300 -0.270400
vn -0.999900 -0.008300 -0.014700
vn -0.952200 0.221900 0.210100
vn -0.796700 0.412700 0.441500
vn -0.709500 0.505500 0.491100
vn -0.525000 0.581200 0.621700
vn -0.401600 0.649800 0.645400
vn -0.174500 0.684700 0.707700
vn -0.230000 0.685700 0.690600
vn -0.440600 -0.559700 -0.701900
vn -0.744600 -0.415900 -0.522100
vn -0.751700 -0.414000 -0.513400
vn -0.944800 -0.206000 -0.254800
vn -0.947600 -0.202200 -0.247200
vn -1.000000 -0.001100 -0.001300
vn -0.960100 0.184600 0.210300
vn -0.926700 0.231900 0.295700
vn -0.781000 0.405000 0.475400
vn -0.704900 0.431400 0.563100
vn -0.432000 0.573400 0.696100
vn -0.400900 0.574100 0.714000
vn -0.015700 0.626400 0.779400
vn -0.440500 -0.488900 -0.753000
vn -0.746300 -0.362400 -0.558200
vn -0.750000 -0.361900 -0.553700
vn -0.925400 -0.206700 -0.317600
vn -1.000000 -0.008100 -0.005300
vn -0.978700 0.107900 0.174500
vn -0.926900 0.193000 0.322000
vn -0.949900 0.170900 0.261500
vn -0.775800 0.344900 0.528400
vn -0.780700 0.344000 0.521700
vn -0.435200 0.494600 0.752300
vn -0.430100 0.494200 0.755500
vn -0.110700 0.544200 0.831600
vn -0.201200 0.554300 0.807600
vn -0.442600 -0.413600 -0.795600
vn -0.742900 -0.308600 -0.594000
vn -0.751300 -0.308400 -0.583500
vn -0.944000 -0.154200 -0.291600
vn -0.946700 -0.152100 -0.284000
vn -0.998900 -0.021700 -0.040400
vn -0.937000 0.170200 0.304900
vn -0.774800 0.280700 0.566500
vn -0.707500 0.343500 0.617600
vn -0.409300 0.415300 0.812400
vn -0.433100 0.419100 0.798000
vn -0.181400 0.457100 0.870700
vn -0.110100 0.451200 0.885600
vn -0.436300 -0.340700 -0.832800
vn -0.667700 -0.264500 -0.695800
vn -0.746900 -0.266300 -0.609300
vn -0.921000 -0.140800 -0.363200
vn -0.999400 -0.009000 -0.032000
vn -0.976100 0.116000 0.183600
vn -0.907300 0.159800 0.389000
vn -0.709200 0.267700 0.652200
vn -0.703700 0.267100 0.658400
vn -0.403700 0.343600 0.847900
vn -0.408500 0.344300 0.845300
vn -0.015300 0.377500 0.925900
vn -0.484100 -0.227200 -0.845000
vn -0.470500 -0.231400 -0.851500
vn -0.671000 -0.227100 -0.705800
vn -0.766400 -0.171900 -0.618900
vn -0.948900 -0.102400 -0.298400
vn -0.936200 -0.103400 -0.335800
vn -0.999600 -0.008100 -0.026200
vn -0.953200 0.092800 0.287800
vn -0.926400 0.103600 0.362100
vn -0.779000 0.196300 0.595500
vn -0.704400 0.187800 0.684500
vn -0.435400 0.267800 0.859500
vn -0.403700 0.261600 0.876700
vn -0.181500 0.281100 0.942400
vn -0.230000 0.286300 0.930100
vn -0.472000 -0.145600 -0.869500
vn -0.517000 -0.165100 -0.839900
vn -0.767500 -0.123700 -0.629000
vn -0.767400 -0.123700 -0.629200
vn -0.925100 -0.073300 -0.372600
vn -0.999700 -0.001500 -0.022800
vn -0.959600 0.054400 0.275900
vn -0.779900 0.121200 0.614000
vn -0.779000 0.120900 0.615300
vn -0.433900 0.173700 0.884100
vn -0.433200 0.173500 0.884400
vn -0.015600 0.192300 0.981200
vn -0.472400 -0.062200 -0.879200
vn -0.515400 -0.083300 -0.852900
vn -0.768200 -0.062300 -0.637200
vn -0.768800 -0.062500 -0.636500
vn -0.943500 -0.032400 -0.329800
vn -0.947100 -0.033700 -0.319100
vn -0.999500 -0.003200 -0.030300
vn -0.999800 -0.003500 0.021700
vn -0.950200 0.038300 0.309400
vn -0.931100 0.035800 0.362900
vn -0.797800 0.059100 0.600000
vn -0.779100 0.052300 0.624700
vn -0.553900 0.095800 0.827100
vn -0.431200 0.069900 0.899600
vn -0.227900 0.110600 0.967400
vn -0.216600 0.108300 0.970200
vn -0.356500 0.038900 -0.933500
vn -0.503100 -0.015000 -0.864100
vn -0.744100 0.009900 -0.668000
vn -0.769300 -0.000800 -0.638900
vn -0.925100 -0.000500 -0.379600
vn -0.958700 0.000400 0.284300
vn -0.797800 0.000900 0.602900
vn -0.796600 0.000300 0.604500
vn -0.554100 0.000400 0.832400
vn -0.553500 0.000200 0.832900
vn -0.226300 0.000200 0.974000
vn -0.215900 -0.003800 0.976400
vn -0.215900 -0.098000 0.971500
vn -0.226300 -0.093800 0.969500
vn -0.553500 -0.080200 0.829000
vn -0.554200 -0.079900 0.828500
vn -0.796600 -0.058000 0.601700
vn -0.797700 -0.057300 0.600300
vn -0.929700 -0.035000 0.366600
vn -0.913400 -0.044400 0.404700
vn -0.997900 -0.001600 0.064900
vn -0.995300 0.009200 -0.096000
vn -0.946800 0.027600 -0.320600
vn -0.941700 0.032100 -0.334900
vn -0.747300 0.063400 -0.661500
vn -0.767400 0.049700 -0.639300
vn -0.463200 0.106500 -0.879800
vn -0.479200 0.109300 -0.870900
vn -0.111800 -0.184300 0.976500
vn -0.214000 -0.205900 0.954900
vn -0.433800 -0.155500 0.887500
vn -0.553100 -0.174300 0.814700
vn -0.796900 -0.104800 0.594900
vn -0.780000 -0.119300 0.614300
vn -0.942400 -0.063700 0.328300
vn -0.997800 0.011700 -0.064900
vn -0.921600 0.074200 -0.381000
vn -0.769000 0.122200 -0.627500
vn -0.768100 0.122700 -0.628500
vn -0.507400 0.165200 -0.845700
vn -0.464400 0.191900 -0.864600
vn -0.111200 -0.295700 0.948800
vn -0.196200 -0.278000 0.940300
vn -0.431200 -0.274500 0.859500
vn -0.530200 -0.225200 0.817400
vn -0.779200 -0.187000 0.598300
vn -0.797600 -0.171700 0.578300
vn -0.909100 -0.118600 0.399500
vn -0.936500 -0.091500 0.338400
vn -0.979500 -0.055900 0.193700
vn -0.999900 -0.001400 0.012500
vn -0.944400 0.089600 -0.316400
vn -0.940200 0.097000 -0.326400
vn -0.769200 0.182000 -0.612600
vn -0.768000 0.182900 -0.613800
vn -0.506900 0.246200 -0.826100
vn -0.537900 0.224700 -0.812500
vn -0.269500 0.309900 -0.911800
vn -0.406700 -0.900500 -0.153800
vn -0.406800 -0.912100 -0.050700
vn -0.529500 -0.844700 -0.078500
vn -0.529700 -0.847300 0.038300
vn -0.874500 -0.476000 0.092900
vn -0.910800 -0.385900 0.146500
vn -0.921600 -0.364900 0.132200
vn -0.999800 0.016300 -0.011400
vn -0.941800 0.235100 -0.240100
vn -0.770600 0.399000 -0.497000
vn -0.769700 0.359800 -0.527300
vn -0.666800 0.392900 -0.633300
vn -0.665800 0.361500 -0.652700
vn -0.491400 0.389800 -0.778800
vn -0.456600 0.353200 -0.816600
vn -0.507000 0.347900 -0.788700
vn -0.107700 -0.932000 -0.346100
vn -0.215300 -0.906000 -0.364500
vn -0.229300 -0.943500 -0.239100
vn -0.406100 -0.878500 -0.251800
vn -0.406400 -0.900600 -0.153900
vn -0.779200 -0.626800 0.007000
vn -0.779500 -0.619400 0.093100
vn -0.935900 0.288300 -0.202600
vn -0.919700 0.303600 -0.249200
vn -0.775700 0.441100 -0.451400
vn -0.775000 0.394200 -0.494000
vn -0.322600 0.465800 -0.824000
vn -0.176100 -0.882300 -0.436600
vn -0.703600 -0.700500 -0.119400
vn -0.707400 -0.706000 -0.033100
vn -0.796000 -0.602600 -0.057600
vn -0.797900 -0.602600 0.015500
vn -0.955200 -0.295000 0.024800
vn -0.891200 -0.444200 0.092000
vn -0.994500 -0.102900 0.017100
vn -0.563700 -0.784200 0.259500
vn -0.999800 0.019300 -0.007600
vn -0.999700 0.024100 -0.010700
vn -0.948500 0.253400 -0.190400
vn -0.768400 0.478300 -0.425200
vn -0.767300 0.450800 -0.456100
vn -0.498400 0.541600 -0.677000
vn -0.456600 0.504700 -0.732700
vn -0.471700 0.502300 -0.724700
vn -0.008600 -0.849900 -0.526900
vn -0.407900 -0.818400 -0.404700
vn -0.409000 -0.857700 -0.311500
vn -0.562600 -0.767500 -0.307300
vn -0.561600 -0.802300 -0.202400
vn -0.701700 -0.683800 -0.200100
vn -0.706200 -0.698100 -0.117600
vn -0.957000 -0.289900 0.007500
vn -0.947500 0.292100 -0.130400
vn -0.925100 0.331500 -0.185300
vn -0.498600 0.608100 -0.617800
vn -0.454300 0.574100 -0.681200
vn -0.198900 -0.781200 -0.591700
vn -0.429800 -0.766100 -0.477900
vn -0.431800 -0.812200 -0.392300
vn -0.905400 -0.423600 -0.028800
vn -0.998400 0.055300 -0.012700
vn -0.942300 0.307000 -0.133300
vn -0.768200 0.559300 -0.311400
vn -0.767800 0.534500 -0.353300
vn -0.665200 0.604800 -0.437800
vn -0.663900 0.580900 -0.471000
vn -0.494900 0.652700 -0.573600
vn -0.465500 0.632600 -0.618900
vn -0.050600 -0.722700 -0.689400
vn -0.418100 -0.713900 -0.561800
vn -0.416600 -0.768400 -0.485800
vn -0.704400 -0.628500 -0.329900
vn -0.709000 -0.664600 -0.236100
vn -0.788800 -0.569800 -0.230400
vn -0.792000 -0.593100 -0.144500
vn -0.949900 -0.308200 -0.052100
vn -0.908700 -0.416600 -0.027200
vn -0.976600 -0.214400 -0.017000
vn -0.936300 0.342200 -0.078700
vn -0.920400 0.373500 -0.115600
vn -0.771700 0.582700 -0.254800
vn -0.770400 0.556600 -0.310900
vn -0.316500 0.743600 -0.588900
vn -0.123700 -0.659200 -0.741800
vn -0.950400 -0.297400 -0.090900
vn -0.999700 0.022400 0.003500
vn -0.997300 0.073200 -0.002400
vn -0.948600 0.306200 -0.080400
vn -0.769400 0.602500 -0.212000
vn -0.768300 0.587000 -0.255100
vn -0.501600 0.755400 -0.421700
vn -0.465200 0.740200 -0.485400
vn -0.411100 0.757200 -0.507600
vn -0.172300 -0.576100 -0.799000
vn -0.423300 -0.600300 -0.678500
vn -0.425000 -0.676200 -0.601900
vn -0.518700 -0.616500 -0.592300
vn -0.519700 -0.687700 -0.506900
vn -0.701400 -0.553000 -0.449600
vn -0.708000 -0.609700 -0.356300
vn -0.776300 -0.528200 -0.344100
vn -0.776500 -0.571500 -0.265400
vn -0.931900 -0.341900 -0.121100
vn -0.000000 -1.000000 -0.000000
vn -0.947200 0.320400 -0.010500
vn -0.925100 0.377000 -0.046400
vn -0.499200 0.794400 -0.346100
vn -0.461500 0.784100 -0.414900
vn -0.400300 -0.534800 -0.744100
vn -0.401100 -0.600000 -0.692200
vn -0.952000 -0.269000 -0.146300
vn -0.942300 -0.317300 -0.106900
vn -0.999600 0.025500 0.007900
vn -0.999500 0.030400 0.006100
vn -0.943400 0.331500 -0.008400
vn -0.770000 0.633300 -0.078100
vn -0.769400 0.626400 -0.125300
vn -0.668300 0.722600 -0.176800
vn -0.666600 0.713600 -0.215400
vn -0.489900 0.823600 -0.285900
vn -0.462600 0.819800 -0.337700
vn -0.431800 -0.535000 -0.726200
vn -0.815800 -0.436000 -0.379900
vn -0.815300 -0.471200 -0.336700
vn -0.944300 -0.284900 -0.164900
vn -1.000000 0.008300 -0.001600
vn -0.946800 0.317800 0.050800
vn -0.925100 0.378800 0.027100
vn -0.769300 0.638700 -0.016100
vn -0.768300 0.635400 -0.077600
vn -0.332000 0.904000 -0.269500
vn -0.698900 -0.424700 -0.575400
vn -0.702300 -0.485100 -0.521100
vn -0.785800 -0.393700 -0.477000
vn -0.787300 -0.451700 -0.419800
vn -0.951100 -0.242300 -0.191500
vn -0.948200 -0.276300 -0.157000
vn -0.999800 0.015300 0.008100
vn -0.942200 0.330300 0.055800
vn -0.769400 0.637100 0.045500
vn -0.768300 0.639900 -0.015700
vn -0.497100 0.861300 -0.105100
vn -0.465500 0.868500 -0.170500
vn -0.441200 0.879800 -0.177100
vn -0.680600 -0.427500 -0.595000
vn -0.954100 -0.219300 -0.204100
vn -0.937100 -0.265200 -0.227000
vn -0.999700 0.022200 0.012900
vn -0.941600 0.318100 0.110800
vn -0.922000 0.373600 0.101700
vn -0.768300 0.631100 0.107000
vn -0.767400 0.639400 0.046500
vn -0.496800 0.867600 -0.021300
vn -0.463300 0.881500 -0.091400
vn -0.955400 -0.203100 -0.214400
vn -0.942500 0.299500 0.148100
vn -0.933200 0.336200 0.127200
vn -0.769500 0.616300 0.167500
vn -0.768400 0.631000 0.107000
vn -0.497300 0.865300 0.062900
vn -0.465200 0.885200 -0.007100
vn -0.840600 -0.329400 -0.430000
vn -0.907400 -0.243200 -0.342600
vn -0.999900 0.008500 0.010800
vn -0.999400 0.027500 0.020700
vn -0.944100 0.295900 0.145200
vn -0.772100 0.593900 0.226200
vn -0.771100 0.614600 0.166400
vn -0.496700 0.855600 0.145600
vn -0.465500 0.881500 0.078500
vn -0.988400 -0.094300 -0.119100
vn -1.000000 0.004400 0.000500
vn -0.947400 0.255900 0.192100
vn -0.925700 0.321600 0.199100
vn -0.771800 0.571300 0.279200
vn -0.770900 0.595000 0.227200
vn -0.494900 0.838700 0.227300
vn -0.466000 0.869700 0.162500
vn -0.999800 0.013500 0.013100
vn -0.941300 0.267600 0.206000
vn -0.770100 0.542900 0.334900
vn -0.769000 0.573800 0.281800
vn -0.493900 0.812000 0.311000
vn -0.464300 0.851100 0.245100
vn -0.974000 0.147500 0.172200
vn -0.921300 0.274900 0.275100
vn -0.917000 0.286500 0.277500
vn -0.762300 0.512200 0.395700
vn -0.760000 0.550900 0.344800
vn -0.500000 0.777000 0.382500
vn -0.473300 0.819200 0.323900
vn -0.779400 0.466100 0.418700
vn -0.777300 0.501900 0.379400
vn -0.498600 0.737400 0.455600
vn -0.473500 0.784800 0.399900
vn -0.937600 0.194100 0.288400
vn -0.484500 0.696000 0.530000
vn -0.464800 0.745400 0.477800
vn -0.761200 0.390300 0.518000
vn -0.758500 0.418400 0.499700
vn -0.683900 0.492900 0.537900
vn -0.682500 0.521400 0.512300
vn -0.478900 0.654900 0.584600
vn -0.467300 0.699000 0.541300
vn -0.772300 0.387500 0.503300
vn -0.406200 0.597300 0.691500
vn -0.396200 0.601600 0.693600
vn -0.369600 0.461400 0.806600
vn -0.484900 0.457700 0.745200
vn -0.645300 0.377100 0.664400
vn -0.773700 0.331200 0.540000
vn -0.873900 0.234000 0.426000
vn -0.939300 0.179900 0.292000
vn -0.899200 -0.218800 -0.379000
vn -0.697100 -0.362200 -0.618800
vn -0.677800 -0.364500 -0.638600
vn -0.390000 -0.458400 -0.798600
vn -0.431000 -0.461200 -0.775500
vn -0.016800 -0.508200 -0.861100
vn -0.431700 0.525900 0.732900
vn -0.405400 0.379800 0.831500
vn -0.403900 0.379600 0.832300
vn -0.644700 0.335900 0.686700
vn -0.756500 0.261100 0.599600
vn -0.873700 0.217500 0.435200
vn -0.938400 0.138500 0.316400
vn -0.977000 0.096800 0.189900
vn -0.996000 0.039800 0.080500
vn -0.990100 -0.068000 -0.122600
vn -0.864700 -0.208800 -0.456900
vn -0.819200 -0.257000 -0.512800
vn -0.697000 -0.291000 -0.655400
vn -0.528100 -0.377100 -0.760900
vn -0.388200 -0.374100 -0.842200
vn -0.196000 -0.414300 -0.888800
vn -0.237300 -0.416800 -0.877400
vn -0.417400 0.302000 0.857100
vn -0.418700 0.302300 0.856300
vn -0.755000 0.218100 0.618300
vn -0.756400 0.218300 0.616700
vn -0.923700 0.128000 0.361100
vn -0.999500 0.009700 0.028700
vn -0.937800 -0.110900 -0.329000
vn -0.949400 -0.101100 -0.297300
vn -0.900400 -0.149500 -0.408600
vn -0.780700 -0.197700 -0.592700
vn -0.815200 -0.206000 -0.541300
vn -0.528400 -0.266200 -0.806200
vn -0.432200 -0.316400 -0.844500
vn -0.051200 -0.318000 -0.946700
vn -0.422400 0.216200 0.880200
vn -0.424000 0.216800 0.879300
vn -0.750600 0.157700 0.641600
vn -0.755000 0.158700 0.636200
vn -0.943500 0.080100 0.321700
vn -0.946700 0.079800 0.312200
vn -0.998400 0.014000 0.054900
vn -0.936500 -0.091900 -0.338400
vn -0.779800 -0.134300 -0.611400
vn -0.706500 -0.187300 -0.682500
vn -0.409000 -0.209000 -0.888300
vn -0.429800 -0.215300 -0.876900
vn -0.180600 -0.235000 -0.955100
vn -0.231300 -0.240900 -0.942600
vn -0.423700 0.131100 0.896200
vn -0.425100 0.131700 0.895500
vn -0.750500 0.096000 0.653800
vn -0.750900 0.096100 0.653400
vn -0.925000 0.055400 0.375900
vn -0.996800 -0.011500 -0.079100
vn -0.907000 -0.060800 -0.416600
vn -0.905800 -0.060900 -0.419400
vn -0.797400 -0.102700 -0.594600
vn -0.702000 -0.086400 -0.706900
vn -0.529900 -0.139800 -0.836500
vn -0.407200 -0.117000 -0.905800
vn -0.041200 -0.159300 -0.986400
vn -0.424000 0.045800 0.904500
vn -0.423200 0.045500 0.904900
vn -0.746500 0.030600 0.664700
vn -0.750900 0.032700 0.659600
vn -0.943400 0.016400 0.331200
vn -0.947200 0.018300 0.320100
vn -0.997300 0.004200 0.073100
vn -0.942400 -0.016700 -0.334000
vn -0.797800 -0.030000 -0.602100
vn -0.796500 -0.029500 -0.603900
vn -0.530000 -0.041400 -0.847000
vn -0.529900 -0.041300 -0.847000
vn -0.193600 -0.047800 -0.979900
vn -0.228200 -0.055400 -0.972000
vn -1.000000 -0.000000 -0.000000
vn -1.000000 0.002700 0.001800
vn -1.000000 -0.000300 0.003300
vn -1.000000 -0.000000 0.003500
vn -1.000000 0.000300 0.003300
vn -1.000000 -0.001600 0.001100
vn -1.000000 -0.001300 0.006500
vn -1.000000 -0.002600 -0.001100
vn -1.000000 -0.004900 0.001400
vn -1.000000 -0.002400 -0.002400
vn -1.000000 -0.002700 -0.001500
vn -1.000000 0.000900 -0.003200
vn -1.000000 0.000900 -0.003300
vn -1.000000 0.000500 -0.003300
vn -1.000000 0.001800 -0.000100
vn -1.000000 0.002500 -0.004000
vn -1.000000 0.002800 -0.002100
vn -1.000000 0.002400 -0.002200
vn -1.000000 0.000600 0.003200
vn -1.000000 0.001300 -0.008200
vn -1.000000 0.003600 0.001900
vn 0.924700 -0.128900 -0.358100
vn 0.859900 -0.392700 -0.326100
vn 0.815600 -0.477200 -0.327400
vn 0.761700 -0.538000 -0.361000
vn 0.702200 -0.615800 -0.357400
vn 0.645800 -0.671200 -0.363900
vn 0.574500 -0.730500 -0.369200
vn 0.500200 -0.789100 -0.356500
vn -0.504700 -0.784900 -0.359500
vn -0.569500 -0.731200 -0.375600
vn -0.643700 -0.666700 -0.375800
vn -0.692600 -0.601900 -0.397600
vn -0.748100 -0.530200 -0.399000
vn -0.801400 -0.458300 -0.384200
vn -0.835100 -0.384100 -0.393800
vn -0.859900 -0.300600 -0.412500
vn -0.883600 -0.216700 -0.415000
vn -0.899200 -0.131100 -0.417600
vn -0.911500 -0.041100 -0.409200
vn 0.782800 -0.578900 -0.228300
vn 0.657300 -0.719100 -0.225600
vn 0.506700 -0.831500 -0.227800
vn 0.337500 -0.913500 -0.227000
vn 0.172900 -0.967600 -0.183800
vn 0.181700 -0.959900 -0.213700
vn 0.081700 -0.986900 -0.139300
vn 0.053500 -0.972300 -0.227600
vn -0.044800 -0.978800 -0.199900
vn -0.030800 -0.989600 -0.140700
vn -0.004500 -0.902200 -0.431200
vn -0.106800 -0.993000 -0.050200
vn -0.126200 -0.892200 -0.433700
vn -0.085400 -0.843600 -0.530100
vn -0.202000 -0.969400 -0.139400
vn -0.212000 -0.957900 -0.193600
vn -0.183300 -0.829600 -0.527400
vn -0.184100 -0.827700 -0.530100
vn -0.131200 -0.589700 -0.796900
vn -0.312200 -0.939500 -0.140700
vn -0.285200 -0.934400 -0.213300
vn -0.265600 -0.772900 -0.576200
vn -0.250000 -0.812200 -0.527200
vn -0.200100 -0.567700 -0.798600
vn -0.144600 -0.483500 -0.863300
vn -0.402800 -0.889100 -0.217600
vn -0.404900 -0.885200 -0.228900
vn -0.330900 -0.780200 -0.530900
vn -0.334200 -0.745200 -0.577100
vn -0.230000 -0.566100 -0.791600
vn -0.202900 -0.389500 -0.898400
vn -0.497400 -0.866400 -0.043500
vn -0.433600 -0.812200 -0.390300
vn -0.431000 -0.729000 -0.531800
vn -0.330200 -0.619900 -0.711800
vn -0.309400 -0.525400 -0.792600
vn -0.205900 -0.372100 -0.905100
vn -0.221000 -0.410600 -0.884700
vn -0.049400 -0.080700 -0.995500
vn -0.558500 -0.794500 -0.238300
vn -0.557800 -0.808400 -0.187800
vn -0.520200 -0.754900 -0.399500
vn -0.519800 -0.759700 -0.390800
vn -0.400400 -0.587900 -0.702900
vn -0.398500 -0.572800 -0.716300
vn -0.206300 -0.296500 -0.932500
vn -0.644300 -0.764500 -0.021200
vn -0.589800 -0.694100 -0.412700
vn -0.590200 -0.702300 -0.398100
vn -0.475600 -0.568700 -0.671100
vn -0.464200 -0.531600 -0.708500
vn -0.297100 -0.371100 -0.879800
vn -0.271900 -0.324900 -0.905800
vn -0.070400 -0.079800 -0.994300
vn -0.702300 -0.702300 -0.116100
vn -0.703000 -0.686600 -0.185600
vn -0.645100 -0.632600 -0.428500
vn -0.645600 -0.641900 -0.413600
vn -0.540700 -0.503400 -0.673900
vn -0.435500 -0.449800 -0.779800
vn -0.284600 -0.239300 -0.928300
vn -0.018700 -0.027600 -0.999400
vn 0.021700 0.020700 -0.999500
vn 0.252700 0.242200 -0.936800
vn -0.778500 -0.616600 -0.117100
vn -0.750700 -0.624800 -0.214600
vn -0.715100 -0.550600 -0.430600
vn -0.656800 -0.538500 -0.527900
vn -0.471100 -0.352900 -0.808400
vn -0.488800 -0.388700 -0.781000
vn -0.317600 -0.251700 -0.914200
vn -0.311400 -0.245200 -0.918100
vn -0.169100 -0.135500 -0.976200
vn 0.001800 0.007900 -1.000000
vn 0.313100 0.249800 -0.916300
vn -0.814600 -0.537500 -0.217800
vn -0.814800 -0.533600 -0.226500
vn -0.699600 -0.455700 -0.550400
vn -0.706600 -0.469400 -0.529600
vn -0.508400 -0.340400 -0.791000
vn -0.493000 -0.319500 -0.809300
vn -0.275200 -0.177600 -0.944800
vn 0.040000 0.028100 -0.998800
vn 0.277000 0.181500 -0.943600
vn 0.304300 0.209600 -0.929200
vn 0.549200 0.342600 -0.762200
vn -0.870300 -0.441300 -0.218800
vn -0.869600 -0.437300 -0.229500
vn -0.746300 -0.402600 -0.530000
vn -0.737400 -0.388600 -0.552500
vn -0.537500 -0.282300 -0.794600
vn -0.539200 -0.284200 -0.792800
vn -0.372600 -0.197600 -0.906700
vn -0.361600 -0.189800 -0.912800
vn -0.070900 -0.037200 -0.996800
vn 0.302900 0.148900 -0.941300
vn 0.316800 0.164800 -0.934100
vn 0.574000 0.298000 -0.762700
vn 0.575200 0.299300 -0.761300
vn -0.930800 -0.363100 -0.041300
vn -0.841100 -0.358500 -0.405000
vn -0.792800 -0.302100 -0.529300
vn -0.666600 -0.284200 -0.689100
vn -0.563300 -0.216000 -0.797500
vn -0.485400 -0.200000 -0.851100
vn -0.290600 -0.102200 -0.951400
vn 0.053800 0.022400 -0.998300
vn 0.363200 0.146400 -0.920200
vn 0.590400 0.238300 -0.771100
vn 0.599000 0.246100 -0.762000
vn 0.776600 0.318400 -0.543600
vn -0.717700 0.511700 -0.472400
vn -0.903400 -0.048200 -0.426100
vn -0.665300 -0.033800 -0.745800
vn -0.660500 -0.031200 -0.750200
vn -0.353700 -0.016700 -0.935200
vn -0.331200 -0.010000 -0.943500
vn 0.343600 0.039100 -0.938300
vn 0.282400 0.013300 -0.959200
vn 0.625000 0.029300 -0.780000
vn 0.603500 0.017700 -0.797200
vn 0.846400 0.057700 -0.529400
vn 0.900700 0.025800 -0.433800
vn 0.996800 0.061800 -0.050100
vn -0.894900 -0.134300 -0.425700
vn -0.658500 -0.099300 -0.746000
vn -0.651600 -0.094700 -0.752600
vn -0.379000 -0.055100 -0.923800
vn -0.022600 -0.003400 -0.999700
vn -0.017400 -0.001800 -0.999800
vn 0.682200 0.102200 0.724000
vn 0.298100 0.043000 -0.953600
vn 0.597200 0.086200 -0.797400
vn 0.618900 0.098400 -0.779300
vn 0.825600 0.104700 -0.554500
vn 0.890200 0.147400 -0.431100
vn 0.965800 0.124100 -0.227700
vn 0.968000 0.127100 -0.216400
vn -0.878000 -0.220100 -0.425100
vn -0.646600 -0.162600 -0.745300
vn -0.639500 -0.156600 -0.752600
vn -0.343000 -0.084000 -0.935600
vn -0.318400 -0.068000 -0.945500
vn 0.282000 0.069200 -0.956900
vn 0.588900 0.144300 -0.795200
vn 0.587600 0.143500 -0.796300
vn 0.806600 0.197400 -0.557200
vn 0.808200 0.198900 -0.554200
vn 0.945800 0.232900 -0.226300
vn 0.947200 0.237400 -0.215700
vn -0.862000 -0.299600 -0.409000
vn -0.708600 -0.265600 -0.653700
vn -0.628100 -0.205000 -0.750600
vn -0.454100 -0.175100 -0.873600
vn -0.326400 -0.107300 -0.939100
vn 0.075700 0.026800 -0.996800
vn 0.401500 0.139900 -0.905100
vn 0.406300 0.142100 -0.902600
vn 0.590000 0.206500 -0.780500
vn 0.576400 0.192800 -0.794100
vn 0.778300 0.290700 -0.556600
vn 0.855800 0.282200 -0.433500
vn 0.915000 0.341900 -0.214200
vn 0.939700 0.323500 -0.111200
vn -0.825300 -0.386400 -0.411700
vn -0.674600 -0.317200 -0.666500
vn -0.679900 -0.324200 -0.657700
vn -0.448300 -0.190400 -0.873300
vn -0.333200 -0.166900 -0.928000
vn -0.196400 -0.082800 -0.977000
vn -0.082200 -0.035800 -0.996000
vn 0.305300 0.140700 -0.941800
vn 0.545300 0.251700 -0.799600
vn 0.564200 0.271100 -0.779800
vn 0.762300 0.336800 -0.552700
vn 0.811100 0.395500 -0.431000
vn 0.889900 0.395000 -0.228000
vn 0.897100 0.427800 -0.110300
vn -0.775200 -0.464400 -0.428200
vn -0.643300 -0.364100 -0.673600
vn -0.564800 -0.349500 -0.747600
vn -0.343500 -0.193800 -0.918900
vn -0.009000 -0.009700 -0.999900
vn 0.205400 0.118800 -0.971500
vn 0.146700 0.079600 -0.986000
vn 0.368200 0.219700 -0.903400
vn 0.440900 0.254200 -0.860800
vn 0.513500 0.316600 -0.797600
vn 0.631900 0.356700 -0.688100
vn 0.711500 0.434800 -0.552000
vn 0.795000 0.452800 -0.403500
vn 0.832400 0.511000 -0.214400
vn 0.845700 0.506000 -0.169300
vn -0.726300 -0.535500 -0.431000
vn -0.537900 -0.397000 -0.743700
vn -0.531900 -0.385300 -0.754100
vn -0.269500 -0.195600 -0.942900
vn -0.261400 -0.186500 -0.947000
vn -0.024800 -0.017700 -0.999500
vn 0.015400 0.018300 -0.999700
vn 0.353900 0.255900 -0.899600
vn 0.584800 0.424100 -0.691500
vn 0.586900 0.427600 -0.687500
vn 0.739000 0.537100 -0.406800
vn 0.739500 0.538900 -0.403400
vn 0.809100 0.587500 -0.015000
vn -0.682100 -0.602800 -0.414000
vn -0.542800 -0.505500 -0.670700
vn -0.506000 -0.426400 -0.749800
vn -0.289000 -0.264900 -0.920000
vn 0.079900 0.068800 -0.994400
vn 0.287100 0.266600 -0.920100
vn 0.184400 0.137700 -0.973200
vn 0.386900 0.347700 -0.854000
vn 0.481900 0.404500 -0.777200
vn 0.533100 0.489400 -0.690100
vn 0.681300 0.589100 -0.434400
vn 0.684700 0.604900 -0.406600
vn 0.744200 0.658400 -0.112800
vn 0.747600 0.634200 -0.197200
vn -0.616100 -0.666200 -0.420200
vn -0.506900 -0.548700 -0.664800
vn -0.504000 -0.537200 -0.676400
vn -0.247300 -0.262200 -0.932800
vn -0.244500 -0.257100 -0.934900
vn -0.065800 -0.070600 -0.995300
vn 0.229200 0.243500 -0.942400
vn 0.409700 0.436200 -0.801200
vn 0.422600 0.467500 -0.776400
vn 0.577800 0.598900 -0.554500
vn 0.601300 0.672100 -0.432200
vn 0.675300 0.701600 -0.227700
vn 0.669500 0.734300 -0.112200
vn -0.547400 -0.722600 -0.422100
vn -0.452100 -0.598300 -0.661500
vn -0.450300 -0.586700 -0.673000
vn -0.247500 -0.323000 -0.913500
vn -0.036000 -0.048200 -0.998200
vn 0.056100 0.073400 -0.995700
vn 0.257200 0.336600 -0.905900
vn 0.256200 0.334800 -0.906800
vn 0.361000 0.471700 -0.804500
vn 0.362800 0.477800 -0.800100
vn 0.505600 0.665600 -0.549000
vn 0.505000 0.661800 -0.554000
vn 0.591300 0.774300 -0.225200
vn 0.589700 0.778400 -0.215400
vn -0.446400 -0.749800 -0.488400
vn -0.406700 -0.623000 -0.668200
vn -0.326400 -0.549800 -0.768900
vn -0.200200 -0.305800 -0.930800
vn -0.200100 -0.304400 -0.931300
vn -0.011800 -0.019600 -0.999700
vn 0.357800 0.593100 -0.721300
vn 0.177200 0.284900 -0.942000
vn 0.316300 0.508200 -0.801100
vn 0.315600 0.504400 -0.803800
vn 0.442500 0.708600 -0.549600
vn 0.442600 0.710000 -0.547700
vn 0.514400 0.827400 -0.225200
vn 0.512200 0.831600 -0.214700
vn -0.392300 -0.778300 -0.490300
vn -0.391200 -0.788700 -0.474300
vn -0.283600 -0.570800 -0.770600
vn -0.283700 -0.572300 -0.769400
vn -0.149800 -0.302400 -0.941300
vn -0.148900 -0.299000 -0.942600
vn -0.028500 -0.063500 -0.997600
vn 0.046200 0.093500 -0.994500
vn 0.186700 0.377600 -0.906900
vn 0.185500 0.374200 -0.908600
vn 0.267500 0.539600 -0.798300
vn 0.267300 0.537300 -0.800000
vn 0.371000 0.746700 -0.552100
vn 0.370800 0.749300 -0.548700
vn 0.432300 0.872800 -0.226600
vn 0.429500 0.877100 -0.214900
vn -0.316000 -0.811200 -0.492100
vn -0.313200 -0.824800 -0.470700
vn -0.226400 -0.596400 -0.770100
vn -0.226400 -0.594400 -0.771700
vn -0.138500 -0.363300 -0.921300
vn -0.025400 -0.072700 -0.997000
vn 0.119500 0.313000 -0.942200
vn 0.222900 0.584300 -0.780300
vn 0.224900 0.559700 -0.797600
vn 0.282500 0.785400 -0.550700
vn 0.336000 0.836200 -0.433500
vn 0.328700 0.919800 -0.214400
vn 0.358600 0.926800 -0.111500
vn -0.236000 -0.835900 -0.495600
vn -0.231200 -0.851600 -0.470500
vn -0.167700 -0.618500 -0.767700
vn -0.168100 -0.614200 -0.771100
vn -0.094600 -0.345800 -0.933500
vn -0.097100 -0.322400 -0.941600
vn 0.019700 0.088200 -0.995900
vn 0.112500 0.414100 -0.903300
vn 0.111100 0.396600 -0.911200
vn 0.149300 0.608600 -0.779300
vn 0.202900 0.676800 -0.707700
vn 0.230200 0.883700 -0.407500
vn 0.237100 0.870400 -0.431500
vn 0.258500 0.948500 -0.183200
vn 0.249400 0.962000 -0.110900
vn -0.154600 -0.854500 -0.496000
vn -0.148800 -0.868800 -0.472300
vn -0.108100 -0.631300 -0.767900
vn -0.108300 -0.630100 -0.768900
vn -0.057100 -0.331600 -0.941700
vn -0.057200 -0.329000 -0.942600
vn 0.000600 -0.015800 -0.999900
vn 0.000600 -0.015300 -0.999900
vn 0.036700 0.284500 -0.958000
vn 0.123000 0.614400 -0.779400
vn 0.103300 0.704100 -0.702500
vn 0.160800 0.886500 -0.433800
vn 0.153800 0.900300 -0.407100
vn 0.168400 0.985600 -0.016100
vn -0.072700 -0.863400 -0.499200
vn -0.064300 -0.879600 -0.471400
vn -0.046700 -0.638500 -0.768200
vn -0.047000 -0.637400 -0.769100
vn -0.028600 -0.387200 -0.921500
vn -0.004100 -0.018400 -0.999800
vn -0.003900 -0.020300 -0.999800
vn 0.021000 0.283200 -0.958800
vn 0.046300 0.624100 -0.779900
vn 0.046000 0.625000 -0.779300
vn 0.066100 0.898600 -0.433800
vn 0.065300 0.899500 -0.431900
vn 0.072100 0.991100 -0.112000
vn 0.092000 0.975500 -0.200100
vn 0.012200 -0.867200 -0.497700
vn 0.020900 -0.881100 -0.472500
vn 0.015200 -0.640200 -0.768100
vn 0.014700 -0.638700 -0.769300
vn 0.008200 -0.358200 -0.933600
vn -0.000900 -0.336600 -0.941600
vn 0.000900 0.107100 -0.994200
vn -0.012000 0.415800 -0.909400
vn -0.008900 0.395100 -0.918600
vn -0.013600 0.602700 -0.797800
vn -0.023300 0.626400 -0.779100
vn -0.002700 0.848100 -0.529800
vn -0.039000 0.901400 -0.431200
vn -0.021200 0.980300 -0.196200
vn -0.036100 0.993100 -0.111400
vn 0.095000 -0.862200 -0.497700
vn 0.106000 -0.876200 -0.470200
vn 0.076900 -0.635500 -0.768200
vn 0.076200 -0.634300 -0.769300
vn 0.039600 -0.329000 -0.943500
vn 0.040100 -0.330700 -0.942900
vn 0.010500 -0.074700 -0.997100
vn -0.039800 0.332000 -0.942400
vn -0.074500 0.621300 -0.780000
vn -0.061400 0.600700 -0.797100
vn -0.118800 0.840000 -0.529500
vn -0.090900 0.896400 -0.433900
vn -0.133900 0.989700 -0.050100
vn 0.176900 -0.848300 -0.499100
vn 0.190500 -0.862500 -0.468900
vn 0.138300 -0.625900 -0.767500
vn 0.137100 -0.623900 -0.769400
vn 0.081500 -0.370700 -0.925200
vn -0.019900 0.090200 -0.995700
vn -0.092200 0.417300 -0.904100
vn -0.085000 0.400400 -0.912400
vn -0.150600 0.608900 -0.778800
vn -0.135000 0.693700 -0.707600
vn -0.207200 0.889400 -0.407400
vn -0.194500 0.880700 -0.432000
vn -0.214300 0.970300 -0.111800
vn -0.190800 0.961100 -0.199800
vn 0.257500 -0.827200 -0.499300
vn 0.272300 -0.840000 -0.469400
vn 0.197600 -0.609400 -0.767800
vn 0.197100 -0.608800 -0.768500
vn 0.102000 -0.315300 -0.943500
vn 0.096400 -0.305700 -0.947200
vn 0.005600 -0.017800 -0.999800
vn 0.012300 -0.032000 -0.999400
vn -0.313600 0.899800 -0.303400
vn -0.110700 0.343800 -0.932500
vn -0.216600 0.673000 -0.707200
vn -0.219200 0.675400 -0.704100
vn -0.281900 0.868700 -0.407300
vn -0.282200 0.868900 -0.406600
vn -0.303700 0.935100 -0.182800
vn -0.318500 0.941400 -0.111300
vn 0.335600 -0.798200 -0.500200
vn 0.352800 -0.810500 -0.467600
vn 0.255500 -0.587200 -0.768100
vn 0.254600 -0.586200 -0.769100
vn 0.151100 -0.348100 -0.925200
vn -0.118800 0.315000 -0.941600
vn -0.166900 0.386500 -0.907100
vn -0.280200 0.648600 -0.707600
vn -0.283400 0.651200 -0.704000
vn -0.364500 0.837500 -0.407100
vn -0.364700 0.837600 -0.406700
vn -0.399200 0.916700 -0.016000
vn 0.429000 -0.788400 -0.440800
vn 0.414100 -0.777600 -0.473200
vn 0.333800 -0.579500 -0.743400
vn 0.309600 -0.558600 -0.769500
vn 0.160800 -0.290000 -0.943400
vn 0.153300 -0.281500 -0.947200
vn 0.010900 -0.020000 -0.999700
vn 0.019400 -0.031600 -0.999300
vn -0.157500 0.262600 -0.952000
vn -0.288100 0.555100 -0.780300
vn -0.360200 0.613300 -0.702900
vn -0.429600 0.792100 -0.433600
vn -0.443800 0.798500 -0.406700
vn -0.477600 0.859300 -0.182900
vn -0.465600 0.854500 -0.230200
vn 0.512600 -0.735700 -0.442600
vn 0.382000 -0.548500 -0.743800
vn 0.376100 -0.545300 -0.749100
vn 0.215600 -0.312800 -0.925000
vn -0.172200 0.271500 -0.946900
vn -0.183900 0.283100 -0.941300
vn -0.368300 0.506600 -0.779600
vn -0.385900 0.591400 -0.708000
vn -0.528000 0.746000 -0.405800
vn -0.512200 0.742500 -0.431600
vn -0.567700 0.823000 -0.016200
vn 0.581000 -0.681900 -0.444300
vn 0.436200 -0.511300 -0.740500
vn 0.425300 -0.506700 -0.749900
vn 0.210900 -0.251700 -0.944500
vn 0.204900 -0.247100 -0.947100
vn 0.022300 -0.026900 -0.999400
vn -0.261200 0.267400 -0.927500
vn -0.201500 0.239400 -0.949800
vn -0.453900 0.540200 -0.708600
vn -0.458000 0.541900 -0.704700
vn -0.590100 0.699500 -0.403100
vn -0.589100 0.699300 -0.404800
vn -0.633400 0.751400 -0.185000
vn -0.621000 0.749000 -0.230900
vn 0.649900 -0.629000 -0.426600
vn 0.482700 -0.466900 -0.740900
vn 0.475500 -0.464700 -0.746900
vn 0.271100 -0.264200 -0.925600
vn 0.015200 -0.014700 -0.999800
vn -0.702000 0.679100 -0.214700
vn -0.254800 0.242000 -0.936200
vn -0.415200 0.428900 -0.802300
vn -0.519600 0.484100 -0.704000
vn -0.594500 0.606000 -0.528600
vn -0.665900 0.628500 -0.401900
vn -0.704900 0.708000 -0.041800
vn 0.700500 -0.559000 -0.443700
vn 0.523200 -0.417400 -0.743000
vn 0.518000 -0.416300 -0.747200
vn 0.260300 -0.209100 -0.942600
vn 0.248800 -0.203400 -0.947000
vn 0.025700 -0.021000 -0.999500
vn -0.215500 0.193900 -0.957100
vn -0.336000 0.267600 -0.903000
vn -0.473700 0.378000 -0.795500
vn -0.466900 0.375800 -0.800500
vn -0.660700 0.530900 -0.530700
vn -0.661900 0.531000 -0.529100
vn -0.765300 0.614600 -0.191300
vn -0.754000 0.616200 -0.227700
vn 0.758700 -0.495000 -0.423500
vn 0.636900 -0.393400 -0.663000
vn 0.546400 -0.377900 -0.747400
vn 0.331400 -0.209600 -0.919900
vn -0.241500 0.140400 -0.960200
vn -0.412700 0.280200 -0.866700
vn -0.514900 0.323600 -0.793800
vn -0.598200 0.406400 -0.690700
vn -0.719600 0.448500 -0.530000
vn -0.758500 0.515800 -0.398200
vn -0.842500 0.536400 -0.049600
vn 0.795600 -0.419000 -0.437500
vn 0.675200 -0.356100 -0.646000
vn 0.654900 -0.354800 -0.667200
vn 0.434600 -0.213100 -0.875100
vn 0.318400 -0.181800 -0.930400
vn 0.205200 -0.104700 -0.973100
vn 0.001800 -0.002400 -1.000000
vn 0.021900 -0.009800 -0.999700
vn -0.637300 0.320400 -0.700800
vn -0.371500 0.169300 -0.912900
vn -0.531500 0.294100 -0.794400
vn -0.645800 0.327400 -0.689700
vn -0.739400 0.411800 -0.532600
vn -0.818900 0.413100 -0.398500
vn -0.867100 0.457700 -0.196500
vn -0.857500 0.459500 -0.231500
vn 0.818400 -0.307600 -0.485400
vn 0.825900 -0.313700 -0.468600
vn 0.698700 -0.298000 -0.650400
vn 0.594500 -0.230500 -0.770300
vn 0.442500 -0.196500 -0.875000
vn 0.329000 -0.128500 -0.935600
vn -0.003600 -0.003400 -1.000000
vn -0.287600 0.132500 -0.948500
vn -0.440100 0.180400 -0.879600
vn -0.557400 0.228300 -0.798300
vn -0.563800 0.228400 -0.793700
vn -0.787100 0.318900 -0.528100
vn -0.783800 0.319700 -0.532400
vn -0.923900 0.376400 -0.069100
vn 0.907200 -0.226800 -0.354200
vn 0.823700 -0.260300 -0.503800
vn 0.642800 -0.180300 -0.744500
vn 0.610200 -0.182200 -0.771000
vn 0.319800 -0.095100 -0.942700
vn 0.318400 -0.095000 -0.943200
vn 0.056900 -0.015300 -0.998300
vn -0.276600 0.095800 -0.956200
vn -0.583700 0.159900 -0.796100
vn -0.671700 0.219800 -0.707500
vn -0.818500 0.226600 -0.527800
vn -0.870800 0.275800 -0.406900
vn -0.954600 0.275800 -0.112300
vn -0.931500 0.300000 -0.205900
vn 0.880100 -0.170100 -0.443300
vn 0.656900 -0.126900 -0.743200
vn 0.650900 -0.128600 -0.748200
vn 0.373100 -0.073800 -0.924900
vn -0.062600 0.017100 -0.997900
vn -0.410000 0.074700 -0.909000
vn -0.375800 0.074700 -0.923700
vn -0.693500 0.137800 -0.707200
vn -0.697100 0.136700 -0.703800
vn -0.895900 0.175900 -0.408000
vn -0.896400 0.175600 -0.407000
vn -0.964800 0.189000 -0.182700
vn -0.977500 0.179100 -0.111600
vn 0.893200 -0.072000 -0.443800
vn 0.879800 -0.064500 -0.471000
vn 0.636500 -0.074000 -0.767700
vn 0.661000 -0.064800 -0.747600
vn 0.330000 -0.032400 -0.943400
vn 0.318800 -0.033700 -0.947200
vn 0.072700 -0.007700 -0.997300
vn -0.347900 0.027100 -0.937100
vn -0.598700 0.073800 -0.797600
vn -0.709500 0.052200 -0.702800
vn -0.842300 0.099500 -0.529800
vn -0.910700 0.073100 -0.406600
vn -0.992900 0.111100 -0.041800
vn 0.933500 0.038900 -0.356400
vn 0.864100 -0.015000 -0.503200
vn 0.668000 0.009900 -0.744100
vn 0.638900 -0.000700 -0.769300
vn 0.379700 -0.000400 -0.925100
vn 0.024100 0.001600 -0.999700
vn -0.222100 -0.000400 -0.975000
vn -0.399200 0.005300 -0.916800
vn -0.409900 0.003300 -0.912100
vn -0.605200 -0.013700 -0.795900
vn -0.706400 0.018200 -0.707600
vn -0.848200 -0.017000 -0.529400
vn -0.913100 0.015500 -0.407400
vn -0.993700 -0.008600 -0.112100
vn -0.978400 0.021100 -0.205600
vn -0.987900 -0.107900 -0.111400
vn -0.978500 -0.094700 -0.183000
vn -0.909100 -0.087900 -0.407100
vn -0.909400 -0.088100 -0.406600
vn -0.706900 -0.068700 -0.704000
vn -0.703400 -0.066400 -0.707700
vn -0.309900 -0.029400 -0.950300
vn 0.027300 0.002400 -0.999600
vn 0.319400 0.028200 -0.947200
vn 0.330200 0.031700 -0.943400
vn 0.661500 0.063400 -0.747300
vn 0.665400 0.065800 -0.743600
vn 0.892000 0.088300 -0.443300
vn 0.923000 0.136000 -0.359900
vn -0.981300 -0.191800 -0.016200
vn -0.896700 -0.175500 -0.406400
vn -0.897200 -0.176100 -0.405000
vn -0.696700 -0.136500 -0.704200
vn -0.693500 -0.133900 -0.707900
vn -0.316300 -0.061100 -0.946700
vn -0.387000 -0.103100 -0.916300
vn 0.373300 0.073000 -0.924800
vn 0.652300 0.127300 -0.747200
vn 0.629600 0.110200 -0.769000
vn 0.866500 0.190400 -0.461400
vn 0.877800 0.187900 -0.440600
vn -0.934800 -0.270200 -0.230400
vn -0.942200 -0.281100 -0.182200
vn -0.876900 -0.261400 -0.403500
vn -0.876400 -0.260700 -0.405000
vn -0.679600 -0.203900 -0.704700
vn -0.689900 -0.214000 -0.691500
vn -0.406200 -0.100100 -0.908300
vn -0.679800 -0.203400 -0.704600
vn -0.474300 -0.139400 -0.869300
vn 0.019900 0.004600 -0.999800
vn 0.038200 0.012200 -0.999200
vn 0.310600 0.089000 -0.946400
vn 0.325900 0.097300 -0.940400
vn 0.609700 0.182400 -0.771400
vn 0.612100 0.184200 -0.769000
vn 0.826100 0.247900 -0.506000
vn 0.810400 0.223300 -0.541700
vn 0.913900 0.312600 -0.258900
vn 0.275900 -0.959900 -0.049600
vn 0.070100 -0.845100 -0.529900
vn -0.038300 -0.847200 -0.529900
vn -0.084200 -0.598400 -0.796800
vn -0.131300 -0.588400 -0.797800
vn 0.050800 0.072300 -0.996100
vn 0.233500 0.209600 -0.949500
vn 0.762900 0.397700 -0.509800
vn 0.811700 0.352500 -0.465700
vn 0.825700 0.355000 -0.438400
vn 0.347700 -0.919400 -0.184000
vn 0.128500 -0.822000 -0.554800
vn 0.060000 -0.830000 -0.554500
vn -0.007000 -0.626800 -0.779100
vn -0.076500 -0.621100 -0.780000
vn -0.061100 -0.272800 -0.960100
vn -0.105600 -0.285300 -0.952600
vn -0.227700 -0.552600 -0.801800
vn 0.011900 0.032000 -0.999400
vn 0.191600 0.272600 -0.942900
vn 0.244900 0.297100 -0.922900
vn 0.588200 0.470200 -0.658000
vn 0.621200 0.427000 -0.657100
vn 0.732900 0.463500 -0.498000
vn 0.774100 0.430600 -0.464200
vn 0.429600 -0.902100 -0.041600
vn 0.323100 -0.855400 -0.404800
vn 0.226000 -0.885400 -0.406200
vn 0.240800 -0.812800 -0.530400
vn 0.141900 -0.835300 -0.531300
vn 0.043500 -0.603100 -0.796500
vn -0.015500 -0.602800 -0.797700
vn -0.044500 -0.360600 -0.931600
vn 0.005400 0.009600 -0.999900
vn 0.186800 0.261000 -0.947100
vn 0.403800 0.486400 -0.774900
vn 0.444300 0.450000 -0.774700
vn 0.548300 0.506900 -0.665100
vn 0.586300 0.465500 -0.663000
vn 0.770300 0.539300 -0.340200
vn 0.520200 -0.834100 -0.183700
vn 0.418600 -0.812300 -0.406100
vn 0.322900 -0.855300 -0.405300
vn 0.101300 -0.596500 -0.796200
vn 0.042800 -0.601500 -0.797700
vn -0.007300 -0.282400 -0.959300
vn -0.046200 -0.286800 -0.956900
vn 0.003300 0.017300 -0.999800
vn 0.089600 0.212300 -0.973100
vn 0.141300 0.301700 -0.942900
vn 0.182000 0.331200 -0.925800
vn 0.356100 0.501900 -0.788300
vn 0.398200 0.471600 -0.786800
vn 0.757900 0.602300 -0.250500
vn 0.653300 0.567200 -0.501500
vn 0.595800 -0.802000 -0.041900
vn 0.256400 -0.679300 -0.687600
vn 0.179300 -0.703800 -0.687400
vn 0.171600 -0.580600 -0.795900
vn 0.100500 -0.595000 -0.797400
vn 0.023700 -0.333300 -0.942500
vn 0.016500 -0.352400 -0.935700
vn 0.003900 0.025900 -0.999700
vn 0.312500 0.568400 -0.761100
vn 0.365400 0.536400 -0.760700
vn 0.562200 0.664500 -0.492300
vn 0.623100 0.637700 -0.452900
vn 0.641000 0.646800 -0.413400
vn 0.671900 -0.718800 -0.178300
vn 0.569800 -0.718400 -0.399000
vn 0.469600 -0.787400 -0.399300
vn 0.463000 -0.711200 -0.528900
vn 0.359200 -0.767700 -0.530600
vn 0.329800 -0.631400 -0.701800
vn 0.241500 -0.664000 -0.707700
vn 0.069200 -0.409900 -0.909500
vn 0.071600 0.324000 -0.943300
vn 0.104100 0.336800 -0.935800
vn 0.164600 0.456200 -0.874500
vn 0.181100 0.449300 -0.874900
vn 0.265200 0.577500 -0.772100
vn 0.310200 0.555100 -0.771800
vn 0.489800 0.717500 -0.495300
vn 0.560600 0.693500 -0.452600
vn 0.738100 -0.673400 -0.042400
vn 0.195900 -0.493300 -0.847500
vn 0.088300 -0.403500 -0.910700
vn 0.085400 -0.462300 -0.882600
vn 0.021900 -0.161400 -0.986600
vn 0.075600 -0.976000 -0.204100
vn -0.001000 0.024000 -0.999700
vn 0.001100 0.034900 -0.999400
vn 0.071600 0.322400 -0.943900
vn 0.423300 0.754700 -0.501200
vn 0.486500 0.739800 -0.464800
vn 0.798400 -0.575700 -0.176800
vn 0.694400 -0.595900 -0.403400
vn 0.611400 -0.680800 -0.403300
vn 0.589000 -0.604900 -0.535800
vn 0.497200 -0.683100 -0.535000
vn 0.448700 -0.570400 -0.688000
vn 0.372600 -0.623500 -0.687300
vn 0.331000 -0.510600 -0.793500
vn 0.255400 -0.551500 -0.794100
vn 0.101400 -0.318700 -0.942400
vn 0.056000 -0.132000 -0.989700
vn 0.010500 0.320600 -0.947200
vn 0.045800 0.376300 -0.925300
vn 0.138900 0.624500 -0.768600
vn 0.188100 0.612900 -0.767400
vn 0.245600 0.717900 -0.651300
vn 0.292700 0.701000 -0.650300
vn 0.365200 0.793100 -0.487500
vn 0.416200 0.785100 -0.458700
vn 0.187900 -0.378100 -0.906500
vn -0.011700 0.066300 -0.997700
vn 0.008400 0.331400 -0.943400
vn 0.077300 0.633300 -0.770000
vn 0.138900 0.624300 -0.768700
vn 0.354200 0.881400 -0.312600
vn 0.730200 -0.549500 -0.406100
vn 0.695500 -0.482400 -0.532500
vn 0.619700 -0.576200 -0.532900
vn 0.549300 -0.473100 -0.688800
vn 0.485200 -0.537800 -0.689500
vn 0.425400 -0.438800 -0.791500
vn 0.357700 -0.491300 -0.794100
vn 0.318300 -0.413200 -0.853200
vn 0.197200 -0.360000 -0.911900
vn 0.209300 -0.409900 -0.887800
vn 0.071100 -0.155700 -0.985200
vn -0.022200 0.073800 -0.997000
vn -0.050700 0.317700 -0.946800
vn -0.027000 0.378700 -0.925100
vn 0.016100 0.638900 -0.769100
vn 0.076700 0.636000 -0.767900
vn 0.188500 0.846900 -0.497300
vn 0.252100 0.848200 -0.465900
vn 0.274600 0.878000 -0.392000
vn 0.127400 -0.198900 -0.971700
vn 0.169700 -0.327700 -0.929400
vn -0.010800 0.018300 -0.999800
vn -0.057100 0.333700 -0.940900
vn -0.045400 0.637400 -0.769200
vn 0.015700 0.640200 -0.768100
vn 0.104200 0.862100 -0.495900
vn 0.175500 0.870100 -0.460600
vn 0.561600 -0.427200 -0.708600
vn 0.516500 -0.365600 -0.774300
vn 0.396800 -0.384800 -0.833400
vn 0.429400 -0.441800 -0.787700
vn 0.275900 -0.282600 -0.918700
vn -0.011400 0.019300 -0.999700
vn -0.110900 0.317600 -0.941700
vn -0.101200 0.375500 -0.921300
vn -0.107600 0.630400 -0.768800
vn -0.046100 0.638900 -0.767900
vn 0.021300 0.867400 -0.497200
vn 0.091300 0.881100 -0.464100
vn 0.169400 -0.192600 -0.966500
vn -0.033000 0.035400 -0.998800
vn -0.146000 0.295400 -0.944200
vn -0.124700 0.332900 -0.934700
vn -0.165900 0.615600 -0.770400
vn -0.107700 0.630700 -0.768500
vn -0.062300 0.865200 -0.497600
vn 0.007100 0.884900 -0.465800
vn 0.262800 -0.203900 -0.943000
vn 0.000200 0.005900 -1.000000
vn -0.007100 0.009400 -0.999900
vn -0.145700 0.295000 -0.944300
vn -0.226400 0.601900 -0.765800
vn -0.169700 0.621100 -0.765200
vn -0.146500 0.855900 -0.496000
vn -0.078600 0.882100 -0.464500
vn 0.339600 -0.240000 -0.909400
vn 0.049600 -0.041900 -0.997900
vn -0.211700 0.282000 -0.935800
vn -0.212000 0.326100 -0.921300
vn -0.284100 0.574700 -0.767500
vn -0.226500 0.602000 -0.765700
vn -0.228400 0.837800 -0.495900
vn -0.162300 0.869300 -0.466900
vn -0.042300 0.038100 -0.998400
vn -0.177800 0.256100 -0.950200
vn -0.324300 0.546100 -0.772400
vn -0.280100 0.570900 -0.771800
vn -0.305900 0.812100 -0.496900
vn -0.244500 0.849000 -0.468400
vn -0.236800 0.213400 -0.947800
vn -0.256600 0.276500 -0.926100
vn -0.384700 0.781600 -0.491100
vn -0.325200 0.823200 -0.465400
vn -0.245500 0.218200 -0.944500
vn -0.434500 0.469000 -0.768900
vn -0.397400 0.500900 -0.768900
vn -0.436200 0.599200 -0.671400
vn -0.407300 0.621100 -0.669500
vn -0.448800 0.752100 -0.482600
vn -0.403700 0.790000 -0.461500
vn -0.306500 0.221900 -0.925600
vn -0.475500 0.422100 -0.771900
vn -0.432500 0.468000 -0.770600
vn -0.511600 0.788900 -0.340400
vn -0.516400 0.374700 -0.770000
vn -0.479400 0.423700 -0.768600
vn -0.593500 0.640300 -0.487700
vn -0.551300 0.689200 -0.470100
vn -0.564900 0.738700 -0.367600
vn -0.517900 0.375100 -0.768800
vn -0.653000 0.578400 -0.488900
vn -0.604900 0.642100 -0.471100
vn -0.706100 0.512100 -0.489000
vn -0.667000 0.579400 -0.468500
vn -0.762800 0.440400 -0.473500
vn -0.750400 0.441900 -0.491500
vn -0.552200 0.325300 -0.767700
vn -0.549600 0.324800 -0.769700
vn -0.284700 0.168300 -0.943700
vn -0.275500 0.165300 -0.947000
vn -0.062900 0.037800 -0.997300
vn 0.303600 -0.171300 -0.937300
vn 0.511000 -0.318800 -0.798300
vn 0.620200 -0.345800 -0.704100
vn 0.722100 -0.445600 -0.529200
vn 0.795600 -0.450300 -0.405200
vn 0.853700 -0.519100 -0.041700
vn -0.826600 0.375100 -0.419600
vn -0.784200 0.381400 -0.489400
vn -0.601700 0.272000 -0.751000
vn -0.579800 0.270100 -0.768700
vn -0.343900 0.160200 -0.925200
vn -0.024000 0.009800 -0.999700
vn 0.413600 -0.185800 -0.891300
vn 0.079400 -0.052000 -0.995500
vn 0.357200 -0.174900 -0.917500
vn 0.397800 -0.202400 -0.894900
vn 0.553200 -0.244000 -0.796500
vn 0.653800 -0.318800 -0.686200
vn 0.776400 -0.342100 -0.529300
vn 0.821700 -0.399000 -0.406800
vn 0.894100 -0.411700 -0.176300
vn 0.879500 -0.417900 -0.227800
vn -0.856600 0.298700 -0.420700
vn -0.852200 0.300800 -0.428000
vn -0.623200 0.219700 -0.750600
vn -0.622500 0.219800 -0.751100
vn -0.312700 0.110400 -0.943400
vn -0.301400 0.109000 -0.947200
vn -0.031100 0.011200 -0.999500
vn 0.297600 -0.120300 -0.947100
vn 0.424500 -0.132300 -0.895700
vn 0.663200 -0.243700 -0.707600
vn 0.687200 -0.241900 -0.685000
vn 0.861500 -0.303200 -0.407400
vn 0.861400 -0.303200 -0.407400
vn 0.943200 -0.332000 -0.016000
vn -0.880400 0.215800 -0.422300
vn -0.878000 0.217200 -0.426500
vn -0.641700 0.158600 -0.750400
vn -0.640900 0.158700 -0.751100
vn -0.368600 0.091300 -0.925100
vn 0.304700 -0.055200 -0.950900
vn 0.484500 -0.131800 -0.864800
vn 0.728200 -0.167700 -0.664500
vn 0.685100 -0.182900 -0.705100
vn 0.890700 -0.204300 -0.406200
vn 0.932900 -0.253800 -0.255700
vn 0.944400 -0.247300 -0.216700
vn -0.896200 0.131200 -0.423800
vn -0.895600 0.131600 -0.424900
vn -0.654100 0.096000 -0.750300
vn -0.653400 0.096200 -0.750900
vn -0.333000 0.049000 -0.941600
vn -0.318000 0.050000 -0.946800
vn -0.031100 0.003700 -0.999500
vn -0.025100 0.003500 -0.999700
vn 0.548400 -0.077600 -0.832600
vn 0.405200 -0.037200 -0.913500
vn 0.616800 -0.108200 -0.779600
vn 0.743200 -0.087300 -0.663300
vn 0.888000 -0.152300 -0.433900
vn 0.963500 -0.114900 -0.241800
vn 0.982300 -0.150200 -0.111900
vn -0.909700 0.041500 -0.413200
vn -0.904900 0.045600 -0.423300
vn -0.664800 0.030700 -0.746400
vn -0.659700 0.032700 -0.750800
vn -0.387800 0.019200 -0.921500
vn -0.036700 0.001400 -0.999300
vn 0.290300 -0.030200 -0.956500
vn 0.478900 -0.023900 -0.877500
vn 0.602000 -0.030000 -0.797900
vn 0.626400 -0.022100 -0.779200
vn 0.846200 -0.058700 -0.529700
vn 0.901900 -0.026400 -0.431200
vn 0.979300 -0.049900 -0.196200
vn 0.993100 -0.036000 -0.111300
vn 0.001500 -0.002600 -1.000000
vn 0.003200 0.000900 -1.000000
vn 0.003300 0.000800 -1.000000
vn 0.003300 0.000500 -1.000000
vn 0.000100 0.001800 -1.000000
vn 0.000000 -0.000000 -1.000000
vn 0.002400 -0.003400 -1.000000
vn 0.003300 -0.001000 -1.000000
vn -0.000200 0.001900 -1.000000
vn 0.001600 0.003100 -1.000000
vn 0.001700 0.002900 -1.000000
vn 0.001500 0.002800 -1.000000
vn 0.002100 0.002700 -1.000000
vn 0.002200 0.002400 -1.000000
vn -0.003100 0.000600 -1.000000
vn 0.008300 0.001300 -1.000000
vn -0.001900 0.003600 -1.000000
vn 0.004200 0.002500 -1.000000
vn 0.000300 -0.003600 -1.000000
vn -0.000000 -0.000100 -1.000000
vn -0.000100 -0.000100 -1.000000
vn -0.000100 -0.000000 -1.000000
vn -0.005300 -0.000200 -1.000000
vn -0.003200 -0.001900 -1.000000
vn -0.005300 -0.002200 -1.000000
vn -0.000500 -0.003100 -1.000000
vn -0.001700 -0.002300 -1.000000
vn 0.000300 -0.003300 -1.000000
vn 0.002800 -0.000000 -1.000000
vn -0.004000 -0.002500 -1.000000
vn 0.348900 0.795600 -0.495300
vn 0.345100 0.307000 0.886900
vn 0.358800 0.215500 0.908200
vn 0.354600 0.134000 0.925400
vn 0.375500 0.037100 0.926100
vn 0.360600 -0.045500 0.931600
vn 0.359400 -0.133500 0.923600
vn 0.369000 -0.388200 0.844500
vn 0.337300 -0.472100 0.814400
vn 0.331900 -0.618400 0.712300
vn 0.351500 -0.677300 0.646300
vn 0.366900 -0.787200 0.495700
vn 0.380900 -0.821500 0.424300
vn 0.381200 -0.860500 0.338000
vn 0.375400 -0.889600 0.260000
vn 0.360200 -0.915600 0.178900
vn 0.367800 -0.926000 0.085000
vn 0.387000 -0.922100 -0.003400
vn 0.383700 -0.918700 -0.093700
vn 0.367200 -0.913800 -0.173800
vn 0.385700 -0.883500 -0.265700
vn 0.388000 -0.856300 -0.341000
vn 0.395200 -0.815200 -0.423500
vn 0.379500 -0.776400 -0.503100
vn 0.393400 -0.721000 -0.570400
vn 0.369400 -0.668500 -0.645500
vn 0.383000 -0.606300 -0.696900
vn 0.382900 -0.533900 -0.753900
vn 0.396400 -0.454800 -0.797500
vn 0.410500 -0.381900 -0.828000
vn 0.411500 -0.300900 -0.860300
vn 0.414400 -0.216800 -0.883900
vn 0.404700 -0.131800 -0.904900
vn 0.409300 -0.041100 -0.911500
vn 0.228600 -0.579000 0.782600
vn 0.214500 -0.837000 0.503400
vn 0.112500 -0.924800 0.363400
vn 0.216200 -0.961800 0.168100
vn 0.139200 -0.986900 0.081700
vn 0.228200 -0.972200 0.053300
vn 0.200000 -0.978800 -0.044800
vn 0.140600 -0.989600 -0.030800
vn 0.406400 -0.913700 -0.007000
vn 0.050200 -0.993000 -0.106900
vn 0.406900 -0.904800 -0.125500
vn 0.529100 -0.844200 -0.085300
vn 0.183700 -0.961400 -0.204800
vn 0.215400 -0.957300 -0.193100
vn 0.555000 -0.809600 -0.191000
vn 0.529700 -0.828200 -0.183100
vn 0.798300 -0.587900 -0.130800
vn 0.218200 -0.923700 -0.314900
vn 0.229100 -0.920300 -0.317300
vn 0.529300 -0.809600 -0.253700
vn 0.555400 -0.790700 -0.257600
vn 0.793500 -0.578800 -0.188100
vn 0.799700 -0.570000 -0.188400
vn 0.040400 -0.909700 -0.413300
vn 0.430400 -0.834200 -0.344700
vn 0.529000 -0.770700 -0.355300
vn 0.780400 -0.576400 -0.242200
vn 0.794500 -0.557300 -0.241400
vn 0.943600 -0.303300 -0.132800
vn 0.109700 -0.874500 -0.472500
vn 0.180600 -0.859600 -0.477900
vn 0.410500 -0.797200 -0.442700
vn 0.432900 -0.784200 -0.444600
vn 0.688200 -0.640900 -0.340100
vn 0.780600 -0.537400 -0.319100
vn 0.876100 -0.425400 -0.226900
vn 0.909100 -0.364400 -0.201900
vn 0.990500 -0.122800 -0.061900
vn 0.110000 -0.814300 -0.569900
vn 0.211100 -0.814600 -0.540200
vn 0.411700 -0.741200 -0.530300
vn 0.550900 -0.693200 -0.464600
vn 0.689400 -0.588300 -0.422700
vn 0.782600 -0.517200 -0.346400
vn 0.910300 -0.330100 -0.249800
vn 0.219900 -0.736400 -0.639800
vn 0.225400 -0.734600 -0.639900
vn 0.415200 -0.705100 -0.574900
vn 0.551200 -0.630400 -0.546700
vn 0.685600 -0.564300 -0.460000
vn 0.839200 -0.399800 -0.368700
vn 0.887900 -0.362600 -0.283000
vn 0.990800 -0.101000 -0.089500
vn 0.013700 -0.696000 -0.717900
vn 0.415100 -0.635300 -0.651300
vn 0.417100 -0.634100 -0.651100
vn 0.690000 -0.505700 -0.517800
vn 0.686600 -0.509000 -0.519200
vn 0.882400 -0.327100 -0.338200
vn 0.823800 -0.412200 -0.389300
vn 0.975900 -0.145400 -0.163000
vn 0.999700 -0.020700 -0.013000
vn 0.999500 0.021100 0.022000
vn 0.946500 0.223600 0.232900
vn 0.165100 -0.623300 -0.764400
vn 0.213300 -0.626500 -0.749600
vn 0.414400 -0.557900 -0.719000
vn 0.555800 -0.529700 -0.640800
vn 0.691300 -0.442000 -0.571600
vn 0.800900 -0.385300 -0.458300
vn 0.911100 -0.242900 -0.332900
vn 0.916700 -0.246200 -0.314600
vn 0.999900 0.008900 0.006200
vn 0.917900 0.242800 0.313700
vn 0.110000 -0.553100 -0.825800
vn 0.226900 -0.519800 -0.823600
vn 0.403500 -0.512400 -0.758100
vn 0.556300 -0.443600 -0.702600
vn 0.701700 -0.403100 -0.587500
vn 0.802200 -0.311700 -0.509200
vn 0.950000 -0.179300 -0.255500
vn 0.930700 -0.223900 -0.289100
vn 0.999400 0.019100 0.029700
vn 0.951400 0.166300 0.259100
vn 0.926200 0.217400 0.308000
vn 0.758800 0.351700 0.548200
vn 0.198000 -0.436700 -0.877500
vn 0.110200 -0.461600 -0.880200
vn 0.407000 -0.424200 -0.808900
vn 0.404800 -0.425400 -0.809400
vn 0.681000 -0.340500 -0.648300
vn 0.706500 -0.319600 -0.631400
vn 0.860300 -0.246000 -0.446600
vn 0.946100 -0.133500 -0.295000
vn 0.922500 0.168600 0.347300
vn 0.759500 0.308000 0.573000
vn 0.666700 0.328000 0.669300
vn 0.012900 -0.377000 -0.926100
vn 0.409300 -0.342900 -0.845500
vn 0.407100 -0.344000 -0.846100
vn 0.683500 -0.275100 -0.676200
vn 0.682200 -0.276000 -0.677000
vn 0.901900 -0.161900 -0.400400
vn 0.877500 -0.186600 -0.441800
vn 0.999700 0.009500 0.020300
vn 0.999600 0.011600 0.023800
vn 0.946600 0.122200 0.298200
vn 0.931700 0.140500 0.335000
vn 0.873300 0.168600 0.457100
vn 0.650400 0.293300 0.700700
vn 0.665000 0.281900 0.691600
vn 0.410900 -0.041800 -0.910700
vn 0.669800 -0.052500 -0.740700
vn 0.749500 -0.015200 -0.661800
vn 0.926000 -0.025400 -0.376700
vn 0.941600 -0.007300 -0.336500
vn 0.932700 0.045300 0.357700
vn 0.959300 0.013200 0.282200
vn 0.779900 0.029300 0.625300
vn 0.796900 0.017800 0.603900
vn 0.529500 0.057700 0.846400
vn 0.433800 0.025800 0.900600
vn 0.050100 0.061800 0.996800
vn 0.424900 -0.138100 -0.894700
vn 0.673900 -0.094300 -0.732800
vn 0.745700 -0.110000 -0.657100
vn 0.949500 -0.032200 -0.312100
vn 0.932300 -0.052200 -0.357900
vn 0.999300 -0.007000 -0.036400
vn 0.999900 -0.001600 -0.016400
vn 0.800200 0.090100 0.592900
vn 0.911200 0.038100 0.410100
vn 0.778200 0.106800 0.618900
vn 0.685900 0.090100 0.722100
vn 0.406200 0.142800 0.902600
vn 0.432100 0.130100 0.892400
vn 0.183000 0.141900 0.972800
vn 0.230200 0.132300 0.964100
vn 0.424300 -0.220200 -0.878300
vn 0.746500 -0.162200 -0.645300
vn 0.750900 -0.158700 -0.641100
vn 0.925900 -0.090700 -0.366800
vn 0.986500 0.037800 0.159200
vn 0.870300 0.122100 0.477100
vn 0.881200 0.112500 0.459100
vn 0.685100 0.173300 0.707500
vn 0.685800 0.172900 0.707000
vn 0.409600 0.216800 0.886200
vn 0.404800 0.218900 0.887800
vn 0.016500 0.239300 0.970800
vn 0.425000 -0.305000 -0.852300
vn 0.751200 -0.221100 -0.622000
vn 0.753700 -0.218800 -0.619700
vn 0.940400 -0.113400 -0.320700
vn 0.946900 -0.103500 -0.304500
vn 0.995300 -0.032000 -0.091200
vn 0.989300 0.059400 0.133100
vn 0.901600 0.144100 0.407900
vn 0.663400 0.248400 0.705800
vn 0.685300 0.231000 0.690700
vn 0.408600 0.317000 0.855900
vn 0.257000 0.298700 0.919100
vn 0.217000 0.310800 0.925400
vn 0.423400 -0.384600 -0.820300
vn 0.747900 -0.282900 -0.600400
vn 0.756600 -0.274400 -0.593500
vn 0.920500 -0.163800 -0.354600
vn 0.998200 -0.026000 -0.054300
vn 0.906500 0.160600 0.390400
vn 0.867400 0.205500 0.453200
vn 0.697300 0.296800 0.652400
vn 0.662700 0.323600 0.675400
vn 0.403100 0.372300 0.836000
vn 0.242800 0.431200 0.869000
vn 0.173200 0.421700 0.890000
vn 0.416800 -0.459500 -0.784300
vn 0.669600 -0.392800 -0.630300
vn 0.754200 -0.317300 -0.574900
vn 0.926300 -0.196700 -0.321400
vn 0.941400 -0.163300 -0.295100
vn 1.000000 -0.006800 -0.007100
vn 0.964400 0.132600 0.229000
vn 0.941200 0.165300 0.294700
vn 0.866500 0.264500 0.423400
vn 0.776900 0.311000 0.547400
vn 0.697600 0.379400 0.607800
vn 0.423800 0.452400 0.784700
vn 0.403000 0.463400 0.789200
vn 0.020100 0.506800 0.861800
vn 0.418900 -0.537200 -0.732100
vn 0.669200 -0.439400 -0.599300
vn 0.675700 -0.433300 -0.596400
vn 0.932500 -0.211900 -0.292500
vn 0.932500 -0.211800 -0.292400
vn 0.999300 -0.023100 -0.028900
vn 1.000000 0.003700 0.000100
vn 0.953100 0.166100 0.253100
vn 0.777500 0.379200 0.501700
vn 0.712200 0.396700 0.579100
vn 0.409100 0.542200 0.733900
vn 0.421400 0.534800 0.732400
vn 0.111000 0.584900 0.803400
vn 0.204100 0.558200 0.804200
vn 0.408000 -0.606100 -0.682800
vn 0.666100 -0.495900 -0.557100
vn 0.677300 -0.485100 -0.553100
vn 0.915600 -0.265300 -0.302200
vn 0.990800 0.086200 0.104300
vn 0.910300 0.284100 0.301000
vn 0.926100 0.255000 0.278200
vn 0.778800 0.405000 0.479000
vn 0.704000 0.485100 0.518800
vn 0.422600 0.596000 0.682800
vn 0.410200 0.603100 0.684200
vn 0.188300 0.650200 0.736000
vn 0.110300 0.668100 0.735900
vn 0.427900 -0.667600 -0.609300
vn 0.673100 -0.533100 -0.512600
vn 0.742900 -0.499200 -0.446100
vn 0.954100 -0.209400 -0.214200
vn 0.936200 -0.254900 -0.242000
vn 0.992700 -0.089900 -0.080700
vn 0.916800 0.276600 0.288100
vn 0.777100 0.473600 0.414400
vn 0.668300 0.533600 0.518400
vn 0.399100 0.677400 0.617900
vn 0.420800 0.664000 0.618100
vn 0.018400 0.732200 0.680900
vn 0.422600 -0.720900 -0.549300
vn 0.654400 -0.612300 -0.443700
vn 0.748600 -0.519700 -0.411700
vn 0.873900 -0.396000 -0.281800
vn 0.996300 -0.067500 -0.052300
vn 0.990600 0.108400 0.083000
vn 0.875000 0.386200 0.291700
vn 0.890200 0.359200 0.280100
vn 0.687000 0.571900 0.448300
vn 0.668800 0.589700 0.452700
vn 0.409000 0.723700 0.555800
vn 0.398900 0.729400 0.555800
vn 0.109900 0.790400 0.602700
vn 0.203600 0.764900 0.611100
vn 0.433300 -0.769500 -0.469100
vn 0.658500 -0.633700 -0.406000
vn 0.744300 -0.574500 -0.340700
vn 0.879200 -0.394900 -0.266400
vn 0.936600 -0.300900 -0.179800
vn 0.999700 -0.019600 -0.011800
vn 0.883600 0.401000 0.241900
vn 0.914000 0.356000 0.194600
vn 0.776600 0.526200 0.346300
vn 0.682500 0.628900 0.372400
vn 0.435500 0.759800 0.482800
vn 0.410700 0.774200 0.481600
vn 0.187500 0.833800 0.519300
vn 0.109300 0.850700 0.514200
vn 0.433000 -0.809900 -0.395700
vn 0.743100 -0.601500 -0.293400
vn 0.750900 -0.591700 -0.293400
vn 0.941300 -0.302700 -0.149700
vn 0.943400 -0.296700 -0.148200
vn 0.997600 -0.063300 -0.028500
vn 0.994900 0.092500 0.040300
vn 0.902600 0.383800 0.194900
vn 0.880900 0.423900 0.210600
vn 0.776000 0.564900 0.280500
vn 0.778000 0.562200 0.280500
vn 0.437200 0.805200 0.400600
vn 0.431800 0.808600 0.399700
vn 0.018000 0.896600 0.442500
vn 0.427800 -0.847000 -0.315600
vn 0.745300 -0.624800 -0.232800
vn 0.751200 -0.617400 -0.233600
vn 0.921200 -0.363900 -0.138000
vn 0.997000 -0.072600 -0.025400
vn 0.941700 0.313600 0.122000
vn 0.801200 0.557700 0.216800
vn 0.774700 0.593900 0.216900
vn 0.532000 0.785300 0.316500
vn 0.434000 0.848400 0.303100
vn 0.197200 0.915700 0.350100
vn 0.230600 0.906800 0.352800
vn 0.425200 -0.873300 -0.237700
vn 0.667100 -0.723700 -0.176900
vn 0.751000 -0.632300 -0.190300
vn 0.925700 -0.366800 -0.092800
vn 0.941200 -0.323600 -0.097600
vn 0.995900 0.088400 0.019700
vn 0.903500 0.413600 0.112300
vn 0.904100 0.412300 0.112100
vn 0.800100 0.578800 0.157500
vn 0.799300 0.580000 0.157400
vn 0.531300 0.817500 0.222000
vn 0.532300 0.816800 0.222300
vn 0.069000 0.962500 0.262300
vn 0.427100 -0.892500 -0.145100
vn 0.671700 -0.728000 -0.136900
vn 0.745100 -0.659800 -0.097500
vn 0.947200 -0.313700 -0.066000
vn 0.931900 -0.357300 -0.062200
vn 0.999900 -0.015800 0.000600
vn 0.999900 -0.015300 0.000600
vn 0.957100 0.285700 0.048700
vn 0.799400 0.592300 0.101000
vn 0.799000 0.592900 0.100800
vn 0.551600 0.822300 0.139800
vn 0.529900 0.837300 0.134300
vn 0.227800 0.956800 0.180800
vn 0.218000 0.959500 0.178200
vn 0.433100 -0.899300 -0.060400
vn 0.743200 -0.667600 -0.044800
vn 0.751000 -0.658500 -0.048600
vn 0.921600 -0.387000 -0.028600
vn 0.999800 -0.018200 -0.004100
vn 0.999800 -0.020300 -0.003900
vn 0.959100 0.282700 0.012900
vn 0.789200 0.613400 0.030500
vn 0.796700 0.603600 0.031600
vn 0.685300 0.725200 0.066500
vn 0.552000 0.832500 0.047800
vn 0.407200 0.909900 0.079500
vn 0.214000 0.975400 0.052300
vn 0.112000 0.990600 0.078700
vn 0.426200 -0.904300 0.021900
vn 0.667500 -0.743700 0.037200
vn 0.749000 -0.662500 -0.000800
vn 0.925900 -0.377300 0.016400
vn 0.941700 -0.336500 -0.000900
vn 0.994200 0.107300 0.001000
vn 0.889000 0.457800 -0.013800
vn 0.836200 0.548300 0.010400
vn 0.684200 0.728700 -0.030000
vn 0.530000 0.848000 -0.002600
vn 0.406400 0.912900 -0.037100
vn 0.196100 0.980400 -0.021300
vn 0.111400 0.993100 -0.036100
vn 0.423700 -0.898900 0.111700
vn 0.643800 -0.759300 0.094500
vn 0.672300 -0.735900 0.080400
vn 0.875100 -0.478500 0.072100
vn 0.929800 -0.366700 0.032400
vn 0.973400 -0.226300 0.035000
vn 0.997900 -0.064800 0.008000
vn 0.945200 0.324500 -0.035700
vn 0.797100 0.600000 -0.068300
vn 0.784300 0.615800 -0.074900
vn 0.529500 0.842100 -0.102200
vn 0.530200 0.841700 -0.101800
vn 0.068600 0.990400 -0.119900
vn 0.427600 -0.881100 0.201800
vn 0.650200 -0.744100 0.153400
vn 0.742400 -0.650700 0.159500
vn 0.874900 -0.476100 0.089000
vn 0.941700 -0.326900 0.079800
vn 0.995400 0.094800 -0.014500
vn 0.909100 0.406600 -0.090700
vn 0.867800 0.486800 -0.099600
vn 0.794100 0.590800 -0.142600
vn 0.685000 0.714200 -0.144200
vn 0.529100 0.824700 -0.199900
vn 0.407000 0.895100 -0.182000
vn 0.111500 0.968400 -0.223100
vn 0.205600 0.959900 -0.190500
vn 0.431000 -0.856700 0.283300
vn 0.742800 -0.635600 0.210300
vn 0.748100 -0.630900 0.205600
vn 0.943500 -0.314900 0.102600
vn 0.943600 -0.314800 0.102500
vn 0.997200 0.074000 -0.006500
vn 0.911600 0.384900 -0.144500
vn 0.804900 0.568900 -0.169100
vn 0.684900 0.688900 -0.237300
vn 0.553000 0.796400 -0.244600
vn 0.405600 0.865300 -0.294500
vn 0.228000 0.931100 -0.284800
vn 0.110900 0.942100 -0.316600
vn 0.434900 -0.823700 0.363800
vn 0.747900 -0.607100 0.268400
vn 0.750200 -0.605300 0.266100
vn 0.924300 -0.349300 0.153600
vn 0.994000 0.100900 -0.042700
vn 0.874600 0.446600 -0.189000
vn 0.874100 0.447400 -0.189300
vn 0.804400 0.538400 -0.251100
vn 0.683600 0.674100 -0.279900
vn 0.551400 0.759400 -0.345400
vn 0.404800 0.843300 -0.353500
vn 0.214200 0.887900 -0.407300
vn 0.168900 0.900600 -0.400500
vn 0.429600 -0.788700 0.439800
vn 0.637700 -0.664500 0.389500
vn 0.752900 -0.584400 0.302800
vn 0.868300 -0.429100 0.248800
vn 0.942700 -0.295100 0.155300
vn 0.975000 -0.192800 0.110100
vn 0.999900 -0.014500 0.006900
vn 0.999600 -0.023900 0.013700
vn 0.782700 0.543500 -0.303300
vn 0.916400 0.338500 -0.213400
vn 0.799800 0.531400 -0.279200
vn 0.681900 0.633100 -0.366300
vn 0.525000 0.752400 -0.397800
vn 0.403800 0.792600 -0.456800
vn 0.042600 0.880700 -0.471800
vn 0.353400 -0.731100 0.583600
vn 0.428800 -0.745400 0.510400
vn 0.652600 -0.625400 0.427800
vn 0.642000 -0.630500 0.436300
vn 0.833500 -0.454500 0.314000
vn 0.971500 0.199700 -0.127400
vn 0.853000 0.422100 -0.307100
vn 0.784600 0.501500 -0.364400
vn 0.797300 0.489900 -0.352600
vn 0.683600 0.609000 -0.402300
vn 0.524700 0.691500 -0.496500
vn 0.409500 0.759100 -0.506000
vn 0.112100 0.812300 -0.572400
vn 0.208200 0.816700 -0.538200
vn 0.421800 -0.688500 0.589900
vn 0.655100 -0.573500 0.491900
vn 0.660100 -0.571700 0.487200
vn 0.870800 -0.387000 0.303200
vn 0.933700 -0.271200 0.233600
vn 0.951000 -0.236200 0.199300
vn 0.999700 -0.016800 0.016500
vn 0.939300 0.246300 -0.239100
vn 0.814400 0.463600 -0.349200
vn 0.680400 0.550500 -0.483700
vn 0.433700 0.694300 -0.574300
vn 0.409100 0.697600 -0.588200
vn 0.182400 0.751500 -0.634000
vn 0.111600 0.751700 -0.650000
vn 0.414800 -0.636900 0.649900
vn 0.677600 -0.514300 0.525700
vn 0.662000 -0.518500 0.541200
vn 0.916500 -0.276600 0.289100
vn 0.999800 -0.014800 0.015300
vn 0.262400 0.671200 -0.693300
vn 0.943500 0.235600 -0.233000
vn 0.805000 0.420100 -0.418900
vn 0.763100 0.446300 -0.467500
vn 0.526600 0.605800 -0.596500
vn 0.430300 0.618200 -0.657800
vn 0.041300 0.708400 -0.704600
vn 0.348400 -0.542400 0.764500
vn 0.418000 -0.563300 0.712700
vn 0.635800 -0.478700 0.605400
vn 0.683700 -0.467100 0.560700
vn 0.875400 -0.294300 0.383500
vn 0.928600 -0.242900 0.280500
vn 0.973200 -0.142000 0.180800
vn 0.999600 -0.019100 0.022500
vn 0.959000 0.189500 -0.210600
vn 0.898800 0.270700 -0.344900
vn 0.780000 0.386300 -0.492200
vn 0.803000 0.376500 -0.462000
vn 0.562200 0.521900 -0.641500
vn 0.525500 0.526300 -0.668400
vn 0.227200 0.623000 -0.748500
vn 0.217700 0.622100 -0.752100
vn 0.423600 -0.496100 0.758000
vn 0.666400 -0.408100 0.624100
vn 0.642800 -0.409600 0.647300
vn 0.875100 -0.277000 0.396700
vn 0.925700 -0.198600 0.322100
vn 0.931800 0.174600 -0.318200
vn 0.961300 0.153800 -0.228800
vn 0.803000 0.333200 -0.494200
vn 0.779800 0.340200 -0.525600
vn 0.551400 0.454000 -0.699900
vn 0.561300 0.453400 -0.692400
vn 0.226300 0.534400 -0.814400
vn 0.214800 0.532100 -0.819000
vn 0.431200 -0.416000 0.800600
vn 0.671100 -0.358500 0.648900
vn 0.737800 -0.304700 0.602400
vn 0.952600 -0.155400 0.261400
vn 0.931500 -0.168900 0.322100
vn 1.000000 0.000800 0.002400
vn 1.000000 -0.001300 0.009000
vn 0.912500 0.194400 -0.359900
vn 0.911700 0.208700 -0.353900
vn 0.800900 0.267400 -0.535700
vn 0.665000 0.364300 -0.651900
vn 0.549700 0.375500 -0.746200
vn 0.253600 0.459200 -0.851400
vn 0.216000 0.450500 -0.866200
vn 0.351200 -0.305800 0.885000
vn 0.428100 -0.339700 0.837500
vn 0.662900 -0.264800 0.700300
vn 0.741500 -0.267000 0.615500
vn 0.923800 -0.136900 0.357500
vn 1.000000 -0.004600 -0.001800
vn 0.975900 0.091000 -0.198300
vn 0.823600 0.190900 -0.534100
vn 0.881800 0.178100 -0.436700
vn 0.664300 0.281300 -0.692600
vn 0.666000 0.281500 -0.690800
vn 0.254100 0.365600 -0.895400
vn 0.243000 0.362000 -0.900000
vn 0.337500 -0.218100 0.915700
vn 0.424700 -0.258500 0.867600
vn 0.644000 -0.217800 0.733300
vn 0.667100 -0.220500 0.711500
vn 0.874900 -0.124100 0.468200
vn 0.932600 -0.115400 0.341900
vn 0.973100 -0.063600 0.221300
vn 0.998300 -0.017100 0.055900
vn 0.994400 0.031700 -0.100900
vn 0.907500 0.110200 -0.405300
vn 0.837100 0.178900 -0.517000
vn 0.663200 0.198100 -0.721800
vn 0.553600 0.253200 -0.793400
vn 0.225400 0.266600 -0.937100
vn 0.244700 0.273800 -0.930200
vn 0.422700 -0.168900 0.890400
vn 0.647800 -0.158700 0.745100
vn 0.745400 -0.111700 0.657200
vn 0.874800 -0.107200 0.472500
vn 0.934700 -0.063000 0.349700
vn 0.945000 0.066600 -0.320300
vn 0.779800 0.125000 -0.613500
vn 0.793400 0.127700 -0.595200
vn 0.553000 0.145600 -0.820400
vn 0.433900 0.190500 -0.880600
vn 0.214600 0.169300 -0.961900
vn 0.170100 0.181900 -0.968500
vn 0.426500 -0.084900 0.900500
vn 0.742600 -0.062800 0.666800
vn 0.747800 -0.065100 0.660800
vn 0.942100 -0.033000 0.333800
vn 0.942500 -0.033100 0.332600
vn 0.998900 -0.001800 0.047800
vn 0.995700 0.008900 -0.092100
vn 0.904200 0.041200 -0.425200
vn 0.912700 0.042900 -0.406300
vn 0.778800 0.044900 -0.625700
vn 0.707700 0.086000 -0.701300
vn 0.407500 0.077800 -0.909900
vn 0.432000 0.087100 -0.897600
vn 0.016400 0.096500 -0.995200
vn 0.429500 0.002400 0.903100
vn 0.743200 0.001500 0.669100
vn 0.746900 -0.000600 0.664900
vn 0.921700 -0.000300 0.387800
vn 0.999800 -0.002800 0.018400
vn 0.999300 0.000500 0.036500
vn 0.721000 -0.009000 -0.692900
vn 0.932600 0.001000 -0.360900
vn 0.707400 0.002000 -0.706800
vn 0.704100 0.000200 -0.710100
vn 0.407300 0.000200 -0.913300
vn 0.406900 0.000100 -0.913500
vn 0.112200 0.000100 -0.993700
vn 0.200000 0.021100 -0.979600
vn 0.111600 -0.107900 -0.987900
vn 0.183100 -0.094700 -0.978500
vn 0.406700 -0.088000 -0.909300
vn 0.407200 -0.087800 -0.909100
vn 0.704200 -0.068200 -0.706700
vn 0.707100 -0.066400 -0.704000
vn 0.907100 -0.039500 -0.419100
vn 0.887700 -0.050800 -0.457700
vn 0.990900 -0.010100 -0.134100
vn 0.941600 0.023500 0.335800
vn 0.926000 0.043500 0.375000
vn 0.746500 0.047100 0.663700
vn 0.665700 0.089500 0.740800
vn 0.427900 0.086000 0.899700
vn 0.016400 -0.192100 -0.981200
vn 0.406600 -0.175700 -0.896600
vn 0.408500 -0.174900 -0.895900
vn 0.703700 -0.136600 -0.697200
vn 0.686100 -0.148800 -0.712100
vn 0.910100 -0.060600 -0.410000
vn 0.996900 0.016900 0.076800
vn 0.972500 0.050300 0.227600
vn 0.930700 0.062200 0.360400
vn 0.870800 0.106400 0.480000
vn 0.668600 0.132300 0.731800
vn 0.639200 0.148200 0.754700
vn 0.427700 0.174200 0.887000
vn 0.229600 -0.270300 -0.935000
vn 0.177800 -0.282000 -0.942800
vn 0.407900 -0.261800 -0.874700
vn 0.409600 -0.261000 -0.874100
vn 0.685100 -0.208000 -0.698100
vn 0.684700 -0.208300 -0.698400
vn 0.880800 -0.134900 -0.453900
vn 0.869500 -0.145700 -0.472000
vn 0.990700 -0.038800 -0.130300
vn 0.837900 0.158100 0.522300
vn 0.642000 0.221800 0.733900
vn 0.648000 0.218300 0.729700
vn 0.419600 0.258200 0.870200
vn 0.113000 -0.960400 0.254500
vn 0.213600 -0.937600 0.274200
vn 0.225500 -0.960300 0.164200
vn 0.529600 -0.845400 0.070000
vn 0.529600 -0.847400 -0.038300
vn 0.684100 -0.729400 -0.005100
vn 0.685400 -0.721200 -0.100900
vn 0.796200 -0.601900 -0.060500
vn 0.912600 -0.388300 -0.128100
vn 0.994400 0.087000 0.059400
vn 0.935000 0.250900 0.250800
vn 0.264100 0.363800 0.893300
vn 0.495800 0.367200 0.787000
vn 0.181100 -0.919500 0.348900
vn 0.576200 -0.805700 0.137400
vn 0.578700 -0.814100 0.049400
vn 0.959700 -0.274300 -0.061000
vn 0.951400 -0.288100 -0.108900
vn 0.320200 -0.876300 -0.359900
vn 0.999800 0.020200 0.007100
vn 0.973800 0.188700 0.126900
vn 0.954300 0.242700 0.174100
vn 0.927700 0.275600 0.251700
vn 0.772000 0.428800 0.469100
vn 0.770700 0.408000 0.489500
vn 0.673100 0.449300 0.587400
vn 0.671200 0.423000 0.608800
vn 0.480900 0.467700 0.741600
vn 0.450800 0.432800 0.780700
vn 0.442600 0.433700 0.784900
vn 0.013700 -0.896100 0.443600
vn 0.432300 -0.843100 0.319700
vn 0.434400 -0.873700 0.219000
vn 0.553000 -0.800000 0.232800
vn 0.554400 -0.818700 0.149900
vn 0.775600 -0.628700 0.057400
vn 0.836100 -0.547300 -0.036800
vn 0.789200 -0.611200 -0.059900
vn 0.918100 -0.394600 -0.037900
vn 0.999800 0.021000 0.007300
vn 0.302200 0.541200 0.784700
vn 0.407000 -0.818800 0.404800
vn 0.407900 -0.850000 0.333400
vn 0.971300 -0.235000 -0.037700
vn 0.999300 0.036400 0.006400
vn 0.943700 0.303100 0.132500
vn 0.936600 0.309000 0.165000
vn 0.874700 0.416300 0.248100
vn 0.874700 0.412900 0.253900
vn 0.732900 0.557500 0.390000
vn 0.732700 0.523200 0.435200
vn 0.666000 0.561000 0.491600
vn 0.663400 0.531700 0.526400
vn 0.479400 0.598300 0.642100
vn 0.458300 0.573200 0.679200
vn 0.413200 0.582200 0.700200
vn 0.243600 -0.768200 0.592100
vn 0.254900 -0.833500 0.490200
vn 0.405700 -0.768500 0.494800
vn 0.406800 -0.818900 0.404900
vn 0.812900 -0.565200 0.140400
vn 0.816800 -0.571400 0.079200
vn 0.864100 -0.494400 0.094300
vn 0.896500 -0.443000 0.006300
vn 0.936800 -0.349300 0.018000
vn 0.999900 0.015300 0.004400
vn 0.932500 0.333600 0.138500
vn 0.318900 0.670700 0.669700
vn 0.169800 -0.716600 0.676500
vn 0.215600 -0.702100 0.678600
vn 0.227100 -0.766700 0.600500
vn 0.685900 -0.652400 0.322300
vn 0.686800 -0.685000 0.243100
vn 0.777200 -0.582900 0.237100
vn 0.778900 -0.602000 0.175700
vn 0.973200 0.225100 0.047100
vn 0.932200 0.350400 0.090300
vn 0.918200 0.376800 0.122200
vn 0.768100 0.579000 0.273500
vn 0.767700 0.566200 0.300000
vn 0.649800 0.659300 0.378200
vn 0.651700 0.630200 0.422100
vn 0.529600 0.690900 0.492200
vn 0.519300 0.661800 0.540700
vn 0.421100 0.696600 0.580800
vn 0.041900 -0.673700 0.737800
vn 0.689800 -0.621400 0.371500
vn 0.689500 -0.650000 0.319400
vn 0.977000 -0.211100 0.028800
vn 0.797600 -0.601400 0.047200
vn 0.999700 0.023900 -0.001000
vn 0.999700 0.023300 -0.001200
vn 0.320200 0.782900 0.533500
vn 0.446000 0.751700 0.485800
vn 0.176500 -0.575600 0.798400
vn 0.430300 -0.585700 0.686900
vn 0.432800 -0.672100 0.600700
vn 0.556000 -0.598200 0.577100
vn 0.554900 -0.670200 0.492900
vn 0.665500 -0.582400 0.466800
vn 0.666600 -0.633100 0.393400
vn 0.883000 -0.420900 0.207700
vn 0.912900 -0.389500 0.122500
vn 0.872100 -0.472300 0.128000
vn 0.989900 -0.134000 0.047000
vn 0.942900 0.333000 0.008100
vn 0.935400 0.351800 0.037300
vn 0.874400 0.479700 0.073300
vn 0.874600 0.476400 0.090100
vn 0.659300 0.715400 0.231300
vn 0.655900 0.697300 0.289000
vn 0.494800 0.789900 0.362300
vn 0.473800 0.780100 0.408600
vn 0.437000 0.794200 0.422300
vn 0.901500 -0.367600 0.228400
vn 0.871300 -0.437600 0.222000
vn 0.996100 0.086400 -0.016700
vn 0.943600 0.331000 0.008500
vn 0.665300 0.727100 0.169200
vn 0.661200 0.713500 0.231600
vn 0.336200 0.868600 0.363900
vn 0.428700 -0.545000 0.720600
vn 0.531300 -0.482200 0.696600
vn 0.531800 -0.575500 0.621200
vn 0.798700 -0.448100 0.401600
vn 0.799400 -0.485300 0.354100
vn 0.858900 -0.405200 0.313300
vn 0.954600 -0.266400 0.133200
vn 0.993400 0.111100 -0.029900
vn 0.946900 0.317400 -0.051000
vn 0.925200 0.378600 -0.027100
vn 0.770100 0.637700 0.016200
vn 0.769900 0.634700 0.066300
vn 0.645300 0.756600 0.105600
vn 0.643800 0.747100 0.165200
vn 0.325000 0.899800 0.291200
vn 0.447900 0.858900 0.248400
vn 0.777000 -0.411900 0.476000
vn 0.778300 -0.458700 0.428700
vn 0.970900 -0.201000 0.129900
vn 0.913400 -0.361500 0.187200
vn 0.999800 0.018100 -0.010700
vn 0.973900 0.217900 -0.064000
vn 0.943500 0.321200 -0.081000
vn 0.943800 0.325900 -0.055100
vn 0.745600 0.664600 -0.047600
vn 0.744400 0.667800 0.006000
vn 0.328200 0.922400 0.203700
vn 0.442100 0.880900 0.168900
vn 0.796200 -0.363400 0.483800
vn 0.796700 -0.402300 0.451100
vn 0.928100 -0.272000 0.254200
vn 0.999900 0.011200 -0.005800
vn 0.746400 0.656200 -0.110700
vn 0.744200 0.666200 -0.048500
vn 0.538100 0.842200 0.033400
vn 0.536300 0.838700 0.094800
vn 0.327600 0.937300 0.118800
vn 0.445600 0.891400 0.082900
vn 0.783000 -0.366800 0.502400
vn 0.958200 -0.190400 0.213700
vn 0.949600 -0.234800 0.207700
vn 0.999800 0.015800 -0.015700
vn 0.970400 0.213700 -0.112200
vn 0.952100 0.275500 -0.132700
vn 0.867800 0.476300 -0.141700
vn 0.772600 0.615500 -0.155400
vn 0.769700 0.631600 -0.093300
vn 0.376900 0.926200 0.014000
vn 0.459500 0.888200 -0.005100
vn 0.928300 -0.219300 0.300300
vn 1.000000 0.005600 0.000500
vn 0.999900 0.011000 -0.010600
vn 0.886400 0.417200 -0.200800
vn 0.836000 0.513600 -0.193100
vn 0.365900 0.928200 -0.067700
vn 0.450300 0.888400 -0.089300
vn 0.911800 -0.237600 0.335100
vn 0.997900 -0.041900 0.049400
vn 0.937800 0.275800 -0.211100
vn 0.930200 0.307600 -0.200400
vn 0.878000 0.411000 -0.245500
vn 0.877800 0.429300 -0.212500
vn 0.640800 0.718300 -0.271000
vn 0.640100 0.737400 -0.215700
vn 0.479000 0.850700 -0.216500
vn 0.462900 0.870300 -0.168200
vn 0.435500 0.885100 -0.164200
vn 0.998400 0.038100 -0.042200
vn 0.933000 0.284100 -0.220800
vn 0.642800 0.687100 -0.338700
vn 0.642600 0.717100 -0.269800
vn 0.361700 0.896600 -0.255400
vn 0.956600 0.195200 -0.216500
vn 0.914000 0.292800 -0.280800
vn 0.786300 0.504200 -0.357100
vn 0.785900 0.516000 -0.340900
vn 0.641600 0.657200 -0.395600
vn 0.637600 0.690100 -0.342400
vn 0.343900 0.879000 -0.330400
vn 0.432200 0.836000 -0.338100
vn 0.866000 0.355800 -0.351200
vn 0.345300 0.842100 -0.414400
vn 0.420200 0.805800 -0.417300
vn 0.927800 0.224300 -0.298200
vn 0.665800 0.549800 -0.504500
vn 0.663400 0.585800 -0.465600
vn 0.541400 0.673100 -0.503800
vn 0.539200 0.709800 -0.453200
vn 0.761300 0.395800 -0.513600
vn 0.741500 0.433600 -0.512100
vn 0.644000 0.517900 -0.563000
vn 0.642800 0.558300 -0.524400
vn 0.404900 0.726400 -0.555400
vn 0.730700 0.402800 -0.551200
vn 0.379900 0.673900 -0.633700
vn 0.419800 0.653600 -0.629700
vn 0.392400 0.606300 -0.691700
vn 0.425700 0.589500 -0.686400
vn 0.403500 0.462900 -0.789300
vn 0.756000 0.334200 -0.562800
vn 0.735200 0.336100 -0.588700
vn 0.940200 0.169000 -0.295900
vn 0.951200 0.159000 -0.264400
vn 0.997300 0.037800 -0.062900
vn 0.946200 -0.159500 0.281600
vn 0.778300 -0.309700 0.546200
vn 0.781800 -0.308900 0.541600
vn 0.527200 -0.446800 0.722800
vn 0.426900 -0.443900 0.787900
vn 0.042300 -0.519300 0.853500
vn 0.416300 0.455600 -0.786900
vn 0.391300 0.542500 -0.743400
vn 0.420600 0.526700 -0.738700
vn 0.421300 0.377800 -0.824500
vn 0.425200 0.378700 -0.822100
vn 0.749400 0.278600 -0.600700
vn 0.755100 0.278500 -0.593500
vn 0.924000 0.162300 -0.346300
vn 0.999700 0.008700 -0.022500
vn 0.974800 -0.093600 0.202500
vn 0.924300 -0.165000 0.344200
vn 0.928000 -0.162200 0.335400
vn 0.778100 -0.273400 0.565500
vn 0.778100 -0.273400 0.565600
vn 0.526600 -0.343600 0.777600
vn 0.433000 -0.395700 0.809900
vn 0.175600 -0.411300 0.894400
vn 0.228700 -0.417800 0.879300
vn 0.422600 0.298800 -0.855600
vn 0.429700 0.300800 -0.851400
vn 0.753700 0.218700 -0.619700
vn 0.750100 0.218300 -0.624200
vn 0.941600 0.111200 -0.317900
vn 0.946900 0.109300 -0.302400
vn 0.999600 0.009300 -0.025700
vn 0.951100 -0.113800 0.287200
vn 0.777500 -0.194900 0.597900
vn 0.706500 -0.252600 0.661100
vn 0.411200 -0.294300 0.862700
vn 0.431400 -0.299300 0.851100
vn 0.015500 -0.331800 0.943200
vn 0.422700 0.215600 -0.880200
vn 0.428300 0.217500 -0.877100
vn 0.749700 0.159100 -0.642400
vn 0.753600 0.160000 -0.637500
vn 0.924200 0.093000 -0.370500
vn 0.943800 -0.063400 0.324300
vn 0.865300 -0.131300 0.483700
vn 0.664100 -0.167300 0.728700
vn 0.704500 -0.182500 0.685800
vn 0.408500 -0.203800 0.889700
vn 0.255900 -0.254000 0.932700
vn 0.215800 -0.247400 0.944600
vn 0.409700 0.132200 -0.902600
vn 0.425300 0.136900 -0.894600
vn 0.672200 0.093000 -0.734500
vn 0.750600 0.112000 -0.651200
vn 0.927600 0.046500 -0.370600
vn 0.946800 0.049900 -0.317900
vn 0.999500 0.003700 -0.031000
vn 0.999800 0.003400 -0.019000
vn 0.667300 -0.113400 0.736100
vn 0.913600 -0.037200 0.404900
vn 0.779500 -0.108300 0.617000
vn 0.663000 -0.087400 0.743500
vn 0.434200 -0.152300 0.887800
vn 0.241900 -0.114800 0.963500
vn 0.111900 -0.150200 0.982300
vn 0.413300 0.041500 -0.909700
vn 0.407800 0.039400 -0.912200
vn 0.674000 0.049500 -0.737000
vn 0.747500 0.017600 -0.664000
vn 0.915900 0.025900 -0.400500
vn 0.999500 0.003200 -0.032100
vn 0.956500 -0.030200 0.290200
vn 0.877500 -0.023800 0.479000
vn 0.797600 -0.030000 0.602400
vn 0.779100 -0.022100 0.626500
vn 0.529800 -0.058700 0.846100
vn 0.431300 -0.026400 0.901800
vn 0.196200 -0.049800 0.979300
vn 0.111400 -0.036000 0.993100
vn 1.000000 -0.000000 0.000000
vn 1.000000 -0.000100 0.000000
vn 1.000000 -0.004000 0.000900
vn 1.000000 -0.002800 0.002000
vn 1.000000 -0.002700 0.001900
vn 1.000000 0.002700 0.002400
vn 1.000000 -0.003400 0.002400
vn 1.000000 -0.001000 0.003300
vn 1.000000 0.001900 -0.000200
vn 1.000000 -0.000400 0.002300
vn 1.000000 -0.005100 -0.001700
vn 1.000000 -0.003500 0.000600
vn 1.000000 -0.003300 0.000300
vn 1.000000 -0.000000 0.002800
vn 1.000000 -0.005300 -0.004300
vn 1.000000 -0.004400 0.001300
vn 1.000000 -0.000600 -0.004100
vn 1.000000 -0.002600 -0.002200
vn 1.000000 -0.001300 0.001300
vn 1.000000 -0.000800 -0.004400
vn 1.000000 -0.001800 -0.003100
vn 1.000000 0.003000 -0.001100
vn 1.000000 -0.001500 -0.002400
vn 1.000000 0.000100 -0.000000
vn 1.000000 0.005500 0.003400
vn 1.000000 0.002000 -0.001400
vn 1.000000 -0.000900 0.003800
vn 1.000000 0.002800 -0.003500
vn 1.000000 0.001200 -0.003300
vn 1.000000 -0.000300 0.004200
vn 1.000000 0.003100 -0.005500
vn 1.000000 -0.000100 -0.003500
vn 1.000000 0.001600 -0.003100
vn 1.000000 0.001700 -0.002800
vn 1.000000 0.000200 -0.003000
vn 1.000000 0.001900 0.001400
vn -0.898100 0.061700 -0.435400
vn -0.894000 0.127800 -0.429400
vn -0.892900 0.204500 -0.401000
vn -0.897700 0.321300 -0.301600
vn -0.897600 0.379500 -0.224100
vn -0.893000 0.447600 -0.048200
vn -0.905100 0.424900 0.017600
vn -0.898100 0.428800 0.097400
vn -0.888900 0.386000 0.246800
vn -0.898100 0.314300 0.307600
vn -0.894000 0.270300 0.357300
vn -0.888900 0.199500 0.412400
vn -0.898100 0.106700 0.426600
vn -0.894000 0.043100 0.445900
vn -0.888900 -0.045900 0.455800
vn -0.898100 -0.132500 0.419300
vn -0.895200 -0.195700 0.400300
vn -0.898100 -0.332500 0.287800
vn -0.893000 -0.417600 0.168100
vn -0.888900 -0.450500 -0.083500
vn -0.897600 -0.405400 -0.173100
vn -0.897600 -0.292700 -0.329500
vn -0.897700 -0.213500 -0.385500
vn -0.897600 -0.028600 -0.439800
vn -0.924000 -0.035100 -0.380900
vn -0.946400 -0.029600 -0.321600
vn -0.950100 0.005700 -0.311900
vn -0.970000 0.004500 -0.243000
vn -0.980700 0.054300 -0.188100
vn -0.904200 0.070300 -0.421400
vn -0.917200 0.065600 -0.393100
vn -0.929900 0.100100 -0.354000
vn -0.943600 0.090100 -0.318500
vn -0.951000 0.116300 -0.286400
vn -0.965900 0.097500 -0.240000
vn -0.914200 0.243000 -0.324400
vn -0.947500 0.191600 -0.255800
vn -0.978700 0.161800 -0.126600
vn -0.923500 0.282200 -0.259800
vn -0.943600 0.243500 -0.224200
vn -0.948800 0.261100 -0.177500
vn -0.966100 0.213500 -0.145200
vn -0.980400 0.177800 -0.084800
vn -0.900800 0.319400 -0.294100
vn -0.965700 0.240400 -0.098500
vn -0.979000 0.188600 -0.077300
vn -0.888000 0.389600 -0.244400
vn -0.924000 0.324000 -0.203300
vn -0.924000 0.355700 -0.140700
vn -0.947500 0.297200 -0.117600
vn -0.902300 0.400900 -0.158600
vn -0.947200 0.314600 -0.061500
vn -0.965900 0.254200 -0.049700
vn -0.969200 0.244000 -0.032600
vn -0.978400 0.204900 -0.027400
vn -0.981100 0.193300 0.008800
vn -0.908300 0.410500 -0.080200
vn -0.923500 0.376500 -0.073500
vn -0.947500 0.319600 -0.002900
vn -0.965500 0.260400 -0.002400
vn -0.968200 0.246900 0.040900
vn -0.978800 0.202300 0.032800
vn -0.923900 0.382500 -0.003500
vn -0.947500 0.314800 0.055500
vn -0.967400 0.249300 0.044000
vn -0.982700 0.173600 0.064800
vn -0.903400 0.389400 0.179400
vn -0.921900 0.351800 0.162100
vn -0.928300 0.318600 0.191800
vn -0.946400 0.276700 0.166600
vn -0.951000 0.238600 0.196500
vn -0.965000 0.202500 0.166800
vn -0.904200 0.297900 0.306200
vn -0.917200 0.277900 0.285600
vn -0.929900 0.225900 0.290300
vn -0.943600 0.203300 0.261200
vn -0.948800 0.155300 0.274900
vn -0.966100 0.127000 0.224800
vn -0.900800 0.170800 0.399200
vn -0.919800 0.154300 0.360700
vn -0.926200 0.109300 0.361000
vn -0.945200 0.094600 0.312500
vn -0.948800 0.057700 0.310400
vn -0.965500 0.047600 0.256000
vn -0.968600 0.020800 0.247600
vn -0.979000 0.017800 0.203300
vn -0.904200 0.093400 0.416900
vn -0.917200 0.087100 0.388900
vn -0.929900 0.040500 0.365600
vn -0.943600 0.036400 0.329000
vn -0.951000 0.000000 0.309100
vn -0.963200 0.000000 0.268700
vn -0.982400 -0.029100 0.184600
vn -0.900800 -0.063600 0.429500
vn -0.924000 -0.056000 0.378400
vn -0.924000 -0.110800 0.366100
vn -0.946400 -0.093600 0.309100
vn -0.951000 -0.131900 0.279600
vn -0.965000 -0.111900 0.237200
vn -0.924000 -0.286100 0.253900
vn -0.947500 -0.239100 0.212100
vn -0.947500 -0.273800 0.164900
vn -0.966100 -0.221200 0.133200
vn -0.978600 -0.192000 0.073900
vn -0.908400 -0.373100 0.188800
vn -0.917200 -0.355500 0.179900
vn -0.929900 -0.344500 0.129000
vn -0.947200 -0.300200 0.112400
vn -0.978800 -0.204600 0.011500
vn -0.902300 -0.428900 0.043500
vn -0.919800 -0.390300 0.039600
vn -0.926200 -0.377100 -0.003500
vn -0.947500 -0.319600 -0.002900
vn -0.903400 -0.428300 -0.019700
vn -0.921900 -0.386900 -0.017800
vn -0.929900 -0.361000 -0.070500
vn -0.943600 -0.324900 -0.063500
vn -0.948800 -0.297700 -0.105200
vn -0.967400 -0.238900 -0.084500
vn -0.982300 -0.167100 -0.085000
vn -0.900800 -0.422800 -0.098800
vn -0.924000 -0.372500 -0.087100
vn -0.900800 -0.397600 -0.174400
vn -0.917200 -0.364900 -0.160100
vn -0.926200 -0.319500 -0.200400
vn -0.947500 -0.270700 -0.169900
vn -0.968600 -0.183200 -0.168000
vn -0.978600 -0.151700 -0.139000
vn -0.947200 -0.235900 -0.217100
vn -0.968400 -0.183400 -0.168800
vn -0.982300 -0.104000 -0.155800
vn -0.947200 -0.182700 -0.263500
vn -0.961700 -0.156200 -0.225300
vn -0.900800 -0.285100 -0.327400
vn -0.917200 -0.261700 -0.300500
vn -0.929900 -0.209600 -0.302300
vn -0.968700 -0.094800 -0.229300
vn -0.977900 -0.079900 -0.193400
vn -0.981700 -0.053900 -0.182700
vn -0.914200 -0.095900 -0.393800
vn -0.946400 -0.076400 -0.313800
vn -0.951000 -0.050900 -0.304900
vn -0.961400 -0.045300 -0.271400
vn -0.980400 -0.000600 -0.196800
vn -0.978500 0.009400 -0.206100
vn -0.968400 0.010600 -0.249100
vn -0.923500 -0.104400 -0.369100
vn -0.900800 -0.118200 -0.417800
vn -0.897600 -0.124000 -0.422900
vn -0.900800 -0.023900 -0.433500
vn -0.917200 -0.021900 -0.397900
vn -0.926200 0.034600 -0.375500
vn -0.945200 0.029900 -0.325100
vn -0.948900 0.063400 -0.309300
vn -0.966100 0.051800 -0.253000
vn -0.978800 0.067500 -0.193300
vn -0.969100 0.081300 -0.233000
vn -0.965700 0.153200 -0.209800
vn -0.979900 0.117700 -0.161200
vn -0.980200 0.118400 -0.158500
vn -0.967500 0.144000 -0.207700
vn -0.951000 0.176100 -0.254000
vn -0.946400 0.143200 -0.289500
vn -0.926200 0.167200 -0.338000
vn -0.917200 0.150000 -0.369200
vn -0.908400 0.157400 -0.387500
vn -0.979400 0.156500 -0.127600
vn -0.970000 0.188300 -0.153500
vn -0.966400 0.182700 -0.181000
vn -0.947500 0.227000 -0.225000
vn -0.923500 0.218600 -0.315200
vn -0.900800 0.247400 -0.356800
vn -0.905000 0.247100 -0.346200
vn -0.980300 0.193500 -0.040700
vn -0.967500 0.231400 -0.101500
vn -0.951000 0.283100 -0.124200
vn -0.946400 0.273600 -0.171700
vn -0.889800 0.434300 -0.140500
vn -0.900800 0.434100 0.012000
vn -0.917200 0.398300 0.011000
vn -0.926200 0.371400 0.065500
vn -0.947500 0.303200 0.101000
vn -0.962900 0.255900 0.085200
vn -0.904200 0.414100 0.104900
vn -0.917200 0.386300 0.097800
vn -0.929900 0.344500 0.129000
vn -0.943600 0.310000 0.116100
vn -0.948800 0.276300 0.152800
vn -0.966200 0.225600 0.124800
vn -0.969800 0.205700 0.130800
vn -0.978100 0.175400 0.112200
vn -0.981300 0.146300 0.124700
vn -0.894000 0.417300 0.162900
vn -0.900800 0.354600 0.250700
vn -0.919800 0.320300 0.226500
vn -0.926200 0.282100 0.250300
vn -0.947500 0.239100 0.212100
vn -0.969400 0.156000 0.189400
vn -0.977100 0.135400 0.164400
vn -0.980900 0.089500 0.172800
vn -0.970000 0.156300 0.186200
vn -0.947500 0.205400 0.244900
vn -0.969100 0.091700 0.229100
vn -0.978300 0.076900 0.192200
vn -0.981000 0.031600 0.191600
vn -0.968300 0.089800 0.233200
vn -0.950100 0.112100 0.291100
vn -0.946400 0.148500 0.286800
vn -0.928300 0.171000 0.330300
vn -0.921900 0.214800 0.322300
vn -0.903400 0.237800 0.356800
vn -0.981100 -0.086800 0.172800
vn -0.978100 -0.065600 0.197500
vn -0.969800 -0.076300 0.231500
vn -0.963500 -0.058500 0.261100
vn -0.951000 -0.067600 0.301700
vn -0.943600 -0.036400 0.329000
vn -0.929900 -0.040500 0.365600
vn -0.921900 0.014200 0.387100
vn -0.903400 0.015700 0.428500
vn -0.894900 -0.129300 0.427100
vn -0.924000 -0.175800 0.339700
vn -0.947500 -0.146900 0.283800
vn -0.969100 -0.141700 0.202100
vn -0.977700 -0.120400 0.171800
vn -0.900800 -0.199600 0.385600
vn -0.947200 -0.196900 0.253000
vn -0.965900 -0.159100 0.204400
vn -0.981200 -0.145700 0.126500
vn -0.923500 -0.235600 0.302700
vn -0.965700 -0.204500 0.160200
vn -0.979600 -0.158000 0.123800
vn -0.970000 -0.181800 0.161300
vn -0.900800 -0.266700 0.342600
vn -0.897600 -0.267300 0.350400
vn -0.904200 -0.329800 0.271600
vn -0.917200 -0.307600 0.253300
vn -0.926200 -0.323100 0.194500
vn -0.969400 -0.227300 0.092400
vn -0.979500 -0.186800 0.075900
vn -0.967500 -0.236700 0.088600
vn -0.894100 -0.378300 0.239900
vn -0.947500 -0.314800 0.055500
vn -0.966400 -0.253200 0.044700
vn -0.970700 -0.239700 0.013200
vn -0.978700 -0.204800 0.011300
vn -0.980100 -0.195100 -0.037700
vn -0.967500 -0.252900 -0.002300
vn -0.928300 -0.366300 0.064600
vn -0.921900 -0.371700 0.108800
vn -0.888000 -0.441300 0.129200
vn -0.905000 -0.413700 0.098700
vn -0.977300 -0.203400 -0.059500
vn -0.971100 -0.229100 -0.067400
vn -0.966400 -0.254000 -0.040000
vn -0.947500 -0.315700 -0.049700
vn -0.889800 -0.456100 0.017000
vn -0.979200 -0.151300 -0.135400
vn -0.961300 -0.238500 -0.137700
vn -0.951000 -0.267700 -0.154600
vn -0.946400 -0.300400 -0.118800
vn -0.924000 -0.355700 -0.140700
vn -0.929900 -0.270600 -0.249100
vn -0.917200 -0.321100 -0.236000
vn -0.900800 -0.349900 -0.257200
vn -0.897600 -0.357600 -0.257600
vn -0.947200 -0.120600 -0.297000
vn -0.968200 -0.094100 -0.231800
vn -0.900800 -0.206600 -0.381800
vn -0.917200 -0.189700 -0.350500
vn -0.926200 -0.154600 -0.344000
vn -0.951800 -0.125800 -0.279800
vn 0.445700 0.063200 -0.892900
vn 0.407600 0.121400 -0.905000
vn 0.391800 0.199700 -0.898100
vn 0.313600 0.334000 -0.888900
vn 0.224100 0.379500 -0.897600
vn 0.040700 0.438900 -0.897600
vn -0.056300 0.437100 -0.897600
vn -0.237500 0.371300 -0.897600
vn -0.312900 0.310400 -0.897600
vn -0.438500 0.091900 -0.894000
vn -0.441600 -0.087600 -0.892900
vn -0.400300 -0.143700 -0.905100
vn -0.380200 -0.221000 -0.898100
vn -0.283300 -0.337400 -0.897700
vn -0.202800 -0.391300 -0.897700
vn 0.041000 -0.423300 -0.905100
vn 0.184600 -0.405600 -0.895200
vn 0.306300 -0.323700 -0.895200
vn 0.355100 -0.259400 -0.898100
vn 0.396900 -0.207700 -0.894000
vn 0.439800 -0.028600 -0.897600
vn 0.246400 0.037900 -0.968400
vn 0.204900 0.032100 -0.978200
vn 0.187000 0.052100 -0.981000
vn 0.369100 0.104400 -0.923500
vn 0.318500 0.090100 -0.943600
vn 0.286400 0.116300 -0.951000
vn 0.240000 0.097500 -0.965900
vn 0.222100 0.106200 -0.969200
vn 0.187800 0.089800 -0.978100
vn 0.162200 0.106000 -0.981000
vn 0.375700 0.203300 -0.904200
vn 0.350500 0.189700 -0.917200
vn 0.301800 0.226100 -0.926200
vn 0.255800 0.191600 -0.947500
vn 0.333500 0.269500 -0.903400
vn 0.301200 0.243500 -0.921900
vn 0.249100 0.270600 -0.929900
vn 0.224200 0.243500 -0.943600
vn 0.177500 0.261100 -0.948800
vn 0.151500 0.222800 -0.963000
vn 0.088500 0.175600 -0.980500
vn 0.282200 0.330100 -0.900800
vn 0.248600 0.290700 -0.924000
vn 0.103000 0.227100 -0.968400
vn 0.084400 0.187600 -0.978600
vn 0.217100 0.376000 -0.900800
vn 0.199300 0.345100 -0.917200
vn 0.138700 0.350700 -0.926200
vn 0.117600 0.297200 -0.947500
vn 0.072800 0.311200 -0.947500
vn 0.058500 0.250400 -0.966400
vn 0.032100 0.240800 -0.970000
vn 0.027400 0.204900 -0.978400
vn -0.007300 0.193100 -0.981200
vn -0.042600 0.256300 -0.965700
vn -0.032800 0.202400 -0.978800
vn 0.035900 0.432700 -0.900800
vn 0.032900 0.397100 -0.917200
vn 0.003500 0.377100 -0.926200
vn 0.003000 0.323000 -0.946400
vn -0.042500 0.306200 -0.951000
vn -0.034400 0.247800 -0.968200
vn -0.062600 0.175100 -0.982600
vn -0.197300 0.327700 -0.924000
vn -0.166600 0.276700 -0.946400
vn -0.196500 0.238600 -0.951000
vn -0.166800 0.202500 -0.965000
vn -0.158500 0.130300 -0.978700
vn -0.311300 0.302800 -0.900800
vn -0.285600 0.277900 -0.917200
vn -0.288900 0.242400 -0.926200
vn -0.235000 0.197200 -0.951800
vn -0.362800 0.124600 -0.923500
vn -0.303200 0.104100 -0.947200
vn -0.381300 0.042200 -0.923500
vn -0.318700 0.035300 -0.947200
vn -0.250300 -0.019700 -0.968000
vn -0.203600 -0.016800 -0.978900
vn -0.191800 -0.030300 -0.981000
vn -0.415700 0.046000 -0.908400
vn -0.318700 -0.035300 -0.947200
vn -0.257500 -0.028500 -0.965900
vn -0.415700 -0.046000 -0.908400
vn -0.381300 -0.042200 -0.923500
vn -0.305900 -0.092600 -0.947500
vn -0.232700 -0.070400 -0.970000
vn -0.362800 -0.124600 -0.923500
vn -0.313100 -0.107500 -0.943600
vn -0.280400 -0.145200 -0.948800
vn -0.229300 -0.118700 -0.966100
vn -0.253900 -0.286100 -0.924000
vn -0.212100 -0.239100 -0.947500
vn -0.164900 -0.273800 -0.947500
vn -0.133200 -0.221200 -0.966100
vn -0.073700 -0.188400 -0.979300
vn -0.196100 -0.387400 -0.900800
vn -0.179900 -0.355600 -0.917200
vn -0.129000 -0.344500 -0.929900
vn -0.112400 -0.300200 -0.947200
vn -0.043500 -0.428900 -0.902300
vn -0.039600 -0.390300 -0.919800
vn 0.003500 -0.377100 -0.926200
vn 0.002900 -0.319600 -0.947500
vn 0.055300 -0.197800 -0.978700
vn 0.035900 -0.432700 -0.900800
vn 0.032900 -0.397100 -0.917200
vn 0.070500 -0.361000 -0.929900
vn 0.061500 -0.314700 -0.947200
vn 0.093300 -0.174200 -0.980300
vn 0.128800 -0.293600 -0.947200
vn 0.105400 -0.240200 -0.965000
vn 0.188900 -0.391000 -0.900800
vn 0.166400 -0.344400 -0.924000
vn 0.179700 -0.264300 -0.947500
vn 0.136700 -0.201000 -0.970000
vn 0.215100 -0.316300 -0.924000
vn 0.225000 -0.227000 -0.947500
vn 0.181700 -0.183400 -0.966100
vn 0.176000 -0.117400 -0.977400
vn 0.305600 -0.308400 -0.900800
vn 0.269200 -0.271700 -0.924000
vn 0.263500 -0.182700 -0.947200
vn 0.207700 -0.144000 -0.967500
vn 0.306100 -0.229400 -0.924000
vn 0.245500 -0.183900 -0.951800
vn 0.198000 -0.058300 -0.978500
vn 0.391000 -0.175800 -0.903400
vn 0.353300 -0.158800 -0.921900
vn 0.353900 -0.114300 -0.928300
vn 0.307400 -0.099200 -0.946400
vn 0.305600 -0.062600 -0.950100
vn 0.254000 -0.052000 -0.965800
vn 0.188400 -0.000500 -0.982100
vn 0.269400 -0.005000 -0.963000
vn 0.315700 -0.005800 -0.948800
vn 0.323800 -0.041900 -0.945200
vn 0.374000 -0.048400 -0.926200
vn 0.381100 -0.092800 -0.919900
vn 0.421900 -0.102700 -0.900800
vn 0.439600 -0.129000 -0.888900
vn 0.457900 -0.042200 -0.888000
vn 0.385700 -0.035500 -0.921900
vn 0.367300 0.020300 -0.929900
vn 0.330500 0.018200 -0.943600
vn 0.304900 0.050900 -0.951000
vn 0.249300 0.041600 -0.967500
vn 0.380900 0.035100 -0.924000
vn 0.429300 0.039500 -0.902300
vn 0.417800 0.118100 -0.900800
vn 0.130000 0.140700 -0.981500
vn 0.150800 0.137400 -0.979000
vn 0.183100 0.168100 -0.968600
vn 0.218300 0.151400 -0.964100
vn 0.254000 0.176100 -0.951000
vn 0.289500 0.143200 -0.946400
vn 0.342900 0.169600 -0.924000
vn 0.182500 0.184200 -0.965800
vn 0.225000 0.227000 -0.947500
vn 0.364600 0.260400 -0.894000
vn 0.041300 0.193400 -0.980200
vn 0.101500 0.231400 -0.967500
vn 0.124200 0.283100 -0.951000
vn 0.171700 0.273600 -0.946400
vn 0.203300 0.324000 -0.924000
vn 0.011900 0.257900 -0.966100
vn 0.014500 0.315400 -0.948800
vn 0.063400 0.324900 -0.943600
vn 0.070500 0.361000 -0.929900
vn 0.119000 0.380300 -0.917200
vn 0.129600 0.414400 -0.900800
vn 0.135700 0.419300 -0.897600
vn -0.070400 0.399200 -0.914200
vn -0.055500 0.314800 -0.947500
vn -0.059600 0.430100 -0.900800
vn -0.052700 0.380000 -0.923500
vn -0.101000 0.303200 -0.947500
vn -0.085200 0.255900 -0.962900
vn -0.134500 0.359300 -0.923500
vn -0.116100 0.310000 -0.943600
vn -0.152800 0.276300 -0.948800
vn -0.124800 0.225600 -0.966200
vn -0.130800 0.205700 -0.969800
vn -0.111500 0.174400 -0.978300
vn -0.116900 0.160600 -0.980100
vn -0.152300 0.406600 -0.900800
vn -0.150500 0.414300 -0.897600
vn -0.237500 0.363500 -0.900800
vn -0.218000 0.333600 -0.917200
vn -0.250300 0.282100 -0.926200
vn -0.212100 0.239100 -0.947500
vn -0.189400 0.156000 -0.969400
vn -0.158300 0.130400 -0.978800
vn -0.179500 0.085200 -0.980100
vn -0.199400 0.155200 -0.967500
vn -0.253000 0.196900 -0.947200
vn -0.352900 0.199500 -0.914200
vn -0.281200 0.158900 -0.946400
vn -0.280400 0.145200 -0.948800
vn -0.228400 0.118200 -0.966400
vn -0.224500 0.081300 -0.971100
vn -0.199200 0.072400 -0.977300
vn -0.184700 0.030500 -0.982300
vn -0.242300 0.073400 -0.967400
vn -0.321700 0.097400 -0.941800
vn -0.326800 0.200900 -0.923500
vn -0.369900 0.227400 -0.900800
vn -0.373200 0.234500 -0.897600
vn -0.273500 0.030300 -0.961400
vn -0.318600 0.035300 -0.947200
vn -0.404000 0.138700 -0.904200
vn -0.412300 0.153000 -0.898100
vn -0.174900 -0.085000 -0.980900
vn -0.191300 -0.070900 -0.979000
vn -0.243500 -0.090300 -0.965700
vn -0.318600 -0.035300 -0.947200
vn -0.456400 0.004500 -0.889800
vn -0.410700 -0.141000 -0.900800
vn -0.202100 -0.141700 -0.969100
vn -0.171100 -0.119900 -0.977900
vn -0.134400 -0.136500 -0.981500
vn -0.333000 -0.188200 -0.924000
vn -0.281200 -0.158900 -0.946400
vn -0.243900 -0.189900 -0.951000
vn -0.204400 -0.159100 -0.965900
vn -0.388500 -0.219600 -0.894900
vn -0.293000 -0.245900 -0.924000
vn -0.244800 -0.205500 -0.947500
vn -0.160200 -0.204500 -0.965700
vn -0.126900 -0.162000 -0.978600
vn -0.161300 -0.181800 -0.970000
vn -0.332500 -0.279000 -0.900900
vn -0.347900 -0.278500 -0.895200
vn -0.276000 -0.335200 -0.900800
vn -0.253300 -0.307600 -0.917200
vn -0.194500 -0.323100 -0.926200
vn -0.092400 -0.227300 -0.969400
vn -0.075000 -0.184600 -0.979900
vn -0.088600 -0.236700 -0.967500
vn -0.112400 -0.300300 -0.947200
vn -0.055500 -0.314800 -0.947500
vn -0.044700 -0.253200 -0.966400
vn -0.013200 -0.239700 -0.970700
vn -0.011500 -0.208400 -0.978000
vn 0.001200 -0.197900 -0.980200
vn 0.002300 -0.253000 -0.967500
vn -0.064600 -0.366300 -0.928300
vn -0.108800 -0.371700 -0.921900
vn -0.129200 -0.441400 -0.888000
vn -0.112400 -0.426200 -0.897600
vn 0.056000 -0.198200 -0.978600
vn 0.065800 -0.232700 -0.970300
vn 0.049700 -0.254200 -0.965900
vn -0.023500 -0.449500 -0.893000
vn 0.131200 -0.146600 -0.980500
vn 0.119900 -0.172900 -0.977600
vn 0.139800 -0.201700 -0.969400
vn 0.147800 -0.336900 -0.929900
vn 0.102000 -0.373700 -0.921900
vn 0.117500 -0.430600 -0.894900
vn 0.120900 -0.422800 -0.898100
vn 0.161800 -0.118900 -0.979600
vn 0.197700 -0.145300 -0.969400
vn 0.250900 -0.369000 -0.894900
vn 0.251700 -0.360600 -0.898100
vn 0.351100 -0.243400 -0.904200
vn 0.327500 -0.227100 -0.917200
vn 0.338100 -0.167200 -0.926200
vn 0.289500 -0.143200 -0.946400
vn 0.286400 -0.116300 -0.951000
vn 0.240000 -0.097500 -0.965900
vn 0.229700 -0.069100 -0.970800
vn 0.195900 -0.059400 -0.978800
vn 0.893000 0.063100 0.445700
vn 0.905100 0.121500 0.407500
vn 0.898000 0.199700 0.392000
vn 0.890800 0.326700 0.315900
vn 0.893000 0.407700 0.190900
vn 0.897600 0.438900 0.040700
vn 0.897600 0.437100 -0.056300
vn 0.897600 0.371400 -0.237400
vn 0.897700 0.310200 -0.312900
vn 0.894000 0.091900 -0.438500
vn 0.892900 -0.087600 -0.441600
vn 0.905100 -0.143700 -0.400300
vn 0.898100 -0.221000 -0.380200
vn 0.898100 -0.332500 -0.287900
vn 0.893000 -0.417600 -0.168100
vn 0.905100 -0.423300 0.041000
vn 0.895200 -0.405500 0.184700
vn 0.895200 -0.323600 0.306400
vn 0.898100 -0.259500 0.355100
vn 0.894000 -0.207700 0.396900
vn 0.897600 -0.028600 0.439800
vn 0.968600 0.040100 0.245200
vn 0.978000 0.033600 0.205700
vn 0.982100 0.052300 0.181100
vn 0.923500 0.104400 0.369100
vn 0.943600 0.090100 0.318500
vn 0.951000 0.116300 0.286400
vn 0.961800 0.103000 0.253700
vn 0.904200 0.203300 0.375700
vn 0.917200 0.189700 0.350400
vn 0.926200 0.226100 0.301800
vn 0.947500 0.191700 0.255800
vn 0.965700 0.195400 0.171200
vn 0.979200 0.152800 0.133900
vn 0.980400 0.155100 0.121600
vn 0.903400 0.269500 0.333500
vn 0.922000 0.243500 0.301200
vn 0.929900 0.270600 0.249100
vn 0.943600 0.243600 0.224200
vn 0.948800 0.261100 0.177500
vn 0.966100 0.213500 0.145200
vn 0.978500 0.186000 0.088700
vn 0.901600 0.328800 0.281100
vn 0.924000 0.290700 0.248500
vn 0.969400 0.221900 0.104700
vn 0.978400 0.187100 0.088300
vn 0.908400 0.362100 0.209100
vn 0.917200 0.345100 0.199200
vn 0.926200 0.350700 0.138700
vn 0.947500 0.297200 0.117600
vn 0.947500 0.311200 0.072800
vn 0.966400 0.250400 0.058500
vn 0.971100 0.237700 0.023800
vn 0.977500 0.209900 0.021400
vn 0.981900 0.189300 -0.007200
vn 0.900800 0.432700 0.035900
vn 0.917200 0.397100 0.032900
vn 0.926200 0.377100 0.003500
vn 0.946400 0.323000 0.003000
vn 0.951000 0.306200 -0.042500
vn 0.961400 0.272500 -0.037800
vn 0.979500 0.189500 -0.067800
vn 0.924000 0.327700 -0.197300
vn 0.946400 0.276700 -0.166600
vn 0.951000 0.238600 -0.196500
vn 0.965000 0.202500 -0.166800
vn 0.978700 0.130300 -0.158500
vn 0.900800 0.302900 -0.311300
vn 0.917200 0.277900 -0.285600
vn 0.926200 0.242400 -0.288900
vn 0.951800 0.197200 -0.235000
vn 0.923500 0.124600 -0.362800
vn 0.947200 0.104100 -0.303200
vn 0.923500 0.042200 -0.381300
vn 0.947200 0.035300 -0.318700
vn 0.968000 -0.019700 -0.250300
vn 0.978900 -0.016700 -0.203700
vn 0.981000 -0.030300 -0.191800
vn 0.908300 0.046000 -0.415700
vn 0.947200 -0.035300 -0.318700
vn 0.965900 -0.028500 -0.257500
vn 0.908400 -0.046000 -0.415700
vn 0.923500 -0.042200 -0.381300
vn 0.947500 -0.092600 -0.305900
vn 0.970000 -0.070400 -0.232700
vn 0.923500 -0.124600 -0.362800
vn 0.943600 -0.107500 -0.313100
vn 0.948800 -0.145200 -0.280400
vn 0.966100 -0.118700 -0.229300
vn 0.924000 -0.286100 -0.253800
vn 0.947500 -0.239100 -0.212100
vn 0.947500 -0.273800 -0.164900
vn 0.966100 -0.221200 -0.133200
vn 0.979300 -0.188400 -0.073700
vn 0.908400 -0.373100 -0.188800
vn 0.917200 -0.355500 -0.179900
vn 0.929900 -0.344500 -0.129000
vn 0.947200 -0.300300 -0.112400
vn 0.902300 -0.428900 -0.043500
vn 0.919900 -0.390200 -0.039600
vn 0.926200 -0.377100 0.003500
vn 0.946400 -0.323000 0.003000
vn 0.951000 -0.308100 0.025500
vn 0.965000 -0.261400 0.021700
vn 0.978700 -0.197800 0.055300
vn 0.900800 -0.432700 0.035900
vn 0.917200 -0.397100 0.032900
vn 0.929900 -0.361000 0.070500
vn 0.943600 -0.324900 0.063500
vn 0.948800 -0.304600 0.083100
vn 0.970000 -0.234500 0.064000
vn 0.980300 -0.174200 0.093300
vn 0.941800 -0.302600 0.146200
vn 0.966100 -0.232500 0.112300
vn 0.900700 -0.391100 0.189000
vn 0.924000 -0.344400 0.166400
vn 0.947500 -0.264300 0.179700
vn 0.970000 -0.201000 0.136700
vn 0.924000 -0.316300 0.215000
vn 0.947500 -0.227100 0.225000
vn 0.966100 -0.183400 0.181700
vn 0.977400 -0.117400 0.175900
vn 0.900800 -0.308500 0.305700
vn 0.924000 -0.271700 0.269200
vn 0.947200 -0.182700 0.263500
vn 0.967500 -0.144000 0.207700
vn 0.924000 -0.229300 0.306100
vn 0.951800 -0.184000 0.245500
vn 0.978500 -0.058300 0.198000
vn 0.903400 -0.175800 0.391000
vn 0.922000 -0.158800 0.353200
vn 0.928300 -0.114300 0.353900
vn 0.946400 -0.099300 0.307400
vn 0.950100 -0.062600 0.305600
vn 0.965800 -0.052000 0.254000
vn 0.982100 -0.000500 0.188400
vn 0.963000 -0.005000 0.269300
vn 0.948800 -0.005800 0.315700
vn 0.945200 -0.041900 0.323800
vn 0.926200 -0.048400 0.374000
vn 0.919900 -0.092800 0.381100
vn 0.900800 -0.102700 0.421900
vn 0.888900 -0.129000 0.439600
vn 0.888000 -0.042200 0.457900
vn 0.922000 -0.035500 0.385700
vn 0.929900 0.020300 0.367300
vn 0.943600 0.018200 0.330500
vn 0.951000 0.050900 0.305000
vn 0.968400 0.041100 0.246100
vn 0.924000 0.035100 0.380900
vn 0.902300 0.039500 0.429300
vn 0.900700 0.118200 0.418000
vn 0.968300 0.134900 0.210500
vn 0.978900 0.110900 0.171800
vn 0.980900 0.116300 0.155600
vn 0.965900 0.147600 0.212900
vn 0.951000 0.176200 0.254100
vn 0.946400 0.143200 0.289600
vn 0.924000 0.169600 0.342800
vn 0.970000 0.172700 0.171100
vn 0.947500 0.227000 0.225000
vn 0.894000 0.260300 0.364600
vn 0.980200 0.193400 0.041300
vn 0.967500 0.231500 0.101500
vn 0.951000 0.283100 0.124200
vn 0.946400 0.273600 0.171700
vn 0.924000 0.324000 0.203300
vn 0.894000 0.364600 0.260300
vn 0.967400 0.253100 0.011600
vn 0.948800 0.315400 0.014500
vn 0.943600 0.324900 0.063500
vn 0.929900 0.361000 0.070500
vn 0.917200 0.380300 0.118900
vn 0.900800 0.414400 0.129600
vn 0.905000 0.407600 0.121300
vn 0.914200 0.399200 -0.070400
vn 0.947500 0.314800 -0.055500
vn 0.968000 0.237700 -0.080300
vn 0.980200 0.187400 -0.064100
vn 0.900800 0.430100 -0.059600
vn 0.923500 0.379900 -0.052700
vn 0.947500 0.303300 -0.101000
vn 0.968300 0.237100 -0.079000
vn 0.923500 0.359200 -0.134500
vn 0.943600 0.310000 -0.116100
vn 0.948800 0.276300 -0.152800
vn 0.965500 0.227900 -0.126000
vn 0.968600 0.204800 -0.141100
vn 0.979400 0.166400 -0.114600
vn 0.980100 0.160600 -0.116800
vn 0.900800 0.406700 -0.152300
vn 0.897600 0.414300 -0.150500
vn 0.900900 0.363400 -0.237400
vn 0.917200 0.333600 -0.217900
vn 0.926200 0.282100 -0.250300
vn 0.947500 0.239100 -0.212100
vn 0.969400 0.156000 -0.189400
vn 0.978700 0.130400 -0.158300
vn 0.980100 0.085200 -0.179500
vn 0.967500 0.155200 -0.199400
vn 0.947200 0.196900 -0.253000
vn 0.914200 0.199400 -0.352900
vn 0.946400 0.158900 -0.281200
vn 0.948800 0.145200 -0.280400
vn 0.966400 0.118200 -0.228400
vn 0.971100 0.081300 -0.224600
vn 0.977300 0.072500 -0.199100
vn 0.982300 0.030500 -0.184700
vn 0.967400 0.073400 -0.242400
vn 0.941800 0.097400 -0.321700
vn 0.923500 0.200900 -0.326800
vn 0.900900 0.227300 -0.369800
vn 0.897600 0.234600 -0.373200
vn 0.961400 0.030300 -0.273500
vn 0.904200 0.138700 -0.404000
vn 0.898100 0.152900 -0.412200
vn 0.980900 -0.085000 -0.174900
vn 0.979000 -0.070900 -0.191300
vn 0.965700 -0.090300 -0.243500
vn 0.889800 0.004500 -0.456400
vn 0.900800 -0.141000 -0.410700
vn 0.969100 -0.141700 -0.202100
vn 0.977900 -0.119900 -0.171000
vn 0.981500 -0.136500 -0.134400
vn 0.924000 -0.188200 -0.333000
vn 0.946400 -0.158900 -0.281200
vn 0.951000 -0.189900 -0.244000
vn 0.965900 -0.159100 -0.204400
vn 0.894900 -0.219600 -0.388500
vn 0.924000 -0.245900 -0.293000
vn 0.947500 -0.205500 -0.244900
vn 0.965700 -0.204500 -0.160200
vn 0.978600 -0.162000 -0.126900
vn 0.970000 -0.181800 -0.161300
vn 0.924000 -0.245800 -0.293000
vn 0.900800 -0.279100 -0.332700
vn 0.895200 -0.278600 -0.347800
vn 0.904200 -0.329800 -0.271600
vn 0.917200 -0.307600 -0.253300
vn 0.926200 -0.323100 -0.194500
vn 0.969400 -0.227300 -0.092400
vn 0.979900 -0.184600 -0.075000
vn 0.967500 -0.236700 -0.088600
vn 0.894000 -0.378400 -0.239800
vn 0.947200 -0.317600 -0.044000
vn 0.965900 -0.256600 -0.035600
vn 0.970300 -0.241500 -0.013300
vn 0.978000 -0.208400 -0.011500
vn 0.980200 -0.197900 0.001200
vn 0.951800 -0.302100 -0.053300
vn 0.928300 -0.366200 -0.064600
vn 0.922000 -0.371700 -0.108800
vn 0.888000 -0.441400 -0.129200
vn 0.905100 -0.413700 -0.098700
vn 0.978600 -0.198200 0.056000
vn 0.969400 -0.236100 0.066800
vn 0.892900 -0.449500 -0.023500
vn 0.980500 -0.146600 0.131200
vn 0.977600 -0.172900 0.119900
vn 0.969400 -0.201700 0.139800
vn 0.947200 -0.293600 0.128800
vn 0.929900 -0.336800 0.147800
vn 0.922000 -0.373600 0.102000
vn 0.894900 -0.430600 0.117500
vn 0.898100 -0.422800 0.120900
vn 0.979600 -0.118900 0.161800
vn 0.969400 -0.145300 0.197700
vn 0.924000 -0.316300 0.215100
vn 0.894900 -0.369100 0.250900
vn 0.898100 -0.360800 0.251600
vn 0.904200 -0.243400 0.351100
vn 0.917200 -0.227100 0.327500
vn 0.926200 -0.167200 0.338000
vn 0.946400 -0.143200 0.289600
vn 0.951000 -0.116300 0.286400
vn 0.965900 -0.097500 0.240000
vn 0.970800 -0.069100 0.229700
vn 0.978800 -0.059400 0.195800
vn -0.000400 -0.003900 1.000000
vn 0.000000 -0.011000 0.999900
vn -1.000000 0.000000 -0.000900
vn -0.999900 -0.013600 -0.000000
vn -0.001000 -0.016600 -0.999900
vn 1.000000 -0.004200 -0.000100
vn 1.000000 -0.003300 -0.000000
vn -0.157300 0.882800 -0.442700
vn 1.000000 0.004900 0.000200
vn 0.000700 0.000000 1.000000
vn 0.000000 0.014700 0.999900
vn -1.000000 0.005800 -0.000000
vn -1.000000 0.005400 0.000000
vn 0.000800 0.023400 -0.999700
vn 0.000000 0.005100 -1.000000
vn -0.000200 1.000000 -0.000100
vn -0.013100 0.999900 -0.002100
vn -0.003400 1.000000 -0.008700
vn 0.019600 0.957900 -0.286500
vn 0.058400 0.957900 -0.281200
vn 0.096200 0.957900 -0.270600
vn 0.132100 0.957900 -0.255000
vn 0.165600 0.957900 -0.234600
vn 0.196000 0.957900 -0.209900
vn 0.222800 0.957900 -0.181300
vn 0.245400 0.957900 -0.149200
vn 0.263400 0.957900 -0.114400
vn 0.276600 0.957900 -0.077500
vn 0.284500 0.957900 -0.039100
vn 0.287200 0.957900 0.000000
vn 0.284500 0.957900 0.039100
vn 0.276600 0.957900 0.077500
vn 0.263400 0.957900 0.114400
vn 0.245400 0.957900 0.149200
vn 0.222800 0.957900 0.181200
vn 0.222800 0.957900 0.181300
vn 0.196000 0.957900 0.209900
vn 0.165600 0.957900 0.234700
vn 0.165600 0.957900 0.234600
vn 0.132100 0.957900 0.255000
vn 0.096200 0.957900 0.270600
vn 0.058400 0.957900 0.281200
vn 0.019600 0.957900 0.286500
vn -0.019600 0.957900 0.286500
vn -0.058400 0.957900 0.281200
vn -0.096200 0.957900 0.270600
vn -0.132100 0.957900 0.255000
vn -0.165600 0.957900 0.234600
vn -0.196000 0.957900 0.209900
vn -0.222800 0.957900 0.181300
vn -0.245400 0.957900 0.149200
vn -0.263400 0.957900 0.114400
vn -0.276600 0.957900 0.077500
vn -0.284500 0.957900 0.039100
vn -0.287200 0.957900 0.000000
vn -0.284500 0.957900 -0.039100
vn -0.276600 0.957900 -0.077500
vn -0.263400 0.957900 -0.114400
vn -0.245400 0.957900 -0.149200
vn -0.222800 0.957900 -0.181300
vn -0.196000 0.957900 -0.209900
vn -0.165600 0.957900 -0.234600
vn -0.132100 0.957900 -0.255000
vn -0.096200 0.957900 -0.270600
vn -0.058400 0.957900 -0.281200
vn -0.019600 0.957900 -0.286500
vn -0.019600 0.957900 -0.286600
vn -0.401400 0.882800 0.244100
vn -0.430900 0.882800 0.187200
vn 0.270900 0.882800 -0.383800
vn 0.032100 0.882800 -0.468700
vn -0.216100 0.882800 0.417100
vn -0.216100 0.882800 -0.417100
vn 0.095600 0.882800 -0.460000
vn -0.469800 0.882800 0.000000
vn 0.216100 0.882800 0.417100
vn 0.401400 0.882800 -0.244100
vn -0.270900 0.882800 0.383800
vn -0.364400 0.882800 0.296500
vn -0.465400 0.882800 0.064000
vn -0.095600 0.882800 -0.460000
vn -0.430900 0.882800 -0.187200
vn -0.452400 0.882800 -0.126700
vn 0.465400 0.882800 0.064000
vn 0.452400 0.882800 -0.126800
vn -0.320700 0.882800 -0.343300
vn 0.364400 0.882800 -0.296500
vn 0.320700 0.882800 -0.343300
vn -0.364400 0.882800 -0.296500
vn 0.095600 0.882800 0.460000
vn 0.157300 0.882800 0.442700
vn 0.320700 0.882800 0.343300
vn -0.095600 0.882800 0.460000
vn 0.364400 0.882800 0.296500
vn -0.401400 0.882800 -0.244100
vn 0.452400 0.882800 0.126800
vn 0.216100 0.882800 -0.417100
vn -0.157300 0.882800 0.442700
vn 0.401400 0.882800 0.244100
vn 0.430900 0.882800 0.187200
vn 0.465400 0.882800 -0.064000
vn -0.270900 0.882800 -0.383800
vn 0.032100 0.882800 0.468700
vn -0.320700 0.882800 0.343300
vn -0.452400 0.882800 0.126700
vn -0.032100 0.882800 0.468700
vn -0.465400 0.882800 -0.064000
vn 0.270900 0.882800 0.383800
vn 0.157300 0.882800 -0.442700
vn 0.469800 0.882800 0.000000
vn -0.032100 0.882800 -0.468700
vn 0.430900 0.882800 -0.187200
vn -0.009500 0.998900 -0.045600
vn 0.120500 -0.005800 -0.992700
vn 0.398000 0.006900 -0.917300
vn 0.419000 -0.005000 -0.908000
vn 0.663900 0.004900 -0.747800
vn 0.672600 0.000000 -0.740000
vn 0.816600 0.000000 -0.577300
vn 0.822600 -0.004200 -0.568600
vn 0.944300 0.004900 -0.329100
vn 0.948100 -0.000000 -0.318000
vn 0.994400 0.000000 -0.105700
vn 0.995400 -0.004200 -0.095200
vn 0.980600 0.005600 0.195900
vn 0.976400 -0.005100 0.215700
vn 0.858300 0.005700 0.513100
vn 0.865000 0.014500 0.501600
vn 0.728900 -0.018600 0.684400
vn 0.663200 0.017700 0.748200
vn 0.468800 -0.013900 0.883200
vn 0.483200 -0.005200 0.875500
vn 0.183800 0.005600 0.982900
vn 0.164000 -0.005100 0.986400
vn -0.154100 0.005600 0.988000
vn -0.174000 -0.005100 0.984700
vn -0.474400 0.005600 0.880300
vn -0.491900 -0.005100 0.870600
vn -0.725000 0.004900 0.688800
vn -0.754100 -0.013100 0.656700
vn -0.862500 0.014800 0.505800
vn -0.930500 -0.024200 0.365500
vn -0.974000 0.023700 0.225400
vn -0.999200 -0.023500 0.032000
vn -0.995900 0.016100 -0.089100
vn -0.934800 -0.017500 -0.354900
vn -0.953700 0.018700 -0.300300
vn -0.799600 -0.006400 -0.600500
vn -0.819400 0.011600 -0.573100
vn -0.668300 -0.014900 -0.743700
vn -0.572300 0.024000 -0.819700
vn -0.407200 -0.023400 -0.913000
vn -0.266600 0.024000 -0.963500
vn -0.111000 -0.015600 -0.993700
vn 0.069700 0.014600 -0.997500
vn 0.275800 0.913800 -0.298100
vn -0.142200 0.943000 0.300800
vn 0.398000 0.006900 -0.917400
vn 0.418900 -0.005000 -0.908000
vn 0.680900 0.005700 -0.732300
vn 0.672700 0.011600 -0.739800
vn 0.822600 -0.014900 -0.568400
vn 0.885700 0.023900 -0.463600
vn 0.958000 -0.024100 -0.285700
vn 0.992000 0.030100 -0.122500
vn 0.998100 -0.036500 0.050100
vn 0.983700 0.028500 0.177600
vn 0.936900 -0.015400 0.349100
vn 0.859400 0.014600 0.511200
vn 0.834400 -0.004200 0.551100
vn 0.639900 0.005700 0.768500
vn 0.624200 -0.005100 0.781300
vn 0.347400 0.005700 0.937700
vn 0.328300 -0.005100 0.944600
vn 0.015100 0.005600 0.999900
vn -0.005100 -0.005100 1.000000
vn -0.318800 0.005600 0.947800
vn -0.337800 -0.005100 0.941200
vn -0.616300 0.005700 0.787500
vn -0.607500 0.011600 0.794200
vn -0.771400 -0.015000 0.636200
vn -0.843200 0.023900 0.537000
vn -0.929500 -0.023500 0.368000
vn -0.968700 0.016700 0.247700
vn -0.999700 -0.013800 0.021100
vn -0.997600 0.011600 0.068700
vn -0.987200 -0.014900 -0.158800
vn -0.966500 0.016700 -0.256100
vn -0.882900 -0.013800 -0.469400
vn -0.890600 -0.005000 -0.454800
vn -0.719100 0.004900 -0.694900
vn -0.688300 -0.013100 -0.725300
vn -0.542000 0.014900 -0.840200
vn -0.266500 0.024000 -0.963500
vn 0.054500 0.838000 0.542900
vn 0.129500 0.838000 -0.530100
vn 0.000000 0.707100 -0.707100
vn -0.706600 0.707600 0.001100
vn -0.707100 0.707100 0.000100
vn -0.705000 0.709200 0.000000
vn -0.725800 0.687900 -0.005200
vn -0.075300 0.724800 -0.684900
vn -0.274300 0.681700 -0.678300
vn -0.288700 0.705800 -0.646900
vn -0.486800 0.699200 -0.523500
vn -0.487600 0.705600 -0.514100
vn -0.633500 0.699100 -0.331600
vn -0.631000 0.705700 -0.322100
vn -0.703500 0.700900 -0.117500
vn -0.700600 0.704700 -0.111600
vn -0.707700 0.705100 0.045300
vn -0.705900 0.706700 0.047600
vn -0.671400 0.701000 0.240600
vn -0.648100 0.717000 0.256500
vn -0.609400 0.688300 0.393400
vn -0.530800 0.724800 0.439300
vn -0.465100 0.686900 0.558500
vn -0.430600 0.706800 0.561300
vn -0.248300 0.699200 0.670500
vn -0.239400 0.705700 0.666900
vn -0.027100 0.700900 0.712700
vn -0.003500 0.717100 0.696900
vn 0.137900 0.688400 0.712100
vn 0.223900 0.731200 0.644400
vn 0.331000 0.684200 0.649800
vn 0.446100 0.721900 0.529000
vn 0.442300 0.705700 0.553600
vn 0.592800 0.700900 0.396700
vn 0.592600 0.704700 0.390100
vn 0.664100 0.705000 0.248800
vn 0.664000 0.705400 0.248100
vn 0.702500 0.710600 0.037900
vn 0.722300 0.691400 0.017300
vn 0.678400 0.705700 -0.204400
vn 0.678200 0.705800 -0.204600
vn 0.589100 0.701000 -0.401900
vn 0.583100 0.704700 -0.404100
vn 0.479600 0.705100 -0.522300
vn 0.476800 0.706700 -0.522800
vn 0.298200 0.698200 -0.650800
vn 0.296500 0.699500 -0.650200
vn 0.086700 0.719900 -0.688600
vn 0.021000 0.672800 -0.739500
vn -0.708500 0.705500 0.017300
vn -0.712000 0.701900 0.021200
vn -0.075300 0.725000 -0.684700
vn -0.274300 0.681600 -0.678300
vn -0.288700 0.705700 -0.647000
vn -0.486900 0.699200 -0.523500
vn -0.485500 0.688500 -0.538800
vn -0.566100 0.722300 -0.397300
vn -0.638100 0.684300 -0.352900
vn -0.665800 0.722000 -0.188100
vn -0.676800 0.705400 -0.210600
vn -0.665800 0.700100 0.258100
vn -0.658400 0.705700 0.261800
vn -0.543700 0.699100 0.464300
vn -0.534100 0.705700 0.465500
vn -0.358200 0.699200 0.618700
vn -0.348500 0.705900 0.616600
vn -0.131400 0.699300 0.702600
vn -0.123400 0.705700 0.697700
vn 0.110200 0.699200 0.706400
vn 0.116200 0.705700 0.698900
vn 0.323800 0.700900 0.635500
vn 0.336700 0.717200 0.610200
vn 0.467600 0.688500 0.554400
vn 0.502900 0.724900 0.470800
vn 0.599400 0.692600 0.401200
vn 0.605300 0.713900 0.352200
vn 0.678700 0.688400 0.255900
vn 0.665900 0.731400 0.147100
vn 0.726800 0.684400 0.058600
vn 0.684300 0.722000 -0.102500
vn 0.721700 0.688700 -0.070000
vn 0.655900 0.722400 -0.218800
vn 0.663100 0.684400 -0.303300
vn 0.547300 0.722000 -0.423400
vn 0.595900 0.688600 -0.413200
vn 0.465900 0.722300 -0.511100
vn 0.422400 0.674700 -0.605300
vn 0.282500 0.732200 -0.619800
vn 0.206300 0.685800 -0.698000
vn 0.086700 0.719200 -0.689300
vn 0.006900 0.681500 -0.731800
vn 0.731500 0.681900 -0.006600
vn 0.706300 0.707900 0.001600
vn 0.705200 0.709000 0.000000
vn 0.707100 0.707100 0.000100
vn 0.003800 0.705200 0.709000
vn -0.000300 0.707000 0.707300
vn 0.000800 0.710100 0.704100
vn -0.000100 0.706800 0.707400
vn 0.000000 0.709000 0.705200
vn -0.004700 0.727600 0.686000
vn 0.060100 0.705800 -0.705800
vn 0.178500 0.705800 -0.685500
vn 0.291800 0.705800 -0.645500
vn 0.396700 0.705800 -0.586900
vn 0.490200 0.705800 -0.511400
vn 0.490100 0.705800 -0.511400
vn 0.569500 0.705800 -0.421200
vn 0.569600 0.705800 -0.421200
vn 0.632500 0.705800 -0.318900
vn 0.632600 0.705800 -0.318900
vn 0.677400 0.705800 -0.207400
vn 0.702700 0.705800 -0.090000
vn 0.707700 0.705800 0.030100
vn 0.692500 0.705800 0.149200
vn 0.657300 0.705800 0.264100
vn 0.603200 0.705800 0.371400
vn 0.531800 0.705800 0.468000
vn 0.531800 0.705800 0.468100
vn 0.445000 0.705800 0.551200
vn 0.445000 0.705800 0.551100
vn 0.345500 0.705800 0.618400
vn 0.236000 0.705800 0.667900
vn 0.236000 0.705900 0.667900
vn 0.119700 0.705900 0.698200
vn 0.119700 0.705800 0.698200
vn 0.000000 0.705800 0.708400
vn -0.119700 0.705800 0.698200
vn -0.119700 0.705900 0.698200
vn -0.236000 0.705900 0.667900
vn -0.236000 0.705800 0.667900
vn -0.345500 0.705800 0.618400
vn -0.445000 0.705800 0.551100
vn -0.445000 0.705800 0.551200
vn -0.531800 0.705800 0.468000
vn -0.531700 0.705800 0.468000
vn -0.603200 0.705800 0.371400
vn -0.657300 0.705800 0.264100
vn -0.692500 0.705800 0.149200
vn -0.692500 0.705800 0.149300
vn -0.707700 0.705800 0.030100
vn -0.702600 0.705800 -0.090000
vn -0.677300 0.705800 -0.207400
vn -0.632500 0.705800 -0.318900
vn -0.569600 0.705800 -0.421200
vn -0.490200 0.705800 -0.511400
vn -0.396700 0.705800 -0.586900
vn -0.291800 0.705800 -0.645500
vn -0.178500 0.705800 -0.685500
vn -0.060100 0.705800 -0.705800
vn 0.707100 0.707100 0.000000
vn 0.000000 0.707100 0.707100
vn -0.707100 0.707100 0.000000
vn 0.515500 0.856900 0.000500
vn 0.644600 0.764500 -0.000600
vn 0.910700 0.413100 0.000300
vn 0.932400 0.361300 -0.000100
vn 0.508200 -0.000600 -0.861200
vn 0.651600 0.000700 -0.758600
vn 0.927000 -0.000300 -0.375100
vn 0.918600 -0.000100 -0.395100
vn 0.505200 -0.000100 0.863000
vn 0.521800 0.000100 0.853000
vn 0.907700 -0.000000 0.419500
vn 0.913500 0.000100 0.406900
vn 0.497900 -0.867300 0.000100
vn 0.529500 -0.848300 -0.000200
vn 0.907500 -0.420100 -0.000000
vn 0.913300 -0.407300 0.000100
vn 0.827600 -0.021800 -0.561000
vn 0.942300 -0.020500 -0.334300
vn 0.790700 0.030400 -0.611400
vn 0.982700 0.016300 -0.184400
vn 0.882200 0.068100 -0.466000
vn -0.451700 0.158900 -0.877900
vn -0.051800 -0.452800 -0.890100
vn 0.819500 -0.136100 -0.556700
vn 0.604000 -0.038800 0.796000
vn 0.604800 0.052900 0.794600
vn 0.610000 -0.112800 0.784300
vn 0.620800 -0.034900 0.783200
vn 0.699700 0.219200 0.680000
vn 0.988700 0.059800 0.137600
vn 0.612000 -0.190800 0.767500
vn 0.622100 -0.109100 0.775300
vn 0.981200 0.058100 0.184300
vn 0.908200 -0.003500 0.418600
vn 0.856500 0.087700 0.508600
vn 0.690500 -0.240300 0.682200
vn 0.692800 -0.160000 0.703100
vn -0.835800 0.117600 0.536200
vn 0.595500 -0.403600 0.694600
vn 0.595400 -0.327000 0.733900
vn 0.716000 -0.300600 0.630100
vn 0.725900 -0.220800 0.651400
vn 0.864300 -0.024000 0.502500
vn 0.611200 -0.465500 0.640100
vn 0.622200 -0.389000 0.679400
vn 0.932000 -0.052200 0.358800
vn 0.858500 -0.025200 0.512100
vn 0.860700 -0.121000 0.494500
vn 0.710800 -0.460100 0.532000
vn 0.713900 -0.398000 0.576100
vn 0.710400 -0.506700 0.488500
vn 0.723000 -0.449700 0.524500
vn 0.890600 -0.229200 0.392900
vn 0.980900 -0.060300 0.185200
vn 0.981700 -0.064400 0.179200
vn 0.868400 -0.117300 0.481900
vn 0.645200 -0.609500 0.460700
vn 0.651000 -0.556600 0.516100
vn 0.958000 -0.174600 0.227600
vn 0.902500 -0.215500 0.372900
vn 0.704600 -0.638500 0.309400
vn 0.751000 -0.545500 0.372000
vn 0.910800 -0.312800 0.269500
vn 0.869300 -0.353300 0.345700
vn 0.926800 -0.245500 0.284100
vn 0.803300 -0.499500 0.324500
vn -0.117600 -0.688400 0.715700
vn 0.702400 -0.683200 0.199500
vn 0.717900 -0.640500 0.272600
vn 0.708600 -0.695900 0.116800
vn 0.752600 -0.628500 0.196400
vn 0.836800 -0.512800 0.191800
vn 0.897100 -0.379900 0.225700
vn 0.846500 -0.530200 0.048500
vn 0.897700 -0.426900 0.109200
vn -0.206300 -0.928100 0.309900
vn 0.705600 -0.692500 -0.150100
vn 0.724400 -0.687500 -0.050700
vn 0.883900 -0.467600 -0.001900
vn 0.827500 -0.559500 0.045900
vn 0.816700 -0.573900 -0.060800
vn 0.708400 -0.649100 -0.277200
vn 0.725800 -0.664000 -0.179500
vn 0.839100 -0.518600 -0.164200
vn 0.896900 -0.438100 -0.059700
vn 0.772500 -0.631200 -0.069100
vn 0.889300 -0.405700 -0.210900
vn 0.837500 -0.510600 -0.194400
vn 0.804000 -0.498900 -0.323400
vn -0.017100 -0.943100 -0.332100
vn 0.709900 -0.449000 -0.542700
vn 0.726400 -0.507800 -0.463100
vn 0.886100 -0.363200 -0.287800
vn 0.816100 -0.486100 -0.312500
vn 0.820400 -0.409900 -0.398700
vn 0.716400 -0.276500 -0.640500
vn 0.732400 -0.353100 -0.582200
vn 0.825400 -0.326200 -0.460800
vn 0.921400 -0.276900 -0.272800
vn 0.895700 -0.321800 -0.307000
vn 0.892700 -0.273000 -0.358600
vn 0.843000 -0.259600 -0.471000
vn 0.835300 -0.236600 -0.496200
vn 0.892700 -0.147800 -0.425700
vn 0.722800 0.046200 -0.689500
vn 0.736400 -0.046200 -0.675000
vn 0.889100 -0.065500 -0.453100
vn 0.812800 -0.137100 -0.566200
vn 0.896900 0.088000 -0.433400
vn 0.812200 0.138700 -0.566700
vn 0.830400 0.189600 -0.523800
vn 0.853700 0.171600 -0.491600
vn 0.885800 0.191200 -0.422800
vn 0.822500 0.288300 -0.490300
vn 0.732300 0.327500 -0.597100
vn 0.744700 0.384700 -0.545300
vn 0.727300 0.399100 -0.558300
vn 0.743200 0.439600 -0.504400
vn 0.802200 0.432000 -0.412200
vn 0.798800 0.384700 -0.462500
vn 0.404600 0.768800 -0.495200
vn 0.375100 0.729800 -0.571500
vn 0.940500 0.165700 -0.296600
vn 0.977500 0.122800 -0.171600
vn 0.809300 0.423300 -0.407200
vn 0.804400 0.475100 -0.356700
vn 0.713800 0.546700 -0.437700
vn 0.711400 0.590800 -0.380600
vn 0.950100 0.206100 -0.234200
vn 0.771200 0.527200 -0.356800
vn 0.742700 0.596900 -0.303400
vn 0.792100 0.538200 -0.287900
vn 0.796000 0.561800 -0.225100
vn 0.572400 0.781200 -0.249200
vn 0.525700 0.838600 -0.143100
vn 0.807500 0.546100 -0.222900
vn 0.801000 0.578300 -0.154800
vn 0.163500 0.803400 -0.572500
vn 0.706200 0.693100 -0.144600
vn 0.713100 0.698900 -0.053900
vn 0.898900 0.419800 -0.125400
vn 0.957600 0.284700 -0.044300
vn 0.723200 0.688900 0.048500
vn 0.725500 0.674700 0.135800
vn 0.801500 0.594900 -0.060800
vn 0.887500 0.460700 -0.002600
vn 0.916200 0.399300 -0.034200
vn 0.831200 0.553000 0.057700
vn 0.567300 0.770800 0.289800
vn 0.486500 0.766500 0.419400
vn 0.812400 0.575400 0.094600
vn 0.797300 0.579500 0.168800
vn 0.776700 0.603000 0.182000
vn 0.865300 0.454800 0.210500
vn 0.335900 0.742700 0.579200
vn -0.190500 0.973300 0.127900
vn 0.806800 0.534000 0.252900
vn 0.799300 0.503700 0.327700
vn 0.584600 0.597100 0.549300
vn 0.485600 0.552000 0.677800
vn 0.835200 0.495400 0.238900
vn 0.748900 0.547600 0.373300
vn 0.831200 0.440300 0.339500
vn 0.666100 0.492500 0.560200
vn 0.643100 0.456800 0.614700
vn 0.709500 0.508500 0.487900
vn 0.580100 0.472400 0.663600
vn 0.495800 0.412500 0.764300
vn 0.918800 0.329800 0.217100
vn 0.901500 0.317400 0.294300
vn 0.711100 0.361300 0.603100
vn 0.711300 0.294500 0.638200
vn 0.863300 0.365200 0.348300
vn 0.930700 0.241400 0.274800
vn 0.699600 0.296800 0.650000
vn 0.708600 0.217800 0.671100
vn 0.853300 0.301200 0.425500
vn 0.815300 0.330800 0.475300
vn 0.987900 0.064200 0.141500
vn 0.781400 0.169300 0.600700
vn 0.653900 0.091500 0.751000
vn -0.000000 0.926000 -0.377500
vn 0.000200 0.914100 -0.405600
vn 0.000000 0.570400 -0.821300
vn -0.000200 0.554200 -0.832400
vn -0.899300 -0.000000 -0.437200
vn -0.920100 -0.000500 -0.391700
vn -0.564800 0.000800 -0.825200
vn -0.417700 -0.000500 -0.908600
vn 0.921800 0.000000 -0.387600
vn 0.918400 0.000100 -0.395700
vn 0.571800 -0.000000 -0.820400
vn 0.553200 0.000200 -0.833100
vn 0.000000 -0.888300 -0.459200
vn -0.000600 -0.917500 -0.397700
vn 0.000700 -0.561300 -0.827600
vn -0.000400 -0.436300 -0.899800
vn -0.561400 -0.021900 -0.827300
vn -0.334300 -0.020500 -0.942200
vn -0.611300 0.030400 -0.790800
vn -0.184200 0.016400 -0.982800
vn -0.466300 0.068100 -0.882000
vn -0.876900 0.158700 0.453800
vn -0.891400 -0.453100 0.002200
vn -0.556800 -0.136200 -0.819400
vn -0.539400 0.707200 -0.457000
vn 0.937100 -0.073000 -0.341300
vn 0.854100 0.041800 -0.518400
vn 0.769700 0.087300 -0.632400
vn 0.718700 0.199200 -0.666100
vn 0.496500 0.110900 -0.860900
vn 0.388600 0.156900 -0.907900
vn 0.850700 -0.212000 -0.481000
vn 0.864800 -0.119000 -0.487800
vn 0.584400 0.257600 -0.769500
vn 0.879500 -0.329100 -0.343700
vn 0.826100 -0.199000 -0.527200
vn 0.759100 -0.131800 -0.637500
vn 0.752600 -0.011500 -0.658400
vn 0.425400 0.020800 -0.904800
vn 0.525600 0.084700 -0.846500
vn 0.796800 -0.363900 -0.482300
vn 0.825000 -0.284600 -0.488200
vn 0.571100 -0.029000 -0.820400
vn 0.982000 0.184600 -0.038900
vn 0.757000 -0.444800 -0.478600
vn 0.795300 -0.362500 -0.485900
vn 0.415500 -0.100100 -0.904100
vn 0.531300 -0.067600 -0.844500
vn 0.658000 -0.578900 -0.481700
vn 0.713500 -0.502100 -0.488600
vn 0.536700 -0.185200 -0.823200
vn 0.745800 -0.064600 0.663000
vn 0.615500 -0.465800 -0.635800
vn 0.664400 -0.355300 -0.657600
vn 0.397500 -0.181800 -0.899400
vn 0.543300 -0.188300 -0.818200
vn 0.541500 -0.688500 -0.482400
vn 0.606000 -0.627700 -0.488700
vn 0.472900 -0.278200 -0.836100
vn 0.469100 -0.742500 -0.478200
vn 0.540900 -0.686800 -0.485600
vn 0.516000 -0.573000 -0.636700
vn 0.584400 -0.474400 -0.658400
vn 0.379700 -0.342000 -0.859500
vn 0.354600 -0.225700 -0.907400
vn 0.337500 -0.802800 -0.491600
vn 0.434700 -0.800200 -0.413200
vn 0.542700 -0.322900 -0.775400
vn 0.260000 -0.835000 -0.484900
vn 0.337400 -0.841300 -0.422300
vn 0.336000 -0.698500 -0.631800
vn 0.428200 -0.621900 -0.655700
vn 0.264100 -0.335900 -0.904100
vn 0.377500 -0.382800 -0.843100
vn 0.182800 -0.876200 -0.445900
vn 0.253400 -0.899300 -0.356400
vn 0.307300 -0.480600 -0.821300
vn 0.719800 -0.694200 -0.006800
vn 0.095700 -0.868600 -0.486200
vn 0.181700 -0.889000 -0.420400
vn 0.012200 -0.875500 -0.483100
vn 0.087000 -0.898800 -0.429600
vn 0.114600 -0.655800 -0.746200
vn 0.199000 -0.639700 -0.742400
vn 0.137300 -0.502800 -0.853400
vn 0.182200 -0.440500 -0.879100
vn 0.196700 -0.460700 -0.865500
vn 0.190600 -0.317300 -0.929000
vn 0.260900 -0.401900 -0.877700
vn -0.073400 -0.874600 -0.479200
vn 0.001100 -0.902900 -0.429800
vn -0.160300 -0.885800 -0.435600
vn -0.100200 -0.925300 -0.365700
vn 0.048000 -0.495700 -0.867200
vn 0.100300 -0.409700 -0.906700
vn -0.238400 -0.844700 -0.479200
vn -0.161400 -0.888100 -0.430300
vn -0.139600 -0.670500 -0.728700
vn -0.051900 -0.668000 -0.742300
vn 0.000500 -0.437100 -0.899400
vn 0.044700 -0.545700 -0.836800
vn 0.148000 -0.549700 -0.822100
vn -0.319200 -0.819400 -0.476200
vn -0.252700 -0.863700 -0.436000
vn -0.056900 -0.546400 -0.835600
vn -0.395300 -0.784200 -0.478300
vn -0.331700 -0.833300 -0.442200
vn -0.476200 -0.739700 -0.475600
vn -0.410600 -0.798400 -0.440400
vn -0.151300 -0.517000 -0.842500
vn -0.043400 -0.367500 -0.929000
vn -0.545700 -0.673000 -0.499300
vn -0.468800 -0.733500 -0.492100
vn -0.183400 -0.461200 -0.868100
vn -0.107500 -0.415000 -0.903400
vn -0.042300 -0.442900 -0.895600
vn -0.201000 -0.390400 -0.898400
vn -0.212500 -0.509500 -0.833800
vn -0.293400 -0.455700 -0.840400
vn -0.541000 -0.448400 -0.711500
vn -0.462100 -0.506000 -0.728300
vn -0.273500 -0.358200 -0.892700
vn -0.305400 -0.470100 -0.828100
vn -0.400600 -0.412500 -0.818100
vn -0.650800 -0.279900 -0.705800
vn -0.591500 -0.359800 -0.721600
vn -0.462100 -0.327000 -0.824400
vn -0.273800 -0.277800 -0.920800
vn -0.310400 -0.325700 -0.893100
vn -0.358100 -0.273000 -0.892900
vn -0.471700 -0.259300 -0.842800
vn -0.497500 -0.237600 -0.834300
vn -0.426200 -0.147900 -0.892500
vn -0.689400 0.046200 -0.722900
vn -0.674900 -0.046200 -0.736500
vn -0.453500 -0.065600 -0.888800
vn -0.566700 -0.137200 -0.812400
vn -0.433000 0.087900 -0.897100
vn -0.567500 0.139000 -0.811500
vn -0.523800 0.189700 -0.830400
vn -0.490200 0.170800 -0.854700
vn -0.406300 0.191200 -0.893500
vn -0.812200 0.361800 -0.457600
vn -0.489800 0.286100 -0.823600
vn -0.466000 0.267800 -0.843300
vn -0.766800 0.441200 -0.466200
vn -0.769500 0.444200 -0.458800
vn -0.357800 0.254400 -0.898500
vn -0.720500 0.511900 -0.467800
vn -0.723300 0.515600 -0.459400
vn -0.684000 0.605100 -0.407400
vn -0.671400 0.583200 -0.457300
vn -0.607300 0.626800 -0.488100
vn -0.634900 0.673600 -0.378400
vn -0.465100 0.501100 -0.729800
vn -0.513100 0.428900 -0.743500
vn -0.413600 0.364000 -0.834500
vn -0.479900 0.736300 -0.477100
vn -0.406100 0.794600 -0.451400
vn -0.477800 0.572200 -0.666600
vn -0.400500 0.666800 -0.628500
vn -0.403400 0.778500 -0.480900
vn -0.327700 0.829400 -0.452500
vn -0.481400 0.428300 -0.764700
vn -0.309600 0.293000 -0.904600
vn -0.312100 0.413200 -0.855500
vn -0.326400 0.812400 -0.483200
vn -0.247000 0.857500 -0.451300
vn -0.247400 0.840500 -0.482100
vn -0.164200 0.879500 -0.446800
vn -0.296200 0.444400 -0.845400
vn -0.198700 0.382700 -0.902300
vn -0.162900 0.888900 -0.428200
vn -0.081400 0.921200 -0.380400
vn -0.575300 0.817900 -0.001000
vn -0.217800 0.542900 -0.811100
vn -0.089100 0.868300 -0.487900
vn 0.007000 0.898000 -0.440000
vn -0.203100 0.490500 -0.847400
vn -0.120700 0.409700 -0.904200
vn -0.138400 0.655700 -0.742300
vn -0.055000 0.682600 -0.728800
vn -0.001200 0.872200 -0.489100
vn 0.092500 0.892900 -0.440700
vn -0.106800 0.562800 -0.819600
vn 0.081600 0.866900 -0.491800
vn 0.177600 0.880400 -0.439700
vn 0.163700 0.854500 -0.493000
vn 0.270000 0.861200 -0.430600
vn -0.057400 0.613500 -0.787600
vn -0.000600 0.451500 -0.892200
vn -0.070200 0.333500 -0.940100
vn -0.010000 0.184500 -0.982800
vn 0.053000 0.562700 -0.825000
vn 0.321000 0.805700 -0.497900
vn 0.422600 0.797200 -0.431000
vn 0.016500 0.384900 -0.922800
vn 0.101600 0.529700 -0.842100
vn 0.187400 0.719600 -0.668600
vn 0.311800 0.715500 -0.625100
vn 0.395000 0.768800 -0.502900
vn 0.494800 0.752500 -0.434700
vn 0.022300 0.953100 -0.302000
vn 0.067600 0.423700 -0.903300
vn 0.152900 0.486800 -0.860000
vn 0.470000 0.731400 -0.494200
vn 0.570900 0.706300 -0.418600
vn 0.526700 0.675300 -0.516400
vn 0.635000 0.640300 -0.432300
vn 0.192000 0.503400 -0.842400
vn 0.196300 0.381700 -0.903200
vn 0.332400 0.943100 -0.009600
vn 0.310100 0.481200 -0.819900
vn 0.658700 0.571600 -0.489300
vn 0.729600 0.511600 -0.453800
vn 0.308200 0.479000 -0.821900
vn 0.270400 0.349100 -0.897200
vn 0.498500 0.552800 -0.667800
vn 0.609400 0.494700 -0.619600
vn 0.702000 0.501900 -0.505300
vn 0.797500 0.443700 -0.408800
vn 0.392700 0.404200 -0.826100
vn 0.736600 0.428900 -0.522900
vn 0.836000 0.359800 -0.414300
vn 0.299300 0.287800 -0.909700
vn 0.398600 0.285600 -0.871500
vn 0.814400 0.282000 -0.507200
vn 0.905800 0.195300 -0.376000
vn 0.437800 0.447500 -0.779800
vn 0.450400 0.311100 -0.836900
vn 0.380500 0.222100 -0.897700
vn 0.670100 0.330200 -0.664800
vn 0.740400 0.231000 -0.631200
vn 0.509400 0.227400 -0.830000
vn 0.863400 0.128700 -0.487800
vn 0.876000 0.037200 -0.480900
vn -0.373400 0.927700 0.000000
vn -0.399000 0.917000 -0.000100
vn -0.818400 0.574600 -0.000100
vn -0.831800 0.555100 0.000200
vn -0.373000 -0.000000 0.927800
vn -0.397100 0.000100 0.917800
vn -0.817200 0.000100 0.576300
vn -0.831500 -0.000200 0.555500
vn -0.621200 -0.000800 -0.783600
vn -0.832800 0.000700 -0.553600
vn -0.925200 -0.000300 -0.379500
vn -0.378500 0.000500 -0.925600
vn -0.391600 -0.920100 0.000500
vn -0.616900 -0.787000 -0.000800
vn -0.823000 -0.568000 0.000700
vn -0.930800 -0.365500 -0.000400
vn -0.944700 -0.068500 0.320700
vn -0.387900 -0.136700 0.911500
vn -0.929100 -0.064200 0.364100
vn -0.789200 -0.028000 0.613500
vn -0.982800 -0.001200 0.184800
vn -0.883300 0.022400 0.468300
vn 0.930500 0.042200 0.363900
vn -0.811500 0.084400 0.578300
vn -0.844700 0.071100 0.530500
vn -0.776400 -0.450400 0.440900
vn -0.547900 -0.278000 0.789000
vn -0.563200 -0.180700 0.806300
vn 0.033600 -0.534900 0.844300
vn -0.711300 -0.175300 0.680700
vn -0.715900 -0.098900 0.691100
vn -0.468900 0.698300 0.540800
vn -0.339000 -0.066000 -0.938500
vn -0.519300 0.042100 -0.853600
vn -0.842600 0.176800 -0.508700
vn -0.927200 0.177900 -0.329600
vn -0.877400 0.241700 -0.414300
vn -0.351300 -0.154600 -0.923400
vn -0.511000 -0.039000 -0.858700
vn -0.867200 0.118000 -0.483800
vn -0.903100 0.153500 -0.401100
vn -0.347400 -0.242700 -0.905800
vn -0.511800 -0.121200 -0.850500
vn -0.837500 0.121800 -0.532700
vn -0.480600 -0.286900 -0.828700
vn -0.487000 -0.204800 -0.849000
vn -0.899400 -0.022900 -0.436400
vn -0.819900 0.031900 -0.571600
vn -0.835500 0.028000 -0.548700
vn -0.481500 -0.364200 -0.797200
vn -0.487900 -0.284300 -0.825300
vn -0.840700 -0.076400 -0.536000
vn -0.480600 -0.438500 -0.759500
vn -0.487000 -0.362000 -0.794800
vn -0.898800 -0.102800 -0.426100
vn -0.823700 -0.083200 -0.560900
vn -0.484700 -0.507100 -0.712600
vn -0.490600 -0.434200 -0.755500
vn -0.842400 -0.175400 -0.509400
vn -0.484000 -0.578400 -0.656600
vn -0.490900 -0.504200 -0.710500
vn -0.898700 -0.181800 -0.399200
vn -0.823900 -0.188000 -0.534600
vn -0.843000 -0.267900 -0.466500
vn -0.486700 -0.686700 -0.540000
vn -0.493300 -0.625800 -0.604300
vn -0.897900 -0.255000 -0.358800
vn -0.822500 -0.286800 -0.491100
vn -0.477700 -0.739100 -0.475000
vn -0.483700 -0.688300 -0.540700
vn -0.637600 -0.572000 -0.516000
vn -0.658600 -0.474800 -0.583800
vn -0.832300 -0.366400 -0.415900
vn -0.478500 -0.784500 -0.394500
vn -0.486000 -0.734400 -0.473700
vn -0.863000 -0.397800 -0.311600
vn -0.905100 -0.292100 -0.309100
vn -0.490000 -0.832300 -0.259200
vn -0.407000 -0.840600 -0.357500
vn -0.899500 -0.367100 -0.236900
vn -0.837000 -0.434900 -0.332100
vn -0.770200 -0.424000 -0.476500
vn -0.487000 -0.855000 -0.178300
vn -0.425100 -0.868200 -0.255900
vn -0.637300 -0.723400 -0.265700
vn -0.667300 -0.651100 -0.361500
vn -0.834700 -0.491500 -0.248200
vn -0.443100 -0.891100 -0.098000
vn -0.360400 -0.918100 -0.164800
vn -0.482900 -0.875600 -0.012200
vn -0.422500 -0.901300 -0.096200
vn -0.842800 -0.516200 -0.152200
vn -0.929400 -0.331600 -0.162000
vn -0.479400 -0.874500 0.073400
vn -0.430000 -0.902800 -0.001100
vn -0.728800 -0.682500 -0.054900
vn -0.742500 -0.655400 -0.138400
vn -0.859700 -0.503300 -0.087300
vn -0.903200 -0.407800 -0.134100
vn -0.897200 -0.392500 -0.202500
vn -0.481400 -0.862500 0.156100
vn -0.433900 -0.897000 0.084500
vn -0.479900 -0.844300 0.238300
vn -0.436100 -0.883900 0.169100
vn -0.904900 -0.425700 -0.000600
vn -0.846700 -0.528700 -0.059600
vn -0.430200 -0.841200 0.327500
vn -0.369200 -0.888300 0.273000
vn -0.826100 -0.561000 0.052900
vn -0.048100 -0.989300 -0.137600
vn -0.476100 -0.785100 0.396200
vn -0.435900 -0.839000 0.325800
vn -0.898700 -0.430700 0.082400
vn -0.819100 -0.571000 0.055000
vn -0.475100 -0.744000 0.469900
vn -0.442300 -0.797700 0.409900
vn -0.728600 -0.632000 0.263900
vn -0.742200 -0.646200 0.177500
vn -0.834000 -0.528100 0.159700
vn -0.474000 -0.695800 0.539600
vn -0.445600 -0.753900 0.482800
vn -0.470300 -0.642300 0.605200
vn -0.445000 -0.704300 0.553100
vn -0.422500 -0.592500 0.685900
vn -0.382100 -0.661400 0.645400
vn -0.842600 -0.479100 0.246200
vn -0.928900 -0.353000 0.112200
vn -0.895300 -0.427400 0.125400
vn -0.482700 -0.513400 0.709500
vn -0.489600 -0.575800 0.654800
vn -0.867300 -0.419300 0.268300
vn -0.903000 -0.388100 0.184500
vn -0.417000 -0.447300 0.791200
vn -0.384300 -0.526700 0.758200
vn -0.726900 -0.442500 0.525100
vn -0.740400 -0.494600 0.455200
vn -0.898500 -0.345100 0.271300
vn -0.833700 -0.460300 0.305200
vn -0.834200 -0.395900 0.383900
vn -0.733700 -0.362800 0.574600
vn -0.740500 -0.398900 0.540900
vn -0.905600 -0.294200 0.305400
vn -0.857200 -0.290500 0.425300
vn -0.700800 -0.370400 0.609700
vn -0.671800 -0.287900 0.682500
vn -0.509500 -0.372500 0.775600
vn -0.539200 -0.277700 0.795100
vn -0.723500 -0.020100 0.690000
vn -0.730100 -0.100100 0.675900
vn -0.953000 -0.096300 0.287300
vn -0.837600 -0.226300 0.497200
vn -0.893700 0.106700 0.435900
vn -0.808800 0.194500 0.555000
vn -0.735600 0.209100 0.644300
vn -0.849400 0.211400 0.483600
vn -0.720500 0.299100 0.625700
vn -0.485100 0.356000 0.798700
vn -0.904800 0.211900 0.369400
vn -0.473500 0.437700 0.764400
vn -0.477600 0.436000 0.762800
vn -0.472100 0.513400 0.716600
vn -0.467300 0.515500 0.718200
vn -0.483000 0.571100 0.663700
vn -0.463300 0.580600 0.669500
vn -0.511400 0.617500 0.597600
vn -0.476400 0.636100 0.607000
vn -0.404600 0.769900 0.493500
vn -0.435100 0.715200 0.547000
vn -0.812500 0.338200 0.474800
vn 0.673800 0.268200 0.688500
vn -0.905400 0.232500 0.355300
vn -0.869000 0.324300 0.373700
vn -0.470600 0.738800 0.482400
vn -0.445400 0.797700 0.406500
vn -0.840400 0.361000 0.404300
vn -0.895500 0.318100 0.311300
vn -0.742100 0.522000 0.420500
vn -0.728700 0.581900 0.361000
vn -0.481300 0.778300 0.403300
vn -0.452400 0.829300 0.327900
vn -0.818400 0.454900 0.351100
vn -0.475300 0.816800 0.327000
vn -0.444700 0.860700 0.247900
vn -0.485900 0.838000 0.248400
vn -0.449000 0.878300 0.164100
vn -0.929900 0.294000 0.220800
vn -0.846700 0.471900 0.245500
vn -0.484300 0.858900 0.166300
vn -0.445000 0.892000 0.079300
vn -0.895700 0.349400 0.275000
vn -0.901300 0.378500 0.210900
vn -0.863600 0.468400 0.186400
vn -0.485900 0.869900 0.084300
vn -0.440300 0.897800 -0.007000
vn -0.838400 0.508800 0.195400
vn -0.899500 0.418800 0.124400
vn -0.434000 0.900900 -0.008000
vn -0.374700 0.922200 -0.095400
vn -0.842000 0.529700 0.102700
vn -0.493000 0.866600 -0.077000
vn -0.437900 0.881300 -0.177400
vn -0.824700 0.555900 0.104300
vn -0.898800 0.436400 0.042300
vn -0.742200 0.670100 0.011700
vn -0.728600 0.680800 -0.075400
vn -0.489300 0.856600 -0.163900
vn -0.468900 0.846600 -0.251800
vn -0.834100 0.551600 -0.004500
vn -0.498600 0.832200 -0.242500
vn -0.439000 0.830800 -0.342200
vn -0.499500 0.804600 -0.321100
vn -0.434600 0.796000 -0.421200
vn -0.788300 0.612400 -0.059600
vn -0.892700 0.442500 -0.084700
vn -0.497100 0.771400 -0.397300
vn -0.421800 0.753000 -0.505000
vn -0.942400 0.334500 0.004600
vn -0.982800 0.183200 -0.025100
vn -0.826800 0.540100 -0.157300
vn -0.903800 0.414800 -0.105200
vn -0.866100 0.464200 -0.185400
vn -0.501800 0.679700 -0.534900
vn -0.423500 0.647500 -0.633500
vn 0.453000 0.868700 -0.200300
vn -0.834700 0.508300 -0.212000
vn -0.899300 0.388800 -0.200400
vn -0.670400 0.636400 -0.381500
vn -0.624200 0.598700 -0.502000
vn -0.456700 0.639300 -0.618600
vn -0.343900 0.605100 -0.718000
vn -0.836200 0.459100 -0.300000
vn -0.509100 0.567100 -0.647400
vn -0.418700 0.517600 -0.746200
vn -0.740900 0.494100 -0.454900
vn -0.727400 0.441600 -0.525200
vn -0.494000 0.505200 -0.707700
vn -0.455300 0.438700 -0.774800
vn -0.906800 0.344200 -0.243600
vn -0.859200 0.363400 -0.360000
vn -0.465900 0.437400 -0.769200
vn -0.335400 0.381300 -0.861500
vn -0.766300 0.535900 -0.354500
vn -0.487100 0.368400 -0.791900
vn -0.480200 0.283200 -0.830200
vn -0.844600 0.357300 -0.398800
vn -0.904600 0.247400 -0.347100
vn -0.740700 0.346300 -0.575700
vn -0.724500 0.277300 -0.631100
vn -0.512500 0.281900 -0.811100
vn -0.387100 0.199800 -0.900100
vn -0.013300 0.685900 -0.727600
vn -0.821600 0.283900 -0.494400
vn -0.515100 0.203100 -0.832700
vn -0.387300 0.115500 -0.914700
vn -0.493600 0.126000 -0.860500
vn -0.479700 0.037200 -0.876600
vn 0.000200 0.855700 0.517500
vn -0.000500 0.893000 0.450100
vn 0.000700 0.543100 0.839700
vn -0.000400 0.417900 0.908500
vn 0.872100 0.000000 0.489300
vn 0.893600 -0.000400 0.449000
vn 0.549500 0.000700 0.835500
vn 0.407400 -0.000500 0.913300
vn -0.857000 -0.000000 0.515200
vn -0.854600 0.000000 0.519300
vn -0.412400 0.000100 0.911000
vn -0.410300 0.000100 0.912000
vn 0.000000 -0.864200 0.503200
vn -0.000100 -0.853000 0.521900
vn 0.000100 -0.423400 0.905900
vn -0.000100 -0.406000 0.913900
vn 0.483700 -0.159600 0.860600
vn 0.406400 -0.126200 0.904900
vn 0.527100 -0.066000 0.847300
vn 0.994600 -0.091800 -0.047400
vn 0.631200 -0.042000 0.774500
vn 0.663900 0.038400 0.746800
vn 0.593400 0.020300 0.804700
vn 0.601400 0.089200 0.793900
vn 0.670000 0.116000 0.733200
vn 0.386400 0.059600 0.920400
vn 0.258100 -0.272000 0.927100
vn 0.209800 -0.200400 0.957000
vn 0.378000 -0.262500 0.887800
vn 0.486000 -0.301700 0.820300
vn 0.567400 -0.256900 0.782400
vn 0.742400 -0.484700 0.462500
vn -0.832100 0.038700 0.553300
vn -0.541500 0.115000 0.832800
vn -0.426900 0.163300 0.889400
vn -0.391900 0.226500 0.891700
vn -0.712100 -0.051000 0.700300
vn -0.693400 0.049100 0.718900
vn -0.440200 0.100500 0.892200
vn -0.442400 0.021300 0.896600
vn -0.709300 -0.173100 0.683300
vn -0.613300 -0.067200 0.787000
vn -0.625600 -0.217600 0.749200
vn -0.783100 -0.208500 0.586000
vn -0.707800 -0.050000 0.704600
vn -0.769800 -0.358900 0.527800
vn -0.190900 -0.014800 0.981500
vn -0.334400 0.020500 0.942200
vn -0.294200 -0.063700 0.953600
vn -0.571700 -0.427900 0.700000
vn -0.608900 -0.333900 0.719600
vn -0.405700 -0.165700 0.898900
vn -0.566000 -0.205100 0.798500
vn -0.604200 -0.106000 0.789700
vn -0.504100 -0.297600 0.810700
vn -0.504000 -0.549600 0.666200
vn -0.477500 -0.386900 0.788800
vn -0.567700 -0.423800 0.705800
vn -0.152400 -0.115700 0.981500
vn -0.293500 -0.164000 0.941800
vn -0.330400 -0.423400 0.843500
vn -0.325200 -0.309100 0.893700
vn -0.249900 -0.670600 0.698400
vn -0.333000 -0.611100 0.718100
vn -0.252700 -0.397300 0.882200
vn -0.344200 -0.449900 0.824100
vn -0.456100 -0.420800 0.784200
vn -0.260500 -0.518700 0.814300
vn -0.066100 -0.704200 0.706900
vn -0.145700 -0.676200 0.722200
vn -0.159400 -0.551500 0.818800
vn -0.175000 -0.351400 0.919700
vn 0.016300 -0.704500 0.709500
vn -0.072800 -0.654500 0.752500
vn -0.091300 -0.537200 0.838500
vn -0.141800 -0.430000 0.891600
vn -0.202400 -0.392700 0.897100
vn 0.053500 -0.528700 0.847100
vn -0.028100 -0.443900 0.895600
vn -0.125900 -0.955300 -0.267600
vn 0.087500 -0.455900 0.885700
vn 0.061500 -0.557000 0.828200
vn 0.162600 -0.546700 0.821400
vn 0.403100 -0.592900 0.697100
vn 0.304700 -0.628400 0.715700
vn 0.174700 -0.430500 0.885500
vn 0.164000 -0.549800 0.819000
vn 0.268000 -0.506600 0.819500
vn 0.642200 -0.451400 0.619500
vn 0.588800 -0.520100 0.618700
vn 0.534600 -0.450800 0.714900
vn 0.474900 -0.508600 0.718200
vn 0.424900 -0.427900 0.797700
vn 0.360600 -0.475500 0.802400
vn 0.324000 -0.399900 0.857400
vn 0.216800 -0.380800 0.898900
vn 0.305500 -0.571700 0.761400
vn 0.622600 -0.347900 0.700900
vn 0.573700 -0.420000 0.703200
vn 0.529000 -0.248700 0.811400
vn 0.566800 -0.182700 0.803400
vn 0.666600 -0.241200 0.705300
vn 0.682900 -0.152000 0.714500
vn 0.687200 -0.033000 0.725700
vn 0.673100 -0.112000 0.731000
vn 0.546200 0.132500 0.827100
vn 0.410300 0.135900 0.901800
vn 0.558700 0.178100 0.810000
vn 0.668500 0.232700 0.706300
vn 0.625000 0.308700 0.717000
vn 0.551900 0.250600 0.795400
vn 0.496800 0.289300 0.818200
vn 0.589500 0.424500 0.687200
vn 0.756300 0.542700 0.365500
vn 0.702400 0.606500 0.372500
vn 0.400500 0.342000 0.850100
vn 0.512100 0.354200 0.782500
vn 0.346800 0.163000 0.923600
vn 0.500100 0.777800 0.380600
vn 0.344100 0.243700 0.906800
vn 0.440900 0.430200 0.787700
vn 0.396600 0.408000 0.822300
vn 0.438500 0.556100 0.706000
vn 0.338900 0.395000 0.853900
vn 0.338000 0.520900 0.783900
vn 0.600900 0.630100 -0.491800
vn 0.331900 0.505900 0.796200
vn 0.279600 0.544200 0.791000
vn 0.324000 0.760000 0.563300
vn 0.221000 0.828100 0.515200
vn 0.282000 0.553400 0.783700
vn 0.173300 0.497600 0.849900
vn 0.206600 0.664500 0.718100
vn 0.119100 0.679700 0.723800
vn 0.204200 0.658000 0.724800
vn 0.082500 0.686500 0.722400
vn 0.001700 0.694500 0.719500
vn 0.108600 0.421400 0.900400
vn 0.040800 0.525900 0.849500
vn 0.012800 0.645000 0.764100
vn -0.069600 0.664700 0.743800
vn 0.216600 0.701800 0.678700
vn -0.123800 0.701200 0.702100
vn -0.199400 0.680200 0.705400
vn -0.048100 0.598600 0.799600
vn -0.123600 0.578000 0.806600
vn -0.190200 0.664000 0.723200
vn -0.262100 0.635600 0.726200
vn 0.044600 0.997800 -0.048500
vn -0.212400 0.560400 0.800500
vn -0.281600 0.517800 0.807900
vn -0.312800 0.626600 0.713800
vn -0.388400 0.583800 0.712900
vn -0.059700 0.332000 0.941400
vn -0.063100 0.207000 0.976300
vn -0.121100 0.293500 0.948200
vn -0.285400 0.468700 0.836000
vn -0.276900 0.357900 0.891800
vn -0.706400 0.509500 0.491400
vn -0.406000 0.429900 0.806500
vn -0.496800 0.861800 0.102000
vn -0.304000 0.345500 0.887800
vn -0.385500 0.338100 0.858500
vn -0.437200 0.368200 0.820500
vn -0.374900 0.267800 0.887600
vn -0.592500 0.361700 0.719800
vn -0.646500 0.280400 0.709500
vn -0.487300 0.276300 0.828400
vn -0.345000 0.192100 0.918800
vn -0.509900 0.179400 0.841300
vn -0.835300 0.204700 0.510200
vn -0.654400 0.093200 0.750400
vn -0.593900 -0.804500 0.000100
vn -0.548900 -0.835900 -0.000300
vn -0.789300 -0.614000 0.000200
vn -0.798300 -0.602300 0.000300
vn -0.935800 -0.352600 0.000500
vn -0.993300 -0.115900 -0.000200
vn -0.615100 -0.750000 -0.243100
vn -0.000100 -0.795700 0.605700
vn 0.000100 -0.776100 0.630600
vn 0.000200 -0.625500 0.780200
vn -0.000400 -0.711900 0.702300
vn -0.253000 -0.899000 -0.357400
vn -0.002200 -0.663500 -0.748200
vn -0.004200 -0.827100 -0.562000
vn 0.919000 0.363500 -0.152900
vn -0.000300 -0.115900 -0.993300
vn -0.001000 0.112100 -0.993700
vn -0.000800 -0.828000 -0.560700
vn 0.000000 -0.622900 -0.782300
vn 0.000400 -0.806200 -0.591700
vn -0.000100 -0.770500 -0.637400
vn 0.220300 -0.975400 -0.000000
vn 0.631500 -0.775400 0.000100
vn 0.652800 -0.757500 -0.000000
vn 0.661200 -0.750200 -0.000000
vn 0.708900 -0.705300 -0.000300
vn 0.047900 0.998800 0.007500
vn -0.000000 0.115500 0.993300
vn 0.000600 -0.107000 0.994300
vn 0.001000 0.834800 0.550500
vn 0.000100 0.674900 0.737900
vn -0.000200 0.734500 0.678600
vn 0.000100 0.925800 0.378000
vn -0.000100 0.914300 0.405100
vn 0.000200 0.998600 0.052800
vn -0.000000 0.996300 0.086500
vn -0.013200 0.998800 -0.046400
vn -0.010000 0.837600 0.546100
vn -0.916200 -0.367000 0.160700
vn -0.008800 0.726100 0.687600
vn -0.074000 0.997300 0.000200
vn -0.685400 0.728100 -0.000300
vn -0.659800 0.751400 -0.000100
vn -0.434100 0.900900 0.000100
vn -0.460900 0.887400 -0.000100
vn -0.069600 0.997600 0.000200
vn 0.464200 0.822000 0.330100
vn 0.993300 0.115500 -0.000100
vn 0.950900 0.309600 0.000000
vn 0.934300 0.356600 -0.000200
vn 0.717100 0.697000 -0.000300
vn 0.753900 0.657000 0.000100
vn 0.333700 0.942700 -0.000200
vn 0.360100 0.932900 0.000000
vn -0.007800 1.000000 0.000000
vn 0.061100 0.998100 0.000300
vn 0.000300 0.144700 -0.989500
vn 0.000600 0.663800 -0.747900
vn -0.000200 0.757000 -0.653400
vn 0.000200 0.886500 -0.462700
vn -0.000300 0.942800 -0.333400
vn 0.000100 0.987400 -0.158300
vn 0.000100 0.998900 -0.047200
vn 0.998800 -0.047300 0.014100
vn 0.393300 -0.000600 0.919400
vn 0.640300 -0.000000 0.768100
vn 0.702200 -0.000200 0.712000
vn 0.853200 0.000300 0.521600
vn 0.919500 -0.000200 0.393200
vn 0.991400 0.000300 0.131000
vn 0.995900 0.000100 0.090800
vn 0.998600 0.023300 -0.047700
vn 0.379100 0.925300 -0.000700
vn 0.669800 0.742500 0.000100
vn 0.707400 0.706800 -0.000100
vn 0.918600 0.395300 -0.000000
vn 0.935700 0.352800 0.000200
vn 0.996200 0.087300 -0.000200
vn 0.997800 0.065900 -0.000100
vn -0.010300 -0.999900 0.000000
vn 0.756400 -0.654100 -0.000200
vn 0.765700 -0.643200 -0.000100
vn 0.799200 -0.601000 -0.000200
vn 0.896900 -0.442300 0.000300
vn 0.974400 -0.224900 -0.000000
vn 0.997700 -0.067500 0.000300
vn 0.996700 -0.081700 0.000200
vn 0.322100 0.001100 -0.946700
vn 0.729500 0.000500 -0.684000
vn 0.654000 -0.000200 -0.756500
vn 0.891700 0.000000 -0.452600
vn 0.932900 -0.000400 -0.360100
vn 0.988800 0.000100 -0.149600
vn 0.999000 -0.000000 0.045600
vn 0.218500 -0.005400 -0.975800
vn 0.825600 0.000400 -0.564300
vn 0.826100 0.000400 -0.563500
vn 0.797900 0.000100 -0.602700
vn 0.519400 -0.000300 -0.854500
vn 0.376500 0.000300 -0.926400
vn 0.226300 -0.000200 -0.974100
vn -0.034900 0.000500 -0.999400
vn -0.000000 0.968000 0.251100
vn 0.001700 0.864400 -0.502800
vn 0.000300 0.602700 -0.797900
vn -0.000000 0.702600 -0.711600
vn -0.000200 0.541200 -0.840900
vn 0.000200 0.432900 -0.901400
vn -0.000200 0.151700 -0.988400
vn 0.000200 0.043900 -0.999000
vn 0.005200 0.708500 -0.705700
vn 0.003500 0.864400 -0.502800
vn 0.000500 -0.999900 0.011100
vn -0.001000 -0.785300 -0.619200
vn 0.000200 -0.657900 -0.753100
vn 0.000100 -0.439600 -0.898200
vn -0.000500 -0.310000 -0.950700
vn 0.000300 -0.061500 -0.998100
vn -0.795900 0.042400 -0.604000
vn -0.547100 0.268000 -0.793000
vn -0.006300 -0.536500 0.843900
vn -0.148100 -0.020500 -0.988800
vn -0.811500 0.000000 -0.584300
vn -0.791600 -0.000100 -0.611000
vn -0.769700 -0.000100 -0.638400
vn -0.755700 0.000100 -0.654900
vn -0.453200 0.000000 -0.891400
vn -0.451700 0.000000 -0.892200
vn -0.182700 0.000100 -0.983200
vn -0.179700 0.000100 -0.983700
vn -0.107500 0.048500 -0.993000
vn -0.724400 0.005300 0.689300
vn -0.572400 0.004100 0.819900
vn -0.496400 -0.000400 0.868100
vn -0.572300 0.000000 0.820100
vn -0.761500 0.000100 0.648200
vn -0.730100 -0.000100 0.683300
vn -0.942400 0.000200 0.334600
vn -0.913700 -0.000300 0.406300
vn -0.998500 0.000400 0.053800
vn -0.998900 0.000400 0.047700
vn 0.873300 -0.007000 0.487100
vn -0.641200 -0.766500 0.036100
vn -0.712900 -0.700300 -0.037500
vn -0.922600 -0.378600 0.074300
vn -0.644000 -0.765000 0.000200
vn -0.619100 -0.785300 -0.000000
vn -0.866500 -0.499200 -0.000000
vn -0.826800 -0.562400 -0.000400
vn -0.992100 -0.125400 0.000200
vn -0.984500 -0.175200 0.000000
vn -0.860200 -0.508800 -0.033400
vn -0.495400 -0.693100 -0.523600
vn -0.476300 0.879300 0.000100
vn -0.490900 0.871200 -0.000000
vn -0.762000 0.647600 -0.000000
vn -0.757700 0.652600 0.000000
vn -0.931200 0.364500 -0.000000
vn -0.944300 0.329100 -0.000200
vn -0.996300 0.086400 0.000200
vn -0.998100 0.060900 0.000000
vn -0.998000 -0.000300 0.063800
vn -0.994600 0.000200 -0.103800
vn -0.477400 -0.000100 -0.878700
vn -0.502500 -0.000200 -0.864600
vn -0.770800 0.000000 -0.637100
vn -0.757800 0.000200 -0.652500
vn -0.934600 -0.000300 -0.355800
vn -0.996400 0.000400 -0.085300
vn -0.998300 -0.056900 0.008500
vn 0.049600 -0.097800 0.994000
vn -0.000600 -0.937500 0.347900
vn -0.000100 -0.753800 0.657100
vn -0.000200 -0.755500 0.655200
vn 0.000300 -0.478200 0.878200
vn -0.000200 -0.379700 0.925100
vn -0.000000 -0.174800 0.984600
vn -0.000600 -0.013100 0.999900
vn -0.051000 -0.000200 0.998700
vn -0.825300 -0.001000 0.564600
vn -0.684900 -0.000700 0.728700
vn -0.839200 0.000600 0.543900
vn -0.742200 0.000100 0.670100
vn -0.466100 0.000300 0.884700
vn -0.405100 -0.000100 0.914300
vn 0.000700 0.000100 1.000000
vn 0.409500 0.021100 0.912100
vn 0.728100 -0.043700 0.684100
vn -0.811600 -0.063400 0.580700
vn -0.708700 0.692700 -0.133700
vn 0.993300 -0.000100 0.115500
vn 0.932200 0.000000 0.361800
vn 0.931100 0.000000 0.364700
vn 0.727000 -0.000100 0.686600
vn 0.720500 0.000000 0.693400
vn 0.360200 0.000300 0.932900
vn 0.136100 -0.000500 0.990700
vn 0.008100 0.000100 1.000000
vn -0.108000 0.869600 0.481800
vn 0.114200 0.784000 0.610100
vn 0.048200 0.042300 0.997900
vn 0.397600 0.357600 0.845000
vn 0.000100 0.993300 0.115500
vn 0.000300 0.994500 -0.104600
vn 0.001800 0.873900 0.486100
vn 0.000300 0.609800 0.792600
vn -0.000100 0.670400 0.742000
vn 0.000500 0.444200 0.896000
vn -0.000200 0.247700 0.968800
vn 0.000300 0.127000 0.991900
vn -0.916000 0.151200 -0.371500
vn -0.003200 0.246600 0.969100
vn -0.001900 0.247900 0.968800
vn -0.006800 0.656100 0.754600
vn -0.181600 0.571100 0.800600
vn -0.021400 0.998900 0.041300
vn -0.031800 0.998900 0.034000
vn 0.015600 0.998900 -0.043900
vn -0.044800 0.998900 -0.012600
vn -0.046100 0.998900 -0.006300
vn 0.042700 0.998900 -0.018500
vn -0.026800 0.998900 -0.038000
vn -0.003200 0.998900 -0.046400
vn -0.036100 0.998900 -0.029400
vn -0.042700 0.998900 -0.018500
vn -0.003200 0.998900 0.046400
vn 0.050800 0.998600 0.014200
vn 0.034600 0.998500 0.043100
vn 0.021400 0.998900 -0.041300
vn -0.036100 0.998900 0.029400
vn 0.036100 0.998900 -0.029400
vn 0.053800 0.998500 -0.009400
vn -0.039800 0.998900 0.024200
vn -0.015600 0.998900 0.043900
vn -0.026800 0.998900 0.038000
vn 0.009500 0.998900 -0.045600
vn 0.003200 0.998900 -0.046400
vn 0.052200 0.998600 -0.007200
vn 0.003200 0.998900 0.046400
vn -0.015600 0.998900 -0.043900
vn 0.031800 0.998900 0.034000
vn -0.042700 0.998900 0.018500
vn 0.021400 0.998900 0.041300
vn -0.046100 0.998900 0.006300
vn 0.052000 0.998500 0.016700
vn -0.046600 0.998900 0.000000
vn 0.027900 0.998700 0.042100
vn -0.031800 0.998900 -0.034000
vn 0.051300 0.998600 0.016000
vn 0.009500 0.998900 0.045600
vn 0.040200 0.998400 -0.040500
vn 0.026800 0.998900 0.038000
vn -0.009500 0.998900 0.045600
vn 0.015600 0.998900 0.043900
vn -0.044800 0.998900 0.012600
vn -0.039800 0.998900 -0.024200
vn 0.039800 0.998900 -0.024200
vn 0.026800 0.998900 -0.038000
vn 0.031800 0.998900 -0.034000
vn -0.021400 0.998900 -0.041300
vn -0.731600 -0.681800 -0.000000
vn 0.731600 -0.681800 -0.000000
vn 0.000000 -0.681800 -0.731600
vn 0.000000 -0.681800 0.731600
vn -0.990700 0.000000 0.136100
vn -0.682500 0.000000 -0.730800
vn -0.917200 0.000000 -0.398400
vn 0.071200 0.936900 -0.342400
vn 0.071200 0.936900 0.342400
vn -0.298800 0.936900 -0.181700
vn -0.682600 0.000000 0.730800
vn 0.576700 0.000000 -0.817000
vn -0.854400 0.000000 -0.519600
vn 0.854400 0.000000 0.519700
vn 0.854400 0.000000 -0.519700
vn -0.334900 0.000000 -0.942300
vn -0.775700 0.000000 -0.631100
vn -0.854400 0.000000 0.519600
vn 0.775700 0.000000 0.631100
vn 0.068200 0.000000 -0.997700
vn 0.990700 0.000000 0.136100
vn 0.203500 0.000000 -0.979100
vn -0.334900 0.000000 0.942300
vn -0.990700 0.000000 -0.136100
vn 0.917200 0.000000 0.398400
vn 0.990700 0.000000 -0.136100
vn 0.334900 0.000000 -0.942300
vn 0.203500 0.000000 0.979100
vn 0.460000 0.000000 0.887900
vn -0.962900 0.000000 0.269800
vn -0.068200 0.000000 0.997700
vn -0.576600 0.000000 -0.817000
vn 0.068200 0.000000 0.997700
vn -0.576600 0.000000 0.817000
vn 0.917200 0.000000 -0.398400
vn 0.682500 0.000000 -0.730800
vn -0.460100 0.000000 -0.887800
vn -0.460000 0.000000 0.887900
vn 0.775700 0.000000 -0.631100
vn -0.917200 0.000000 0.398400
vn -0.775700 0.000000 0.631100
vn 0.682600 0.000000 0.730800
vn 0.576700 0.000000 0.817000
vn -0.962900 0.000000 -0.269800
vn -0.203500 0.000000 0.979100
vn 0.460100 0.000000 -0.887900
vn 0.334900 0.000000 0.942300
vn -0.203500 0.000000 -0.979100
vn 0.962900 0.000000 0.269800
vn 0.962900 0.000000 -0.269800
vn -0.068200 0.000000 -0.997700
vn -0.320800 0.936900 -0.139300
vn 0.318900 0.947800 -0.005700
vn -0.336700 0.936900 -0.094400
vn 0.298800 0.936900 -0.181700
vn -0.271300 0.936900 0.220700
vn 0.271300 0.936900 -0.220700
vn 0.227000 0.938500 0.260300
vn -0.271300 0.936900 -0.220700
vn -0.349700 0.936900 0.000000
vn 0.235400 0.944500 0.229000
vn -0.023900 0.936900 -0.348900
vn -0.346500 0.936900 0.047600
vn -0.160900 0.936900 -0.310500
vn 0.291700 0.946900 0.135100
vn -0.298800 0.936900 0.181700
vn -0.071200 0.936900 -0.342400
vn -0.023900 0.936900 0.348900
vn -0.320800 0.936900 0.139300
vn 0.201600 0.936900 -0.285700
vn 0.315200 0.947800 0.049100
vn 0.329800 0.943000 -0.045300
vn -0.346500 0.936900 -0.047600
vn -0.117100 0.936900 -0.329500
vn 0.238700 0.936900 -0.255600
vn 0.117100 0.936900 -0.329500
vn 0.320800 0.936900 -0.139300
vn 0.201700 0.936900 0.285700
vn -0.238700 0.936900 0.255600
vn 0.320500 0.943000 0.089800
vn -0.336700 0.936900 0.094400
vn -0.201700 0.936900 0.285700
vn -0.117100 0.936900 0.329500
vn 0.160900 0.936900 -0.310500
vn 0.238700 0.936900 0.255600
vn -0.071200 0.936900 0.342400
vn -0.238700 0.936900 -0.255600
vn 0.288300 0.930900 -0.224200
vn 0.117100 0.936900 0.329500
vn -0.160900 0.936900 0.310500
vn -0.201600 0.936900 -0.285700
vn 0.023900 0.936900 -0.348900
vn 0.160900 0.936900 0.310500
vn 0.023900 0.936900 0.348900
vn -0.734700 0.670800 0.101700
vn -0.714200 0.670500 -0.200800
vn 0.068100 0.000000 0.997700
vn 0.990700 0.000000 -0.135900
vn -0.917300 0.000000 -0.398300
vn 0.854400 0.000000 -0.519600
vn 0.203400 0.000000 0.979100
vn 0.068400 0.000000 -0.997700
vn 0.917200 0.000000 -0.398500
vn -0.576500 0.000000 0.817100
vn -0.990700 0.000000 -0.136200
vn -0.990700 0.000000 0.136200
vn 0.990700 0.000000 0.135900
vn 0.335000 0.000000 0.942200
vn -0.335000 0.000000 0.942200
vn -0.917300 0.000000 0.398300
vn -0.576700 0.000000 -0.816900
vn 0.576700 0.000000 -0.816900
vn 0.334800 0.000000 -0.942300
vn -0.460200 0.000000 0.887800
vn -0.682400 0.000000 -0.731000
vn 0.682700 0.000000 0.730700
vn -0.334800 0.000000 -0.942300
vn 0.460000 0.000000 -0.887900
vn 0.576500 0.000000 0.817100
vn -0.068100 0.000000 0.997700
vn -0.460200 0.000000 -0.887800
vn -0.068400 0.000000 -0.997700
vn 0.854400 0.000000 0.519600
vn -0.203400 0.000000 0.979100
vn 0.917200 0.000000 0.398500
vn -0.001800 0.999700 -0.026000
vn -0.012000 0.999700 -0.023100
vn -0.001800 0.999700 0.026000
vn 0.015000 0.999700 0.021300
vn 0.012000 0.999700 -0.023100
vn -0.008700 0.999700 -0.024500
vn -0.074100 0.988500 -0.131600
vn 0.017800 0.999700 0.019000
vn 0.005300 0.999700 -0.025500
vn -0.017800 0.999700 -0.019000
vn -0.012000 0.999700 0.023100
vn 0.008700 0.999700 -0.024600
vn 0.015000 0.999700 -0.021300
vn 0.025100 0.999700 -0.007000
vn -0.044600 0.998900 -0.012500
vn 0.017800 0.999700 -0.019000
vn -0.015000 0.999700 -0.021300
vn -0.023900 0.999700 0.010400
vn -0.008700 0.999700 0.024600
vn -0.017800 0.999700 0.019000
vn 0.008700 0.999700 0.024600
vn 0.025800 0.999700 0.003500
vn -0.045900 0.998900 0.006300
vn -0.043700 0.997500 0.055200
vn -0.015000 0.999700 0.021300
vn 0.023900 0.999700 -0.010400
vn 0.001800 0.999700 -0.026000
vn 0.005300 0.999700 0.025500
vn 0.022300 0.999700 -0.013500
vn -0.017100 0.998500 -0.051400
vn 0.012000 0.999700 0.023100
vn 0.025800 0.999700 -0.003500
vn 0.001800 0.999700 0.026000
vn -0.076200 0.994200 0.075500
vn 0.026100 0.999700 0.000000
vn 0.020200 0.999700 0.016500
vn -0.073000 0.996100 0.048600
vn -0.020200 0.999700 0.016400
vn 0.020200 0.999700 -0.016400
vn -0.022300 0.999700 0.013500
vn 0.025100 0.999700 0.007000
vn -0.035800 0.997500 -0.060700
vn 0.023900 0.999700 0.010400
vn 0.022300 0.999700 0.013500
vn -0.005300 0.999700 -0.025500
vn -0.005300 0.999700 0.025500
vn 0.000400 -0.000000 1.000000
vn 0.052300 -0.026600 0.998300
vn 0.064000 -0.011100 0.997900
vn 0.045400 -0.042200 0.998000
vn 0.035900 -0.059900 0.997500
vn 0.021300 -0.061500 0.997900
vn 0.003000 -0.065200 0.997900
vn -0.009700 -0.061500 0.998000
vn -0.030500 -0.049400 0.998300
vn -0.041200 -0.032900 0.998600
vn -0.057200 -0.017500 0.998200
vn -0.060700 -0.003300 0.998100
vn -0.059300 0.019900 0.998000
vn -0.041800 0.031400 0.998600
vn -0.029000 0.046800 0.998500
vn -0.012200 0.056700 0.998300
vn 0.005800 0.064200 0.997900
vn 0.020400 0.059200 0.998000
vn 0.035200 0.051300 0.998000
vn 0.053700 0.045700 0.997500
vn 0.054300 0.025500 0.998200
vn 0.060500 0.007000 0.998100
vn -1.000000 -0.000100 0.000400
vn -0.998300 -0.025700 0.051800
vn -0.998100 -0.008900 0.060700
vn -0.998000 -0.042200 0.045400
vn -0.997500 -0.060000 0.036000
vn -0.997900 -0.061400 0.021400
vn -0.997800 -0.066200 0.003500
vn -0.998000 -0.061300 -0.014200
vn -0.998200 -0.051700 -0.028500
vn -0.998600 -0.032900 -0.041200
vn -0.998100 -0.018800 -0.057600
vn -0.998000 0.000800 -0.062000
vn -0.998100 0.017400 -0.058100
vn -0.998500 0.033700 -0.042100
vn -0.998400 0.047100 -0.030900
vn -0.998300 0.056700 -0.012200
vn -0.997900 0.064200 0.005800
vn -0.998000 0.059200 0.021800
vn -0.997900 0.055500 0.034200
vn -0.997700 0.040900 0.053300
vn -0.998000 0.026900 0.056000
vn -0.997700 0.011500 0.066500
vn -0.000500 0.000300 -1.000000
vn -0.056100 -0.025800 -0.998100
vn -0.063400 -0.006700 -0.998000
vn -0.051400 -0.043900 -0.997700
vn -0.039600 -0.053900 -0.997700
vn -0.020500 -0.059700 -0.998000
vn -0.003900 -0.066700 -0.997700
vn 0.013600 -0.061600 -0.998000
vn 0.027600 -0.058800 -0.997900
vn 0.041600 -0.047000 -0.998000
vn 0.055700 -0.033100 -0.997900
vn 0.059900 -0.016700 -0.998000
vn 0.061800 -0.002600 -0.998100
vn 0.059200 0.018100 -0.998100
vn 0.046600 0.034700 -0.998300
vn 0.029100 0.042400 -0.998700
vn 0.009900 0.053300 -0.998500
vn -0.007000 0.061300 -0.998100
vn -0.026600 0.063500 -0.997600
vn -0.036100 0.052300 -0.998000
vn -0.046200 0.042900 -0.998000
vn -0.052900 0.024000 -0.998300
vn -0.064800 0.006400 -0.997900
vn 1.000000 0.000200 -0.000600
vn 0.998200 -0.025500 -0.054600
vn 0.998000 -0.008000 -0.062200
vn 0.997900 -0.044500 -0.046500
vn 0.997600 -0.057300 -0.038100
vn 0.998000 -0.060400 -0.019200
vn 0.997800 -0.065700 -0.003500
vn 0.998000 -0.061900 0.009800
vn 0.998000 -0.056300 0.029500
vn 0.998000 -0.047000 0.041600
vn 0.997900 -0.033100 0.055700
vn 0.998000 -0.016700 0.060000
vn 0.998100 -0.002600 0.061800
vn 0.998100 0.018100 0.059200
vn 0.998300 0.034700 0.046600
vn 0.998700 0.042400 0.029100
vn 0.998500 0.053300 0.009900
vn 0.998100 0.061400 -0.007000
vn 0.997600 0.063500 -0.026600
vn 0.998000 0.052300 -0.036100
vn 0.998000 0.043000 -0.046200
vn 0.998300 0.024000 -0.052800
vn 0.997900 0.006400 -0.064900
vn 0.098000 0.995200 0.000000
vn -0.943900 -0.286300 -0.164300
vn 0.290300 0.956900 0.000000
vn -0.981700 -0.096700 -0.164300
vn 0.471400 0.881900 0.000000
vn -0.981700 0.096700 -0.164300
vn 0.634400 0.773000 0.000000
vn -0.943900 0.286300 -0.164300
vn 0.773000 0.634400 0.000000
vn -0.869900 0.465000 -0.164300
vn 0.096700 0.981700 -0.164300
vn 0.881900 0.471400 0.000000
vn -0.762500 0.625800 -0.164300
vn 0.286300 0.943900 -0.164300
vn 0.956900 0.290300 0.000000
vn -0.625800 0.762500 -0.164300
vn 0.465000 0.869900 -0.164300
vn 0.995200 0.098000 0.000000
vn -0.465000 0.869900 -0.164300
vn 0.625800 0.762500 -0.164300
vn 0.995200 -0.098000 0.000000
vn -0.286300 0.943900 -0.164300
vn 0.762500 0.625800 -0.164300
vn 0.956900 -0.290300 0.000000
vn -0.096700 0.981700 -0.164300
vn 0.869900 0.465000 -0.164300
vn 0.881900 -0.471400 0.000000
vn -0.098000 -0.995200 0.000000
vn 0.943900 0.286300 -0.164300
vn 0.773000 -0.634400 0.000000
vn -0.290300 -0.956900 0.000000
vn 0.981700 0.096700 -0.164300
vn 0.634400 -0.773000 -0.000000
vn -0.471400 -0.881900 0.000000
vn 0.981700 -0.096700 -0.164300
vn 0.471400 -0.881900 0.000000
vn -0.634400 -0.773000 -0.000000
vn 0.943900 -0.286300 -0.164300
vn 0.290300 -0.956900 0.000000
vn -0.773000 -0.634400 -0.000000
vn 0.869900 -0.465000 -0.164300
vn 0.098000 -0.995200 0.000000
vn -0.881900 -0.471400 -0.000000
vn 0.762500 -0.625800 -0.164300
vn -0.956900 -0.290300 0.000000
vn 0.625800 -0.762500 -0.164300
vn -0.995200 -0.098000 0.000000
vn 0.465000 -0.869900 -0.164300
vn -0.995200 0.098000 0.000000
vn 0.286300 -0.943900 -0.164300
vn -0.956900 0.290300 0.000000
vn 0.096700 -0.981700 -0.164300
vn -0.881900 0.471400 0.000000
vn -0.096700 -0.981700 -0.164300
vn -0.773000 0.634400 0.000000
vn -0.286300 -0.943900 -0.164300
vn -0.634400 0.773000 0.000000
vn -0.465000 -0.869900 -0.164300
vn -0.471400 0.881900 0.000000
vn -0.625800 -0.762500 -0.164300
vn -0.290300 0.956900 0.000000
vn -0.762500 -0.625800 -0.164300
vn -0.098000 0.995200 0.000000
vn -0.869900 -0.465000 -0.164300
vn 0.943900 -0.286300 0.164300
vn 0.981700 -0.096700 0.164300
vn 0.981700 0.096700 0.164300
vn 0.943900 0.286300 0.164300
vn 0.869900 0.465000 0.164300
vn -0.096700 0.981700 0.164300
vn 0.762500 0.625800 0.164300
vn -0.286300 0.943900 0.164300
vn 0.625800 0.762500 0.164300
vn -0.465000 0.869900 0.164300
vn 0.465000 0.869900 0.164300
vn -0.625800 0.762500 0.164300
vn 0.286300 0.943900 0.164300
vn -0.762500 0.625800 0.164300
vn 0.096700 0.981700 0.164300
vn -0.869900 0.465000 0.164300
vn -0.943900 0.286300 0.164300
vn -0.981700 0.096700 0.164300
vn -0.981700 -0.096700 0.164300
vn -0.943900 -0.286300 0.164300
vn -0.869900 -0.465000 0.164300
vn -0.762500 -0.625800 0.164300
vn -0.625800 -0.762500 0.164300
vn -0.465000 -0.869900 0.164300
vn -0.286300 -0.943900 0.164300
vn -0.096700 -0.981700 0.164300
vn 0.096700 -0.981700 0.164300
vn 0.286300 -0.943900 0.164300
vn 0.465000 -0.869900 0.164300
vn 0.625800 -0.762500 0.164300
vn 0.762500 -0.625800 0.164300
vn 0.869900 -0.465000 0.164300
vn 0.000000 0.995200 -0.098000
vn -0.164300 -0.286300 0.943900
vn 0.000000 0.956900 -0.290300
vn -0.164300 -0.096700 0.981700
vn 0.000000 0.881900 -0.471400
vn -0.164300 0.096700 0.981700
vn 0.000000 0.773000 -0.634400
vn -0.164300 0.286300 0.943900
vn 0.000000 0.634400 -0.773000
vn -0.164300 0.465000 0.869900
vn -0.164300 0.981700 -0.096700
vn 0.000000 0.471400 -0.881900
vn -0.164300 0.625800 0.762500
vn -0.164300 0.943900 -0.286300
vn 0.000000 0.290300 -0.956900
vn -0.164300 0.762500 0.625800
vn -0.164300 0.869900 -0.465000
vn 0.000000 0.098000 -0.995200
vn -0.164300 0.869900 0.465000
vn -0.164300 0.762500 -0.625800
vn 0.000000 -0.098000 -0.995200
vn -0.164300 0.943900 0.286300
vn -0.164300 0.625800 -0.762500
vn 0.000000 -0.290300 -0.956900
vn -0.164300 0.981700 0.096700
vn -0.164300 0.465000 -0.869900
vn 0.000000 -0.471400 -0.881900
vn -0.000000 -0.995200 0.098000
vn -0.164300 0.286300 -0.943900
vn 0.000000 -0.634400 -0.773000
vn -0.000000 -0.956900 0.290300
vn -0.164300 0.096700 -0.981700
vn 0.000000 -0.773000 -0.634400
vn 0.000000 -0.881900 0.471400
vn -0.164300 -0.096700 -0.981700
vn 0.000000 -0.881900 -0.471400
vn -0.000000 -0.773000 0.634400
vn -0.164300 -0.286300 -0.943900
vn 0.000000 -0.956900 -0.290300
vn 0.000000 -0.634400 0.773000
vn -0.164300 -0.465000 -0.869900
vn 0.000000 -0.995200 -0.098000
vn 0.000000 -0.471400 0.881900
vn -0.164300 -0.625800 -0.762500
vn 0.000000 -0.290300 0.956900
vn -0.164300 -0.762500 -0.625800
vn 0.000000 -0.098000 0.995200
vn -0.164300 -0.869900 -0.465000
vn -0.000000 0.098000 0.995200
vn -0.164300 -0.943900 -0.286300
vn 0.000000 0.290300 0.956900
vn -0.164300 -0.981700 -0.096700
vn -0.164300 -0.981700 0.096700
vn 0.000000 0.634400 0.773000
vn -0.164300 -0.943900 0.286300
vn 0.000000 0.773000 0.634400
vn -0.164300 -0.869900 0.465000
vn 0.000000 0.881900 0.471400
vn -0.164300 -0.762500 0.625800
vn 0.000000 0.956900 0.290300
vn -0.164300 -0.625800 0.762500
vn 0.000000 0.995200 0.098000
vn -0.164300 -0.465000 0.869900
vn 0.164300 -0.286300 -0.943900
vn 0.164300 -0.096700 -0.981700
vn 0.164300 0.096700 -0.981700
vn 0.164300 0.286300 -0.943900
vn 0.164300 0.465000 -0.869900
vn 0.164300 0.981700 0.096700
vn 0.164300 0.625800 -0.762500
vn 0.164300 0.943900 0.286300
vn 0.164300 0.762500 -0.625800
vn 0.164300 0.869900 0.465000
vn 0.164300 0.869900 -0.465000
vn 0.164300 0.762500 0.625800
vn 0.164300 0.943900 -0.286300
vn 0.164300 0.625800 0.762500
vn 0.164300 0.981700 -0.096700
vn 0.164300 0.465000 0.869900
vn 0.164300 0.286300 0.943900
vn 0.164300 0.096700 0.981700
vn 0.164300 -0.096700 0.981700
vn 0.164300 -0.286300 0.943900
vn 0.164300 -0.465000 0.869900
vn 0.164300 -0.625800 0.762500
vn 0.164300 -0.762500 0.625800
vn 0.164300 -0.869900 0.465000
vn 0.164300 -0.943900 0.286300
vn 0.164300 -0.981700 0.096700
vn 0.164300 -0.981700 -0.096700
vn 0.164300 -0.943900 -0.286300
vn 0.164300 -0.869900 -0.465000
vn 0.164300 -0.762500 -0.625800
vn 0.164300 -0.625800 -0.762500
vn 0.164300 -0.465000 -0.869900
usemtl None
s off
f 513/1/1 514/2/1 515/3/1
f 515/3/2 516/4/2 517/5/2
f 515/3/3 517/5/3 518/6/3
f 515/3/4 518/6/4 513/1/4
f 519/7/5 520/8/5 521/9/5
f 522/10/5 523/11/5 524/12/5
f 525/13/6 526/14/6 527/15/6
f 521/9/5 528/16/5 519/7/5
f 519/7/5 528/16/5 529/17/5
f 519/7/5 529/17/5 530/18/5
f 530/18/5 531/19/5 519/7/5
f 519/7/5 531/19/5 532/20/5
f 519/7/5 532/20/5 533/21/5
f 533/21/5 532/20/5 534/22/5
f 533/21/5 534/22/5 535/23/5
f 527/15/5 536/24/5 525/13/5
f 525/13/5 536/24/5 533/21/5
f 525/13/5 533/21/5 522/10/5
f 522/10/5 533/21/5 537/25/5
f 522/10/5 537/25/5 523/11/5
f 538/26/5 539/27/5 540/28/5
f 541/29/7 542/30/7 540/28/7
f 535/23/5 543/31/5 533/21/5
f 533/21/5 543/31/5 544/32/5
f 533/21/5 544/32/5 537/25/5
f 537/25/5 544/32/5 545/33/5
f 537/25/5 545/33/5 546/34/5
f 547/35/8 548/36/8 549/37/8
f 540/28/9 542/30/9 538/26/9
f 540/28/10 539/27/10 550/38/10
f 540/28/11 550/38/11 551/39/11
f 549/37/12 548/36/12 552/40/12
f 524/12/13 553/41/13 554/42/13
f 554/42/14 555/43/14 524/12/14
f 524/12/15 555/43/15 522/10/15
f 540/28/4 551/39/4 556/44/4
f 540/28/16 556/44/16 549/37/16
f 549/37/17 556/44/17 557/45/17
f 549/37/4 557/45/4 547/35/4
f 527/15/18 526/14/18 558/46/18
f 527/15/19 558/46/19 559/47/19
f 527/15/13 559/47/13 560/48/13
f 527/15/19 560/48/19 561/49/19
f 541/29/4 562/50/4 542/30/4
f 542/30/10 562/50/10 563/51/10
f 564/52/5 565/53/5 524/12/5
f 565/53/19 566/54/19 524/12/19
f 524/12/19 566/54/19 553/41/19
f 563/51/17 567/55/17 542/30/17
f 542/30/4 567/55/4 568/56/4
f 568/56/17 569/57/17 542/30/17
f 542/30/11 569/57/11 570/58/11
f 571/59/5 572/60/5 564/52/5
f 546/34/5 573/61/5 537/25/5
f 537/25/5 573/61/5 574/62/5
f 537/25/5 574/62/5 564/52/5
f 564/52/5 574/62/5 575/63/5
f 564/52/5 575/63/5 571/59/5
f 527/15/13 561/49/13 576/64/13
f 527/15/5 576/64/5 519/7/5
f 519/7/5 576/64/5 542/30/5
f 519/7/5 542/30/5 520/8/5
f 520/8/5 542/30/5 577/65/5
f 572/60/5 578/66/5 564/52/5
f 564/52/5 578/66/5 579/67/5
f 564/52/5 579/67/5 565/53/5
f 565/53/5 579/67/5 580/68/5
f 580/68/5 581/69/5 565/53/5
f 565/53/5 581/69/5 582/70/5
f 565/53/5 582/70/5 583/71/5
f 584/72/5 585/73/5 570/58/5
f 570/58/5 585/73/5 586/74/5
f 570/58/5 586/74/5 587/75/5
f 588/76/5 542/30/5 589/77/5
f 589/77/5 542/30/5 570/58/5
f 589/77/5 570/58/5 590/78/5
f 590/78/5 570/58/5 587/75/5
f 588/76/5 591/79/5 542/30/5
f 542/30/5 591/79/5 592/80/5
f 542/30/5 592/80/5 593/81/5
f 570/58/20 594/82/20 584/72/20
f 584/72/20 594/82/20 595/83/20
f 584/72/5 595/83/5 583/71/5
f 583/71/11 595/83/11 565/53/11
f 593/81/5 596/84/5 542/30/5
f 542/30/5 596/84/5 597/85/5
f 542/30/5 597/85/5 577/65/5
f 598/86/21 599/87/21 600/88/21
f 598/86/22 600/88/22 601/89/22
f 601/89/23 600/88/23 602/90/23
f 601/89/23 602/90/23 603/91/23
f 603/91/24 602/90/24 604/92/24
f 603/91/24 604/92/24 605/93/24
f 605/93/25 604/92/25 606/94/25
f 605/93/25 606/94/25 607/95/25
f 607/95/26 606/94/26 608/96/26
f 607/95/26 608/96/26 609/97/26
f 609/97/27 608/96/27 610/98/27
f 609/97/27 610/98/27 611/99/27
f 611/99/28 610/98/28 612/100/28
f 611/99/28 612/100/28 613/101/28
f 613/101/29 612/100/29 614/102/29
f 613/101/29 614/102/29 615/103/29
f 615/103/30 614/102/30 616/104/30
f 615/103/30 616/104/30 617/105/30
f 617/105/31 616/104/31 618/106/31
f 617/105/31 618/106/31 619/107/31
f 619/107/32 618/106/32 620/108/32
f 619/107/32 620/108/32 621/109/32
f 621/109/33 620/108/33 622/110/33
f 621/109/33 622/110/33 623/111/33
f 623/111/34 622/110/34 624/112/34
f 623/111/34 624/112/34 625/113/34
f 625/113/35 624/112/35 626/114/35
f 625/113/35 626/114/35 627/115/35
f 627/115/36 626/114/36 628/116/36
f 627/115/36 628/116/36 629/117/36
f 629/117/37 628/116/37 630/118/37
f 629/117/37 630/118/37 631/119/37
f 631/119/38 630/118/38 632/120/38
f 631/119/38 632/120/38 633/121/38
f 633/121/39 632/120/39 634/122/39
f 633/121/39 634/122/39 635/123/39
f 635/123/40 634/122/40 636/124/40
f 635/123/40 636/124/40 637/125/40
f 637/125/41 636/124/41 638/126/41
f 637/125/41 638/126/41 639/127/41
f 639/127/42 638/126/42 640/128/42
f 639/127/42 640/128/42 641/129/42
f 641/129/43 640/128/43 642/130/43
f 641/129/43 642/130/43 643/131/43
f 643/131/44 642/130/44 644/132/44
f 643/131/44 644/132/44 645/133/44
f 645/133/45 644/132/45 646/134/45
f 645/133/45 646/134/45 647/135/45
f 647/135/46 646/134/46 648/136/46
f 647/135/46 648/136/46 649/137/46
f 649/137/47 648/136/47 650/138/47
f 649/137/47 650/138/47 651/139/47
f 651/139/48 650/138/48 652/140/48
f 651/139/48 652/140/48 653/141/48
f 653/141/49 652/140/49 654/142/49
f 653/141/49 654/142/49 655/143/49
f 655/143/50 654/142/50 656/144/50
f 655/143/50 656/144/50 657/145/50
f 657/145/51 656/144/51 658/146/51
f 657/145/51 658/146/51 659/147/51
f 659/147/52 658/146/52 660/148/52
f 659/147/52 660/148/52 661/149/52
f 661/149/53 660/148/53 662/150/53
f 661/149/53 662/150/53 663/151/53
f 663/151/54 662/150/54 664/152/54
f 663/151/54 664/152/54 665/153/54
f 665/153/55 664/152/55 666/154/55
f 665/153/55 666/154/55 667/155/55
f 667/155/56 666/154/56 668/156/56
f 667/155/56 668/156/56 669/157/56
f 669/157/57 668/156/57 670/158/57
f 669/157/57 670/158/57 671/159/57
f 671/159/58 670/158/58 599/87/58
f 671/159/59 599/87/59 598/86/59
f 672/160/60 673/161/60 674/162/60
f 674/162/61 673/161/61 675/163/61
f 675/163/62 673/161/62 676/164/62
f 675/163/63 676/164/63 677/165/63
f 678/166/64 679/167/64 680/168/64
f 681/169/65 682/170/65 678/166/65
f 681/169/66 678/166/66 680/168/66
f 683/171/67 680/168/67 684/172/67
f 685/173/68 686/174/68 681/169/68
f 681/169/69 686/174/69 687/175/69
f 679/167/70 688/176/70 680/168/70
f 680/168/71 688/176/71 684/172/71
f 683/171/72 689/177/72 680/168/72
f 680/168/73 689/177/73 690/178/73
f 674/162/74 691/179/74 672/160/74
f 687/175/75 692/180/75 681/169/75
f 681/169/76 692/180/76 693/181/76
f 693/181/77 694/182/77 681/169/77
f 681/169/78 694/182/78 695/183/78
f 675/163/79 677/165/79 696/184/79
f 675/163/80 697/185/80 698/186/80
f 674/162/81 699/187/81 700/188/81
f 696/184/82 701/189/82 675/163/82
f 675/163/83 701/189/83 702/190/83
f 681/169/84 695/183/84 682/170/84
f 675/163/85 698/186/85 703/191/85
f 675/163/86 703/191/86 681/169/86
f 681/169/87 703/191/87 685/173/87
f 680/168/88 690/178/88 704/192/88
f 680/168/89 704/192/89 674/162/89
f 674/162/90 704/192/90 705/193/90
f 674/162/91 700/188/91 706/194/91
f 674/162/92 706/194/92 707/195/92
f 702/190/93 697/185/93 675/163/93
f 674/162/94 705/193/94 708/196/94
f 674/162/95 708/196/95 699/187/95
f 707/195/96 709/197/96 674/162/96
f 674/162/97 709/197/97 691/179/97
f 710/198/98 711/199/98 712/200/98
f 712/200/99 711/199/99 713/201/99
f 713/201/100 711/199/100 714/202/100
f 713/201/101 714/202/101 715/203/101
f 716/204/102 717/205/102 718/206/102
f 719/207/103 720/208/103 716/204/103
f 719/207/104 716/204/104 718/206/104
f 721/209/105 718/206/105 722/210/105
f 723/211/106 724/212/106 719/207/106
f 719/207/107 724/212/107 725/213/107
f 718/206/108 717/205/108 726/214/108
f 726/214/109 727/215/109 718/206/109
f 718/206/110 727/215/110 722/210/110
f 718/206/111 721/209/111 728/216/111
f 712/200/112 729/217/112 710/198/112
f 725/213/107 730/218/107 719/207/107
f 730/218/113 731/219/113 719/207/113
f 719/207/114 731/219/114 732/220/114
f 713/201/115 715/203/115 733/221/115
f 712/200/116 734/222/116 735/223/116
f 733/221/117 736/224/117 713/201/117
f 713/201/118 736/224/118 737/225/118
f 719/207/119 732/220/119 720/208/119
f 738/226/120 739/227/120 713/201/120
f 713/201/121 739/227/121 740/228/121
f 713/201/122 740/228/122 719/207/122
f 719/207/123 740/228/123 723/211/123
f 718/206/124 728/216/124 741/229/124
f 718/206/125 741/229/125 712/200/125
f 712/200/126 741/229/126 742/230/126
f 712/200/127 735/223/127 743/231/127
f 737/225/128 744/232/128 713/201/128
f 713/201/129 744/232/129 738/226/129
f 742/230/130 734/222/130 712/200/130
f 743/231/131 745/233/131 712/200/131
f 712/200/132 745/233/132 729/217/132
f 746/234/133 747/235/133 748/236/133
f 749/237/134 750/238/134 751/239/134
f 749/237/135 751/239/135 752/240/135
f 751/239/136 753/241/136 752/240/136
f 754/242/137 755/243/137 756/244/137
f 757/245/138 758/246/138 748/236/138
f 748/236/139 758/246/139 756/244/139
f 756/244/140 758/246/140 754/242/140
f 759/247/141 756/244/141 760/248/141
f 748/236/142 747/235/142 761/249/142
f 748/236/143 761/249/143 762/250/143
f 756/244/144 755/243/144 763/251/144
f 756/244/145 763/251/145 764/252/145
f 756/244/146 764/252/146 760/248/146
f 756/244/147 759/247/147 765/253/147
f 749/237/148 766/254/148 750/238/148
f 748/236/149 762/250/149 767/255/149
f 767/255/150 768/256/150 748/236/150
f 748/236/151 768/256/151 769/257/151
f 753/241/152 770/258/152 752/240/152
f 752/240/153 770/258/153 771/259/153
f 752/240/154 772/260/154 773/261/154
f 752/240/155 771/259/155 774/262/155
f 748/236/156 769/257/156 757/245/156
f 752/240/157 773/261/157 746/234/157
f 752/240/158 746/234/158 748/236/158
f 765/253/159 775/263/159 756/244/159
f 756/244/160 775/263/160 749/237/160
f 749/237/161 775/263/161 776/264/161
f 777/265/162 778/266/162 749/237/162
f 749/237/163 778/266/163 779/267/163
f 774/262/164 780/268/164 752/240/164
f 752/240/165 780/268/165 772/260/165
f 776/264/166 781/269/166 749/237/166
f 749/237/167 781/269/167 777/265/167
f 779/267/168 782/270/168 749/237/168
f 749/237/169 782/270/169 766/254/169
f 783/271/170 784/272/170 785/273/170
f 786/274/171 787/275/171 788/276/171
f 788/276/172 787/275/172 789/277/172
f 788/276/173 789/277/173 790/278/173
f 789/277/174 791/279/174 790/278/174
f 790/278/175 791/279/175 792/280/175
f 793/281/176 794/282/176 795/283/176
f 796/284/177 797/285/177 785/273/177
f 785/273/178 797/285/178 795/283/178
f 795/283/179 797/285/179 793/281/179
f 798/286/180 795/283/180 799/287/180
f 785/273/181 784/272/181 800/288/181
f 785/273/182 800/288/182 801/289/182
f 795/283/183 794/282/183 802/290/183
f 795/283/184 802/290/184 803/291/184
f 795/283/185 803/291/185 799/287/185
f 798/286/186 804/292/186 795/283/186
f 795/283/187 804/292/187 805/293/187
f 806/294/188 807/295/188 788/276/188
f 788/276/189 807/295/189 786/274/189
f 785/273/190 801/289/190 808/296/190
f 808/296/191 809/297/191 785/273/191
f 785/273/192 809/297/192 810/298/192
f 792/280/193 811/299/193 790/278/193
f 790/278/194 811/299/194 812/300/194
f 790/278/195 813/301/195 814/302/195
f 788/276/196 815/303/196 816/304/196
f 790/278/197 812/300/197 817/305/197
f 790/278/198 817/305/198 818/306/198
f 785/273/199 810/298/199 796/284/199
f 790/278/200 814/302/200 819/307/200
f 790/278/201 819/307/201 785/273/201
f 785/273/202 819/307/202 783/271/202
f 805/293/203 820/308/203 795/283/203
f 795/283/204 820/308/204 821/309/204
f 795/283/205 821/309/205 788/276/205
f 788/276/206 821/309/206 822/310/206
f 816/304/207 823/311/207 788/276/207
f 788/276/208 823/311/208 824/312/208
f 790/278/209 818/306/209 813/301/209
f 788/276/210 822/310/210 815/303/210
f 788/276/211 824/312/211 806/294/211
f 825/313/212 826/314/212 827/315/212
f 827/315/213 826/314/213 828/316/213
f 827/315/214 828/316/214 829/317/214
f 829/317/215 828/316/215 830/318/215
f 829/317/216 830/318/216 831/319/216
f 831/319/217 830/318/217 832/320/217
f 831/319/218 832/320/218 833/321/218
f 833/321/219 832/320/219 834/322/219
f 833/321/220 834/322/220 835/323/220
f 835/323/221 834/322/221 836/324/221
f 835/323/222 836/324/222 837/325/222
f 837/325/223 836/324/223 838/326/223
f 837/325/224 838/326/224 839/327/224
f 839/327/225 838/326/225 840/328/225
f 839/327/226 840/328/226 841/329/226
f 841/329/227 840/328/227 842/330/227
f 843/331/228 844/332/228 845/333/228
f 844/332/229 846/334/229 847/335/229
f 846/334/230 848/336/230 849/337/230
f 848/336/231 850/338/231 851/339/231
f 851/339/232 850/338/232 852/340/232
f 853/341/233 828/316/233 826/314/233
f 849/337/234 848/336/234 851/339/234
f 849/337/235 851/339/235 854/342/235
f 854/342/236 851/339/236 855/343/236
f 854/342/237 855/343/237 856/344/237
f 856/344/238 855/343/238 857/345/238
f 856/344/239 857/345/239 858/346/239
f 858/346/240 857/345/240 859/347/240
f 858/346/241 859/347/241 860/348/241
f 860/348/242 859/347/242 861/349/242
f 860/348/243 861/349/243 862/350/243
f 862/350/244 861/349/244 863/351/244
f 862/350/245 863/351/245 864/352/245
f 847/335/246 846/334/246 849/337/246
f 847/335/247 849/337/247 865/353/247
f 865/353/247 849/337/247 854/342/247
f 865/353/248 854/342/248 866/354/248
f 866/354/249 854/342/249 856/344/249
f 866/354/250 856/344/250 867/355/250
f 867/355/251 856/344/251 858/346/251
f 867/355/252 858/346/252 860/348/252
f 868/356/253 864/352/253 869/357/253
f 868/356/254 869/357/254 842/330/254
f 842/330/255 869/357/255 870/358/255
f 845/333/229 844/332/229 847/335/229
f 845/333/256 847/335/256 871/359/256
f 871/359/256 847/335/256 865/353/256
f 871/359/257 865/353/257 872/360/257
f 872/360/257 865/353/257 866/354/257
f 872/360/258 866/354/258 867/355/258
f 873/361/259 867/355/259 860/348/259
f 873/361/260 860/348/260 874/362/260
f 874/362/261 860/348/261 862/350/261
f 874/362/262 862/350/262 875/363/262
f 875/363/263 862/350/263 864/352/263
f 875/363/264 864/352/264 868/356/264
f 843/331/265 845/333/265 876/364/265
f 876/364/266 845/333/266 871/359/266
f 876/364/267 871/359/267 877/365/267
f 877/365/267 871/359/267 872/360/267
f 877/365/268 872/360/268 878/366/268
f 878/366/269 872/360/269 867/355/269
f 878/366/270 867/355/270 879/367/270
f 879/367/271 867/355/271 873/361/271
f 879/367/272 873/361/272 874/362/272
f 874/362/273 875/363/273 880/368/273
f 874/362/274 880/368/274 879/367/274
f 877/365/275 878/366/275 881/369/275
f 877/365/276 881/369/276 876/364/276
f 876/364/276 881/369/276 882/370/276
f 876/364/277 882/370/277 843/331/277
f 843/331/278 882/370/278 883/371/278
f 884/372/279 883/371/279 885/373/279
f 885/373/280 883/371/280 882/370/280
f 885/373/281 882/370/281 886/374/281
f 886/374/281 882/370/281 881/369/281
f 886/374/282 881/369/282 887/375/282
f 887/375/283 881/369/283 878/366/283
f 887/375/284 878/366/284 888/376/284
f 888/376/285 878/366/285 879/367/285
f 888/376/286 879/367/286 880/368/286
f 889/377/287 884/372/287 890/378/287
f 890/378/288 884/372/288 891/379/288
f 891/379/289 884/372/289 885/373/289
f 891/379/290 885/373/290 892/380/290
f 892/380/290 885/373/290 886/374/290
f 892/380/291 886/374/291 887/375/291
f 838/326/292 880/368/292 875/363/292
f 838/326/293 875/363/293 840/328/293
f 840/328/294 875/363/294 868/356/294
f 840/328/295 868/356/295 842/330/295
f 893/381/296 889/377/296 853/341/296
f 853/341/297 889/377/297 890/378/297
f 853/341/298 890/378/298 828/316/298
f 828/316/299 890/378/299 891/379/299
f 828/316/300 891/379/300 830/318/300
f 830/318/301 891/379/301 892/380/301
f 830/318/302 892/380/302 832/320/302
f 832/320/303 892/380/303 887/375/303
f 832/320/304 887/375/304 834/322/304
f 834/322/305 887/375/305 888/376/305
f 834/322/306 888/376/306 836/324/306
f 836/324/307 888/376/307 880/368/307
f 836/324/308 880/368/308 838/326/308
f 894/382/309 895/383/309 896/384/309
f 895/383/310 897/385/310 898/386/310
f 899/387/311 900/388/311 901/389/311
f 827/315/312 902/390/312 825/313/312
f 900/388/313 903/391/313 901/389/313
f 898/386/314 897/385/314 902/390/314
f 898/386/315 902/390/315 904/392/315
f 904/392/316 902/390/316 827/315/316
f 904/392/317 827/315/317 905/393/317
f 905/393/318 827/315/318 829/317/318
f 905/393/319 829/317/319 906/394/319
f 906/394/320 829/317/320 831/319/320
f 906/394/321 831/319/321 907/395/321
f 907/395/322 831/319/322 833/321/322
f 907/395/323 833/321/323 908/396/323
f 908/396/324 833/321/324 835/323/324
f 908/396/325 835/323/325 837/325/325
f 896/384/326 895/383/326 898/386/326
f 896/384/327 898/386/327 909/397/327
f 909/397/328 898/386/328 904/392/328
f 909/397/329 904/392/329 910/398/329
f 910/398/329 904/392/329 905/393/329
f 910/398/330 905/393/330 906/394/330
f 911/399/331 906/394/331 907/395/331
f 911/399/332 907/395/332 908/396/332
f 912/400/333 837/325/333 839/327/333
f 912/400/334 839/327/334 841/329/334
f 894/382/335 896/384/335 913/401/335
f 913/401/336 896/384/336 909/397/336
f 913/401/337 909/397/337 914/402/337
f 914/402/338 909/397/338 910/398/338
f 914/402/339 910/398/339 915/403/339
f 915/403/340 910/398/340 906/394/340
f 915/403/341 906/394/341 911/399/341
f 916/404/342 911/399/342 908/396/342
f 916/404/343 908/396/343 917/405/343
f 917/405/344 908/396/344 837/325/344
f 917/405/345 837/325/345 912/400/345
f 911/399/346 916/404/346 918/406/346
f 911/399/347 918/406/347 915/403/347
f 915/403/348 918/406/348 919/407/348
f 915/403/349 919/407/349 914/402/349
f 914/402/350 919/407/350 920/408/350
f 914/402/351 920/408/351 913/401/351
f 913/401/351 920/408/351 921/409/351
f 913/401/352 921/409/352 894/382/352
f 894/382/353 921/409/353 922/410/353
f 912/400/354 841/329/354 923/411/354
f 912/400/355 923/411/355 917/405/355
f 916/404/356 917/405/356 924/412/356
f 916/404/357 924/412/357 918/406/357
f 920/408/358 919/407/358 925/413/358
f 920/408/359 925/413/359 921/409/359
f 921/409/359 925/413/359 926/414/359
f 921/409/360 926/414/360 922/410/360
f 922/410/361 926/414/361 927/415/361
f 928/416/362 927/415/362 929/417/362
f 929/417/363 927/415/363 930/418/363
f 930/418/364 927/415/364 926/414/364
f 930/418/365 926/414/365 931/419/365
f 931/419/365 926/414/365 925/413/365
f 931/419/366 925/413/366 932/420/366
f 932/420/367 925/413/367 919/407/367
f 932/420/368 919/407/368 933/421/368
f 933/421/369 919/407/369 918/406/369
f 933/421/370 918/406/370 924/412/370
f 934/422/371 928/416/371 935/423/371
f 935/423/372 928/416/372 929/417/372
f 935/423/373 929/417/373 936/424/373
f 936/424/373 929/417/373 930/418/373
f 936/424/374 930/418/374 937/425/374
f 937/425/374 930/418/374 931/419/374
f 937/425/375 931/419/375 932/420/375
f 938/426/376 924/412/376 917/405/376
f 938/426/377 917/405/377 923/411/377
f 900/388/378 934/422/378 935/423/378
f 900/388/379 935/423/379 903/391/379
f 903/391/380 935/423/380 936/424/380
f 903/391/381 936/424/381 939/427/381
f 939/427/382 936/424/382 937/425/382
f 939/427/383 937/425/383 940/428/383
f 940/428/384 937/425/384 932/420/384
f 940/428/385 932/420/385 941/429/385
f 941/429/386 932/420/386 933/421/386
f 941/429/387 933/421/387 942/430/387
f 942/430/388 933/421/388 924/412/388
f 942/430/389 924/412/389 938/426/389
f 893/381/390 943/431/390 889/377/390
f 889/377/391 943/431/391 944/432/391
f 889/377/392 944/432/392 884/372/392
f 884/372/393 944/432/393 945/433/393
f 884/372/394 945/433/394 883/371/394
f 883/371/395 945/433/395 946/434/395
f 883/371/396 946/434/396 843/331/396
f 843/331/397 946/434/397 947/435/397
f 843/331/398 947/435/398 844/332/398
f 844/332/399 947/435/399 948/436/399
f 844/332/400 948/436/400 846/334/400
f 846/334/401 948/436/401 949/437/401
f 846/334/402 949/437/402 950/438/402
f 846/334/403 950/438/403 848/336/403
f 848/336/404 950/438/404 850/338/404
f 850/338/405 950/438/405 951/439/405
f 850/338/406 951/439/406 852/340/406
f 852/340/407 951/439/407 952/440/407
f 953/441/408 870/358/408 954/442/408
f 954/442/409 870/358/409 869/357/409
f 954/442/410 869/357/410 955/443/410
f 955/443/411 869/357/411 864/352/411
f 955/443/412 864/352/412 956/444/412
f 956/444/413 864/352/413 863/351/413
f 956/444/414 863/351/414 957/445/414
f 957/445/415 863/351/415 861/349/415
f 957/445/416 861/349/416 958/446/416
f 958/446/417 861/349/417 859/347/417
f 958/446/418 859/347/418 959/447/418
f 959/447/418 859/347/418 857/345/418
f 959/447/419 857/345/419 960/448/419
f 960/448/420 857/345/420 855/343/420
f 960/448/421 855/343/421 961/449/421
f 961/449/422 855/343/422 851/339/422
f 961/449/423 851/339/423 962/450/423
f 962/450/424 851/339/424 852/340/424
f 963/451/425 964/452/425 965/453/425
f 965/453/426 964/452/426 966/454/426
f 965/453/427 966/454/427 967/455/427
f 967/455/428 966/454/428 968/456/428
f 967/455/429 968/456/429 969/457/429
f 969/457/430 968/456/430 970/458/430
f 969/457/431 970/458/431 971/459/431
f 971/459/432 970/458/432 972/460/432
f 971/459/433 972/460/433 973/461/433
f 973/461/434 972/460/434 974/462/434
f 973/461/435 974/462/435 975/463/435
f 975/463/436 974/462/436 976/464/436
f 975/463/437 976/464/437 977/465/437
f 977/465/438 976/464/438 978/466/438
f 977/465/439 978/466/439 979/467/439
f 979/467/440 978/466/440 980/468/440
f 979/467/441 980/468/441 981/469/441
f 841/329/442 982/470/442 923/411/442
f 923/411/443 982/470/443 983/471/443
f 923/411/444 983/471/444 938/426/444
f 938/426/445 983/471/445 984/472/445
f 938/426/446 984/472/446 942/430/446
f 942/430/447 984/472/447 985/473/447
f 942/430/448 985/473/448 941/429/448
f 941/429/449 985/473/449 986/474/449
f 941/429/450 986/474/450 940/428/450
f 940/428/451 986/474/451 987/475/451
f 940/428/452 987/475/452 939/427/452
f 939/427/453 987/475/453 988/476/453
f 939/427/454 988/476/454 903/391/454
f 903/391/455 988/476/455 989/477/455
f 903/391/456 989/477/456 901/389/456
f 901/389/457 989/477/457 990/478/457
f 901/389/458 990/478/458 991/479/458
f 900/388/459 992/480/459 934/422/459
f 934/422/460 992/480/460 993/481/460
f 934/422/461 993/481/461 928/416/461
f 928/416/462 993/481/462 994/482/462
f 928/416/463 994/482/463 927/415/463
f 927/415/464 994/482/464 995/483/464
f 927/415/465 995/483/465 922/410/465
f 922/410/466 995/483/466 996/484/466
f 922/410/467 996/484/467 894/382/467
f 894/382/468 996/484/468 997/485/468
f 894/382/469 997/485/469 895/383/469
f 895/383/470 997/485/470 998/486/470
f 895/383/471 998/486/471 897/385/471
f 897/385/472 998/486/472 999/487/472
f 897/385/473 999/487/473 902/390/473
f 902/390/474 999/487/474 1000/488/474
f 902/390/475 1000/488/475 825/313/475
f 825/313/476 1000/488/476 1001/489/476
f 1002/490/477 1003/491/477 1004/492/477
f 1004/492/478 1003/491/478 1005/493/478
f 1004/492/479 1005/493/479 1006/494/479
f 1006/494/480 1005/493/480 1007/495/480
f 1006/494/481 1007/495/481 1008/496/481
f 1008/496/482 1007/495/482 1009/497/482
f 1008/496/483 1009/497/483 1010/498/483
f 1010/498/484 1009/497/484 1011/499/484
f 1010/498/485 1011/499/485 1012/500/485
f 1012/500/486 1011/499/486 1013/501/486
f 1012/500/487 1013/501/487 1014/502/487
f 1014/502/488 1013/501/488 1015/503/488
f 1014/502/489 1015/503/489 1016/504/489
f 1016/504/490 1015/503/490 1017/505/490
f 1016/504/491 1017/505/491 1001/489/491
f 1001/489/492 1017/505/492 1018/506/492
f 943/431/493 1019/507/493 1020/508/493
f 1021/509/494 952/440/494 951/439/494
f 1022/510/495 1023/511/495 1024/512/495
f 1022/510/496 1024/512/496 1005/493/496
f 1022/510/497 1005/493/497 1003/491/497
f 951/439/498 950/438/498 1025/513/498
f 1025/513/499 950/438/499 949/437/499
f 949/437/500 948/436/500 1026/514/500
f 1026/514/501 948/436/501 947/435/501
f 945/433/502 944/432/502 1027/515/502
f 1027/515/503 944/432/503 1020/508/503
f 1020/508/504 944/432/504 943/431/504
f 1017/505/505 1020/508/505 1018/506/505
f 1018/506/506 1020/508/506 1019/507/506
f 1020/508/507 1017/505/507 1028/516/507
f 1020/508/508 1028/516/508 1027/515/508
f 1027/515/509 1028/516/509 1029/517/509
f 1027/515/510 1029/517/510 945/433/510
f 945/433/511 1029/517/511 1030/518/511
f 945/433/512 1030/518/512 946/434/512
f 946/434/513 1030/518/513 1031/519/513
f 946/434/514 1031/519/514 947/435/514
f 947/435/515 1031/519/515 1032/520/515
f 947/435/516 1032/520/516 1026/514/516
f 1026/514/517 1032/520/517 1033/521/517
f 1026/514/518 1033/521/518 949/437/518
f 949/437/519 1033/521/519 1034/522/519
f 949/437/520 1034/522/520 1025/513/520
f 1025/513/521 1034/522/521 1035/523/521
f 1025/513/522 1035/523/522 951/439/522
f 951/439/523 1035/523/523 1021/509/523
f 1036/524/524 1035/523/524 1034/522/524
f 1036/524/525 1034/522/525 1037/525/525
f 1037/525/526 1034/522/526 1033/521/526
f 1037/525/526 1033/521/526 1038/526/526
f 1038/526/527 1033/521/527 1032/520/527
f 1038/526/527 1032/520/527 1039/527/527
f 1039/527/528 1032/520/528 1031/519/528
f 1039/527/528 1031/519/528 1040/528/528
f 1040/528/529 1031/519/529 1030/518/529
f 1040/528/529 1030/518/529 1041/529/529
f 1041/529/530 1030/518/530 1029/517/530
f 1041/529/531 1029/517/531 1042/530/531
f 1042/530/532 1029/517/532 1028/516/532
f 1042/530/533 1028/516/533 1043/531/533
f 1043/531/534 1028/516/534 1017/505/534
f 1043/531/535 1017/505/535 1015/503/535
f 1015/503/536 1013/501/536 1044/532/536
f 1015/503/537 1044/532/537 1043/531/537
f 1043/531/538 1044/532/538 1042/530/538
f 1042/530/539 1044/532/539 1045/533/539
f 1042/530/540 1045/533/540 1041/529/540
f 1041/529/541 1045/533/541 1040/528/541
f 1040/528/542 1045/533/542 1046/534/542
f 1040/528/543 1046/534/543 1039/527/543
f 1039/527/544 1046/534/544 1038/526/544
f 1038/526/545 1046/534/545 1047/535/545
f 1038/526/546 1047/535/546 1037/525/546
f 1037/525/547 1047/535/547 1048/536/547
f 1037/525/548 1048/536/548 1036/524/548
f 1049/537/549 1048/536/549 1047/535/549
f 1049/537/550 1047/535/550 1050/538/550
f 1050/538/551 1047/535/551 1046/534/551
f 1050/538/552 1046/534/552 1051/539/552
f 1051/539/553 1046/534/553 1045/533/553
f 1051/539/554 1045/533/554 1052/540/554
f 1052/540/555 1045/533/555 1044/532/555
f 1052/540/556 1044/532/556 1053/541/556
f 1053/541/557 1044/532/557 1013/501/557
f 1053/541/558 1013/501/558 1011/499/558
f 1011/499/559 1009/497/559 1054/542/559
f 1011/499/560 1054/542/560 1053/541/560
f 1053/541/561 1054/542/561 1052/540/561
f 1052/540/562 1054/542/562 1055/543/562
f 1052/540/563 1055/543/563 1051/539/563
f 1051/539/564 1055/543/564 1056/544/564
f 1051/539/565 1056/544/565 1050/538/565
f 1050/538/566 1056/544/566 1057/545/566
f 1050/538/567 1057/545/567 1049/537/567
f 1058/546/568 1057/545/568 1056/544/568
f 1058/546/569 1056/544/569 1059/547/569
f 1059/547/570 1056/544/570 1055/543/570
f 1059/547/571 1055/543/571 1054/542/571
f 1059/547/572 1054/542/572 1007/495/572
f 1007/495/573 1054/542/573 1009/497/573
f 1023/511/574 1058/546/574 1059/547/574
f 1023/511/575 1059/547/575 1024/512/575
f 1024/512/576 1059/547/576 1007/495/576
f 1024/512/577 1007/495/577 1005/493/577
f 1060/548/578 1061/549/578 1062/550/578
f 1063/551/579 1064/552/579 962/450/579
f 1061/549/580 1065/553/580 980/468/580
f 980/468/581 1065/553/581 1066/554/581
f 960/448/582 961/449/582 1064/552/582
f 1064/552/583 961/449/583 962/450/583
f 1062/550/584 1061/549/584 980/468/584
f 1062/550/585 980/468/585 1067/555/585
f 1067/555/586 980/468/586 978/466/586
f 1067/555/587 978/466/587 1068/556/587
f 1068/556/588 978/466/588 976/464/588
f 1068/556/589 976/464/589 1069/557/589
f 1069/557/590 976/464/590 974/462/590
f 1069/557/591 974/462/591 1070/558/591
f 1070/558/592 974/462/592 972/460/592
f 1070/558/593 972/460/593 1071/559/593
f 1071/559/594 972/460/594 970/458/594
f 1071/559/595 970/458/595 968/456/595
f 1060/548/596 1062/550/596 1072/560/596
f 1072/560/597 1062/550/597 1067/555/597
f 1072/560/598 1067/555/598 1073/561/598
f 1073/561/599 1067/555/599 1068/556/599
f 1073/561/600 1068/556/600 1069/557/600
f 1074/562/601 968/456/601 966/454/601
f 1074/562/602 966/454/602 964/452/602
f 1075/563/603 1060/548/603 1076/564/603
f 1076/564/604 1060/548/604 1072/560/604
f 1076/564/605 1072/560/605 1077/565/605
f 1077/565/606 1072/560/606 1073/561/606
f 1077/565/607 1073/561/607 1078/566/607
f 1078/566/608 1073/561/608 1069/557/608
f 1078/566/609 1069/557/609 1079/567/609
f 1079/567/610 1069/557/610 1070/558/610
f 1079/567/611 1070/558/611 1080/568/611
f 1080/568/612 1070/558/612 1071/559/612
f 1080/568/613 1071/559/613 1081/569/613
f 1081/569/614 1071/559/614 968/456/614
f 1081/569/615 968/456/615 1074/562/615
f 1077/565/616 1078/566/616 1082/570/616
f 1077/565/617 1082/570/617 1076/564/617
f 1076/564/617 1082/570/617 1083/571/617
f 1076/564/618 1083/571/618 1075/563/618
f 1075/563/619 1083/571/619 1084/572/619
f 1085/573/620 1084/572/620 1086/574/620
f 1086/574/621 1084/572/621 1087/575/621
f 1087/575/622 1084/572/622 1083/571/622
f 1087/575/623 1083/571/623 1088/576/623
f 1088/576/624 1083/571/624 1082/570/624
f 1088/576/625 1082/570/625 1089/577/625
f 1089/577/626 1082/570/626 1078/566/626
f 1089/577/627 1078/566/627 1090/578/627
f 1090/578/628 1078/566/628 1079/567/628
f 1090/578/629 1079/567/629 1080/568/629
f 1091/579/630 1085/573/630 1086/574/630
f 1091/579/631 1086/574/631 1092/580/631
f 1092/580/632 1086/574/632 1087/575/632
f 1092/580/633 1087/575/633 1093/581/633
f 1093/581/634 1087/575/634 1088/576/634
f 1093/581/635 1088/576/635 1094/582/635
f 1094/582/636 1088/576/636 1089/577/636
f 1094/582/637 1089/577/637 1090/578/637
f 1095/583/638 1090/578/638 1080/568/638
f 1095/583/639 1080/568/639 955/443/639
f 955/443/640 1080/568/640 1081/569/640
f 955/443/641 1081/569/641 954/442/641
f 954/442/642 1081/569/642 1074/562/642
f 954/442/643 1074/562/643 964/452/643
f 1096/584/644 1097/585/644 1091/579/644
f 1096/584/645 1091/579/645 1098/586/645
f 1098/586/646 1091/579/646 1092/580/646
f 1098/586/647 1092/580/647 1099/587/647
f 1099/587/648 1092/580/648 1093/581/648
f 1099/587/649 1093/581/649 1094/582/649
f 1100/588/650 1094/582/650 1090/578/650
f 1100/588/651 1090/578/651 1095/583/651
f 953/441/652 954/442/652 964/452/652
f 1063/551/653 1097/585/653 1064/552/653
f 1064/552/654 1097/585/654 1096/584/654
f 1064/552/655 1096/584/655 960/448/655
f 960/448/656 1096/584/656 1098/586/656
f 960/448/657 1098/586/657 959/447/657
f 959/447/658 1098/586/658 1099/587/658
f 959/447/659 1099/587/659 958/446/659
f 958/446/660 1099/587/660 1094/582/660
f 958/446/661 1094/582/661 957/445/661
f 957/445/662 1094/582/662 1100/588/662
f 957/445/663 1100/588/663 956/444/663
f 956/444/664 1100/588/664 1095/583/664
f 956/444/665 1095/583/665 955/443/665
f 1101/589/666 1102/590/666 1103/591/666
f 1102/590/667 1104/592/667 1105/593/667
f 1104/592/668 991/479/668 990/478/668
f 1105/593/669 1104/592/669 990/478/669
f 1105/593/670 990/478/670 1106/594/670
f 1106/594/671 990/478/671 989/477/671
f 1106/594/672 989/477/672 1107/595/672
f 1107/595/673 989/477/673 988/476/673
f 1107/595/674 988/476/674 1108/596/674
f 1108/596/675 988/476/675 987/475/675
f 1108/596/676 987/475/676 1109/597/676
f 1109/597/677 987/475/677 986/474/677
f 1109/597/678 986/474/678 1110/598/678
f 1110/598/679 986/474/679 985/473/679
f 1110/598/680 985/473/680 984/472/680
f 1103/591/681 1102/590/681 1105/593/681
f 1103/591/682 1105/593/682 1111/599/682
f 1111/599/682 1105/593/682 1106/594/682
f 1111/599/683 1106/594/683 1112/600/683
f 1112/600/684 1106/594/684 1107/595/684
f 1112/600/685 1107/595/685 1108/596/685
f 1101/589/686 1103/591/686 1113/601/686
f 1113/601/687 1103/591/687 1111/599/687
f 1113/601/688 1111/599/688 1114/602/688
f 1114/602/688 1111/599/688 1112/600/688
f 1114/602/689 1112/600/689 1115/603/689
f 1115/603/690 1112/600/690 1108/596/690
f 1115/603/691 1108/596/691 1116/604/691
f 1116/604/692 1108/596/692 1109/597/692
f 1116/604/693 1109/597/693 1117/605/693
f 1117/605/694 1109/597/694 1110/598/694
f 1117/605/695 1110/598/695 1118/606/695
f 1118/606/696 1110/598/696 984/472/696
f 1118/606/697 984/472/697 1119/607/697
f 1119/607/698 984/472/698 983/471/698
f 1119/607/699 983/471/699 963/451/699
f 963/451/700 983/471/700 982/470/700
f 1114/602/701 1115/603/701 1120/608/701
f 1114/602/702 1120/608/702 1113/601/702
f 1113/601/702 1120/608/702 1121/609/702
f 1113/601/703 1121/609/703 1101/589/703
f 1101/589/704 1121/609/704 1122/610/704
f 1119/607/705 963/451/705 965/453/705
f 1119/607/706 965/453/706 1118/606/706
f 1118/606/707 965/453/707 1123/611/707
f 1118/606/708 1123/611/708 1117/605/708
f 1117/605/709 1123/611/709 1124/612/709
f 1117/605/710 1124/612/710 1116/604/710
f 1116/604/711 1124/612/711 1125/613/711
f 1116/604/712 1125/613/712 1115/603/712
f 1115/603/713 1125/613/713 1126/614/713
f 1115/603/714 1126/614/714 1120/608/714
f 1120/608/715 1126/614/715 1127/615/715
f 1120/608/716 1127/615/716 1121/609/716
f 1121/609/717 1127/615/717 1128/616/717
f 1121/609/718 1128/616/718 1122/610/718
f 1122/610/719 1128/616/719 1129/617/719
f 1130/618/720 1129/617/720 1131/619/720
f 1131/619/721 1129/617/721 1132/620/721
f 1132/620/722 1129/617/722 1128/616/722
f 1132/620/723 1128/616/723 1133/621/723
f 1133/621/723 1128/616/723 1127/615/723
f 1133/621/724 1127/615/724 1126/614/724
f 1134/622/725 1126/614/725 1125/613/725
f 1134/622/726 1125/613/726 1124/612/726
f 1135/623/727 1130/618/727 1136/624/727
f 1136/624/728 1130/618/728 1131/619/728
f 1136/624/729 1131/619/729 1137/625/729
f 1137/625/730 1131/619/730 1132/620/730
f 1137/625/731 1132/620/731 1138/626/731
f 1138/626/731 1132/620/731 1133/621/731
f 1138/626/732 1133/621/732 1139/627/732
f 1139/627/733 1133/621/733 1126/614/733
f 1139/627/734 1126/614/734 1134/622/734
f 969/457/735 1134/622/735 1124/612/735
f 969/457/736 1124/612/736 1123/611/736
f 981/469/737 1135/623/737 979/467/737
f 979/467/738 1135/623/738 1136/624/738
f 979/467/739 1136/624/739 977/465/739
f 977/465/740 1136/624/740 1137/625/740
f 977/465/741 1137/625/741 975/463/741
f 975/463/742 1137/625/742 1138/626/742
f 975/463/743 1138/626/743 973/461/743
f 973/461/744 1138/626/744 1139/627/744
f 973/461/745 1139/627/745 971/459/745
f 971/459/746 1139/627/746 1134/622/746
f 971/459/747 1134/622/747 969/457/747
f 967/455/748 969/457/748 1123/611/748
f 967/455/749 1123/611/749 965/453/749
f 992/480/750 1140/628/750 1141/629/750
f 1002/490/751 1004/492/751 1142/630/751
f 1002/490/752 1142/630/752 1143/631/752
f 1143/631/753 1142/630/753 1144/632/753
f 1000/488/754 999/487/754 1145/633/754
f 1145/633/755 999/487/755 998/486/755
f 1145/633/756 998/486/756 1146/634/756
f 1146/634/757 998/486/757 997/485/757
f 995/483/758 994/482/758 1147/635/758
f 1147/635/759 994/482/759 1148/636/759
f 994/482/760 993/481/760 1148/636/760
f 1148/636/761 993/481/761 1141/629/761
f 1141/629/762 993/481/762 992/480/762
f 1149/637/763 1141/629/763 1150/638/763
f 1150/638/764 1141/629/764 1140/628/764
f 1141/629/765 1149/637/765 1151/639/765
f 1141/629/766 1151/639/766 1148/636/766
f 1148/636/767 1151/639/767 1152/640/767
f 1148/636/767 1152/640/767 1147/635/767
f 1147/635/768 1152/640/768 1153/641/768
f 1147/635/769 1153/641/769 995/483/769
f 995/483/770 1153/641/770 1154/642/770
f 995/483/771 1154/642/771 996/484/771
f 996/484/772 1154/642/772 1155/643/772
f 996/484/773 1155/643/773 997/485/773
f 997/485/774 1155/643/774 1156/644/774
f 997/485/775 1156/644/775 1146/634/775
f 1146/634/776 1156/644/776 1157/645/776
f 1146/634/777 1157/645/777 1145/633/777
f 1145/633/778 1157/645/778 1016/504/778
f 1145/633/779 1016/504/779 1000/488/779
f 1000/488/780 1016/504/780 1001/489/780
f 1014/502/781 1016/504/781 1157/645/781
f 1014/502/782 1157/645/782 1158/646/782
f 1158/646/783 1157/645/783 1156/644/783
f 1158/646/784 1156/644/784 1159/647/784
f 1159/647/785 1156/644/785 1155/643/785
f 1159/647/785 1155/643/785 1160/648/785
f 1160/648/786 1155/643/786 1154/642/786
f 1160/648/786 1154/642/786 1161/649/786
f 1161/649/787 1154/642/787 1153/641/787
f 1161/649/787 1153/641/787 1162/650/787
f 1162/650/788 1153/641/788 1152/640/788
f 1162/650/788 1152/640/788 1163/651/788
f 1163/651/789 1152/640/789 1151/639/789
f 1163/651/789 1151/639/789 1164/652/789
f 1164/652/790 1151/639/790 1149/637/790
f 1164/652/791 1149/637/791 1165/653/791
f 1165/653/792 1166/654/792 1167/655/792
f 1165/653/793 1167/655/793 1164/652/793
f 1164/652/794 1167/655/794 1163/651/794
f 1163/651/795 1167/655/795 1168/656/795
f 1163/651/796 1168/656/796 1162/650/796
f 1162/650/797 1168/656/797 1169/657/797
f 1162/650/798 1169/657/798 1161/649/798
f 1161/649/799 1169/657/799 1160/648/799
f 1160/648/800 1169/657/800 1170/658/800
f 1160/648/801 1170/658/801 1159/647/801
f 1159/647/802 1170/658/802 1158/646/802
f 1158/646/803 1170/658/803 1012/500/803
f 1158/646/804 1012/500/804 1014/502/804
f 1010/498/805 1012/500/805 1170/658/805
f 1010/498/806 1170/658/806 1171/659/806
f 1171/659/807 1170/658/807 1169/657/807
f 1171/659/808 1169/657/808 1172/660/808
f 1172/660/809 1169/657/809 1168/656/809
f 1172/660/810 1168/656/810 1173/661/810
f 1173/661/811 1168/656/811 1167/655/811
f 1173/661/812 1167/655/812 1174/662/812
f 1174/662/813 1167/655/813 1166/654/813
f 1174/662/814 1166/654/814 1175/663/814
f 1175/663/815 1176/664/815 1177/665/815
f 1175/663/816 1177/665/816 1174/662/816
f 1174/662/817 1177/665/817 1173/661/817
f 1173/661/818 1177/665/818 1178/666/818
f 1173/661/819 1178/666/819 1172/660/819
f 1172/660/820 1178/666/820 1179/667/820
f 1172/660/821 1179/667/821 1171/659/821
f 1171/659/822 1179/667/822 1008/496/822
f 1171/659/823 1008/496/823 1010/498/823
f 1006/494/824 1008/496/824 1179/667/824
f 1006/494/825 1179/667/825 1180/668/825
f 1180/668/826 1179/667/826 1178/666/826
f 1180/668/827 1178/666/827 1181/669/827
f 1181/669/828 1178/666/828 1177/665/828
f 1181/669/829 1177/665/829 1182/670/829
f 1182/670/830 1177/665/830 1176/664/830
f 1004/492/831 1006/494/831 1180/668/831
f 1004/492/832 1180/668/832 1142/630/832
f 1142/630/833 1180/668/833 1181/669/833
f 1142/630/834 1181/669/834 1182/670/834
f 1142/630/835 1182/670/835 1144/632/835
f 1183/671/836 952/440/836 1184/672/836
f 1184/672/837 952/440/837 1021/509/837
f 1184/672/838 1021/509/838 1185/673/838
f 1185/673/839 1021/509/839 1035/523/839
f 1185/673/840 1035/523/840 1186/674/840
f 1186/674/841 1035/523/841 1036/524/841
f 1186/674/842 1036/524/842 1187/675/842
f 1187/675/843 1036/524/843 1048/536/843
f 1187/675/844 1048/536/844 1188/676/844
f 1188/676/845 1048/536/845 1049/537/845
f 1188/676/846 1049/537/846 1189/677/846
f 1189/677/847 1049/537/847 1057/545/847
f 1189/677/848 1057/545/848 1190/678/848
f 1190/678/849 1057/545/849 1058/546/849
f 1190/678/850 1058/546/850 1191/679/850
f 1191/679/851 1058/546/851 1023/511/851
f 1191/679/852 1023/511/852 1192/680/852
f 1192/680/853 1023/511/853 1022/510/853
f 1063/551/854 1183/671/854 1193/681/854
f 1063/551/855 1193/681/855 1097/585/855
f 1097/585/856 1193/681/856 1194/682/856
f 1097/585/857 1194/682/857 1195/683/857
f 1097/585/858 1195/683/858 1091/579/858
f 1091/579/859 1195/683/859 1085/573/859
f 1085/573/860 1195/683/860 1196/684/860
f 1085/573/861 1196/684/861 1084/572/861
f 1084/572/862 1196/684/862 1197/685/862
f 1084/572/863 1197/685/863 1075/563/863
f 1075/563/864 1197/685/864 1198/686/864
f 1075/563/865 1198/686/865 1060/548/865
f 1060/548/866 1198/686/866 1199/687/866
f 1060/548/867 1199/687/867 1061/549/867
f 1061/549/868 1199/687/868 1200/688/868
f 1061/549/869 1200/688/869 1065/553/869
f 1065/553/870 1200/688/870 1201/689/870
f 981/469/871 1202/690/871 1135/623/871
f 1135/623/872 1202/690/872 1203/691/872
f 1135/623/873 1203/691/873 1130/618/873
f 1130/618/874 1203/691/874 1204/692/874
f 1130/618/875 1204/692/875 1129/617/875
f 1129/617/876 1204/692/876 1205/693/876
f 1129/617/877 1205/693/877 1122/610/877
f 1122/610/878 1205/693/878 1206/694/878
f 1122/610/879 1206/694/879 1101/589/879
f 1101/589/880 1206/694/880 1207/695/880
f 1101/589/881 1207/695/881 1102/590/881
f 1102/590/882 1207/695/882 1208/696/882
f 1102/590/883 1208/696/883 1104/592/883
f 1104/592/884 1208/696/884 1209/697/884
f 1104/592/885 1209/697/885 991/479/885
f 991/479/886 1209/697/886 1210/698/886
f 1211/699/887 1143/631/887 1212/700/887
f 1212/700/888 1143/631/888 1144/632/888
f 1212/700/889 1144/632/889 1213/701/889
f 1213/701/890 1144/632/890 1182/670/890
f 1213/701/891 1182/670/891 1214/702/891
f 1214/702/892 1182/670/892 1176/664/892
f 1214/702/893 1176/664/893 1215/703/893
f 1215/703/894 1176/664/894 1175/663/894
f 1215/703/895 1175/663/895 1216/704/895
f 1216/704/896 1175/663/896 1166/654/896
f 1216/704/897 1166/654/897 1217/705/897
f 1217/705/898 1166/654/898 1165/653/898
f 1217/705/899 1165/653/899 1218/706/899
f 1218/706/900 1165/653/900 1149/637/900
f 1218/706/901 1149/637/901 1219/707/901
f 1219/707/902 1149/637/902 1150/638/902
f 1220/708/903 1221/709/903 1222/710/903
f 1220/708/904 1222/710/904 1192/680/904
f 1192/680/905 1222/710/905 1191/679/905
f 1223/711/906 1201/689/906 1200/688/906
f 1223/711/907 1200/688/907 1224/712/907
f 1224/712/908 1200/688/908 1199/687/908
f 1197/685/909 1196/684/909 1225/713/909
f 1225/713/910 1196/684/910 1226/714/910
f 1196/684/911 1195/683/911 1226/714/911
f 1226/714/912 1195/683/912 1227/715/912
f 1195/683/913 1194/682/913 1227/715/913
f 1227/715/914 1194/682/914 1184/672/914
f 1184/672/915 1194/682/915 1193/681/915
f 1184/672/916 1193/681/916 1183/671/916
f 1184/672/917 1185/673/917 1228/716/917
f 1184/672/918 1228/716/918 1227/715/918
f 1227/715/919 1228/716/919 1229/717/919
f 1227/715/920 1229/717/920 1226/714/920
f 1226/714/921 1229/717/921 1230/718/921
f 1226/714/921 1230/718/921 1225/713/921
f 1225/713/922 1230/718/922 1231/719/922
f 1225/713/923 1231/719/923 1197/685/923
f 1197/685/924 1231/719/924 1232/720/924
f 1197/685/925 1232/720/925 1198/686/925
f 1198/686/926 1232/720/926 1233/721/926
f 1198/686/927 1233/721/927 1199/687/927
f 1199/687/928 1233/721/928 1234/722/928
f 1199/687/929 1234/722/929 1224/712/929
f 1224/712/930 1234/722/930 1235/723/930
f 1224/712/931 1235/723/931 1223/711/931
f 1223/711/932 1235/723/932 1236/724/932
f 1237/725/933 1235/723/933 1234/722/933
f 1237/725/934 1234/722/934 1238/726/934
f 1238/726/935 1234/722/935 1233/721/935
f 1238/726/935 1233/721/935 1239/727/935
f 1239/727/936 1233/721/936 1232/720/936
f 1239/727/936 1232/720/936 1240/728/936
f 1240/728/937 1232/720/937 1231/719/937
f 1240/728/938 1231/719/938 1241/729/938
f 1241/729/939 1231/719/939 1230/718/939
f 1241/729/939 1230/718/939 1242/730/939
f 1242/730/940 1230/718/940 1229/717/940
f 1242/730/941 1229/717/941 1243/731/941
f 1243/731/942 1229/717/942 1228/716/942
f 1243/731/943 1228/716/943 1244/732/943
f 1244/732/944 1228/716/944 1185/673/944
f 1244/732/945 1185/673/945 1186/674/945
f 1186/674/946 1187/675/946 1245/733/946
f 1186/674/947 1245/733/947 1244/732/947
f 1244/732/948 1245/733/948 1246/734/948
f 1244/732/949 1246/734/949 1243/731/949
f 1243/731/950 1246/734/950 1242/730/950
f 1242/730/951 1246/734/951 1247/735/951
f 1242/730/952 1247/735/952 1241/729/952
f 1241/729/953 1247/735/953 1240/728/953
f 1240/728/954 1247/735/954 1248/736/954
f 1240/728/955 1248/736/955 1239/727/955
f 1239/727/956 1248/736/956 1238/726/956
f 1238/726/957 1248/736/957 1249/737/957
f 1238/726/958 1249/737/958 1237/725/958
f 1250/738/959 1249/737/959 1248/736/959
f 1250/738/960 1248/736/960 1251/739/960
f 1251/739/961 1248/736/961 1247/735/961
f 1251/739/962 1247/735/962 1252/740/962
f 1252/740/963 1247/735/963 1246/734/963
f 1252/740/964 1246/734/964 1253/741/964
f 1253/741/965 1246/734/965 1254/742/965
f 1254/742/966 1246/734/966 1245/733/966
f 1254/742/967 1245/733/967 1187/675/967
f 1254/742/968 1187/675/968 1188/676/968
f 1188/676/969 1189/677/969 1255/743/969
f 1188/676/970 1255/743/970 1254/742/970
f 1254/742/971 1255/743/971 1256/744/971
f 1254/742/972 1256/744/972 1253/741/972
f 1253/741/973 1256/744/973 1252/740/973
f 1252/740/974 1256/744/974 1257/745/974
f 1252/740/975 1257/745/975 1251/739/975
f 1251/739/976 1257/745/976 1258/746/976
f 1251/739/977 1258/746/977 1250/738/977
f 1259/747/978 1258/746/978 1257/745/978
f 1259/747/979 1257/745/979 1260/748/979
f 1260/748/980 1257/745/980 1256/744/980
f 1260/748/981 1256/744/981 1255/743/981
f 1260/748/982 1255/743/982 1190/678/982
f 1190/678/983 1255/743/983 1189/677/983
f 1221/709/984 1259/747/984 1260/748/984
f 1221/709/985 1260/748/985 1222/710/985
f 1222/710/986 1260/748/986 1190/678/986
f 1222/710/987 1190/678/987 1191/679/987
f 1211/699/988 1212/700/988 1261/749/988
f 1211/699/989 1261/749/989 1262/750/989
f 1262/750/990 1261/749/990 1263/751/990
f 1202/690/991 1264/752/991 1265/753/991
f 1266/754/992 1210/698/992 1209/697/992
f 1266/754/993 1209/697/993 1267/755/993
f 1267/755/994 1209/697/994 1208/696/994
f 1267/755/995 1208/696/995 1268/756/995
f 1268/756/996 1208/696/996 1207/695/996
f 1205/693/997 1204/692/997 1269/757/997
f 1269/757/998 1204/692/998 1270/758/998
f 1204/692/999 1203/691/999 1270/758/999
f 1270/758/1000 1203/691/1000 1265/753/1000
f 1265/753/1001 1203/691/1001 1202/690/1001
f 1271/759/1002 1265/753/1002 1264/752/1002
f 1265/753/1003 1271/759/1003 1272/760/1003
f 1265/753/1004 1272/760/1004 1270/758/1004
f 1270/758/1005 1272/760/1005 1273/761/1005
f 1270/758/1006 1273/761/1006 1269/757/1006
f 1269/757/1007 1273/761/1007 1274/762/1007
f 1269/757/1008 1274/762/1008 1205/693/1008
f 1205/693/1009 1274/762/1009 1275/763/1009
f 1205/693/1010 1275/763/1010 1206/694/1010
f 1206/694/1011 1275/763/1011 1276/764/1011
f 1206/694/1012 1276/764/1012 1207/695/1012
f 1207/695/1013 1276/764/1013 1277/765/1013
f 1207/695/1014 1277/765/1014 1268/756/1014
f 1268/756/1015 1277/765/1015 1278/766/1015
f 1268/756/1015 1278/766/1015 1267/755/1015
f 1267/755/1016 1278/766/1016 1218/706/1016
f 1267/755/1017 1218/706/1017 1266/754/1017
f 1266/754/1018 1218/706/1018 1219/707/1018
f 1217/705/1019 1218/706/1019 1278/766/1019
f 1217/705/1020 1278/766/1020 1279/767/1020
f 1279/767/1021 1278/766/1021 1277/765/1021
f 1279/767/1022 1277/765/1022 1280/768/1022
f 1280/768/1023 1277/765/1023 1276/764/1023
f 1280/768/1023 1276/764/1023 1281/769/1023
f 1281/769/1024 1276/764/1024 1275/763/1024
f 1281/769/1025 1275/763/1025 1282/770/1025
f 1282/770/1026 1275/763/1026 1274/762/1026
f 1282/770/1026 1274/762/1026 1283/771/1026
f 1283/771/1027 1274/762/1027 1273/761/1027
f 1283/771/1028 1273/761/1028 1284/772/1028
f 1284/772/1029 1273/761/1029 1272/760/1029
f 1284/772/1030 1272/760/1030 1285/773/1030
f 1285/773/1031 1272/760/1031 1271/759/1031
f 1285/773/1032 1271/759/1032 1286/774/1032
f 1286/774/1033 1287/775/1033 1288/776/1033
f 1286/774/1034 1288/776/1034 1285/773/1034
f 1285/773/1035 1288/776/1035 1284/772/1035
f 1284/772/1036 1288/776/1036 1289/777/1036
f 1284/772/1037 1289/777/1037 1283/771/1037
f 1283/771/1038 1289/777/1038 1282/770/1038
f 1282/770/1039 1289/777/1039 1290/778/1039
f 1282/770/1040 1290/778/1040 1281/769/1040
f 1281/769/1041 1290/778/1041 1280/768/1041
f 1280/768/1042 1290/778/1042 1291/779/1042
f 1280/768/1043 1291/779/1043 1279/767/1043
f 1279/767/1044 1291/779/1044 1216/704/1044
f 1279/767/1045 1216/704/1045 1217/705/1045
f 1215/703/1046 1216/704/1046 1291/779/1046
f 1215/703/1047 1291/779/1047 1292/780/1047
f 1292/780/1048 1291/779/1048 1290/778/1048
f 1292/780/1049 1290/778/1049 1293/781/1049
f 1293/781/1050 1290/778/1050 1289/777/1050
f 1293/781/1051 1289/777/1051 1294/782/1051
f 1294/782/1052 1289/777/1052 1288/776/1052
f 1294/782/1053 1288/776/1053 1295/783/1053
f 1295/783/1054 1288/776/1054 1287/775/1054
f 1295/783/1055 1287/775/1055 1296/784/1055
f 1296/784/1056 1297/785/1056 1298/786/1056
f 1296/784/1057 1298/786/1057 1295/783/1057
f 1295/783/1058 1298/786/1058 1299/787/1058
f 1295/783/1059 1299/787/1059 1294/782/1059
f 1294/782/1060 1299/787/1060 1300/788/1060
f 1294/782/1061 1300/788/1061 1293/781/1061
f 1293/781/1062 1300/788/1062 1214/702/1062
f 1293/781/1063 1214/702/1063 1292/780/1063
f 1292/780/1064 1214/702/1064 1215/703/1064
f 1213/701/1065 1214/702/1065 1300/788/1065
f 1213/701/1066 1300/788/1066 1301/789/1066
f 1301/789/1067 1300/788/1067 1299/787/1067
f 1301/789/1068 1299/787/1068 1298/786/1068
f 1301/789/1069 1298/786/1069 1302/790/1069
f 1302/790/1070 1298/786/1070 1297/785/1070
f 1212/700/1071 1213/701/1071 1301/789/1071
f 1212/700/1072 1301/789/1072 1261/749/1072
f 1261/749/1073 1301/789/1073 1302/790/1073
f 1261/749/1074 1302/790/1074 1263/751/1074
f 1264/752/1075 1236/724/1075 1271/759/1075
f 1271/759/1076 1236/724/1076 1235/723/1076
f 1271/759/1077 1235/723/1077 1286/774/1077
f 1286/774/1078 1235/723/1078 1237/725/1078
f 1286/774/1079 1237/725/1079 1287/775/1079
f 1287/775/1080 1237/725/1080 1249/737/1080
f 1287/775/1081 1249/737/1081 1296/784/1081
f 1296/784/1082 1249/737/1082 1250/738/1082
f 1296/784/1083 1250/738/1083 1297/785/1083
f 1297/785/1084 1250/738/1084 1258/746/1084
f 1297/785/1085 1258/746/1085 1302/790/1085
f 1302/790/1086 1258/746/1086 1259/747/1086
f 1302/790/1087 1259/747/1087 1263/751/1087
f 1263/751/1088 1259/747/1088 1221/709/1088
f 1263/751/1089 1221/709/1089 1262/750/1089
f 1262/750/1090 1221/709/1090 1220/708/1090
f 1303/791/1091 1304/792/1091 1305/793/1091
f 1305/793/1092 1304/792/1092 1306/794/1092
f 1305/793/1093 1306/794/1093 1307/795/1093
f 1307/795/1094 1306/794/1094 1308/796/1094
f 1307/795/1095 1308/796/1095 1309/797/1095
f 1309/797/1096 1308/796/1096 1310/798/1096
f 1309/797/1097 1310/798/1097 1303/791/1097
f 1303/791/1098 1310/798/1098 1304/792/1098
f 1311/799/1099 1312/800/1099 1313/801/1099
f 1313/801/1100 1312/800/1100 1314/802/1100
f 1313/801/1101 1314/802/1101 1315/803/1101
f 1315/803/1102 1314/802/1102 1316/804/1102
f 1315/803/1103 1316/804/1103 1317/805/1103
f 1317/805/1104 1316/804/1104 1318/806/1104
f 1317/805/1105 1318/806/1105 1311/799/1105
f 1311/799/1106 1318/806/1106 1312/800/1106
f 1319/807/1107 1320/808/1107 1321/809/1107
f 1321/809/1108 1320/808/1108 1322/810/1108
f 1321/809/1109 1322/810/1109 1323/811/1109
f 1323/811/1110 1322/810/1110 1324/812/1110
f 1323/811/1111 1324/812/1111 1325/813/1111
f 1325/813/1112 1324/812/1112 1326/814/1112
f 1325/813/1113 1326/814/1113 1319/807/1113
f 1319/807/1113 1326/814/1113 1320/808/1113
f 1327/815/1114 1328/816/1114 1329/817/1114
f 1329/817/1115 1328/816/1115 1330/818/1115
f 1329/817/1116 1330/818/1116 1331/819/1116
f 1331/819/1117 1330/818/1117 1332/820/1117
f 1331/819/1118 1332/820/1118 1333/821/1118
f 1333/821/1119 1332/820/1119 1334/822/1119
f 1333/821/1120 1334/822/1120 1327/815/1120
f 1327/815/1121 1334/822/1121 1328/816/1121
f 1335/823/1122 1336/824/1122 1337/825/1122
f 1338/826/1123 1339/827/1123 1340/828/1123
f 1341/829/1124 1342/830/1124 1343/831/1124
f 1342/830/1125 1344/832/1125 1345/833/1125
f 1344/832/1126 1346/834/1126 1347/835/1126
f 1346/834/1127 1348/836/1127 1349/837/1127
f 1348/836/1128 1350/838/1128 1351/839/1128
f 1350/838/1129 1352/840/1129 1353/841/1129
f 1352/840/1130 1354/842/1130 1355/843/1130
f 1354/842/1131 1356/844/1131 1357/845/1131
f 1356/844/1132 1358/846/1132 1359/847/1132
f 1358/846/1133 1360/848/1133 1361/849/1133
f 1360/848/1134 1362/850/1134 1363/851/1134
f 1362/850/1135 1364/852/1135 1365/853/1135
f 1364/852/1136 1366/854/1136 1367/855/1136
f 1366/854/1137 1368/856/1137 1369/857/1137
f 1368/856/1138 1370/858/1138 1371/859/1138
f 1370/858/1139 1372/860/1139 1373/861/1139
f 1372/860/1140 1374/862/1140 1375/863/1140
f 1374/862/1141 1376/864/1141 1377/865/1141
f 1376/864/1142 1378/866/1142 1379/867/1142
f 1378/866/1143 1380/868/1143 1381/869/1143
f 1380/868/1144 1382/870/1144 1383/871/1144
f 1384/872/1145 1385/873/1145 1386/874/1145
f 1385/873/1146 1387/875/1146 1388/876/1146
f 1387/875/1147 1389/877/1147 1390/878/1147
f 1389/877/1148 1391/879/1148 1392/880/1148
f 1391/879/1149 1393/881/1149 1394/882/1149
f 1393/881/1150 1395/883/1150 1396/884/1150
f 1395/883/1151 1397/885/1151 1398/886/1151
f 1397/885/1152 1399/887/1152 1400/888/1152
f 1399/887/1153 1401/889/1153 1402/890/1153
f 1401/889/1154 1403/891/1154 1404/892/1154
f 1403/891/1155 1405/893/1155 1406/894/1155
f 1405/893/1156 1407/895/1156 1408/896/1156
f 1407/895/1157 1409/897/1157 1410/898/1157
f 1409/897/1158 1411/899/1158 1412/900/1158
f 1411/899/1159 1413/901/1159 1414/902/1159
f 1415/903/1160 1416/904/1160 1417/905/1160
f 1418/906/1161 1419/907/1161 1420/908/1161
f 1421/909/1162 1422/910/1162 1419/907/1162
f 1423/911/1163 1424/912/1163 1422/910/1163
f 1425/913/1164 1424/912/1164 1423/911/1164
f 1426/914/1165 1424/912/1165 1427/915/1165
f 1427/915/1166 1424/912/1166 1425/913/1166
f 1427/915/1167 1425/913/1167 1428/916/1167
f 1429/917/1168 1426/914/1168 1427/915/1168
f 1429/917/1169 1427/915/1169 1428/916/1169
f 1429/917/1170 1428/916/1170 1430/918/1170
f 1431/919/1171 1426/914/1171 1432/920/1171
f 1432/920/1172 1426/914/1172 1429/917/1172
f 1432/920/1173 1429/917/1173 1433/921/1173
f 1433/921/1174 1429/917/1174 1430/918/1174
f 1434/922/1175 1431/919/1175 1432/920/1175
f 1434/922/1176 1432/920/1176 1435/923/1176
f 1435/923/1177 1432/920/1177 1433/921/1177
f 1435/923/1178 1433/921/1178 1436/924/1178
f 1437/925/1179 1431/919/1179 1438/926/1179
f 1438/926/1180 1431/919/1180 1434/922/1180
f 1438/926/1181 1434/922/1181 1439/927/1181
f 1439/927/1182 1434/922/1182 1435/923/1182
f 1439/927/1183 1435/923/1183 1440/928/1183
f 1440/928/1184 1435/923/1184 1436/924/1184
f 1441/929/1185 1437/925/1185 1438/926/1185
f 1441/929/1186 1438/926/1186 1442/930/1186
f 1442/930/1187 1438/926/1187 1439/927/1187
f 1442/930/1188 1439/927/1188 1443/931/1188
f 1443/931/1189 1439/927/1189 1440/928/1189
f 1444/932/1190 1437/925/1190 1445/933/1190
f 1445/933/1191 1437/925/1191 1441/929/1191
f 1445/933/1192 1441/929/1192 1442/930/1192
f 1445/933/1193 1442/930/1193 1446/934/1193
f 1446/934/1194 1442/930/1194 1443/931/1194
f 1446/934/1195 1443/931/1195 1447/935/1195
f 1447/935/1196 1443/931/1196 1440/928/1196
f 1447/935/1197 1440/928/1197 1448/936/1197
f 1448/936/1198 1440/928/1198 1449/937/1198
f 1450/938/1199 1444/932/1199 1445/933/1199
f 1450/938/1200 1445/933/1200 1451/939/1200
f 1451/939/1201 1445/933/1201 1452/940/1201
f 1452/940/1202 1445/933/1202 1446/934/1202
f 1452/940/1203 1446/934/1203 1453/941/1203
f 1453/941/1204 1446/934/1204 1447/935/1204
f 1453/941/1205 1447/935/1205 1448/936/1205
f 1454/942/1206 1448/936/1206 1449/937/1206
f 1454/942/1207 1449/937/1207 1455/943/1207
f 1456/944/1208 1450/938/1208 1457/945/1208
f 1457/945/1209 1450/938/1209 1451/939/1209
f 1457/945/1210 1451/939/1210 1458/946/1210
f 1458/946/1211 1451/939/1211 1452/940/1211
f 1458/946/1212 1452/940/1212 1459/947/1212
f 1459/947/1213 1452/940/1213 1453/941/1213
f 1459/947/1214 1453/941/1214 1460/948/1214
f 1460/948/1215 1453/941/1215 1448/936/1215
f 1460/948/1216 1448/936/1216 1454/942/1216
f 1461/949/1217 1456/944/1217 1457/945/1217
f 1461/949/1218 1457/945/1218 1462/950/1218
f 1462/950/1219 1457/945/1219 1458/946/1219
f 1462/950/1220 1458/946/1220 1463/951/1220
f 1463/951/1221 1458/946/1221 1459/947/1221
f 1463/951/1222 1459/947/1222 1464/952/1222
f 1464/952/1223 1459/947/1223 1460/948/1223
f 1465/953/1224 1454/942/1224 1455/943/1224
f 1465/953/1225 1455/943/1225 1466/954/1225
f 1465/953/1226 1466/954/1226 1467/955/1226
f 1468/956/1227 1461/949/1227 1469/957/1227
f 1469/957/1228 1461/949/1228 1462/950/1228
f 1469/957/1229 1462/950/1229 1463/951/1229
f 1469/957/1230 1463/951/1230 1470/958/1230
f 1470/958/1231 1463/951/1231 1464/952/1231
f 1470/958/1232 1464/952/1232 1471/959/1232
f 1471/959/1233 1464/952/1233 1460/948/1233
f 1471/959/1234 1460/948/1234 1454/942/1234
f 1472/960/1235 1465/953/1235 1467/955/1235
f 1472/960/1236 1467/955/1236 1473/961/1236
f 1474/962/1237 1468/956/1237 1475/963/1237
f 1475/963/1238 1468/956/1238 1469/957/1238
f 1475/963/1239 1469/957/1239 1476/964/1239
f 1476/964/1240 1469/957/1240 1470/958/1240
f 1476/964/1241 1470/958/1241 1477/965/1241
f 1477/965/1242 1470/958/1242 1471/959/1242
f 1478/966/1243 1471/959/1243 1454/942/1243
f 1478/966/1244 1454/942/1244 1479/967/1244
f 1479/967/1245 1454/942/1245 1465/953/1245
f 1479/967/1246 1465/953/1246 1472/960/1246
f 1479/967/1247 1472/960/1247 1480/968/1247
f 1480/968/1248 1472/960/1248 1473/961/1248
f 1480/968/1249 1473/961/1249 1481/969/1249
f 1482/970/1250 1474/962/1250 1475/963/1250
f 1482/970/1251 1475/963/1251 1483/971/1251
f 1483/971/1252 1475/963/1252 1476/964/1252
f 1483/971/1253 1476/964/1253 1484/972/1253
f 1484/972/1254 1476/964/1254 1477/965/1254
f 1484/972/1255 1477/965/1255 1485/973/1255
f 1485/973/1256 1477/965/1256 1478/966/1256
f 1478/966/1257 1477/965/1257 1471/959/1257
f 1486/974/1258 1479/967/1258 1480/968/1258
f 1486/974/1259 1480/968/1259 1487/975/1259
f 1487/975/1260 1480/968/1260 1481/969/1260
f 1488/976/1261 1474/962/1261 1489/977/1261
f 1489/977/1262 1474/962/1262 1482/970/1262
f 1489/977/1263 1482/970/1263 1490/978/1263
f 1490/978/1264 1482/970/1264 1483/971/1264
f 1490/978/1265 1483/971/1265 1491/979/1265
f 1491/979/1266 1483/971/1266 1484/972/1266
f 1491/979/1267 1484/972/1267 1485/973/1267
f 1492/980/1268 1478/966/1268 1479/967/1268
f 1492/980/1269 1479/967/1269 1493/981/1269
f 1493/981/1270 1479/967/1270 1486/974/1270
f 1493/981/1271 1486/974/1271 1494/982/1271
f 1494/982/1272 1486/974/1272 1487/975/1272
f 1494/982/1273 1487/975/1273 1343/831/1273
f 1495/983/1274 1496/984/1274 1497/985/1274
f 1412/900/1275 1411/899/1275 1414/902/1275
f 1412/900/1276 1414/902/1276 1498/986/1276
f 1498/986/1277 1414/902/1277 1499/987/1277
f 1498/986/1278 1499/987/1278 1500/988/1278
f 1501/989/1279 1500/988/1279 1502/990/1279
f 1501/989/1280 1502/990/1280 1503/991/1280
f 1503/991/1281 1502/990/1281 1504/992/1281
f 1503/991/1282 1504/992/1282 1505/993/1282
f 1505/993/1283 1504/992/1283 1506/994/1283
f 1505/993/1284 1506/994/1284 1507/995/1284
f 1505/993/1285 1507/995/1285 1508/996/1285
f 1508/996/1286 1507/995/1286 1509/997/1286
f 1508/996/1287 1509/997/1287 1510/998/1287
f 1510/998/1288 1509/997/1288 1511/999/1288
f 1410/898/1289 1409/897/1289 1412/900/1289
f 1410/898/1290 1412/900/1290 1512/1000/1290
f 1512/1000/1291 1412/900/1291 1498/986/1291
f 1512/1000/1292 1498/986/1292 1513/1001/1292
f 1513/1001/1293 1498/986/1293 1500/988/1293
f 1513/1001/1294 1500/988/1294 1514/1002/1294
f 1514/1002/1295 1500/988/1295 1501/989/1295
f 1515/1003/1296 1503/991/1296 1505/993/1296
f 1515/1003/1297 1505/993/1297 1516/1004/1297
f 1516/1004/1298 1505/993/1298 1508/996/1298
f 1516/1004/1299 1508/996/1299 1517/1005/1299
f 1517/1005/1300 1508/996/1300 1510/998/1300
f 1517/1005/1301 1510/998/1301 1518/1006/1301
f 1518/1006/1302 1510/998/1302 1511/999/1302
f 1408/896/1303 1407/895/1303 1410/898/1303
f 1408/896/1304 1410/898/1304 1519/1007/1304
f 1519/1007/1305 1410/898/1305 1512/1000/1305
f 1519/1007/1306 1512/1000/1306 1513/1001/1306
f 1520/1008/1307 1501/989/1307 1503/991/1307
f 1520/1008/1308 1503/991/1308 1521/1009/1308
f 1521/1009/1309 1503/991/1309 1515/1003/1309
f 1521/1009/1310 1515/1003/1310 1522/1010/1310
f 1522/1010/1311 1515/1003/1311 1516/1004/1311
f 1522/1010/1312 1516/1004/1312 1523/1011/1312
f 1523/1011/1313 1516/1004/1313 1517/1005/1313
f 1523/1011/1314 1517/1005/1314 1524/1012/1314
f 1524/1012/1315 1517/1005/1315 1518/1006/1315
f 1406/894/1316 1405/893/1316 1408/896/1316
f 1406/894/1317 1408/896/1317 1519/1007/1317
f 1406/894/1318 1519/1007/1318 1525/1013/1318
f 1525/1013/1319 1519/1007/1319 1513/1001/1319
f 1525/1013/1320 1513/1001/1320 1526/1014/1320
f 1526/1014/1321 1513/1001/1321 1514/1002/1321
f 1526/1014/1322 1514/1002/1322 1501/989/1322
f 1527/1015/1323 1501/989/1323 1520/1008/1323
f 1520/1008/1324 1521/1009/1324 1528/1016/1324
f 1528/1016/1325 1521/1009/1325 1522/1010/1325
f 1528/1016/1326 1522/1010/1326 1529/1017/1326
f 1529/1017/1327 1522/1010/1327 1523/1011/1327
f 1529/1017/1328 1523/1011/1328 1530/1018/1328
f 1530/1018/1329 1523/1011/1329 1524/1012/1329
f 1530/1018/1330 1524/1012/1330 1531/1019/1330
f 1404/892/1331 1403/891/1331 1406/894/1331
f 1404/892/1332 1406/894/1332 1532/1020/1332
f 1532/1020/1333 1406/894/1333 1525/1013/1333
f 1532/1020/1334 1525/1013/1334 1526/1014/1334
f 1527/1015/1335 1526/1014/1335 1501/989/1335
f 1533/1021/1336 1527/1015/1336 1520/1008/1336
f 1533/1021/1337 1520/1008/1337 1528/1016/1337
f 1533/1021/1338 1528/1016/1338 1534/1022/1338
f 1534/1022/1339 1528/1016/1339 1529/1017/1339
f 1534/1022/1340 1529/1017/1340 1535/1023/1340
f 1535/1023/1341 1529/1017/1341 1530/1018/1341
f 1535/1023/1342 1530/1018/1342 1536/1024/1342
f 1536/1024/1343 1530/1018/1343 1531/1019/1343
f 1402/890/1344 1401/889/1344 1404/892/1344
f 1402/890/1345 1404/892/1345 1532/1020/1345
f 1402/890/1346 1532/1020/1346 1537/1025/1346
f 1537/1025/1347 1532/1020/1347 1538/1026/1347
f 1538/1026/1348 1532/1020/1348 1526/1014/1348
f 1538/1026/1349 1526/1014/1349 1539/1027/1349
f 1539/1027/1350 1526/1014/1350 1527/1015/1350
f 1540/1028/1351 1527/1015/1351 1533/1021/1351
f 1540/1028/1352 1533/1021/1352 1541/1029/1352
f 1541/1029/1353 1533/1021/1353 1534/1022/1353
f 1541/1029/1354 1534/1022/1354 1542/1030/1354
f 1542/1030/1355 1534/1022/1355 1535/1023/1355
f 1542/1030/1356 1535/1023/1356 1543/1031/1356
f 1543/1031/1357 1535/1023/1357 1536/1024/1357
f 1400/888/1358 1399/887/1358 1402/890/1358
f 1400/888/1359 1402/890/1359 1544/1032/1359
f 1544/1032/1360 1402/890/1360 1537/1025/1360
f 1544/1032/1361 1537/1025/1361 1538/1026/1361
f 1545/1033/1362 1538/1026/1362 1539/1027/1362
f 1546/1034/1363 1539/1027/1363 1527/1015/1363
f 1546/1034/1364 1527/1015/1364 1547/1035/1364
f 1547/1035/1365 1527/1015/1365 1540/1028/1365
f 1547/1035/1366 1540/1028/1366 1548/1036/1366
f 1548/1036/1367 1540/1028/1367 1541/1029/1367
f 1548/1036/1368 1541/1029/1368 1542/1030/1368
f 1548/1036/1369 1542/1030/1369 1549/1037/1369
f 1549/1037/1370 1542/1030/1370 1543/1031/1370
f 1549/1037/1371 1543/1031/1371 1550/1038/1371
f 1398/886/1372 1397/885/1372 1400/888/1372
f 1398/886/1373 1400/888/1373 1551/1039/1373
f 1551/1039/1374 1400/888/1374 1544/1032/1374
f 1551/1039/1375 1544/1032/1375 1552/1040/1375
f 1552/1040/1376 1544/1032/1376 1545/1033/1376
f 1545/1033/1377 1544/1032/1377 1538/1026/1377
f 1553/1041/1378 1546/1034/1378 1547/1035/1378
f 1553/1041/1379 1547/1035/1379 1554/1042/1379
f 1554/1042/1380 1547/1035/1380 1548/1036/1380
f 1554/1042/1381 1548/1036/1381 1555/1043/1381
f 1555/1043/1382 1548/1036/1382 1549/1037/1382
f 1555/1043/1383 1549/1037/1383 1556/1044/1383
f 1556/1044/1384 1549/1037/1384 1550/1038/1384
f 1396/884/1385 1395/883/1385 1398/886/1385
f 1396/884/1386 1398/886/1386 1551/1039/1386
f 1396/884/1387 1551/1039/1387 1552/1040/1387
f 1557/1045/1388 1539/1027/1388 1546/1034/1388
f 1557/1045/1389 1546/1034/1389 1558/1046/1389
f 1558/1046/1390 1546/1034/1390 1553/1041/1390
f 1558/1046/1391 1553/1041/1391 1554/1042/1391
f 1558/1046/1392 1554/1042/1392 1559/1047/1392
f 1559/1047/1393 1554/1042/1393 1560/1048/1393
f 1560/1048/1394 1554/1042/1394 1555/1043/1394
f 1560/1048/1395 1555/1043/1395 1556/1044/1395
f 1394/882/1396 1393/881/1396 1396/884/1396
f 1394/882/1397 1396/884/1397 1561/1049/1397
f 1561/1049/1398 1396/884/1398 1552/1040/1398
f 1561/1049/1399 1552/1040/1399 1562/1050/1399
f 1562/1050/1400 1552/1040/1400 1545/1033/1400
f 1562/1050/1401 1545/1033/1401 1563/1051/1401
f 1563/1051/1402 1545/1033/1402 1564/1052/1402
f 1564/1052/1403 1545/1033/1403 1539/1027/1403
f 1564/1052/1404 1539/1027/1404 1557/1045/1404
f 1557/1045/1405 1558/1046/1405 1565/1053/1405
f 1565/1053/1406 1558/1046/1406 1566/1054/1406
f 1566/1054/1407 1558/1046/1407 1559/1047/1407
f 1566/1054/1408 1559/1047/1408 1567/1055/1408
f 1567/1055/1409 1559/1047/1409 1560/1048/1409
f 1567/1055/1410 1560/1048/1410 1568/1056/1410
f 1568/1056/1411 1560/1048/1411 1556/1044/1411
f 1392/880/1412 1391/879/1412 1394/882/1412
f 1392/880/1413 1394/882/1413 1569/1057/1413
f 1569/1057/1414 1394/882/1414 1561/1049/1414
f 1569/1057/1415 1561/1049/1415 1562/1050/1415
f 1570/1058/1416 1563/1051/1416 1564/1052/1416
f 1564/1052/1417 1557/1045/1417 1571/1059/1417
f 1571/1059/1418 1557/1045/1418 1565/1053/1418
f 1571/1059/1419 1565/1053/1419 1572/1060/1419
f 1572/1060/1420 1565/1053/1420 1566/1054/1420
f 1572/1060/1421 1566/1054/1421 1573/1061/1421
f 1573/1061/1422 1566/1054/1422 1567/1055/1422
f 1573/1061/1423 1567/1055/1423 1568/1056/1423
f 1390/878/1424 1389/877/1424 1392/880/1424
f 1390/878/1425 1392/880/1425 1574/1062/1425
f 1574/1062/1426 1392/880/1426 1569/1057/1426
f 1574/1062/1427 1569/1057/1427 1575/1063/1427
f 1575/1063/1428 1569/1057/1428 1562/1050/1428
f 1575/1063/1429 1562/1050/1429 1563/1051/1429
f 1575/1063/1430 1563/1051/1430 1576/1064/1430
f 1576/1064/1431 1563/1051/1431 1570/1058/1431
f 1577/1065/1432 1570/1058/1432 1564/1052/1432
f 1577/1065/1433 1564/1052/1433 1578/1066/1433
f 1578/1066/1434 1564/1052/1434 1571/1059/1434
f 1578/1066/1435 1571/1059/1435 1579/1067/1435
f 1579/1067/1436 1571/1059/1436 1572/1060/1436
f 1579/1067/1437 1572/1060/1437 1580/1068/1437
f 1580/1068/1438 1572/1060/1438 1573/1061/1438
f 1580/1068/1439 1573/1061/1439 1581/1069/1439
f 1581/1069/1440 1573/1061/1440 1568/1056/1440
f 1388/876/1441 1387/875/1441 1390/878/1441
f 1388/876/1442 1390/878/1442 1574/1062/1442
f 1388/876/1443 1574/1062/1443 1582/1070/1443
f 1582/1070/1444 1574/1062/1444 1575/1063/1444
f 1582/1070/1445 1575/1063/1445 1576/1064/1445
f 1577/1065/1446 1578/1066/1446 1583/1071/1446
f 1583/1071/1447 1578/1066/1447 1579/1067/1447
f 1583/1071/1448 1579/1067/1448 1584/1072/1448
f 1584/1072/1449 1579/1067/1449 1580/1068/1449
f 1584/1072/1450 1580/1068/1450 1585/1073/1450
f 1585/1073/1451 1580/1068/1451 1586/1074/1451
f 1586/1074/1452 1580/1068/1452 1581/1069/1452
f 1386/874/1453 1385/873/1453 1388/876/1453
f 1386/874/1454 1388/876/1454 1587/1075/1454
f 1587/1075/1455 1388/876/1455 1582/1070/1455
f 1587/1075/1456 1582/1070/1456 1588/1076/1456
f 1588/1076/1457 1582/1070/1457 1576/1064/1457
f 1588/1076/1458 1576/1064/1458 1589/1077/1458
f 1589/1077/1459 1576/1064/1459 1570/1058/1459
f 1590/1078/1460 1570/1058/1460 1577/1065/1460
f 1590/1078/1461 1577/1065/1461 1591/1079/1461
f 1591/1079/1462 1577/1065/1462 1583/1071/1462
f 1591/1079/1463 1583/1071/1463 1592/1080/1463
f 1592/1080/1464 1583/1071/1464 1584/1072/1464
f 1592/1080/1465 1584/1072/1465 1593/1081/1465
f 1593/1081/1466 1584/1072/1466 1585/1073/1466
f 1593/1081/1467 1585/1073/1467 1586/1074/1467
f 1382/870/1468 1384/872/1468 1594/1082/1468
f 1594/1082/1469 1384/872/1469 1386/874/1469
f 1594/1082/1470 1386/874/1470 1595/1083/1470
f 1595/1083/1471 1386/874/1471 1587/1075/1471
f 1595/1083/1472 1587/1075/1472 1588/1076/1472
f 1596/1084/1473 1589/1077/1473 1570/1058/1473
f 1596/1084/1474 1570/1058/1474 1590/1078/1474
f 1597/1085/1475 1590/1078/1475 1591/1079/1475
f 1597/1085/1476 1591/1079/1476 1598/1086/1476
f 1598/1086/1477 1591/1079/1477 1592/1080/1477
f 1598/1086/1478 1592/1080/1478 1593/1081/1478
f 1598/1086/1479 1593/1081/1479 1599/1087/1479
f 1599/1087/1480 1593/1081/1480 1586/1074/1480
f 1383/871/1481 1382/870/1481 1594/1082/1481
f 1383/871/1482 1594/1082/1482 1595/1083/1482
f 1383/871/1483 1595/1083/1483 1600/1088/1483
f 1600/1088/1484 1595/1083/1484 1588/1076/1484
f 1600/1088/1485 1588/1076/1485 1601/1089/1485
f 1601/1089/1486 1588/1076/1486 1589/1077/1486
f 1601/1089/1487 1589/1077/1487 1596/1084/1487
f 1596/1084/1488 1590/1078/1488 1602/1090/1488
f 1602/1090/1489 1590/1078/1489 1597/1085/1489
f 1602/1090/1490 1597/1085/1490 1603/1091/1490
f 1603/1091/1491 1597/1085/1491 1598/1086/1491
f 1603/1091/1492 1598/1086/1492 1604/1092/1492
f 1604/1092/1493 1598/1086/1493 1599/1087/1493
f 1381/869/1494 1380/868/1494 1383/871/1494
f 1381/869/1495 1383/871/1495 1605/1093/1495
f 1605/1093/1496 1383/871/1496 1600/1088/1496
f 1605/1093/1497 1600/1088/1497 1601/1089/1497
f 1606/1094/1498 1596/1084/1498 1602/1090/1498
f 1606/1094/1499 1602/1090/1499 1607/1095/1499
f 1607/1095/1500 1602/1090/1500 1608/1096/1500
f 1608/1096/1501 1602/1090/1501 1603/1091/1501
f 1608/1096/1502 1603/1091/1502 1609/1097/1502
f 1609/1097/1503 1603/1091/1503 1604/1092/1503
f 1609/1097/1504 1604/1092/1504 1610/1098/1504
f 1379/867/1505 1378/866/1505 1381/869/1505
f 1379/867/1506 1381/869/1506 1605/1093/1506
f 1379/867/1507 1605/1093/1507 1611/1099/1507
f 1611/1099/1508 1605/1093/1508 1612/1100/1508
f 1612/1100/1509 1605/1093/1509 1601/1089/1509
f 1612/1100/1510 1601/1089/1510 1613/1101/1510
f 1613/1101/1511 1601/1089/1511 1596/1084/1511
f 1613/1101/1512 1596/1084/1512 1606/1094/1512
f 1614/1102/1513 1606/1094/1513 1607/1095/1513
f 1614/1102/1514 1607/1095/1514 1615/1103/1514
f 1615/1103/1515 1607/1095/1515 1608/1096/1515
f 1615/1103/1516 1608/1096/1516 1616/1104/1516
f 1616/1104/1517 1608/1096/1517 1609/1097/1517
f 1616/1104/1518 1609/1097/1518 1610/1098/1518
f 1377/865/1519 1376/864/1519 1379/867/1519
f 1377/865/1520 1379/867/1520 1617/1105/1520
f 1617/1105/1521 1379/867/1521 1611/1099/1521
f 1617/1105/1522 1611/1099/1522 1612/1100/1522
f 1613/1101/1523 1606/1094/1523 1618/1106/1523
f 1618/1106/1524 1606/1094/1524 1614/1102/1524
f 1618/1106/1525 1614/1102/1525 1619/1107/1525
f 1619/1107/1526 1614/1102/1526 1615/1103/1526
f 1619/1107/1527 1615/1103/1527 1620/1108/1527
f 1620/1108/1528 1615/1103/1528 1616/1104/1528
f 1620/1108/1529 1616/1104/1529 1621/1109/1529
f 1621/1109/1530 1616/1104/1530 1610/1098/1530
f 1375/863/1531 1374/862/1531 1377/865/1531
f 1375/863/1532 1377/865/1532 1622/1110/1532
f 1622/1110/1533 1377/865/1533 1617/1105/1533
f 1622/1110/1534 1617/1105/1534 1623/1111/1534
f 1623/1111/1535 1617/1105/1535 1612/1100/1535
f 1623/1111/1536 1612/1100/1536 1624/1112/1536
f 1624/1112/1537 1612/1100/1537 1625/1113/1537
f 1625/1113/1538 1612/1100/1538 1613/1101/1538
f 1625/1113/1539 1613/1101/1539 1626/1114/1539
f 1626/1114/1540 1613/1101/1540 1627/1115/1540
f 1627/1115/1541 1613/1101/1541 1618/1106/1541
f 1627/1115/1542 1618/1106/1542 1628/1116/1542
f 1628/1116/1543 1618/1106/1543 1619/1107/1543
f 1628/1116/1544 1619/1107/1544 1629/1117/1544
f 1629/1117/1545 1619/1107/1545 1620/1108/1545
f 1629/1117/1546 1620/1108/1546 1630/1118/1546
f 1630/1118/1547 1620/1108/1547 1621/1109/1547
f 1373/861/1548 1372/860/1548 1375/863/1548
f 1373/861/1549 1375/863/1549 1622/1110/1549
f 1373/861/1550 1622/1110/1550 1631/1119/1550
f 1631/1119/1551 1622/1110/1551 1623/1111/1551
f 1631/1119/1552 1623/1111/1552 1624/1112/1552
f 1626/1114/1553 1627/1115/1553 1632/1120/1553
f 1632/1120/1554 1627/1115/1554 1628/1116/1554
f 1632/1120/1555 1628/1116/1555 1633/1121/1555
f 1633/1121/1556 1628/1116/1556 1629/1117/1556
f 1633/1121/1557 1629/1117/1557 1634/1122/1557
f 1634/1122/1558 1629/1117/1558 1630/1118/1558
f 1634/1122/1559 1630/1118/1559 1635/1123/1559
f 1371/859/1560 1370/858/1560 1373/861/1560
f 1371/859/1561 1373/861/1561 1636/1124/1561
f 1636/1124/1562 1373/861/1562 1631/1119/1562
f 1636/1124/1563 1631/1119/1563 1637/1125/1563
f 1637/1125/1564 1631/1119/1564 1624/1112/1564
f 1637/1125/1565 1624/1112/1565 1638/1126/1565
f 1638/1126/1566 1624/1112/1566 1639/1127/1566
f 1639/1127/1567 1624/1112/1567 1625/1113/1567
f 1625/1113/1568 1626/1114/1568 1640/1128/1568
f 1640/1128/1569 1626/1114/1569 1632/1120/1569
f 1640/1128/1570 1632/1120/1570 1641/1129/1570
f 1641/1129/1571 1632/1120/1571 1633/1121/1571
f 1641/1129/1572 1633/1121/1572 1642/1130/1572
f 1642/1130/1573 1633/1121/1573 1634/1122/1573
f 1642/1130/1574 1634/1122/1574 1635/1123/1574
f 1369/857/1575 1368/856/1575 1371/859/1575
f 1369/857/1576 1371/859/1576 1636/1124/1576
f 1369/857/1577 1636/1124/1577 1643/1131/1577
f 1643/1131/1578 1636/1124/1578 1637/1125/1578
f 1643/1131/1579 1637/1125/1579 1638/1126/1579
f 1644/1132/1580 1639/1127/1580 1625/1113/1580
f 1644/1132/1581 1625/1113/1581 1645/1133/1581
f 1645/1133/1582 1625/1113/1582 1640/1128/1582
f 1645/1133/1583 1640/1128/1583 1646/1134/1583
f 1646/1134/1584 1640/1128/1584 1641/1129/1584
f 1646/1134/1585 1641/1129/1585 1647/1135/1585
f 1647/1135/1586 1641/1129/1586 1642/1130/1586
f 1647/1135/1587 1642/1130/1587 1648/1136/1587
f 1648/1136/1588 1642/1130/1588 1635/1123/1588
f 1367/855/1589 1366/854/1589 1369/857/1589
f 1367/855/1590 1369/857/1590 1649/1137/1590
f 1649/1137/1591 1369/857/1591 1643/1131/1591
f 1649/1137/1592 1643/1131/1592 1650/1138/1592
f 1650/1138/1593 1643/1131/1593 1638/1126/1593
f 1650/1138/1594 1638/1126/1594 1639/1127/1594
f 1644/1132/1595 1645/1133/1595 1651/1139/1595
f 1651/1139/1596 1645/1133/1596 1646/1134/1596
f 1651/1139/1597 1646/1134/1597 1652/1140/1597
f 1652/1140/1598 1646/1134/1598 1647/1135/1598
f 1652/1140/1599 1647/1135/1599 1653/1141/1599
f 1653/1141/1600 1647/1135/1600 1648/1136/1600
f 1653/1141/1601 1648/1136/1601 1654/1142/1601
f 1365/853/1602 1364/852/1602 1367/855/1602
f 1365/853/1603 1367/855/1603 1655/1143/1603
f 1655/1143/1604 1367/855/1604 1649/1137/1604
f 1655/1143/1605 1649/1137/1605 1650/1138/1605
f 1656/1144/1606 1650/1138/1606 1639/1127/1606
f 1639/1127/1607 1644/1132/1607 1657/1145/1607
f 1657/1145/1608 1644/1132/1608 1651/1139/1608
f 1657/1145/1609 1651/1139/1609 1658/1146/1609
f 1658/1146/1610 1651/1139/1610 1652/1140/1610
f 1658/1146/1611 1652/1140/1611 1659/1147/1611
f 1659/1147/1612 1652/1140/1612 1653/1141/1612
f 1659/1147/1613 1653/1141/1613 1654/1142/1613
f 1363/851/1614 1362/850/1614 1365/853/1614
f 1363/851/1615 1365/853/1615 1660/1148/1615
f 1660/1148/1616 1365/853/1616 1655/1143/1616
f 1660/1148/1617 1655/1143/1617 1661/1149/1617
f 1661/1149/1618 1655/1143/1618 1650/1138/1618
f 1661/1149/1619 1650/1138/1619 1656/1144/1619
f 1662/1150/1620 1656/1144/1620 1639/1127/1620
f 1662/1150/1621 1639/1127/1621 1657/1145/1621
f 1662/1150/1622 1657/1145/1622 1663/1151/1622
f 1663/1151/1623 1657/1145/1623 1658/1146/1623
f 1663/1151/1624 1658/1146/1624 1664/1152/1624
f 1664/1152/1625 1658/1146/1625 1659/1147/1625
f 1664/1152/1626 1659/1147/1626 1665/1153/1626
f 1665/1153/1627 1659/1147/1627 1666/1154/1627
f 1666/1154/1628 1659/1147/1628 1654/1142/1628
f 1361/849/1629 1360/848/1629 1363/851/1629
f 1361/849/1630 1363/851/1630 1667/1155/1630
f 1667/1155/1631 1363/851/1631 1660/1148/1631
f 1667/1155/1632 1660/1148/1632 1661/1149/1632
f 1668/1156/1633 1662/1150/1633 1663/1151/1633
f 1668/1156/1634 1663/1151/1634 1669/1157/1634
f 1669/1157/1635 1663/1151/1635 1664/1152/1635
f 1669/1157/1636 1664/1152/1636 1670/1158/1636
f 1670/1158/1637 1664/1152/1637 1665/1153/1637
f 1670/1158/1638 1665/1153/1638 1671/1159/1638
f 1671/1159/1639 1665/1153/1639 1666/1154/1639
f 1359/847/1640 1358/846/1640 1361/849/1640
f 1359/847/1641 1361/849/1641 1672/1160/1641
f 1672/1160/1642 1361/849/1642 1667/1155/1642
f 1672/1160/1643 1667/1155/1643 1673/1161/1643
f 1673/1161/1644 1667/1155/1644 1661/1149/1644
f 1673/1161/1645 1661/1149/1645 1656/1144/1645
f 1674/1162/1646 1656/1144/1646 1662/1150/1646
f 1674/1162/1647 1662/1150/1647 1668/1156/1647
f 1674/1162/1648 1668/1156/1648 1675/1163/1648
f 1675/1163/1649 1668/1156/1649 1669/1157/1649
f 1675/1163/1650 1669/1157/1650 1676/1164/1650
f 1676/1164/1651 1669/1157/1651 1670/1158/1651
f 1676/1164/1652 1670/1158/1652 1677/1165/1652
f 1677/1165/1653 1670/1158/1653 1671/1159/1653
f 1677/1165/1654 1671/1159/1654 1678/1166/1654
f 1357/845/1655 1356/844/1655 1359/847/1655
f 1357/845/1656 1359/847/1656 1679/1167/1656
f 1679/1167/1657 1359/847/1657 1672/1160/1657
f 1679/1167/1658 1672/1160/1658 1673/1161/1658
f 1680/1168/1659 1673/1161/1659 1656/1144/1659
f 1680/1168/1660 1656/1144/1660 1674/1162/1660
f 1681/1169/1661 1674/1162/1661 1675/1163/1661
f 1681/1169/1662 1675/1163/1662 1682/1170/1662
f 1682/1170/1663 1675/1163/1663 1676/1164/1663
f 1682/1170/1664 1676/1164/1664 1683/1171/1664
f 1683/1171/1665 1676/1164/1665 1677/1165/1665
f 1683/1171/1666 1677/1165/1666 1684/1172/1666
f 1684/1172/1667 1677/1165/1667 1678/1166/1667
f 1355/843/1668 1354/842/1668 1357/845/1668
f 1355/843/1669 1357/845/1669 1679/1167/1669
f 1355/843/1670 1679/1167/1670 1685/1173/1670
f 1685/1173/1671 1679/1167/1671 1686/1174/1671
f 1686/1174/1672 1679/1167/1672 1673/1161/1672
f 1686/1174/1673 1673/1161/1673 1680/1168/1673
f 1680/1168/1674 1674/1162/1674 1687/1175/1674
f 1687/1175/1675 1674/1162/1675 1681/1169/1675
f 1687/1175/1676 1681/1169/1676 1682/1170/1676
f 1687/1175/1677 1682/1170/1677 1688/1176/1677
f 1688/1176/1678 1682/1170/1678 1683/1171/1678
f 1688/1176/1679 1683/1171/1679 1689/1177/1679
f 1689/1177/1680 1683/1171/1680 1684/1172/1680
f 1689/1177/1681 1684/1172/1681 1690/1178/1681
f 1353/841/1682 1352/840/1682 1355/843/1682
f 1353/841/1683 1355/843/1683 1691/1179/1683
f 1691/1179/1684 1355/843/1684 1685/1173/1684
f 1691/1179/1685 1685/1173/1685 1686/1174/1685
f 1692/1180/1686 1680/1168/1686 1687/1175/1686
f 1692/1180/1687 1687/1175/1687 1693/1181/1687
f 1693/1181/1688 1687/1175/1688 1688/1176/1688
f 1693/1181/1689 1688/1176/1689 1694/1182/1689
f 1694/1182/1690 1688/1176/1690 1689/1177/1690
f 1694/1182/1691 1689/1177/1691 1695/1183/1691
f 1695/1183/1692 1689/1177/1692 1690/1178/1692
f 1351/839/1693 1350/838/1693 1353/841/1693
f 1351/839/1694 1353/841/1694 1696/1184/1694
f 1696/1184/1695 1353/841/1695 1691/1179/1695
f 1696/1184/1696 1691/1179/1696 1697/1185/1696
f 1697/1185/1697 1691/1179/1697 1686/1174/1697
f 1697/1185/1698 1686/1174/1698 1698/1186/1698
f 1698/1186/1699 1686/1174/1699 1699/1187/1699
f 1699/1187/1700 1686/1174/1700 1680/1168/1700
f 1699/1187/1701 1680/1168/1701 1700/1188/1701
f 1700/1188/1702 1680/1168/1702 1692/1180/1702
f 1700/1188/1703 1692/1180/1703 1701/1189/1703
f 1701/1189/1704 1692/1180/1704 1693/1181/1704
f 1701/1189/1705 1693/1181/1705 1702/1190/1705
f 1702/1190/1706 1693/1181/1706 1703/1191/1706
f 1703/1191/1707 1693/1181/1707 1694/1182/1707
f 1703/1191/1708 1694/1182/1708 1704/1192/1708
f 1704/1192/1709 1694/1182/1709 1695/1183/1709
f 1349/837/1710 1348/836/1710 1351/839/1710
f 1349/837/1711 1351/839/1711 1705/1193/1711
f 1705/1193/1712 1351/839/1712 1696/1184/1712
f 1705/1193/1713 1696/1184/1713 1697/1185/1713
f 1700/1188/1714 1701/1189/1714 1706/1194/1714
f 1706/1194/1715 1701/1189/1715 1702/1190/1715
f 1706/1194/1716 1702/1190/1716 1707/1195/1716
f 1707/1195/1717 1702/1190/1717 1703/1191/1717
f 1707/1195/1718 1703/1191/1718 1708/1196/1718
f 1708/1196/1719 1703/1191/1719 1704/1192/1719
f 1708/1196/1720 1709/1197/1720 1707/1195/1720
f 1707/1195/1721 1709/1197/1721 1710/1198/1721
f 1707/1195/1722 1710/1198/1722 1706/1194/1722
f 1706/1194/1723 1710/1198/1723 1711/1199/1723
f 1706/1194/1724 1711/1199/1724 1700/1188/1724
f 1700/1188/1725 1711/1199/1725 1712/1200/1725
f 1700/1188/1726 1712/1200/1726 1699/1187/1726
f 1698/1186/1727 1699/1187/1727 1713/1201/1727
f 1698/1186/1728 1713/1201/1728 1697/1185/1728
f 1697/1185/1729 1713/1201/1729 1714/1202/1729
f 1697/1185/1730 1714/1202/1730 1705/1193/1730
f 1705/1193/1731 1714/1202/1731 1347/835/1731
f 1705/1193/1732 1347/835/1732 1349/837/1732
f 1349/837/1733 1347/835/1733 1346/834/1733
f 1709/1197/1734 1488/976/1734 1715/1203/1734
f 1709/1197/1735 1715/1203/1735 1710/1198/1735
f 1710/1198/1736 1715/1203/1736 1716/1204/1736
f 1710/1198/1737 1716/1204/1737 1711/1199/1737
f 1711/1199/1738 1716/1204/1738 1717/1205/1738
f 1711/1199/1739 1717/1205/1739 1712/1200/1739
f 1713/1201/1740 1699/1187/1740 1492/980/1740
f 1714/1202/1741 1713/1201/1741 1718/1206/1741
f 1714/1202/1742 1718/1206/1742 1347/835/1742
f 1347/835/1743 1718/1206/1743 1345/833/1743
f 1347/835/1744 1345/833/1744 1344/832/1744
f 1715/1203/1745 1488/976/1745 1489/977/1745
f 1715/1203/1746 1489/977/1746 1716/1204/1746
f 1716/1204/1747 1489/977/1747 1490/978/1747
f 1716/1204/1748 1490/978/1748 1717/1205/1748
f 1717/1205/1749 1490/978/1749 1491/979/1749
f 1717/1205/1750 1491/979/1750 1712/1200/1750
f 1712/1200/1751 1491/979/1751 1485/973/1751
f 1712/1200/1752 1485/973/1752 1699/1187/1752
f 1699/1187/1753 1485/973/1753 1478/966/1753
f 1699/1187/1754 1478/966/1754 1492/980/1754
f 1713/1201/1755 1492/980/1755 1718/1206/1755
f 1718/1206/1756 1492/980/1756 1493/981/1756
f 1718/1206/1757 1493/981/1757 1345/833/1757
f 1345/833/1758 1493/981/1758 1494/982/1758
f 1345/833/1759 1494/982/1759 1343/831/1759
f 1345/833/1760 1343/831/1760 1342/830/1760
f 1422/910/1761 1719/1207/1761 1423/911/1761
f 1425/913/1762 1423/911/1762 1720/1208/1762
f 1425/913/1763 1720/1208/1763 1428/916/1763
f 1433/921/1764 1430/918/1764 1721/1209/1764
f 1433/921/1765 1721/1209/1765 1436/924/1765
f 1440/928/1766 1436/924/1766 1722/1210/1766
f 1440/928/1767 1722/1210/1767 1449/937/1767
f 1449/937/1768 1723/1211/1768 1455/943/1768
f 1487/975/1769 1481/969/1769 1724/1212/1769
f 1487/975/1770 1724/1212/1770 1343/831/1770
f 1343/831/1771 1724/1212/1771 1725/1213/1771
f 1343/831/1772 1725/1213/1772 1341/829/1772
f 1422/910/1773 1421/909/1773 1719/1207/1773
f 1423/911/1774 1719/1207/1774 1726/1214/1774
f 1423/911/1775 1726/1214/1775 1720/1208/1775
f 1430/918/1776 1428/916/1776 1727/1215/1776
f 1430/918/1777 1727/1215/1777 1721/1209/1777
f 1436/924/1778 1721/1209/1778 1722/1210/1778
f 1455/943/1779 1723/1211/1779 1728/1216/1779
f 1455/943/1780 1728/1216/1780 1466/954/1780
f 1466/954/1781 1728/1216/1781 1729/1217/1781
f 1466/954/1782 1729/1217/1782 1467/955/1782
f 1473/961/1783 1467/955/1783 1730/1218/1783
f 1473/961/1784 1730/1218/1784 1481/969/1784
f 1481/969/1785 1730/1218/1785 1731/1219/1785
f 1481/969/1786 1731/1219/1786 1724/1212/1786
f 1724/1212/1787 1731/1219/1787 1732/1220/1787
f 1724/1212/1788 1732/1220/1788 1725/1213/1788
f 1419/907/1789 1733/1221/1789 1421/909/1789
f 1719/1207/1790 1421/909/1790 1734/1222/1790
f 1719/1207/1791 1734/1222/1791 1726/1214/1791
f 1428/916/1792 1720/1208/1792 1735/1223/1792
f 1428/916/1793 1735/1223/1793 1727/1215/1793
f 1721/1209/1794 1727/1215/1794 1736/1224/1794
f 1721/1209/1795 1736/1224/1795 1722/1210/1795
f 1722/1210/1796 1736/1224/1796 1737/1225/1796
f 1722/1210/1797 1737/1225/1797 1449/937/1797
f 1449/937/1798 1737/1225/1798 1738/1226/1798
f 1449/937/1799 1738/1226/1799 1723/1211/1799
f 1723/1211/1800 1739/1227/1800 1728/1216/1800
f 1467/955/1801 1729/1217/1801 1740/1228/1801
f 1467/955/1802 1740/1228/1802 1730/1218/1802
f 1731/1219/1803 1730/1218/1803 1741/1229/1803
f 1419/907/1804 1418/906/1804 1733/1221/1804
f 1421/909/1805 1733/1221/1805 1742/1230/1805
f 1421/909/1806 1742/1230/1806 1734/1222/1806
f 1720/1208/1807 1726/1214/1807 1743/1231/1807
f 1720/1208/1808 1743/1231/1808 1735/1223/1808
f 1727/1215/1809 1735/1223/1809 1736/1224/1809
f 1723/1211/1810 1738/1226/1810 1744/1232/1810
f 1723/1211/1811 1744/1232/1811 1739/1227/1811
f 1728/1216/1812 1739/1227/1812 1745/1233/1812
f 1728/1216/1813 1745/1233/1813 1729/1217/1813
f 1729/1217/1814 1745/1233/1814 1746/1234/1814
f 1729/1217/1815 1746/1234/1815 1740/1228/1815
f 1730/1218/1816 1740/1228/1816 1747/1235/1816
f 1730/1218/1817 1747/1235/1817 1741/1229/1817
f 1733/1221/1818 1418/906/1818 1748/1236/1818
f 1733/1221/1819 1748/1236/1819 1742/1230/1819
f 1726/1214/1820 1734/1222/1820 1749/1237/1820
f 1726/1214/1821 1749/1237/1821 1743/1231/1821
f 1735/1223/1822 1743/1231/1822 1736/1224/1822
f 1737/1225/1823 1750/1238/1823 1738/1226/1823
f 1738/1226/1824 1751/1239/1824 1744/1232/1824
f 1739/1227/1825 1744/1232/1825 1752/1240/1825
f 1739/1227/1826 1752/1240/1826 1745/1233/1826
f 1740/1228/1827 1746/1234/1827 1753/1241/1827
f 1740/1228/1828 1753/1241/1828 1747/1235/1828
f 1416/904/1829 1415/903/1829 1420/908/1829
f 1420/908/1830 1415/903/1830 1754/1242/1830
f 1420/908/1831 1754/1242/1831 1418/906/1831
f 1742/1230/1832 1748/1236/1832 1755/1243/1832
f 1742/1230/1833 1755/1243/1833 1734/1222/1833
f 1734/1222/1834 1755/1243/1834 1756/1244/1834
f 1734/1222/1835 1756/1244/1835 1749/1237/1835
f 1743/1231/1836 1749/1237/1836 1757/1245/1836
f 1743/1231/1837 1757/1245/1837 1736/1224/1837
f 1736/1224/1838 1757/1245/1838 1737/1225/1838
f 1738/1226/1839 1750/1238/1839 1758/1246/1839
f 1738/1226/1840 1758/1246/1840 1751/1239/1840
f 1744/1232/1841 1751/1239/1841 1759/1247/1841
f 1744/1232/1842 1759/1247/1842 1752/1240/1842
f 1745/1233/1843 1752/1240/1843 1760/1248/1843
f 1745/1233/1844 1760/1248/1844 1746/1234/1844
f 1746/1234/1845 1760/1248/1845 1761/1249/1845
f 1746/1234/1846 1761/1249/1846 1753/1241/1846
f 1417/905/1847 1762/1250/1847 1415/903/1847
f 1418/906/1848 1754/1242/1848 1763/1251/1848
f 1418/906/1849 1763/1251/1849 1748/1236/1849
f 1749/1237/1850 1756/1244/1850 1757/1245/1850
f 1737/1225/1851 1757/1245/1851 1764/1252/1851
f 1737/1225/1852 1764/1252/1852 1750/1238/1852
f 1750/1238/1853 1765/1253/1853 1758/1246/1853
f 1751/1239/1854 1758/1246/1854 1766/1254/1854
f 1751/1239/1855 1766/1254/1855 1759/1247/1855
f 1752/1240/1856 1759/1247/1856 1767/1255/1856
f 1752/1240/1857 1767/1255/1857 1760/1248/1857
f 1760/1248/1858 1767/1255/1858 1768/1256/1858
f 1760/1248/1859 1768/1256/1859 1761/1249/1859
f 1417/905/1860 1769/1257/1860 1762/1250/1860
f 1415/903/1861 1762/1250/1861 1770/1258/1861
f 1415/903/1862 1770/1258/1862 1754/1242/1862
f 1754/1242/1863 1770/1258/1863 1771/1259/1863
f 1754/1242/1864 1771/1259/1864 1763/1251/1864
f 1748/1236/1865 1763/1251/1865 1772/1260/1865
f 1748/1236/1866 1772/1260/1866 1755/1243/1866
f 1755/1243/1867 1772/1260/1867 1773/1261/1867
f 1755/1243/1868 1773/1261/1868 1756/1244/1868
f 1756/1244/1869 1773/1261/1869 1757/1245/1869
f 1757/1245/1870 1773/1261/1870 1774/1262/1870
f 1757/1245/1871 1774/1262/1871 1764/1252/1871
f 1764/1252/1872 1775/1263/1872 1750/1238/1872
f 1750/1238/1873 1775/1263/1873 1776/1264/1873
f 1750/1238/1874 1776/1264/1874 1765/1253/1874
f 1759/1247/1875 1766/1254/1875 1777/1265/1875
f 1759/1247/1876 1777/1265/1876 1767/1255/1876
f 1767/1255/1877 1777/1265/1877 1778/1266/1877
f 1767/1255/1878 1778/1266/1878 1768/1256/1878
f 1763/1251/1879 1771/1259/1879 1779/1267/1879
f 1763/1251/1880 1779/1267/1880 1772/1260/1880
f 1773/1261/1881 1772/1260/1881 1780/1268/1881
f 1773/1261/1882 1780/1268/1882 1774/1262/1882
f 1774/1262/1883 1781/1269/1883 1764/1252/1883
f 1765/1253/1884 1776/1264/1884 1782/1270/1884
f 1765/1253/1885 1782/1270/1885 1758/1246/1885
f 1758/1246/1886 1782/1270/1886 1783/1271/1886
f 1758/1246/1887 1783/1271/1887 1766/1254/1887
f 1766/1254/1888 1783/1271/1888 1784/1272/1888
f 1766/1254/1889 1784/1272/1889 1777/1265/1889
f 1777/1265/1890 1784/1272/1890 1785/1273/1890
f 1777/1265/1891 1785/1273/1891 1778/1266/1891
f 1769/1257/1892 1786/1274/1892 1762/1250/1892
f 1762/1250/1893 1786/1274/1893 1787/1275/1893
f 1762/1250/1894 1787/1275/1894 1770/1258/1894
f 1770/1258/1895 1787/1275/1895 1788/1276/1895
f 1770/1258/1896 1788/1276/1896 1771/1259/1896
f 1771/1259/1897 1788/1276/1897 1789/1277/1897
f 1771/1259/1898 1789/1277/1898 1779/1267/1898
f 1772/1260/1899 1779/1267/1899 1780/1268/1899
f 1774/1262/1900 1790/1278/1900 1781/1269/1900
f 1764/1252/1901 1781/1269/1901 1791/1279/1901
f 1764/1252/1902 1791/1279/1902 1775/1263/1902
f 1775/1263/1903 1791/1279/1903 1792/1280/1903
f 1775/1263/1904 1792/1280/1904 1776/1264/1904
f 1776/1264/1905 1792/1280/1905 1793/1281/1905
f 1776/1264/1906 1793/1281/1906 1782/1270/1906
f 1784/1272/1907 1783/1271/1907 1794/1282/1907
f 1784/1272/1908 1794/1282/1908 1785/1273/1908
f 1779/1267/1909 1789/1277/1909 1795/1283/1909
f 1779/1267/1910 1795/1283/1910 1780/1268/1910
f 1780/1268/1911 1795/1283/1911 1774/1262/1911
f 1781/1269/1912 1796/1284/1912 1791/1279/1912
f 1782/1270/1913 1793/1281/1913 1797/1285/1913
f 1782/1270/1914 1797/1285/1914 1783/1271/1914
f 1783/1271/1915 1797/1285/1915 1798/1286/1915
f 1783/1271/1916 1798/1286/1916 1794/1282/1916
f 1786/1274/1917 1799/1287/1917 1787/1275/1917
f 1787/1275/1918 1799/1287/1918 1800/1288/1918
f 1787/1275/1919 1800/1288/1919 1788/1276/1919
f 1788/1276/1920 1800/1288/1920 1801/1289/1920
f 1788/1276/1921 1801/1289/1921 1789/1277/1921
f 1789/1277/1922 1801/1289/1922 1795/1283/1922
f 1774/1262/1923 1795/1283/1923 1802/1290/1923
f 1774/1262/1924 1802/1290/1924 1790/1278/1924
f 1781/1269/1925 1790/1278/1925 1803/1291/1925
f 1781/1269/1926 1803/1291/1926 1796/1284/1926
f 1791/1279/1927 1796/1284/1927 1804/1292/1927
f 1791/1279/1928 1804/1292/1928 1792/1280/1928
f 1792/1280/1929 1804/1292/1929 1805/1293/1929
f 1792/1280/1930 1805/1293/1930 1793/1281/1930
f 1793/1281/1931 1805/1293/1931 1806/1294/1931
f 1793/1281/1932 1806/1294/1932 1797/1285/1932
f 1797/1285/1933 1806/1294/1933 1807/1295/1933
f 1797/1285/1934 1807/1295/1934 1798/1286/1934
f 1795/1283/1935 1801/1289/1935 1808/1296/1935
f 1795/1283/1936 1808/1296/1936 1802/1290/1936
f 1790/1278/1937 1802/1290/1937 1809/1297/1937
f 1790/1278/1938 1809/1297/1938 1803/1291/1938
f 1796/1284/1939 1803/1291/1939 1810/1298/1939
f 1796/1284/1940 1810/1298/1940 1804/1292/1940
f 1806/1294/1941 1805/1293/1941 1811/1299/1941
f 1806/1294/1942 1811/1299/1942 1807/1295/1942
f 1799/1287/1943 1812/1300/1943 1800/1288/1943
f 1800/1288/1944 1812/1300/1944 1801/1289/1944
f 1802/1290/1945 1813/1301/1945 1809/1297/1945
f 1803/1291/1946 1809/1297/1946 1814/1302/1946
f 1803/1291/1947 1814/1302/1947 1810/1298/1947
f 1805/1293/1948 1804/1292/1948 1815/1303/1948
f 1805/1293/1949 1815/1303/1949 1811/1299/1949
f 1801/1289/1950 1812/1300/1950 1816/1304/1950
f 1801/1289/1951 1816/1304/1951 1808/1296/1951
f 1808/1296/1952 1816/1304/1952 1817/1305/1952
f 1802/1290/1953 1808/1296/1953 1818/1306/1953
f 1802/1290/1954 1818/1306/1954 1813/1301/1954
f 1809/1297/1955 1813/1301/1955 1340/828/1955
f 1809/1297/1956 1340/828/1956 1814/1302/1956
f 1804/1292/1957 1810/1298/1957 1819/1307/1957
f 1804/1292/1958 1819/1307/1958 1815/1303/1958
f 1817/1305/1959 1820/1308/1959 1808/1296/1959
f 1808/1296/1960 1820/1308/1960 1821/1309/1960
f 1808/1296/1961 1821/1309/1961 1818/1306/1961
f 1813/1301/1962 1818/1306/1962 1822/1310/1962
f 1813/1301/1963 1822/1310/1963 1340/828/1963
f 1814/1302/1964 1340/828/1964 1339/827/1964
f 1814/1302/1965 1339/827/1965 1810/1298/1965
f 1810/1298/1966 1339/827/1966 1819/1307/1966
f 1816/1304/1967 1823/1311/1967 1817/1305/1967
f 1823/1311/1968 1824/1312/1968 1817/1305/1968
f 1817/1305/1969 1824/1312/1969 1825/1313/1969
f 1817/1305/1970 1825/1313/1970 1820/1308/1970
f 1820/1308/1971 1825/1313/1971 1826/1314/1971
f 1820/1308/1972 1826/1314/1972 1821/1309/1972
f 1821/1309/1973 1826/1314/1973 1827/1315/1973
f 1821/1309/1974 1827/1315/1974 1818/1306/1974
f 1818/1306/1975 1827/1315/1975 1828/1316/1975
f 1818/1306/1976 1828/1316/1976 1822/1310/1976
f 1340/828/1977 1822/1310/1977 1829/1317/1977
f 1340/828/1978 1829/1317/1978 1338/826/1978
f 1822/1310/1979 1828/1316/1979 1829/1317/1979
f 1824/1312/1980 1495/983/1980 1825/1313/1980
f 1825/1313/1981 1495/983/1981 1830/1318/1981
f 1825/1313/1982 1830/1318/1982 1826/1314/1982
f 1826/1314/1983 1830/1318/1983 1831/1319/1983
f 1826/1314/1984 1831/1319/1984 1827/1315/1984
f 1828/1316/1985 1827/1315/1985 1832/1320/1985
f 1828/1316/1986 1832/1320/1986 1833/1321/1986
f 1827/1315/1987 1831/1319/1987 1834/1322/1987
f 1827/1315/1988 1834/1322/1988 1832/1320/1988
f 1830/1318/1989 1495/983/1989 1497/985/1989
f 1830/1318/1990 1497/985/1990 1831/1319/1990
f 1831/1319/1991 1497/985/1991 1834/1322/1991
f 1835/1323/1992 1836/1324/1992 1496/984/1992
f 1835/1323/1993 1496/984/1993 1495/983/1993
f 1835/1323/1994 1495/983/1994 1837/1325/1994
f 1837/1325/1995 1495/983/1995 1824/1312/1995
f 1837/1325/1996 1824/1312/1996 1823/1311/1996
f 1838/1326/1997 1816/1304/1997 1812/1300/1997
f 1838/1326/1998 1812/1300/1998 1839/1327/1998
f 1839/1327/1999 1812/1300/1999 1799/1287/1999
f 1839/1327/2000 1799/1287/2000 1840/1328/2000
f 1840/1328/2001 1799/1287/2001 1786/1274/2001
f 1840/1328/2002 1786/1274/2002 1841/1329/2002
f 1841/1329/2003 1786/1274/2003 1769/1257/2003
f 1841/1329/2004 1769/1257/2004 1842/1330/2004
f 1842/1330/2005 1769/1257/2005 1417/905/2005
f 1836/1324/2006 1843/1331/2006 1496/984/2006
f 1497/985/2007 1496/984/2007 1844/1332/2007
f 1336/824/2008 1836/1324/2008 1845/1333/2008
f 1845/1333/2009 1836/1324/2009 1835/1323/2009
f 1845/1333/2010 1835/1323/2010 1846/1334/2010
f 1846/1334/2011 1835/1323/2011 1837/1325/2011
f 1846/1334/2012 1837/1325/2012 1847/1335/2012
f 1847/1335/2013 1837/1325/2013 1823/1311/2013
f 1847/1335/2014 1823/1311/2014 1816/1304/2014
f 1838/1326/2015 1839/1327/2015 1848/1336/2015
f 1848/1336/2016 1839/1327/2016 1840/1328/2016
f 1848/1336/2017 1840/1328/2017 1849/1337/2017
f 1849/1337/2018 1840/1328/2018 1841/1329/2018
f 1849/1337/2019 1841/1329/2019 1850/1338/2019
f 1850/1338/2020 1841/1329/2020 1842/1330/2020
f 1337/825/2021 1336/824/2021 1845/1333/2021
f 1337/825/2022 1845/1333/2022 1851/1339/2022
f 1851/1339/2023 1845/1333/2023 1846/1334/2023
f 1851/1339/2024 1846/1334/2024 1847/1335/2024
f 1502/990/2025 1847/1335/2025 1816/1304/2025
f 1502/990/2026 1816/1304/2026 1852/1340/2026
f 1852/1340/2027 1816/1304/2027 1838/1326/2027
f 1852/1340/2028 1838/1326/2028 1853/1341/2028
f 1853/1341/2029 1838/1326/2029 1848/1336/2029
f 1853/1341/2030 1848/1336/2030 1854/1342/2030
f 1854/1342/2031 1848/1336/2031 1855/1343/2031
f 1855/1343/2032 1848/1336/2032 1849/1337/2032
f 1855/1343/2033 1849/1337/2033 1856/1344/2033
f 1856/1344/2034 1849/1337/2034 1850/1338/2034
f 1857/1345/2035 1335/823/2035 1858/1346/2035
f 1858/1346/2036 1335/823/2036 1337/825/2036
f 1858/1346/2037 1337/825/2037 1859/1347/2037
f 1859/1347/2038 1337/825/2038 1851/1339/2038
f 1859/1347/2039 1851/1339/2039 1860/1348/2039
f 1860/1348/2040 1851/1339/2040 1847/1335/2040
f 1860/1348/2041 1847/1335/2041 1502/990/2041
f 1852/1340/2042 1853/1341/2042 1861/1349/2042
f 1861/1349/2043 1853/1341/2043 1854/1342/2043
f 1861/1349/2044 1854/1342/2044 1862/1350/2044
f 1862/1350/2045 1854/1342/2045 1855/1343/2045
f 1862/1350/2046 1855/1343/2046 1863/1351/2046
f 1863/1351/2047 1855/1343/2047 1856/1344/2047
f 1864/1352/2048 1857/1345/2048 1865/1353/2048
f 1865/1353/2049 1857/1345/2049 1858/1346/2049
f 1865/1353/2050 1858/1346/2050 1866/1354/2050
f 1866/1354/2051 1858/1346/2051 1859/1347/2051
f 1866/1354/2052 1859/1347/2052 1860/1348/2052
f 1504/992/2053 1502/990/2053 1852/1340/2053
f 1504/992/2054 1852/1340/2054 1867/1355/2054
f 1867/1355/2055 1852/1340/2055 1861/1349/2055
f 1867/1355/2056 1861/1349/2056 1868/1356/2056
f 1868/1356/2057 1861/1349/2057 1862/1350/2057
f 1868/1356/2058 1862/1350/2058 1869/1357/2058
f 1869/1357/2059 1862/1350/2059 1870/1358/2059
f 1870/1358/2060 1862/1350/2060 1863/1351/2060
f 1413/901/2061 1864/1352/2061 1414/902/2061
f 1414/902/2062 1864/1352/2062 1865/1353/2062
f 1414/902/2063 1865/1353/2063 1499/987/2063
f 1499/987/2064 1865/1353/2064 1866/1354/2064
f 1499/987/2065 1866/1354/2065 1500/988/2065
f 1500/988/2066 1866/1354/2066 1860/1348/2066
f 1500/988/2067 1860/1348/2067 1502/990/2067
f 1506/994/2068 1504/992/2068 1867/1355/2068
f 1506/994/2069 1867/1355/2069 1507/995/2069
f 1507/995/2070 1867/1355/2070 1868/1356/2070
f 1507/995/2071 1868/1356/2071 1509/997/2071
f 1509/997/2072 1868/1356/2072 1869/1357/2072
f 1509/997/2073 1869/1357/2073 1870/1358/2073
f 1509/997/2074 1870/1358/2074 1511/999/2074
f 1871/1359/2075 1850/1338/2075 1842/1330/2075
f 1871/1359/2076 1842/1330/2076 1872/1360/2076
f 1872/1360/2077 1842/1330/2077 1417/905/2077
f 1872/1360/2078 1417/905/2078 1873/1361/2078
f 1873/1361/2079 1417/905/2079 1416/904/2079
f 1873/1361/2079 1416/904/2079 1874/1362/2079
f 1874/1362/2080 1416/904/2080 1420/908/2080
f 1874/1362/2081 1420/908/2081 1875/1363/2081
f 1875/1363/2082 1420/908/2082 1419/907/2082
f 1876/1364/2083 1630/1118/2083 1877/1365/2083
f 1877/1365/2084 1630/1118/2084 1621/1109/2084
f 1877/1365/2085 1621/1109/2085 1878/1366/2085
f 1878/1366/2086 1621/1109/2086 1610/1098/2086
f 1878/1366/2087 1610/1098/2087 1879/1367/2087
f 1879/1367/2088 1610/1098/2088 1604/1092/2088
f 1879/1367/2089 1604/1092/2089 1880/1368/2089
f 1880/1368/2090 1604/1092/2090 1599/1087/2090
f 1880/1368/2091 1599/1087/2091 1586/1074/2091
f 1880/1368/2078 1586/1074/2078 1881/1369/2078
f 1882/1370/2078 1678/1166/2078 1883/1371/2078
f 1883/1371/2092 1678/1166/2092 1671/1159/2092
f 1883/1371/2093 1671/1159/2093 1666/1154/2093
f 1883/1371/2079 1666/1154/2079 1884/1372/2079
f 1884/1372/2094 1666/1154/2094 1654/1142/2094
f 1884/1372/2095 1654/1142/2095 1885/1373/2095
f 1885/1373/2096 1654/1142/2096 1648/1136/2096
f 1885/1373/2097 1648/1136/2097 1876/1364/2097
f 1876/1364/2098 1648/1136/2098 1635/1123/2098
f 1876/1364/2099 1635/1123/2099 1630/1118/2099
f 1886/1374/2087 1437/925/2087 1887/1375/2087
f 1887/1375/2100 1437/925/2100 1444/932/2100
f 1887/1375/2100 1444/932/2100 1888/1376/2100
f 1888/1376/2101 1444/932/2101 1450/938/2101
f 1888/1376/2102 1450/938/2102 1889/1377/2102
f 1889/1377/2103 1450/938/2103 1456/944/2103
f 1889/1377/2104 1456/944/2104 1461/949/2104
f 1889/1377/2105 1461/949/2105 1890/1378/2105
f 1890/1378/2106 1461/949/2106 1468/956/2106
f 1875/1363/2087 1419/907/2087 1422/910/2087
f 1875/1363/2078 1422/910/2078 1891/1379/2078
f 1891/1379/2087 1422/910/2087 1424/912/2087
f 1891/1379/2087 1424/912/2087 1892/1380/2087
f 1892/1380/2087 1424/912/2087 1426/914/2087
f 1892/1380/2079 1426/914/2079 1893/1381/2079
f 1893/1381/2079 1426/914/2079 1431/919/2079
f 1893/1381/2100 1431/919/2100 1886/1374/2100
f 1886/1374/2087 1431/919/2087 1437/925/2087
f 1894/1382/2107 1531/1019/2107 1524/1012/2107
f 1894/1382/2108 1524/1012/2108 1895/1383/2108
f 1895/1383/2109 1524/1012/2109 1518/1006/2109
f 1895/1383/2110 1518/1006/2110 1896/1384/2110
f 1896/1384/2111 1518/1006/2111 1511/999/2111
f 1896/1384/2087 1511/999/2087 1897/1385/2087
f 1897/1385/2112 1511/999/2112 1870/1358/2112
f 1897/1385/2113 1870/1358/2113 1863/1351/2113
f 1897/1385/2114 1863/1351/2114 1871/1359/2114
f 1871/1359/2115 1863/1351/2115 1856/1344/2115
f 1871/1359/2116 1856/1344/2116 1850/1338/2116
f 1468/956/2117 1474/962/2117 1890/1378/2117
f 1890/1378/2100 1474/962/2100 1898/1386/2100
f 1898/1386/2087 1474/962/2087 1488/976/2087
f 1898/1386/2087 1488/976/2087 1899/1387/2087
f 1899/1387/2118 1488/976/2118 1709/1197/2118
f 1899/1387/2119 1709/1197/2119 1900/1388/2119
f 1900/1388/2119 1709/1197/2119 1708/1196/2119
f 1900/1388/2120 1708/1196/2120 1704/1192/2120
f 1900/1388/2121 1704/1192/2121 1901/1389/2121
f 1901/1389/2121 1704/1192/2121 1695/1183/2121
f 1901/1389/2122 1695/1183/2122 1882/1370/2122
f 1882/1370/2123 1695/1183/2123 1690/1178/2123
f 1882/1370/2124 1690/1178/2124 1684/1172/2124
f 1882/1370/2125 1684/1172/2125 1678/1166/2125
f 1881/1369/2126 1586/1074/2126 1581/1069/2126
f 1881/1369/2127 1581/1069/2127 1568/1056/2127
f 1881/1369/2128 1568/1056/2128 1902/1390/2128
f 1902/1390/2126 1568/1056/2126 1556/1044/2126
f 1902/1390/2129 1556/1044/2129 1903/1391/2129
f 1903/1391/2129 1556/1044/2129 1550/1038/2129
f 1903/1391/2130 1550/1038/2130 1904/1392/2130
f 1904/1392/2131 1550/1038/2131 1543/1031/2131
f 1904/1392/2132 1543/1031/2132 1894/1382/2132
f 1894/1382/2133 1543/1031/2133 1536/1024/2133
f 1894/1382/2134 1536/1024/2134 1531/1019/2134
f 1895/1393/2135 1896/1394/2135 1905/1395/2135
f 1894/1396/2136 1895/1393/2136 1906/1397/2136
f 1904/1398/2137 1894/1396/2137 1907/1399/2137
f 1902/1400/2138 1903/1401/2138 1908/1402/2138
f 1881/1403/2139 1902/1400/2139 1909/1404/2139
f 1879/1405/2140 1880/1406/2140 1910/1407/2140
f 1878/1408/2141 1879/1405/2141 1910/1407/2141
f 1877/1409/2142 1878/1408/2142 1911/1410/2142
f 1885/1411/2143 1876/1412/2143 1912/1413/2143
f 1883/1414/2144 1884/1415/2144 1913/1416/2144
f 1882/1417/2145 1883/1414/2145 1914/1418/2145
f 1901/1419/2146 1882/1417/2146 1915/1420/2146
f 1900/1421/2147 1901/1419/2147 1916/1422/2147
f 1899/1423/2148 1900/1421/2148 1917/1424/2148
f 1898/1425/2149 1899/1423/2149 1918/1426/2149
f 1890/1427/2150 1898/1425/2150 1919/1428/2150
f 1888/1429/2151 1889/1430/2151 1920/1431/2151
f 1886/1432/2152 1887/1433/2152 1921/1434/2152
f 1891/1435/2153 1892/1436/2153 1922/1437/2153
f 1875/1438/2154 1891/1435/2154 1923/1439/2154
f 1873/1440/2155 1874/1441/2155 1924/1442/2155
f 1872/1443/2156 1873/1440/2156 1925/1444/2156
f 1871/1445/2157 1872/1443/2157 1925/1444/2157
f 1896/1394/2158 1897/1446/2158 1926/1447/2158
f 1926/1447/2159 1927/1448/2159 1928/1449/2159
f 1928/1449/2160 1927/1448/2160 1929/1450/2160
f 1928/1449/2161 1929/1450/2161 1930/1451/2161
f 1930/1451/2162 1929/1450/2162 1931/1452/2162
f 1931/1452/2163 1932/1453/2163 1933/1454/2163
f 1895/1393/2164 1905/1395/2164 1906/1397/2164
f 1906/1397/2165 1905/1395/2165 1934/1455/2165
f 1906/1397/2166 1934/1455/2166 1935/1456/2166
f 1935/1456/2167 1934/1455/2167 1936/1457/2167
f 1935/1456/2168 1936/1457/2168 1937/1458/2168
f 1937/1458/2169 1936/1457/2169 1938/1459/2169
f 1907/1399/2170 1939/1460/2170 1940/1461/2170
f 1940/1461/2171 1939/1460/2171 1941/1462/2171
f 1942/1463/2172 1943/1464/2172 1944/1465/2172
f 1908/1402/2173 1940/1461/2173 1945/1466/2173
f 1945/1466/2174 1940/1461/2174 1946/1467/2174
f 1945/1466/2175 1946/1467/2175 1947/1468/2175
f 1947/1468/2176 1946/1467/2176 1948/1469/2176
f 1948/1469/2177 1944/1465/2177 1949/1470/2177
f 1902/1400/2178 1908/1402/2178 1909/1404/2178
f 1909/1404/2173 1908/1402/2173 1945/1466/2173
f 1947/1468/2179 1948/1469/2179 1950/1471/2179
f 1950/1471/2180 1948/1469/2180 1949/1470/2180
f 1881/1403/2181 1909/1404/2181 1951/1472/2181
f 1951/1472/2182 1909/1404/2182 1952/1473/2182
f 1951/1472/2183 1952/1473/2183 1953/1474/2183
f 1953/1474/2184 1952/1473/2184 1954/1475/2184
f 1881/1403/2185 1951/1472/2185 1955/1476/2185
f 1955/1476/2183 1951/1472/2183 1953/1474/2183
f 1953/1474/2186 1954/1475/2186 1956/1477/2186
f 1956/1477/2187 1954/1475/2187 1950/1471/2187
f 1956/1477/2188 1950/1471/2188 1957/1478/2188
f 1957/1478/2189 1950/1471/2189 1958/1479/2189
f 1957/1478/2190 1958/1479/2190 1959/1480/2190
f 1880/1406/2191 1955/1476/2191 1910/1407/2191
f 1910/1407/2192 1955/1476/2192 1960/1481/2192
f 1960/1481/2193 1956/1477/2193 1961/1482/2193
f 1961/1482/2194 1956/1477/2194 1957/1478/2194
f 1910/1407/2195 1960/1481/2195 1962/1483/2195
f 1962/1483/2193 1960/1481/2193 1961/1482/2193
f 1962/1483/2196 1961/1482/2196 1963/1484/2196
f 1963/1484/2197 1961/1482/2197 1957/1478/2197
f 1957/1478/2198 1959/1480/2198 1964/1485/2198
f 1876/1412/2199 1965/1486/2199 1912/1413/2199
f 1912/1413/2200 1965/1486/2200 1966/1487/2200
f 1912/1413/2201 1966/1487/2201 1967/1488/2201
f 1967/1488/2202 1966/1487/2202 1968/1489/2202
f 1967/1488/2203 1968/1489/2203 1969/1490/2203
f 1969/1490/2204 1968/1489/2204 1970/1491/2204
f 1884/1415/2205 1971/1492/2205 1913/1416/2205
f 1913/1416/2206 1971/1492/2206 1972/1493/2206
f 1913/1416/2207 1972/1493/2207 1973/1494/2207
f 1973/1494/2208 1972/1493/2208 1974/1495/2208
f 1973/1494/2209 1974/1495/2209 1975/1496/2209
f 1975/1496/2210 1974/1495/2210 1976/1497/2210
f 1882/1417/2211 1914/1418/2211 1915/1420/2211
f 1915/1420/2212 1914/1418/2212 1977/1498/2212
f 1915/1420/2213 1977/1498/2213 1978/1499/2213
f 1978/1499/2214 1977/1498/2214 1979/1500/2214
f 1978/1499/2215 1979/1500/2215 1980/1501/2215
f 1980/1501/2216 1979/1500/2216 1981/1502/2216
f 1901/1419/2217 1915/1420/2217 1916/1422/2217
f 1916/1422/2218 1915/1420/2218 1978/1499/2218
f 1916/1422/2219 1978/1499/2219 1982/1503/2219
f 1982/1503/2220 1978/1499/2220 1980/1501/2220
f 1982/1503/2221 1980/1501/2221 1983/1504/2221
f 1983/1504/2222 1980/1501/2222 1981/1502/2222
f 1983/1504/2223 1981/1502/2223 1984/1505/2223
f 1984/1505/2224 1981/1502/2224 1985/1506/2224
f 1984/1505/2225 1985/1506/2225 1986/1507/2225
f 1899/1423/2226 1917/1424/2226 1918/1426/2226
f 1918/1426/2227 1917/1424/2227 1987/1508/2227
f 1918/1426/2228 1987/1508/2228 1988/1509/2228
f 1988/1509/2229 1987/1508/2229 1989/1510/2229
f 1988/1509/2230 1989/1510/2230 1990/1511/2230
f 1990/1511/2231 1989/1510/2231 1984/1505/2231
f 1990/1511/2232 1984/1505/2232 1991/1512/2232
f 1991/1512/2233 1984/1505/2233 1992/1513/2233
f 1889/1430/2234 1993/1514/2234 1920/1431/2234
f 1920/1431/2235 1993/1514/2235 1994/1515/2235
f 1920/1431/2236 1994/1515/2236 1995/1516/2236
f 1995/1516/2237 1994/1515/2237 1996/1517/2237
f 1995/1516/2238 1996/1517/2238 1997/1518/2238
f 1997/1518/2239 1996/1517/2239 1998/1519/2239
f 1998/1519/2240 1999/1520/2240 2000/1521/2240
f 1887/1433/2241 2001/1522/2241 1921/1434/2241
f 1921/1434/2242 2001/1522/2242 2002/1523/2242
f 1921/1434/2243 2002/1523/2243 2003/1524/2243
f 2003/1524/2244 2002/1523/2244 2004/1525/2244
f 2005/1526/2245 2000/1521/2245 2006/1527/2245
f 1893/1528/2246 2007/1529/2246 2008/1530/2246
f 2008/1530/2247 2007/1529/2247 2009/1531/2247
f 2008/1530/2248 2009/1531/2248 2010/1532/2248
f 2010/1532/2249 2009/1531/2249 2011/1533/2249
f 1892/1436/2250 2008/1530/2250 1922/1437/2250
f 1922/1437/2251 2008/1530/2251 2010/1532/2251
f 1922/1437/2252 2010/1532/2252 2012/1534/2252
f 2012/1534/2253 2010/1532/2253 2013/1535/2253
f 2012/1534/2254 2013/1535/2254 2014/1536/2254
f 2014/1536/2255 2013/1535/2255 2015/1537/2255
f 2015/1537/2256 2016/1538/2256 2017/1539/2256
f 1891/1435/2257 1922/1437/2257 1923/1439/2257
f 1923/1439/2258 1922/1437/2258 2012/1534/2258
f 1875/1438/2259 1923/1439/2259 2018/1540/2259
f 2018/1540/2260 1923/1439/2260 2019/1541/2260
f 2018/1540/2261 2019/1541/2261 2020/1542/2261
f 2020/1542/2262 2019/1541/2262 2021/1543/2262
f 2020/1542/2263 2021/1543/2263 2022/1544/2263
f 2022/1544/2264 2021/1543/2264 2023/1545/2264
f 2023/1545/2265 2024/1546/2265 2025/1547/2265
f 2026/1548/2266 2027/1549/2266 2028/1550/2266
f 2028/1550/2267 2027/1549/2267 2023/1545/2267
f 2028/1550/2268 2023/1545/2268 2029/1551/2268
f 2029/1551/2269 2023/1545/2269 2025/1547/2269
f 1873/1440/2270 1924/1442/2270 1925/1444/2270
f 1925/1444/2271 1924/1442/2271 2026/1548/2271
f 1925/1444/2272 2026/1548/2272 2030/1552/2272
f 2030/1552/2273 2026/1548/2273 2028/1550/2273
f 2029/1551/2274 2025/1547/2274 2031/1553/2274
f 2032/1554/2275 2033/1555/2275 1927/1448/2275
f 1927/1448/2276 2033/1555/2276 2034/1556/2276
f 1927/1448/2277 2034/1556/2277 1929/1450/2277
f 1929/1450/2278 2034/1556/2278 2035/1557/2278
f 2035/1557/2279 2031/1553/2279 1932/1453/2279
f 1932/1453/2280 1931/1452/2280 2035/1557/2280
f 2035/1557/2281 1931/1452/2281 1929/1450/2281
f 1927/1448/2282 1926/1447/2282 2032/1554/2282
f 2032/1554/2283 1926/1447/2283 1897/1446/2283
f 2032/1554/2284 1897/1446/2284 1871/1445/2284
f 1896/1394/2285 1926/1447/2285 1905/1395/2285
f 1905/1395/2286 1926/1447/2286 1928/1449/2286
f 1905/1395/2287 1928/1449/2287 1934/1455/2287
f 1934/1455/2288 1928/1449/2288 1930/1451/2288
f 1934/1455/2289 1930/1451/2289 1936/1457/2289
f 1936/1457/2290 1930/1451/2290 1931/1452/2290
f 1933/1454/2291 1938/1459/2291 1931/1452/2291
f 1931/1452/2292 1938/1459/2292 1936/1457/2292
f 1937/1458/2293 1938/1459/2293 1942/1463/2293
f 1942/1463/2294 1938/1459/2294 1933/1454/2294
f 1942/1463/2295 1933/1454/2295 1943/1464/2295
f 1942/1463/2296 1941/1462/2296 1937/1458/2296
f 1937/1458/2297 1941/1462/2297 1939/1460/2297
f 1937/1458/2298 1939/1460/2298 1935/1456/2298
f 1935/1456/2299 1939/1460/2299 1907/1399/2299
f 1935/1456/2300 1907/1399/2300 1906/1397/2300
f 1906/1397/2301 1907/1399/2301 1894/1396/2301
f 1944/1465/2302 1948/1469/2302 1942/1463/2302
f 1942/1463/2303 1948/1469/2303 1946/1467/2303
f 1942/1463/2304 1946/1467/2304 1941/1462/2304
f 1941/1462/2305 1946/1467/2305 1940/1461/2305
f 1940/1461/2306 1908/1402/2306 1907/1399/2306
f 1907/1399/2307 1908/1402/2307 1903/1401/2307
f 1907/1399/2308 1903/1401/2308 1904/1398/2308
f 1949/1470/2309 1958/1479/2309 1950/1471/2309
f 1950/1471/2310 1954/1475/2310 1947/1468/2310
f 1947/1468/2311 1954/1475/2311 1952/1473/2311
f 1947/1468/2312 1952/1473/2312 1945/1466/2312
f 1945/1466/2182 1952/1473/2182 1909/1404/2182
f 1956/1477/2186 1960/1481/2186 1953/1474/2186
f 1953/1474/2192 1960/1481/2192 1955/1476/2192
f 1955/1476/2313 1880/1406/2313 1881/1403/2313
f 1878/1408/2314 1910/1407/2314 1911/1410/2314
f 1911/1410/2315 1910/1407/2315 1962/1483/2315
f 1911/1410/2316 1962/1483/2316 2036/1558/2316
f 2036/1558/2196 1962/1483/2196 1963/1484/2196
f 1963/1484/2317 1957/1478/2317 2037/1559/2317
f 2037/1559/2318 1957/1478/2318 1964/1485/2318
f 2036/1558/2319 1963/1484/2319 2038/1560/2319
f 2038/1560/2320 1963/1484/2320 2037/1559/2320
f 1877/1409/2321 1911/1410/2321 1965/1486/2321
f 1965/1486/2322 1911/1410/2322 2036/1558/2322
f 1965/1486/2323 2036/1558/2323 1966/1487/2323
f 1966/1487/2319 2036/1558/2319 2038/1560/2319
f 2038/1560/2324 2037/1559/2324 1970/1491/2324
f 1970/1491/2325 2037/1559/2325 1964/1485/2325
f 1970/1491/2326 1964/1485/2326 2039/1561/2326
f 1970/1491/2327 1968/1489/2327 2038/1560/2327
f 2038/1560/2202 1968/1489/2202 1966/1487/2202
f 1965/1486/2328 1876/1412/2328 1877/1409/2328
f 1885/1411/2329 1912/1413/2329 1971/1492/2329
f 1971/1492/2330 1912/1413/2330 1967/1488/2330
f 1971/1492/2331 1967/1488/2331 1972/1493/2331
f 1972/1493/2203 1967/1488/2203 1969/1490/2203
f 1969/1490/2332 1970/1491/2332 1976/1497/2332
f 1976/1497/2333 1970/1491/2333 2039/1561/2333
f 2039/1561/2334 2040/1562/2334 1976/1497/2334
f 1976/1497/2335 1974/1495/2335 1969/1490/2335
f 1969/1490/2336 1974/1495/2336 1972/1493/2336
f 1971/1492/2337 1884/1415/2337 1885/1411/2337
f 1975/1496/2338 1976/1497/2338 1981/1502/2338
f 1981/1502/2339 1976/1497/2339 2040/1562/2339
f 2040/1562/2340 1985/1506/2340 1981/1502/2340
f 1981/1502/2341 1979/1500/2341 1975/1496/2341
f 1975/1496/2342 1979/1500/2342 1977/1498/2342
f 1975/1496/2343 1977/1498/2343 1973/1494/2343
f 1973/1494/2344 1977/1498/2344 1914/1418/2344
f 1973/1494/2345 1914/1418/2345 1913/1416/2345
f 1913/1416/2346 1914/1418/2346 1883/1414/2346
f 1986/1507/2347 1992/1513/2347 1984/1505/2347
f 1984/1505/2348 1989/1510/2348 1983/1504/2348
f 1983/1504/2349 1989/1510/2349 1987/1508/2349
f 1983/1504/2350 1987/1508/2350 1982/1503/2350
f 1982/1503/2351 1987/1508/2351 1917/1424/2351
f 1982/1503/2352 1917/1424/2352 1916/1422/2352
f 1916/1422/2353 1917/1424/2353 1900/1421/2353
f 1898/1425/2354 1918/1426/2354 1919/1428/2354
f 1919/1428/2228 1918/1426/2228 1988/1509/2228
f 1919/1428/2355 1988/1509/2355 2041/1563/2355
f 2041/1563/2356 1988/1509/2356 1990/1511/2356
f 1890/1427/2357 1919/1428/2357 2042/1564/2357
f 2042/1564/2355 1919/1428/2355 2041/1563/2355
f 2041/1563/2358 1990/1511/2358 2043/1565/2358
f 2043/1565/2359 1990/1511/2359 1991/1512/2359
f 1991/1512/2360 1992/1513/2360 1999/1520/2360
f 2042/1564/2361 2041/1563/2361 1994/1515/2361
f 1994/1515/2358 2041/1563/2358 2043/1565/2358
f 2043/1565/2362 1991/1512/2362 1998/1519/2362
f 1998/1519/2363 1991/1512/2363 1999/1520/2363
f 1998/1519/2364 1996/1517/2364 2043/1565/2364
f 2043/1565/2237 1996/1517/2237 1994/1515/2237
f 1994/1515/2365 1993/1514/2365 2042/1564/2365
f 2042/1564/2366 1993/1514/2366 1889/1430/2366
f 2042/1564/2367 1889/1430/2367 1890/1427/2367
f 1920/1431/2368 1995/1516/2368 2002/1523/2368
f 2002/1523/2369 1995/1516/2369 1997/1518/2369
f 1997/1518/2370 1998/1519/2370 2005/1526/2370
f 2005/1526/2371 1998/1519/2371 2000/1521/2371
f 2005/1526/2372 2004/1525/2372 1997/1518/2372
f 1997/1518/2244 2004/1525/2244 2002/1523/2244
f 2002/1523/2373 2001/1522/2373 1920/1431/2373
f 1920/1431/2374 2001/1522/2374 1887/1433/2374
f 1920/1431/2375 1887/1433/2375 1888/1429/2375
f 2003/1524/2376 2004/1525/2376 2044/1566/2376
f 2044/1566/2377 2004/1525/2377 2005/1526/2377
f 2044/1566/2378 2005/1526/2378 2045/1567/2378
f 2045/1567/2379 2005/1526/2379 2006/1527/2379
f 2006/1527/2380 2016/1538/2380 2045/1567/2380
f 2045/1567/2381 2011/1533/2381 2044/1566/2381
f 2044/1566/2249 2011/1533/2249 2009/1531/2249
f 2044/1566/2376 2009/1531/2376 2003/1524/2376
f 2003/1524/2382 2009/1531/2382 2007/1529/2382
f 2003/1524/2383 2007/1529/2383 1921/1434/2383
f 1921/1434/2384 2007/1529/2384 1893/1528/2384
f 1921/1434/2385 1893/1528/2385 1886/1432/2385
f 2016/1538/2386 2015/1537/2386 2045/1567/2386
f 2045/1567/2387 2015/1537/2387 2013/1535/2387
f 2045/1567/2388 2013/1535/2388 2011/1533/2388
f 2011/1533/2389 2013/1535/2389 2010/1532/2389
f 2008/1530/2390 1892/1436/2390 1893/1528/2390
f 2017/1539/2391 2024/1546/2391 2023/1545/2391
f 2017/1539/2392 2023/1545/2392 2015/1537/2392
f 2015/1537/2393 2023/1545/2393 2021/1543/2393
f 2015/1537/2394 2021/1543/2394 2014/1536/2394
f 2014/1536/2395 2021/1543/2395 2019/1541/2395
f 2014/1536/2396 2019/1541/2396 2012/1534/2396
f 2012/1534/2397 2019/1541/2397 1923/1439/2397
f 2023/1545/2398 2027/1549/2398 2022/1544/2398
f 2022/1544/2399 2027/1549/2399 2026/1548/2399
f 2022/1544/2400 2026/1548/2400 2020/1542/2400
f 2020/1542/2401 2026/1548/2401 1924/1442/2401
f 2020/1542/2402 1924/1442/2402 2018/1540/2402
f 2018/1540/2403 1924/1442/2403 1874/1441/2403
f 2018/1540/2404 1874/1441/2404 1875/1438/2404
f 2030/1552/2405 2028/1550/2405 2034/1556/2405
f 2034/1556/2406 2028/1550/2406 2029/1551/2406
f 1871/1445/2407 1925/1444/2407 2032/1554/2407
f 2032/1554/2408 1925/1444/2408 2030/1552/2408
f 2032/1554/2409 2030/1552/2409 2033/1555/2409
f 2033/1555/2410 2030/1552/2410 2034/1556/2410
f 2034/1556/2411 2029/1551/2411 2035/1557/2411
f 2035/1557/2412 2029/1551/2412 2031/1553/2412
f 2046/1568/2413 2047/1569/2413 2048/1570/2413
f 2049/1571/2414 2050/1572/2414 2051/1573/2414
f 2050/1572/2415 2052/1574/2415 2053/1575/2415
f 2052/1574/2416 2054/1576/2416 2055/1577/2416
f 2054/1576/2417 2056/1578/2417 2057/1579/2417
f 2056/1578/2418 2058/1580/2418 2059/1581/2418
f 2058/1580/2419 2060/1582/2419 2061/1583/2419
f 2060/1582/2420 2062/1584/2420 2063/1585/2420
f 2062/1584/2421 2064/1586/2421 2065/1587/2421
f 2066/1588/2422 2067/1589/2422 2068/1590/2422
f 2069/1591/2423 2070/1592/2423 2071/1593/2423
f 2072/1594/2424 2073/1595/2424 2074/1596/2424
f 2073/1595/2425 2075/1597/2425 2076/1598/2425
f 2075/1597/2426 2077/1599/2426 2078/1600/2426
f 2079/1601/2427 2080/1602/2427 2081/1603/2427
f 2082/1604/2428 2083/1605/2428 2080/1602/2428
f 2084/1606/2429 2085/1607/2429 2083/1605/2429
f 2086/1608/2430 2087/1609/2430 2085/1607/2430
f 2088/1610/2431 2089/1611/2431 2090/1612/2431
f 2091/1613/2432 2089/1611/2432 2088/1610/2432
f 2092/1614/2433 2089/1611/2433 2093/1615/2433
f 2093/1615/2434 2089/1611/2434 2091/1613/2434
f 2094/1616/2435 2092/1614/2435 2093/1615/2435
f 2094/1616/2436 2093/1615/2436 2095/1617/2436
f 2096/1618/2437 2092/1614/2437 2097/1619/2437
f 2097/1619/2438 2092/1614/2438 2094/1616/2438
f 2097/1619/2439 2094/1616/2439 2098/1620/2439
f 2098/1620/2440 2094/1616/2440 2095/1617/2440
f 2098/1620/2441 2095/1617/2441 2099/1621/2441
f 2100/1622/2442 2096/1618/2442 2101/1623/2442
f 2101/1623/2443 2096/1618/2443 2097/1619/2443
f 2101/1623/2444 2097/1619/2444 2102/1624/2444
f 2102/1624/2445 2097/1619/2445 2098/1620/2445
f 2102/1624/2446 2098/1620/2446 2103/1625/2446
f 2103/1625/2447 2098/1620/2447 2099/1621/2447
f 2104/1626/2448 2100/1622/2448 2101/1623/2448
f 2104/1626/2449 2101/1623/2449 2102/1624/2449
f 2104/1626/2450 2102/1624/2450 2105/1627/2450
f 2105/1627/2451 2102/1624/2451 2103/1625/2451
f 2105/1627/2452 2103/1625/2452 2106/1628/2452
f 2107/1629/2453 2100/1622/2453 2108/1630/2453
f 2108/1630/2454 2100/1622/2454 2104/1626/2454
f 2108/1630/2455 2104/1626/2455 2109/1631/2455
f 2109/1631/2456 2104/1626/2456 2105/1627/2456
f 2109/1631/2457 2105/1627/2457 2110/1632/2457
f 2110/1632/2458 2105/1627/2458 2106/1628/2458
f 2110/1632/2459 2106/1628/2459 2111/1633/2459
f 2112/1634/2460 2107/1629/2460 2108/1630/2460
f 2112/1634/2461 2108/1630/2461 2113/1635/2461
f 2113/1635/2462 2108/1630/2462 2109/1631/2462
f 2113/1635/2463 2109/1631/2463 2110/1632/2463
f 2113/1635/2464 2110/1632/2464 2114/1636/2464
f 2114/1636/2465 2110/1632/2465 2111/1633/2465
f 2115/1637/2466 2107/1629/2466 2116/1638/2466
f 2116/1638/2467 2107/1629/2467 2112/1634/2467
f 2116/1638/2468 2112/1634/2468 2117/1639/2468
f 2117/1639/2469 2112/1634/2469 2113/1635/2469
f 2117/1639/2470 2113/1635/2470 2118/1640/2470
f 2118/1640/2471 2113/1635/2471 2114/1636/2471
f 2118/1640/2472 2114/1636/2472 2119/1641/2472
f 2119/1641/2473 2114/1636/2473 2111/1633/2473
f 2119/1641/2474 2111/1633/2474 2120/1642/2474
f 2120/1642/2475 2111/1633/2475 2121/1643/2475
f 2122/1644/2476 2115/1637/2476 2116/1638/2476
f 2122/1644/2477 2116/1638/2477 2123/1645/2477
f 2123/1645/2478 2116/1638/2478 2117/1639/2478
f 2123/1645/2479 2117/1639/2479 2124/1646/2479
f 2124/1646/2480 2117/1639/2480 2118/1640/2480
f 2124/1646/2481 2118/1640/2481 2119/1641/2481
f 2125/1647/2482 2115/1637/2482 2126/1648/2482
f 2126/1648/2483 2115/1637/2483 2122/1644/2483
f 2126/1648/2484 2122/1644/2484 2127/1649/2484
f 2127/1649/2485 2122/1644/2485 2123/1645/2485
f 2127/1649/2486 2123/1645/2486 2128/1650/2486
f 2128/1650/2487 2123/1645/2487 2124/1646/2487
f 2128/1650/2488 2124/1646/2488 2129/1651/2488
f 2129/1651/2489 2124/1646/2489 2119/1641/2489
f 2129/1651/2490 2119/1641/2490 2120/1642/2490
f 2130/1652/2491 2120/1642/2491 2121/1643/2491
f 2130/1652/2492 2121/1643/2492 2131/1653/2492
f 2132/1654/2493 2125/1647/2493 2126/1648/2493
f 2132/1654/2494 2126/1648/2494 2133/1655/2494
f 2133/1655/2495 2126/1648/2495 2127/1649/2495
f 2133/1655/2496 2127/1649/2496 2134/1656/2496
f 2134/1656/2497 2127/1649/2497 2128/1650/2497
f 2134/1656/2498 2128/1650/2498 2135/1657/2498
f 2135/1657/2499 2128/1650/2499 2129/1651/2499
f 2135/1657/2500 2129/1651/2500 2120/1642/2500
f 2136/1658/2501 2130/1652/2501 2131/1653/2501
f 2137/1659/2502 2132/1654/2502 2138/1660/2502
f 2138/1660/2503 2132/1654/2503 2133/1655/2503
f 2138/1660/2504 2133/1655/2504 2139/1661/2504
f 2139/1661/2505 2133/1655/2505 2134/1656/2505
f 2139/1661/2506 2134/1656/2506 2140/1662/2506
f 2140/1662/2507 2134/1656/2507 2135/1657/2507
f 2141/1663/2508 2135/1657/2508 2120/1642/2508
f 2141/1663/2509 2120/1642/2509 2142/1664/2509
f 2142/1664/2510 2120/1642/2510 2130/1652/2510
f 2142/1664/2511 2130/1652/2511 2143/1665/2511
f 2143/1665/2512 2130/1652/2512 2136/1658/2512
f 2144/1666/2513 2137/1659/2513 2145/1667/2513
f 2145/1667/2514 2137/1659/2514 2138/1660/2514
f 2145/1667/2515 2138/1660/2515 2146/1668/2515
f 2146/1668/2516 2138/1660/2516 2139/1661/2516
f 2146/1668/2517 2139/1661/2517 2147/1669/2517
f 2147/1669/2518 2139/1661/2518 2140/1662/2518
f 2147/1669/2519 2140/1662/2519 2148/1670/2519
f 2148/1670/2520 2140/1662/2520 2135/1657/2520
f 2148/1670/2521 2135/1657/2521 2141/1663/2521
f 2149/1671/2522 2142/1664/2522 2143/1665/2522
f 2149/1671/2523 2143/1665/2523 2150/1672/2523
f 2151/1673/2524 2144/1666/2524 2145/1667/2524
f 2151/1673/2525 2145/1667/2525 2146/1668/2525
f 2151/1673/2526 2146/1668/2526 2152/1674/2526
f 2152/1674/2527 2146/1668/2527 2147/1669/2527
f 2152/1674/2528 2147/1669/2528 2153/1675/2528
f 2153/1675/2529 2147/1669/2529 2148/1670/2529
f 2141/1663/2530 2142/1664/2530 2154/1676/2530
f 2154/1676/2531 2142/1664/2531 2149/1671/2531
f 2154/1676/2532 2149/1671/2532 2155/1677/2532
f 2155/1677/2533 2149/1671/2533 2150/1672/2533
f 2155/1677/2534 2150/1672/2534 2156/1678/2534
f 2157/1679/2535 2158/1680/2535 2159/1681/2535
f 2076/1598/2536 2075/1597/2536 2078/1600/2536
f 2076/1598/2537 2078/1600/2537 2160/1682/2537
f 2160/1682/2538 2078/1600/2538 2161/1683/2538
f 2160/1682/2539 2161/1683/2539 2162/1684/2539
f 2163/1685/2540 2162/1684/2540 2164/1686/2540
f 2163/1685/2541 2164/1686/2541 2165/1687/2541
f 2165/1687/2542 2164/1686/2542 2166/1688/2542
f 2165/1687/2543 2166/1688/2543 2167/1689/2543
f 2167/1689/2544 2166/1688/2544 2168/1690/2544
f 2167/1689/2545 2168/1690/2545 2169/1691/2545
f 2169/1691/2546 2168/1690/2546 2170/1692/2546
f 2169/1691/2547 2170/1692/2547 2171/1693/2547
f 2169/1691/2548 2171/1693/2548 2172/1694/2548
f 2172/1694/2549 2171/1693/2549 2173/1695/2549
f 2074/1596/2550 2073/1595/2550 2076/1598/2550
f 2074/1596/2551 2076/1598/2551 2174/1696/2551
f 2174/1696/2552 2076/1598/2552 2160/1682/2552
f 2174/1696/2553 2160/1682/2553 2175/1697/2553
f 2175/1697/2554 2160/1682/2554 2162/1684/2554
f 2175/1697/2555 2162/1684/2555 2163/1685/2555
f 2176/1698/2556 2165/1687/2556 2167/1689/2556
f 2176/1698/2557 2167/1689/2557 2177/1699/2557
f 2177/1699/2558 2167/1689/2558 2169/1691/2558
f 2177/1699/2559 2169/1691/2559 2178/1700/2559
f 2178/1700/2560 2169/1691/2560 2172/1694/2560
f 2178/1700/2561 2172/1694/2561 2179/1701/2561
f 2179/1701/2562 2172/1694/2562 2173/1695/2562
f 2072/1594/2563 2074/1596/2563 2180/1702/2563
f 2180/1702/2564 2074/1596/2564 2181/1703/2564
f 2181/1703/2565 2074/1596/2565 2174/1696/2565
f 2181/1703/2566 2174/1696/2566 2175/1697/2566
f 2182/1704/2567 2175/1697/2567 2163/1685/2567
f 2163/1685/2568 2165/1687/2568 2183/1705/2568
f 2183/1705/2569 2165/1687/2569 2176/1698/2569
f 2183/1705/2570 2176/1698/2570 2184/1706/2570
f 2184/1706/2571 2176/1698/2571 2177/1699/2571
f 2184/1706/2572 2177/1699/2572 2185/1707/2572
f 2185/1707/2573 2177/1699/2573 2178/1700/2573
f 2185/1707/2574 2178/1700/2574 2186/1708/2574
f 2186/1708/2575 2178/1700/2575 2179/1701/2575
f 2187/1709/2576 2072/1594/2576 2188/1710/2576
f 2188/1710/2577 2072/1594/2577 2180/1702/2577
f 2188/1710/2578 2180/1702/2578 2189/1711/2578
f 2189/1711/2579 2180/1702/2579 2181/1703/2579
f 2189/1711/2580 2181/1703/2580 2190/1712/2580
f 2190/1712/2581 2181/1703/2581 2175/1697/2581
f 2190/1712/2582 2175/1697/2582 2182/1704/2582
f 2182/1704/2583 2163/1685/2583 2191/1713/2583
f 2191/1713/2584 2163/1685/2584 2183/1705/2584
f 2191/1713/2585 2183/1705/2585 2192/1714/2585
f 2192/1714/2586 2183/1705/2586 2184/1706/2586
f 2192/1714/2587 2184/1706/2587 2185/1707/2587
f 2192/1714/2588 2185/1707/2588 2193/1715/2588
f 2193/1715/2589 2185/1707/2589 2186/1708/2589
f 2193/1715/2590 2186/1708/2590 2194/1716/2590
f 2071/1593/2591 2070/1592/2591 2187/1709/2591
f 2071/1593/2592 2187/1709/2592 2188/1710/2592
f 2071/1593/2593 2188/1710/2593 2195/1717/2593
f 2195/1717/2594 2188/1710/2594 2189/1711/2594
f 2195/1717/2595 2189/1711/2595 2190/1712/2595
f 2196/1718/2596 2190/1712/2596 2182/1704/2596
f 2197/1719/2597 2182/1704/2597 2191/1713/2597
f 2197/1719/2598 2191/1713/2598 2198/1720/2598
f 2198/1720/2599 2191/1713/2599 2192/1714/2599
f 2198/1720/2600 2192/1714/2600 2199/1721/2600
f 2199/1721/2601 2192/1714/2601 2193/1715/2601
f 2199/1721/2602 2193/1715/2602 2200/1722/2602
f 2200/1722/2603 2193/1715/2603 2194/1716/2603
f 2069/1591/2604 2071/1593/2604 2201/1723/2604
f 2201/1723/2605 2071/1593/2605 2195/1717/2605
f 2201/1723/2606 2195/1717/2606 2202/1724/2606
f 2202/1724/2607 2195/1717/2607 2203/1725/2607
f 2203/1725/2608 2195/1717/2608 2190/1712/2608
f 2203/1725/2609 2190/1712/2609 2204/1726/2609
f 2204/1726/2610 2190/1712/2610 2196/1718/2610
f 2196/1718/2611 2182/1704/2611 2205/1727/2611
f 2205/1727/2612 2182/1704/2612 2197/1719/2612
f 2205/1727/2613 2197/1719/2613 2206/1728/2613
f 2206/1728/2614 2197/1719/2614 2198/1720/2614
f 2206/1728/2615 2198/1720/2615 2199/1721/2615
f 2206/1728/2616 2199/1721/2616 2207/1729/2616
f 2207/1729/2617 2199/1721/2617 2200/1722/2617
f 2207/1729/2618 2200/1722/2618 2208/1730/2618
f 2068/1590/2619 2067/1589/2619 2069/1591/2619
f 2068/1590/2620 2069/1591/2620 2201/1723/2620
f 2068/1590/2621 2201/1723/2621 2209/1731/2621
f 2209/1731/2622 2201/1723/2622 2202/1724/2622
f 2209/1731/2623 2202/1724/2623 2203/1725/2623
f 2210/1732/2624 2203/1725/2624 2204/1726/2624
f 2211/1733/2625 2204/1726/2625 2196/1718/2625
f 2211/1733/2626 2196/1718/2626 2212/1734/2626
f 2212/1734/2627 2196/1718/2627 2205/1727/2627
f 2212/1734/2628 2205/1727/2628 2206/1728/2628
f 2212/1734/2629 2206/1728/2629 2213/1735/2629
f 2213/1735/2630 2206/1728/2630 2214/1736/2630
f 2214/1736/2631 2206/1728/2631 2207/1729/2631
f 2214/1736/2632 2207/1729/2632 2208/1730/2632
f 2066/1588/2633 2068/1590/2633 2215/1737/2633
f 2215/1737/2634 2068/1590/2634 2209/1731/2634
f 2215/1737/2635 2209/1731/2635 2216/1738/2635
f 2216/1738/2636 2209/1731/2636 2210/1732/2636
f 2210/1732/2637 2209/1731/2637 2203/1725/2637
f 2211/1733/2638 2212/1734/2638 2217/1739/2638
f 2217/1739/2639 2212/1734/2639 2218/1740/2639
f 2218/1740/2640 2212/1734/2640 2213/1735/2640
f 2218/1740/2641 2213/1735/2641 2219/1741/2641
f 2219/1741/2642 2213/1735/2642 2214/1736/2642
f 2219/1741/2643 2214/1736/2643 2220/1742/2643
f 2220/1742/2644 2214/1736/2644 2208/1730/2644
f 2221/1743/2645 2066/1588/2645 2222/1744/2645
f 2222/1744/2646 2066/1588/2646 2215/1737/2646
f 2222/1744/2647 2215/1737/2647 2223/1745/2647
f 2223/1745/2648 2215/1737/2648 2216/1738/2648
f 2223/1745/2649 2216/1738/2649 2224/1746/2649
f 2224/1746/2650 2216/1738/2650 2210/1732/2650
f 2224/1746/2651 2210/1732/2651 2204/1726/2651
f 2225/1747/2652 2204/1726/2652 2211/1733/2652
f 2225/1747/2653 2211/1733/2653 2226/1748/2653
f 2226/1748/2654 2211/1733/2654 2217/1739/2654
f 2226/1748/2655 2217/1739/2655 2227/1749/2655
f 2227/1749/2656 2217/1739/2656 2218/1740/2656
f 2227/1749/2657 2218/1740/2657 2228/1750/2657
f 2228/1750/2658 2218/1740/2658 2219/1741/2658
f 2228/1750/2659 2219/1741/2659 2229/1751/2659
f 2229/1751/2660 2219/1741/2660 2220/1742/2660
f 2230/1752/2661 2221/1743/2661 2231/1753/2661
f 2231/1753/2662 2221/1743/2662 2222/1744/2662
f 2231/1753/2663 2222/1744/2663 2232/1754/2663
f 2232/1754/2664 2222/1744/2664 2223/1745/2664
f 2232/1754/2665 2223/1745/2665 2224/1746/2665
f 2233/1755/2666 2224/1746/2666 2225/1747/2666
f 2225/1747/2667 2224/1746/2667 2204/1726/2667
f 2234/1756/2668 2225/1747/2668 2226/1748/2668
f 2234/1756/2669 2226/1748/2669 2235/1757/2669
f 2235/1757/2670 2226/1748/2670 2227/1749/2670
f 2235/1757/2671 2227/1749/2671 2236/1758/2671
f 2236/1758/2672 2227/1749/2672 2228/1750/2672
f 2236/1758/2673 2228/1750/2673 2237/1759/2673
f 2237/1759/2674 2228/1750/2674 2229/1751/2674
f 2238/1760/2675 2230/1752/2675 2239/1761/2675
f 2239/1761/2676 2230/1752/2676 2231/1753/2676
f 2239/1761/2677 2231/1753/2677 2240/1762/2677
f 2240/1762/2678 2231/1753/2678 2232/1754/2678
f 2240/1762/2679 2232/1754/2679 2233/1755/2679
f 2233/1755/2680 2232/1754/2680 2224/1746/2680
f 2241/1763/2681 2233/1755/2681 2225/1747/2681
f 2242/1764/2682 2225/1747/2682 2234/1756/2682
f 2242/1764/2683 2234/1756/2683 2243/1765/2683
f 2243/1765/2684 2234/1756/2684 2235/1757/2684
f 2243/1765/2685 2235/1757/2685 2244/1766/2685
f 2244/1766/2686 2235/1757/2686 2236/1758/2686
f 2244/1766/2687 2236/1758/2687 2245/1767/2687
f 2245/1767/2688 2236/1758/2688 2237/1759/2688
f 2245/1767/2689 2237/1759/2689 2246/1768/2689
f 2247/1769/2690 2238/1760/2690 2248/1770/2690
f 2248/1770/2691 2238/1760/2691 2239/1761/2691
f 2248/1770/2692 2239/1761/2692 2249/1771/2692
f 2249/1771/2693 2239/1761/2693 2240/1762/2693
f 2249/1771/2694 2240/1762/2694 2250/1772/2694
f 2250/1772/2695 2240/1762/2695 2233/1755/2695
f 2250/1772/2696 2233/1755/2696 2241/1763/2696
f 2251/1773/2697 2241/1763/2697 2225/1747/2697
f 2251/1773/2698 2225/1747/2698 2242/1764/2698
f 2242/1764/2699 2243/1765/2699 2252/1774/2699
f 2252/1774/2700 2243/1765/2700 2244/1766/2700
f 2252/1774/2701 2244/1766/2701 2253/1775/2701
f 2253/1775/2702 2244/1766/2702 2245/1767/2702
f 2253/1775/2703 2245/1767/2703 2246/1768/2703
f 2254/1776/2704 2247/1769/2704 2255/1777/2704
f 2255/1777/2705 2247/1769/2705 2248/1770/2705
f 2255/1777/2706 2248/1770/2706 2256/1778/2706
f 2256/1778/2707 2248/1770/2707 2249/1771/2707
f 2256/1778/2708 2249/1771/2708 2250/1772/2708
f 2257/1779/2709 2250/1772/2709 2241/1763/2709
f 2258/1780/2710 2251/1773/2710 2242/1764/2710
f 2258/1780/2711 2242/1764/2711 2252/1774/2711
f 2258/1780/2712 2252/1774/2712 2259/1781/2712
f 2259/1781/2713 2252/1774/2713 2260/1782/2713
f 2260/1782/2714 2252/1774/2714 2253/1775/2714
f 2260/1782/2715 2253/1775/2715 2261/1783/2715
f 2261/1783/2716 2253/1775/2716 2246/1768/2716
f 2262/1784/2717 2254/1776/2717 2263/1785/2717
f 2263/1785/2718 2254/1776/2718 2255/1777/2718
f 2263/1785/2719 2255/1777/2719 2264/1786/2719
f 2264/1786/2720 2255/1777/2720 2256/1778/2720
f 2264/1786/2721 2256/1778/2721 2257/1779/2721
f 2257/1779/2722 2256/1778/2722 2250/1772/2722
f 2265/1787/2723 2241/1763/2723 2251/1773/2723
f 2265/1787/2724 2251/1773/2724 2266/1788/2724
f 2266/1788/2725 2251/1773/2725 2258/1780/2725
f 2266/1788/2726 2258/1780/2726 2267/1789/2726
f 2267/1789/2727 2258/1780/2727 2259/1781/2727
f 2267/1789/2728 2259/1781/2728 2268/1790/2728
f 2268/1790/2729 2259/1781/2729 2260/1782/2729
f 2268/1790/2730 2260/1782/2730 2269/1791/2730
f 2269/1791/2731 2260/1782/2731 2261/1783/2731
f 2270/1792/2732 2262/1784/2732 2271/1793/2732
f 2271/1793/2733 2262/1784/2733 2263/1785/2733
f 2271/1793/2734 2263/1785/2734 2272/1794/2734
f 2272/1794/2735 2263/1785/2735 2264/1786/2735
f 2272/1794/2736 2264/1786/2736 2273/1795/2736
f 2273/1795/2737 2264/1786/2737 2257/1779/2737
f 2273/1795/2738 2257/1779/2738 2265/1787/2738
f 2265/1787/2739 2257/1779/2739 2241/1763/2739
f 2274/1796/2740 2265/1787/2740 2266/1788/2740
f 2274/1796/2741 2266/1788/2741 2275/1797/2741
f 2275/1797/2742 2266/1788/2742 2267/1789/2742
f 2275/1797/2743 2267/1789/2743 2276/1798/2743
f 2276/1798/2744 2267/1789/2744 2268/1790/2744
f 2276/1798/2745 2268/1790/2745 2269/1791/2745
f 2277/1799/2746 2270/1792/2746 2278/1800/2746
f 2278/1800/2747 2270/1792/2747 2271/1793/2747
f 2278/1800/2748 2271/1793/2748 2279/1801/2748
f 2279/1801/2749 2271/1793/2749 2272/1794/2749
f 2279/1801/2750 2272/1794/2750 2273/1795/2750
f 2280/1802/2751 2273/1795/2751 2265/1787/2751
f 2281/1803/2752 2265/1787/2752 2274/1796/2752
f 2281/1803/2753 2274/1796/2753 2282/1804/2753
f 2282/1804/2754 2274/1796/2754 2275/1797/2754
f 2282/1804/2755 2275/1797/2755 2283/1805/2755
f 2283/1805/2756 2275/1797/2756 2276/1798/2756
f 2283/1805/2757 2276/1798/2757 2284/1806/2757
f 2284/1806/2758 2276/1798/2758 2269/1791/2758
f 2285/1807/2759 2277/1799/2759 2286/1808/2759
f 2286/1808/2760 2277/1799/2760 2278/1800/2760
f 2286/1808/2761 2278/1800/2761 2287/1809/2761
f 2287/1809/2762 2278/1800/2762 2279/1801/2762
f 2287/1809/2763 2279/1801/2763 2288/1810/2763
f 2288/1810/2764 2279/1801/2764 2273/1795/2764
f 2288/1810/2765 2273/1795/2765 2280/1802/2765
f 2289/1811/2766 2280/1802/2766 2265/1787/2766
f 2289/1811/2767 2265/1787/2767 2290/1812/2767
f 2290/1812/2768 2265/1787/2768 2281/1803/2768
f 2290/1812/2769 2281/1803/2769 2291/1813/2769
f 2291/1813/2770 2281/1803/2770 2282/1804/2770
f 2291/1813/2771 2282/1804/2771 2292/1814/2771
f 2292/1814/2772 2282/1804/2772 2283/1805/2772
f 2292/1814/2773 2283/1805/2773 2284/1806/2773
f 2293/1815/2774 2285/1807/2774 2294/1816/2774
f 2294/1816/2775 2285/1807/2775 2286/1808/2775
f 2294/1816/2776 2286/1808/2776 2295/1817/2776
f 2295/1817/2777 2286/1808/2777 2287/1809/2777
f 2295/1817/2778 2287/1809/2778 2288/1810/2778
f 2296/1818/2779 2288/1810/2779 2280/1802/2779
f 2297/1819/2780 2289/1811/2780 2290/1812/2780
f 2297/1819/2781 2290/1812/2781 2298/1820/2781
f 2298/1820/2782 2290/1812/2782 2291/1813/2782
f 2298/1820/2783 2291/1813/2783 2299/1821/2783
f 2299/1821/2784 2291/1813/2784 2292/1814/2784
f 2299/1821/2785 2292/1814/2785 2300/1822/2785
f 2300/1822/2786 2292/1814/2786 2284/1806/2786
f 2301/1823/2787 2293/1815/2787 2302/1824/2787
f 2302/1824/2788 2293/1815/2788 2294/1816/2788
f 2302/1824/2789 2294/1816/2789 2303/1825/2789
f 2303/1825/2790 2294/1816/2790 2295/1817/2790
f 2303/1825/2791 2295/1817/2791 2296/1818/2791
f 2296/1818/2792 2295/1817/2792 2288/1810/2792
f 2304/1826/2793 2280/1802/2793 2289/1811/2793
f 2304/1826/2794 2289/1811/2794 2305/1827/2794
f 2305/1827/2795 2289/1811/2795 2297/1819/2795
f 2305/1827/2796 2297/1819/2796 2306/1828/2796
f 2306/1828/2797 2297/1819/2797 2298/1820/2797
f 2306/1828/2798 2298/1820/2798 2299/1821/2798
f 2306/1828/2799 2299/1821/2799 2307/1829/2799
f 2307/1829/2800 2299/1821/2800 2300/1822/2800
f 2308/1830/2801 2301/1823/2801 2309/1831/2801
f 2309/1831/2802 2301/1823/2802 2302/1824/2802
f 2309/1831/2803 2302/1824/2803 2310/1832/2803
f 2310/1832/2804 2302/1824/2804 2303/1825/2804
f 2310/1832/2805 2303/1825/2805 2311/1833/2805
f 2311/1833/2805 2303/1825/2805 2296/1818/2805
f 2311/1833/2806 2296/1818/2806 2312/1834/2806
f 2312/1834/2807 2296/1818/2807 2280/1802/2807
f 2312/1834/2808 2280/1802/2808 2313/1835/2808
f 2313/1835/2809 2280/1802/2809 2304/1826/2809
f 2304/1826/2810 2305/1827/2810 2314/1836/2810
f 2314/1836/2811 2305/1827/2811 2306/1828/2811
f 2314/1836/2812 2306/1828/2812 2315/1837/2812
f 2315/1837/2813 2306/1828/2813 2316/1838/2813
f 2316/1838/2814 2306/1828/2814 2307/1829/2814
f 2316/1838/2815 2307/1829/2815 2317/1839/2815
f 2317/1839/2816 2307/1829/2816 2300/1822/2816
f 2064/1586/2817 2318/1840/2817 2319/1841/2817
f 2319/1841/2818 2318/1840/2818 2308/1830/2818
f 2319/1841/2819 2308/1830/2819 2309/1831/2819
f 2319/1841/2820 2309/1831/2820 2320/1842/2820
f 2320/1842/2821 2309/1831/2821 2310/1832/2821
f 2320/1842/2822 2310/1832/2822 2311/1833/2822
f 2321/1843/2823 2313/1835/2823 2304/1826/2823
f 2321/1843/2824 2304/1826/2824 2314/1836/2824
f 2321/1843/2825 2314/1836/2825 2322/1844/2825
f 2322/1844/2826 2314/1836/2826 2315/1837/2826
f 2322/1844/2827 2315/1837/2827 2323/1845/2827
f 2323/1845/2828 2315/1837/2828 2316/1838/2828
f 2323/1845/2829 2316/1838/2829 2317/1839/2829
f 2065/1587/2830 2064/1586/2830 2319/1841/2830
f 2065/1587/2831 2319/1841/2831 2324/1846/2831
f 2324/1846/2832 2319/1841/2832 2320/1842/2832
f 2324/1846/2833 2320/1842/2833 2325/1847/2833
f 2325/1847/2834 2320/1842/2834 2311/1833/2834
f 2325/1847/2835 2311/1833/2835 2326/1848/2835
f 2326/1848/2836 2311/1833/2836 2312/1834/2836
f 2327/1849/2837 2312/1834/2837 2313/1835/2837
f 2327/1849/2838 2313/1835/2838 2328/1850/2838
f 2328/1850/2839 2313/1835/2839 2321/1843/2839
f 2328/1850/2840 2321/1843/2840 2329/1851/2840
f 2329/1851/2841 2321/1843/2841 2322/1844/2841
f 2329/1851/2842 2322/1844/2842 2330/1852/2842
f 2330/1852/2843 2322/1844/2843 2323/1845/2843
f 2330/1852/2844 2323/1845/2844 2331/1853/2844
f 2331/1853/2845 2323/1845/2845 2317/1839/2845
f 2063/1585/2846 2062/1584/2846 2065/1587/2846
f 2063/1585/2847 2065/1587/2847 2324/1846/2847
f 2063/1585/2848 2324/1846/2848 2332/1854/2848
f 2332/1854/2849 2324/1846/2849 2325/1847/2849
f 2332/1854/2850 2325/1847/2850 2326/1848/2850
f 2333/1855/2851 2327/1849/2851 2328/1850/2851
f 2333/1855/2852 2328/1850/2852 2334/1856/2852
f 2334/1856/2853 2328/1850/2853 2329/1851/2853
f 2334/1856/2854 2329/1851/2854 2335/1857/2854
f 2335/1857/2855 2329/1851/2855 2330/1852/2855
f 2335/1857/2856 2330/1852/2856 2336/1858/2856
f 2336/1858/2857 2330/1852/2857 2331/1853/2857
f 2061/1583/2858 2060/1582/2858 2063/1585/2858
f 2061/1583/2859 2063/1585/2859 2337/1859/2859
f 2337/1859/2860 2063/1585/2860 2332/1854/2860
f 2337/1859/2861 2332/1854/2861 2338/1860/2861
f 2338/1860/2862 2332/1854/2862 2326/1848/2862
f 2338/1860/2863 2326/1848/2863 2339/1861/2863
f 2339/1861/2864 2326/1848/2864 2312/1834/2864
f 2339/1861/2865 2312/1834/2865 2327/1849/2865
f 2339/1861/2866 2327/1849/2866 2340/1862/2866
f 2340/1862/2867 2327/1849/2867 2333/1855/2867
f 2340/1862/2868 2333/1855/2868 2341/1863/2868
f 2341/1863/2869 2333/1855/2869 2334/1856/2869
f 2341/1863/2870 2334/1856/2870 2342/1864/2870
f 2342/1864/2871 2334/1856/2871 2335/1857/2871
f 2342/1864/2872 2335/1857/2872 2336/1858/2872
f 2059/1581/2873 2058/1580/2873 2061/1583/2873
f 2059/1581/2874 2061/1583/2874 2343/1865/2874
f 2343/1865/2875 2061/1583/2875 2337/1859/2875
f 2343/1865/2876 2337/1859/2876 2338/1860/2876
f 2344/1866/2877 2338/1860/2877 2339/1861/2877
f 2345/1867/2878 2339/1861/2878 2340/1862/2878
f 2345/1867/2879 2340/1862/2879 2341/1863/2879
f 2345/1867/2880 2341/1863/2880 2346/1868/2880
f 2346/1868/2881 2341/1863/2881 2342/1864/2881
f 2346/1868/2882 2342/1864/2882 2347/1869/2882
f 2347/1869/2883 2342/1864/2883 2348/1870/2883
f 2348/1870/2884 2342/1864/2884 2336/1858/2884
f 2057/1579/2885 2056/1578/2885 2059/1581/2885
f 2057/1579/2886 2059/1581/2886 2349/1871/2886
f 2349/1871/2887 2059/1581/2887 2343/1865/2887
f 2349/1871/2888 2343/1865/2888 2350/1872/2888
f 2350/1872/2889 2343/1865/2889 2338/1860/2889
f 2350/1872/2890 2338/1860/2890 2344/1866/2890
f 2344/1866/2891 2339/1861/2891 2351/1873/2891
f 2351/1873/2892 2339/1861/2892 2345/1867/2892
f 2351/1873/2893 2345/1867/2893 2352/1874/2893
f 2352/1874/2894 2345/1867/2894 2346/1868/2894
f 2352/1874/2895 2346/1868/2895 2353/1875/2895
f 2353/1875/2896 2346/1868/2896 2347/1869/2896
f 2353/1875/2897 2347/1869/2897 2348/1870/2897
f 2055/1577/2898 2054/1576/2898 2057/1579/2898
f 2055/1577/2899 2057/1579/2899 2354/1876/2899
f 2354/1876/2900 2057/1579/2900 2349/1871/2900
f 2354/1876/2901 2349/1871/2901 2350/1872/2901
f 2355/1877/2902 2350/1872/2902 2344/1866/2902
f 2355/1877/2903 2344/1866/2903 2356/1878/2903
f 2356/1878/2904 2344/1866/2904 2357/1879/2904
f 2357/1879/2905 2344/1866/2905 2351/1873/2905
f 2357/1879/2906 2351/1873/2906 2358/1880/2906
f 2358/1880/2907 2351/1873/2907 2352/1874/2907
f 2358/1880/2908 2352/1874/2908 2359/1881/2908
f 2359/1881/2909 2352/1874/2909 2353/1875/2909
f 2359/1881/2910 2353/1875/2910 2360/1882/2910
f 2360/1882/2911 2353/1875/2911 2348/1870/2911
f 2053/1575/2912 2052/1574/2912 2055/1577/2912
f 2053/1575/2913 2055/1577/2913 2361/1883/2913
f 2361/1883/2914 2055/1577/2914 2354/1876/2914
f 2361/1883/2915 2354/1876/2915 2362/1884/2915
f 2362/1884/2916 2354/1876/2916 2350/1872/2916
f 2362/1884/2917 2350/1872/2917 2355/1877/2917
f 2363/1885/2918 2356/1878/2918 2357/1879/2918
f 2363/1885/2919 2357/1879/2919 2358/1880/2919
f 2363/1885/2920 2358/1880/2920 2364/1886/2920
f 2364/1886/2921 2358/1880/2921 2365/1887/2921
f 2365/1887/2922 2358/1880/2922 2359/1881/2922
f 2365/1887/2923 2359/1881/2923 2366/1888/2923
f 2366/1888/2924 2359/1881/2924 2360/1882/2924
f 2051/1573/2925 2050/1572/2925 2053/1575/2925
f 2051/1573/2926 2053/1575/2926 2367/1889/2926
f 2367/1889/2927 2053/1575/2927 2361/1883/2927
f 2367/1889/2928 2361/1883/2928 2362/1884/2928
f 2368/1890/2929 2362/1884/2929 2355/1877/2929
f 2355/1877/2930 2356/1878/2930 2369/1891/2930
f 2369/1891/2931 2356/1878/2931 2363/1885/2931
f 2369/1891/2932 2363/1885/2932 2370/1892/2932
f 2370/1892/2933 2363/1885/2933 2364/1886/2933
f 2370/1892/2934 2364/1886/2934 2371/1893/2934
f 2371/1893/2935 2364/1886/2935 2365/1887/2935
f 2371/1893/2936 2365/1887/2936 2366/1888/2936
f 2372/1894/2937 2049/1571/2937 2051/1573/2937
f 2372/1894/2938 2051/1573/2938 2373/1895/2938
f 2373/1895/2939 2051/1573/2939 2367/1889/2939
f 2373/1895/2940 2367/1889/2940 2374/1896/2940
f 2374/1896/2941 2367/1889/2941 2375/1897/2941
f 2375/1897/2942 2367/1889/2942 2362/1884/2942
f 2375/1897/2943 2362/1884/2943 2368/1890/2943
f 2368/1890/2944 2355/1877/2944 2376/1898/2944
f 2376/1898/2945 2355/1877/2945 2369/1891/2945
f 2376/1898/2946 2369/1891/2946 2377/1899/2946
f 2377/1899/2947 2369/1891/2947 2370/1892/2947
f 2377/1899/2948 2370/1892/2948 2378/1900/2948
f 2378/1900/2949 2370/1892/2949 2371/1893/2949
f 2378/1900/2950 2371/1893/2950 2379/1901/2950
f 2379/1901/2951 2371/1893/2951 2366/1888/2951
f 2380/1902/2952 2372/1894/2952 2381/1903/2952
f 2381/1903/2953 2372/1894/2953 2373/1895/2953
f 2381/1903/2954 2373/1895/2954 2382/1904/2954
f 2382/1904/2955 2373/1895/2955 2374/1896/2955
f 2382/1904/2956 2374/1896/2956 2375/1897/2956
f 2383/1905/2957 2375/1897/2957 2368/1890/2957
f 2384/1906/2958 2368/1890/2958 2376/1898/2958
f 2384/1906/2959 2376/1898/2959 2385/1907/2959
f 2385/1907/2960 2376/1898/2960 2377/1899/2960
f 2385/1907/2961 2377/1899/2961 2386/1908/2961
f 2386/1908/2962 2377/1899/2962 2378/1900/2962
f 2386/1908/2963 2378/1900/2963 2379/1901/2963
f 2387/1909/2964 2380/1902/2964 2388/1910/2964
f 2388/1910/2965 2380/1902/2965 2381/1903/2965
f 2388/1910/2966 2381/1903/2966 2389/1911/2966
f 2389/1911/2967 2381/1903/2967 2382/1904/2967
f 2389/1911/2968 2382/1904/2968 2390/1912/2968
f 2390/1912/2969 2382/1904/2969 2375/1897/2969
f 2390/1912/2970 2375/1897/2970 2391/1913/2970
f 2391/1913/2971 2375/1897/2971 2383/1905/2971
f 2383/1905/2972 2368/1890/2972 2392/1914/2972
f 2392/1914/2973 2368/1890/2973 2384/1906/2973
f 2392/1914/2974 2384/1906/2974 2393/1915/2974
f 2393/1915/2975 2384/1906/2975 2385/1907/2975
f 2393/1915/2976 2385/1907/2976 2394/1916/2976
f 2394/1916/2977 2385/1907/2977 2386/1908/2977
f 2394/1916/2978 2386/1908/2978 2395/1917/2978
f 2395/1917/2979 2386/1908/2979 2379/1901/2979
f 2396/1918/2980 2387/1909/2980 2397/1919/2980
f 2397/1919/2981 2387/1909/2981 2388/1910/2981
f 2397/1919/2982 2388/1910/2982 2398/1920/2982
f 2398/1920/2983 2388/1910/2983 2389/1911/2983
f 2398/1920/2984 2389/1911/2984 2390/1912/2984
f 2399/1921/2985 2383/1905/2985 2392/1914/2985
f 2399/1921/2986 2392/1914/2986 2400/1922/2986
f 2400/1922/2987 2392/1914/2987 2393/1915/2987
f 2400/1922/2988 2393/1915/2988 2401/1923/2988
f 2401/1923/2989 2393/1915/2989 2394/1916/2989
f 2401/1923/2990 2394/1916/2990 2402/1924/2990
f 2402/1924/2991 2394/1916/2991 2395/1917/2991
f 2402/1924/2992 2403/1925/2992 2401/1923/2992
f 2401/1923/2993 2403/1925/2993 2404/1926/2993
f 2401/1923/2994 2404/1926/2994 2400/1922/2994
f 2400/1922/2995 2404/1926/2995 2405/1927/2995
f 2400/1922/2996 2405/1927/2996 2399/1921/2996
f 2399/1921/2997 2405/1927/2997 2406/1928/2997
f 2399/1921/2998 2406/1928/2998 2383/1905/2998
f 2383/1905/2999 2406/1928/2999 2407/1929/2999
f 2383/1905/3000 2407/1929/3000 2391/1913/3000
f 2390/1912/3001 2391/1913/3001 2408/1930/3001
f 2390/1912/3002 2408/1930/3002 2398/1920/3002
f 2398/1920/3003 2408/1930/3003 2409/1931/3003
f 2398/1920/3004 2409/1931/3004 2397/1919/3004
f 2397/1919/3005 2409/1931/3005 2410/1932/3005
f 2397/1919/3006 2410/1932/3006 2411/1933/3006
f 2397/1919/3007 2411/1933/3007 2396/1918/3007
f 2403/1925/3008 2412/1934/3008 2413/1935/3008
f 2403/1925/3009 2413/1935/3009 2404/1926/3009
f 2404/1926/3010 2413/1935/3010 2414/1936/3010
f 2404/1926/3011 2414/1936/3011 2405/1927/3011
f 2405/1927/3012 2414/1936/3012 2406/1928/3012
f 2406/1928/3013 2414/1936/3013 2415/1937/3013
f 2406/1928/3014 2415/1937/3014 2407/1929/3014
f 2408/1930/3015 2391/1913/3015 2141/1663/3015
f 2409/1931/3016 2408/1930/3016 2416/1938/3016
f 2409/1931/3017 2416/1938/3017 2410/1932/3017
f 2410/1932/3018 2416/1938/3018 2417/1939/3018
f 2410/1932/3019 2417/1939/3019 2411/1933/3019
f 2411/1933/3020 2417/1939/3020 2418/1940/3020
f 2412/1934/3021 2144/1666/3021 2413/1935/3021
f 2413/1935/3022 2144/1666/3022 2151/1673/3022
f 2413/1935/3023 2151/1673/3023 2414/1936/3023
f 2414/1936/3024 2151/1673/3024 2152/1674/3024
f 2414/1936/3025 2152/1674/3025 2415/1937/3025
f 2415/1937/3026 2152/1674/3026 2153/1675/3026
f 2415/1937/3027 2153/1675/3027 2407/1929/3027
f 2407/1929/3028 2153/1675/3028 2148/1670/3028
f 2407/1929/3029 2148/1670/3029 2391/1913/3029
f 2391/1913/3030 2148/1670/3030 2141/1663/3030
f 2408/1930/3031 2141/1663/3031 2416/1938/3031
f 2416/1938/3032 2141/1663/3032 2154/1676/3032
f 2416/1938/3033 2154/1676/3033 2417/1939/3033
f 2417/1939/3034 2154/1676/3034 2155/1677/3034
f 2417/1939/3035 2155/1677/3035 2418/1940/3035
f 2418/1940/3036 2155/1677/3036 2156/1678/3036
f 2418/1940/3037 2156/1678/3037 2419/1941/3037
f 2091/1613/3038 2088/1610/3038 2420/1942/3038
f 2091/1613/3039 2420/1942/3039 2093/1615/3039
f 2093/1615/3040 2420/1942/3040 2421/1943/3040
f 2093/1615/3041 2421/1943/3041 2095/1617/3041
f 2103/1625/3042 2099/1621/3042 2422/1944/3042
f 2103/1625/3043 2422/1944/3043 2106/1628/3043
f 2106/1628/3044 2422/1944/3044 2111/1633/3044
f 2111/1633/3045 2423/1945/3045 2121/1643/3045
f 2121/1643/3046 2424/1946/3046 2131/1653/3046
f 2136/1658/3047 2131/1653/3047 2425/1947/3047
f 2136/1658/3048 2425/1947/3048 2143/1665/3048
f 2143/1665/3049 2425/1947/3049 2426/1948/3049
f 2143/1665/3050 2426/1948/3050 2150/1672/3050
f 2150/1672/3051 2426/1948/3051 2427/1949/3051
f 2150/1672/3052 2427/1949/3052 2156/1678/3052
f 2156/1678/3053 2427/1949/3053 2419/1941/3053
f 2087/1609/3054 2086/1608/3054 2090/1612/3054
f 2090/1612/3055 2086/1608/3055 2428/1950/3055
f 2090/1612/3056 2428/1950/3056 2088/1610/3056
f 2088/1610/3057 2428/1950/3057 2429/1951/3057
f 2088/1610/3058 2429/1951/3058 2420/1942/3058
f 2095/1617/3059 2421/1943/3059 2430/1952/3059
f 2095/1617/3060 2430/1952/3060 2099/1621/3060
f 2121/1643/3061 2423/1945/3061 2431/1953/3061
f 2121/1643/3062 2431/1953/3062 2424/1946/3062
f 2131/1653/3063 2424/1946/3063 2432/1954/3063
f 2131/1653/3064 2432/1954/3064 2425/1947/3064
f 2427/1949/3065 2426/1948/3065 2433/1955/3065
f 2085/1607/3066 2434/1956/3066 2086/1608/3066
f 2420/1942/3067 2429/1951/3067 2435/1957/3067
f 2420/1942/3068 2435/1957/3068 2421/1943/3068
f 2421/1943/3069 2435/1957/3069 2436/1958/3069
f 2421/1943/3070 2436/1958/3070 2430/1952/3070
f 2099/1621/3071 2430/1952/3071 2437/1959/3071
f 2099/1621/3072 2437/1959/3072 2422/1944/3072
f 2422/1944/3073 2437/1959/3073 2438/1960/3073
f 2422/1944/3074 2438/1960/3074 2111/1633/3074
f 2111/1633/3075 2438/1960/3075 2439/1961/3075
f 2111/1633/3076 2439/1961/3076 2423/1945/3076
f 2423/1945/3077 2440/1962/3077 2431/1953/3077
f 2424/1946/3078 2431/1953/3078 2441/1963/3078
f 2424/1946/3079 2441/1963/3079 2432/1954/3079
f 2425/1947/3080 2432/1954/3080 2442/1964/3080
f 2425/1947/3081 2442/1964/3081 2426/1948/3081
f 2426/1948/3082 2442/1964/3082 2433/1955/3082
f 2085/1607/3083 2084/1606/3083 2434/1956/3083
f 2086/1608/3084 2434/1956/3084 2443/1965/3084
f 2086/1608/3085 2443/1965/3085 2428/1950/3085
f 2428/1950/3086 2443/1965/3086 2444/1966/3086
f 2428/1950/3087 2444/1966/3087 2429/1951/3087
f 2429/1951/3088 2444/1966/3088 2445/1967/3088
f 2429/1951/3089 2445/1967/3089 2435/1957/3089
f 2430/1952/3090 2436/1958/3090 2437/1959/3090
f 2423/1945/3091 2439/1961/3091 2446/1968/3091
f 2423/1945/3092 2446/1968/3092 2440/1962/3092
f 2432/1954/3093 2441/1963/3093 2447/1969/3093
f 2432/1954/3094 2447/1969/3094 2442/1964/3094
f 2083/1605/3095 2448/1970/3095 2084/1606/3095
f 2434/1956/3096 2084/1606/3096 2449/1971/3096
f 2434/1956/3097 2449/1971/3097 2443/1965/3097
f 2436/1958/3098 2435/1957/3098 2437/1959/3098
f 2438/1960/3099 2450/1972/3099 2439/1961/3099
f 2439/1961/3100 2451/1973/3100 2446/1968/3100
f 2440/1962/3101 2446/1968/3101 2452/1974/3101
f 2440/1962/3102 2452/1974/3102 2431/1953/3102
f 2431/1953/3103 2452/1974/3103 2453/1975/3103
f 2431/1953/3104 2453/1975/3104 2441/1963/3104
f 2441/1963/3105 2453/1975/3105 2454/1976/3105
f 2441/1963/3106 2454/1976/3106 2447/1969/3106
f 2083/1605/3107 2082/1604/3107 2448/1970/3107
f 2084/1606/3108 2448/1970/3108 2455/1977/3108
f 2084/1606/3109 2455/1977/3109 2449/1971/3109
f 2443/1965/3110 2449/1971/3110 2456/1978/3110
f 2443/1965/3111 2456/1978/3111 2444/1966/3111
f 2444/1966/3112 2456/1978/3112 2457/1979/3112
f 2444/1966/3113 2457/1979/3113 2445/1967/3113
f 2435/1957/3114 2445/1967/3114 2458/1980/3114
f 2435/1957/3115 2458/1980/3115 2437/1959/3115
f 2437/1959/3116 2458/1980/3116 2438/1960/3116
f 2439/1961/3117 2450/1972/3117 2459/1981/3117
f 2439/1961/3118 2459/1981/3118 2451/1973/3118
f 2446/1968/3119 2451/1973/3119 2460/1982/3119
f 2446/1968/3120 2460/1982/3120 2452/1974/3120
f 2454/1976/3121 2453/1975/3121 2461/1983/3121
f 2080/1602/3122 2079/1601/3122 2082/1604/3122
f 2445/1967/3123 2457/1979/3123 2458/1980/3123
f 2438/1960/3124 2458/1980/3124 2462/1984/3124
f 2438/1960/3125 2462/1984/3125 2450/1972/3125
f 2450/1972/3126 2463/1985/3126 2459/1981/3126
f 2451/1973/3127 2459/1981/3127 2464/1986/3127
f 2451/1973/3128 2464/1986/3128 2460/1982/3128
f 2452/1974/3129 2460/1982/3129 2465/1987/3129
f 2452/1974/3130 2465/1987/3130 2453/1975/3130
f 2453/1975/3131 2465/1987/3131 2461/1983/3131
f 2081/1603/3132 2466/1988/3132 2079/1601/3132
f 2082/1604/3133 2079/1601/3133 2467/1989/3133
f 2082/1604/3134 2467/1989/3134 2448/1970/3134
f 2448/1970/3135 2467/1989/3135 2468/1990/3135
f 2448/1970/3136 2468/1990/3136 2455/1977/3136
f 2455/1977/3137 2468/1990/3137 2469/1991/3137
f 2455/1977/3138 2469/1991/3138 2449/1971/3138
f 2449/1971/3139 2469/1991/3139 2470/1992/3139
f 2449/1971/3140 2470/1992/3140 2456/1978/3140
f 2457/1979/3141 2456/1978/3141 2458/1980/3141
f 2471/1993/3142 2472/1994/3142 2473/1995/3142 2474/1996/3142
f 2450/1972/3143 2462/1984/3143 2475/1997/3143
f 2450/1972/3144 2475/1997/3144 2463/1985/3144
f 2460/1982/3145 2464/1986/3145 2476/1998/3145
f 2460/1982/3146 2476/1998/3146 2465/1987/3146
f 2079/1601/3147 2466/1988/3147 2477/1999/3147
f 2079/1601/3148 2477/1999/3148 2467/1989/3148
f 2456/1978/3149 2470/1992/3149 2478/2000/3149
f 2456/1978/3150 2478/2000/3150 2458/1980/3150
f 2458/1980/3151 2478/2000/3151 2479/2001/3151
f 2458/1980/3152 2479/2001/3152 2462/1984/3152
f 2462/1984/3153 2480/2002/3153 2475/1997/3153
f 2463/1985/3154 2475/1997/3154 2481/2003/3154
f 2463/1985/3155 2481/2003/3155 2459/1981/3155
f 2459/1981/3156 2481/2003/3156 2482/2004/3156
f 2459/1981/3157 2482/2004/3157 2464/1986/3157
f 2464/1986/3158 2482/2004/3158 2483/2005/3158
f 2464/1986/3159 2483/2005/3159 2476/1998/3159
f 2466/1988/3160 2484/2006/3160 2477/1999/3160
f 2468/1990/3161 2467/1989/3161 2485/2007/3161
f 2468/1990/3162 2485/2007/3162 2469/1991/3162
f 2470/1992/3163 2469/1991/3163 2478/2000/3163
f 2478/2000/3164 2486/2008/3164 2479/2001/3164
f 2462/1984/3165 2479/2001/3165 2487/2009/3165
f 2462/1984/3166 2487/2009/3166 2480/2002/3166
f 2475/1997/3167 2480/2002/3167 2488/2010/3167
f 2475/1997/3168 2488/2010/3168 2481/2003/3168
f 2483/2005/3169 2482/2004/3169 2489/2011/3169
f 2477/1999/3170 2484/2006/3170 2490/2012/3170
f 2477/1999/3171 2490/2012/3171 2467/1989/3171
f 2467/1989/3172 2490/2012/3172 2491/2013/3172
f 2467/1989/3173 2491/2013/3173 2485/2007/3173
f 2469/1991/3174 2485/2007/3174 2492/2014/3174
f 2469/1991/3175 2492/2014/3175 2478/2000/3175
f 2478/2000/3176 2492/2014/3176 2486/2008/3176
f 2479/2001/3177 2493/2015/3177 2487/2009/3177
f 2480/2002/3178 2487/2009/3178 2494/2016/3178
f 2480/2002/3179 2494/2016/3179 2488/2010/3179
f 2481/2003/3180 2488/2010/3180 2495/2017/3180
f 2481/2003/3181 2495/2017/3181 2482/2004/3181
f 2482/2004/3182 2495/2017/3182 2489/2011/3182
f 2484/2006/3183 2496/2018/3183 2490/2012/3183
f 2485/2007/3184 2491/2013/3184 2497/2019/3184
f 2485/2007/3185 2497/2019/3185 2492/2014/3185
f 2492/2014/3186 2498/2020/3186 2486/2008/3186
f 2479/2001/3187 2486/2008/3187 2499/2021/3187
f 2479/2001/3188 2499/2021/3188 2493/2015/3188
f 2487/2009/3189 2493/2015/3189 2500/2022/3189
f 2487/2009/3190 2500/2022/3190 2494/2016/3190
f 2488/2010/3191 2494/2016/3191 2501/2023/3191
f 2488/2010/3192 2501/2023/3192 2495/2017/3192
f 2491/2013/3193 2490/2012/3193 2497/2019/3193
f 2486/2008/3194 2498/2020/3194 2502/2024/3194
f 2486/2008/3195 2502/2024/3195 2499/2021/3195
f 2493/2015/3196 2499/2021/3196 2503/2025/3196
f 2493/2015/3197 2503/2025/3197 2500/2022/3197
f 2494/2016/3198 2500/2022/3198 2504/2026/3198
f 2494/2016/3199 2504/2026/3199 2501/2023/3199
f 2496/2018/3200 2505/2027/3200 2490/2012/3200
f 2490/2012/3201 2505/2027/3201 2497/2019/3201
f 2492/2014/3202 2497/2019/3202 2506/2028/3202
f 2492/2014/3203 2506/2028/3203 2498/2020/3203
f 2498/2020/3204 2507/2029/3204 2502/2024/3204
f 2499/2021/3205 2502/2024/3205 2508/2030/3205
f 2499/2021/3206 2508/2030/3206 2503/2025/3206
f 2500/2022/3207 2503/2025/3207 2509/2031/3207
f 2500/2022/3208 2509/2031/3208 2504/2026/3208
f 2497/2019/3209 2505/2027/3209 2510/2032/3209
f 2497/2019/3210 2510/2032/3210 2506/2028/3210
f 2498/2020/3211 2506/2028/3211 2511/2033/3211
f 2498/2020/3212 2511/2033/3212 2507/2029/3212
f 2502/2024/3213 2507/2029/3213 2512/2034/3213
f 2502/2024/3214 2512/2034/3214 2508/2030/3214
f 2503/2025/3215 2508/2030/3215 2513/2035/3215
f 2503/2025/3216 2513/2035/3216 2509/2031/3216
f 2510/2032/3217 2514/2036/3217 2506/2028/3217
f 2506/2028/3218 2515/2037/3218 2511/2033/3218
f 2507/2029/3219 2511/2033/3219 2516/2038/3219
f 2507/2029/3220 2516/2038/3220 2512/2034/3220
f 2508/2030/3221 2512/2034/3221 2517/2039/3221
f 2508/2030/3222 2517/2039/3222 2513/2035/3222
f 2514/2036/3223 2518/2040/3223 2506/2028/3223
f 2506/2028/3224 2518/2040/3224 2519/2041/3224
f 2506/2028/3225 2519/2041/3225 2515/2037/3225
f 2511/2033/3226 2515/2037/3226 2520/2042/3226
f 2511/2033/3227 2520/2042/3227 2516/2038/3227
f 2512/2034/3228 2516/2038/3228 2521/2043/3228
f 2512/2034/3229 2521/2043/3229 2517/2039/3229
f 2515/2037/3230 2519/2041/3230 2522/2044/3230
f 2515/2037/3231 2522/2044/3231 2520/2042/3231
f 2516/2038/3232 2520/2042/3232 2523/2045/3232
f 2516/2038/3233 2523/2045/3233 2521/2043/3233
f 2514/2036/3234 2524/2046/3234 2518/2040/3234
f 2520/2042/3235 2522/2044/3235 2525/2047/3235
f 2520/2042/3236 2525/2047/3236 2523/2045/3236
f 2518/2040/3237 2524/2046/3237 2159/1681/3237
f 2518/2040/3238 2159/1681/3238 2519/2041/3238
f 2519/2041/3239 2159/1681/3239 2048/1570/3239
f 2519/2041/3240 2048/1570/3240 2522/2044/3240
f 2522/2044/3241 2048/1570/3241 2047/1569/3241
f 2522/2044/3242 2047/1569/3242 2525/2047/3242
f 2524/2046/3243 2157/1679/3243 2159/1681/3243
f 2048/1570/3244 2159/1681/3244 2526/2048/3244
f 2048/1570/3245 2526/2048/3245 2046/1568/3245
f 2527/2049/3246 2528/2050/3246 2158/1680/3246
f 2527/2049/3247 2158/1680/3247 2157/1679/3247
f 2527/2049/3248 2157/1679/3248 2529/2051/3248
f 2529/2051/3249 2157/1679/3249 2524/2046/3249
f 2529/2051/3250 2524/2046/3250 2530/2052/3250
f 2530/2052/3251 2524/2046/3251 2514/2036/3251
f 2531/2053/3252 2505/2027/3252 2496/2018/3252
f 2531/2053/3253 2496/2018/3253 2532/2054/3253
f 2532/2054/3254 2496/2018/3254 2484/2006/3254
f 2532/2054/3255 2484/2006/3255 2533/2055/3255
f 2533/2055/3256 2484/2006/3256 2466/1988/3256
f 2533/2055/3257 2466/1988/3257 2081/1603/3257
f 2159/1681/3258 2158/1680/3258 2526/2048/3258
f 2534/2056/3259 2528/2050/3259 2535/2057/3259
f 2535/2057/3260 2528/2050/3260 2527/2049/3260
f 2535/2057/3261 2527/2049/3261 2529/2051/3261
f 2535/2057/3262 2529/2051/3262 2536/2058/3262
f 2536/2058/3263 2529/2051/3263 2530/2052/3263
f 2536/2058/3264 2530/2052/3264 2537/2059/3264
f 2537/2059/3265 2530/2052/3265 2514/2036/3265
f 2537/2059/3266 2514/2036/3266 2510/2032/3266
f 2538/2060/3267 2510/2032/3267 2505/2027/3267
f 2538/2060/3268 2505/2027/3268 2531/2053/3268
f 2538/2060/3269 2531/2053/3269 2539/2061/3269
f 2539/2061/3270 2531/2053/3270 2532/2054/3270
f 2539/2061/3271 2532/2054/3271 2540/2062/3271
f 2540/2062/3272 2532/2054/3272 2533/2055/3272
f 2540/2062/3273 2533/2055/3273 2541/2063/3273
f 2541/2063/3274 2533/2055/3274 2081/1603/3274
f 2542/2064/3275 2534/2056/3275 2543/2065/3275
f 2543/2065/3276 2534/2056/3276 2535/2057/3276
f 2543/2065/3277 2535/2057/3277 2544/2066/3277
f 2544/2066/3278 2535/2057/3278 2536/2058/3278
f 2544/2066/3279 2536/2058/3279 2537/2059/3279
f 2164/1686/3280 2537/2059/3280 2510/2032/3280
f 2164/1686/3281 2510/2032/3281 2545/2067/3281
f 2545/2067/3282 2510/2032/3282 2538/2060/3282
f 2545/2067/3283 2538/2060/3283 2546/2068/3283
f 2546/2068/3284 2538/2060/3284 2547/2069/3284
f 2547/2069/3285 2538/2060/3285 2539/2061/3285
f 2547/2069/3286 2539/2061/3286 2540/2062/3286
f 2547/2069/3287 2540/2062/3287 2548/2070/3287
f 2548/2070/3288 2540/2062/3288 2541/2063/3288
f 2549/2071/3289 2542/2064/3289 2550/2072/3289
f 2550/2072/3290 2542/2064/3290 2543/2065/3290
f 2550/2072/3291 2543/2065/3291 2551/2073/3291
f 2551/2073/3292 2543/2065/3292 2544/2066/3292
f 2551/2073/3293 2544/2066/3293 2552/2074/3293
f 2552/2074/3294 2544/2066/3294 2537/2059/3294
f 2552/2074/3295 2537/2059/3295 2164/1686/3295
f 2553/2075/3296 2545/2067/3296 2546/2068/3296
f 2553/2075/3297 2546/2068/3297 2547/2069/3297
f 2553/2075/3298 2547/2069/3298 2554/2076/3298
f 2554/2076/3299 2547/2069/3299 2555/2077/3299
f 2555/2077/3300 2547/2069/3300 2548/2070/3300
f 2555/2077/3301 2548/2070/3301 2556/2078/3301
f 2556/2078/3302 2548/2070/3302 2541/2063/3302
f 2557/2079/3303 2549/2071/3303 2558/2080/3303
f 2558/2080/3304 2549/2071/3304 2550/2072/3304
f 2558/2080/3305 2550/2072/3305 2559/2081/3305
f 2559/2081/3306 2550/2072/3306 2551/2073/3306
f 2559/2081/3307 2551/2073/3307 2552/2074/3307
f 2166/1688/3308 2164/1686/3308 2545/2067/3308
f 2166/1688/3309 2545/2067/3309 2560/2082/3309
f 2560/2082/3310 2545/2067/3310 2553/2075/3310
f 2560/2082/3311 2553/2075/3311 2561/2083/3311
f 2561/2083/3312 2553/2075/3312 2554/2076/3312
f 2561/2083/3313 2554/2076/3313 2562/2084/3313
f 2562/2084/3314 2554/2076/3314 2555/2077/3314
f 2562/2084/3315 2555/2077/3315 2556/2078/3315
f 2077/1599/3316 2557/2079/3316 2078/1600/3316
f 2078/1600/3317 2557/2079/3317 2558/2080/3317
f 2078/1600/3318 2558/2080/3318 2161/1683/3318
f 2161/1683/3319 2558/2080/3319 2559/2081/3319
f 2161/1683/3320 2559/2081/3320 2162/1684/3320
f 2162/1684/3321 2559/2081/3321 2552/2074/3321
f 2162/1684/3322 2552/2074/3322 2164/1686/3322
f 2168/1690/3323 2166/1688/3323 2560/2082/3323
f 2168/1690/3324 2560/2082/3324 2170/1692/3324
f 2170/1692/3325 2560/2082/3325 2561/2083/3325
f 2170/1692/3326 2561/2083/3326 2171/1693/3326
f 2171/1693/3327 2561/2083/3327 2562/2084/3327
f 2171/1693/3328 2562/2084/3328 2173/1695/3328
f 2173/1695/3329 2562/2084/3329 2556/2078/3329
f 2563/2085/3330 2541/2063/3330 2081/1603/3330
f 2563/2085/3330 2081/1603/3330 2564/2086/3330
f 2564/2086/3330 2081/1603/3330 2080/1602/3330
f 2564/2086/3330 2080/1602/3330 2565/2087/3330
f 2565/2087/3330 2080/1602/3330 2083/1605/3330
f 2565/2087/3330 2083/1605/3330 2566/2088/3330
f 2566/2088/3330 2083/1605/3330 2085/1607/3330
f 2567/2089/3330 2144/1666/3330 2568/2090/3330
f 2568/2090/3330 2144/1666/3330 2569/2091/3330
f 2569/2091/3330 2144/1666/3330 2412/1934/3330
f 2569/2091/3331 2412/1934/3331 2403/1925/3331
f 2569/2091/3332 2403/1925/3332 2570/2092/3332
f 2570/2092/3332 2403/1925/3332 2402/1924/3332
f 2570/2092/3333 2402/1924/3333 2395/1917/3333
f 2570/2092/3334 2395/1917/3334 2571/2093/3334
f 2571/2093/3335 2395/1917/3335 2379/1901/3335
f 2571/2093/3330 2379/1901/3330 2572/2094/3330
f 2573/2095/3330 2100/1622/3330 2574/2096/3330
f 2574/2096/3330 2100/1622/3330 2107/1629/3330
f 2574/2096/3330 2107/1629/3330 2575/2097/3330
f 2575/2097/3330 2107/1629/3330 2115/1637/3330
f 2575/2097/3330 2115/1637/3330 2576/2098/3330
f 2576/2098/3330 2115/1637/3330 2125/1647/3330
f 2576/2098/3330 2125/1647/3330 2567/2089/3330
f 2567/2089/3336 2125/1647/3336 2132/1654/3336
f 2567/2089/3337 2132/1654/3337 2137/1659/3337
f 2567/2089/3330 2137/1659/3330 2144/1666/3330
f 2566/2088/3330 2085/1607/3330 2087/1609/3330
f 2566/2088/3330 2087/1609/3330 2577/2099/3330
f 2577/2099/3338 2087/1609/3338 2090/1612/3338
f 2577/2099/3339 2090/1612/3339 2089/1611/3339
f 2577/2099/3330 2089/1611/3330 2578/2100/3330
f 2578/2100/3330 2089/1611/3330 2092/1614/3330
f 2578/2100/3330 2092/1614/3330 2579/2101/3330
f 2579/2101/3330 2092/1614/3330 2096/1618/3330
f 2579/2101/3330 2096/1618/3330 2573/2095/3330
f 2573/2095/3330 2096/1618/3330 2100/1622/3330
f 2580/2102/3330 2317/1839/3330 2581/2103/3330
f 2581/2103/3330 2317/1839/3330 2300/1822/3330
f 2581/2103/3330 2300/1822/3330 2582/2104/3330
f 2582/2104/3330 2300/1822/3330 2284/1806/3330
f 2582/2104/3330 2284/1806/3330 2583/2105/3330
f 2583/2105/3330 2284/1806/3330 2584/2106/3330
f 2584/2106/3330 2284/1806/3330 2269/1791/3330
f 2584/2106/3330 2269/1791/3330 2585/2107/3330
f 2586/2108/3340 2194/1716/3340 2186/1708/3340
f 2586/2108/3341 2186/1708/3341 2587/2109/3341
f 2587/2109/3342 2186/1708/3342 2179/1701/3342
f 2587/2109/3343 2179/1701/3343 2588/2110/3343
f 2588/2110/3344 2179/1701/3344 2173/1695/3344
f 2588/2110/3330 2173/1695/3330 2589/2111/3330
f 2589/2111/3330 2173/1695/3330 2556/2078/3330
f 2589/2111/3330 2556/2078/3330 2563/2085/3330
f 2563/2085/3330 2556/2078/3330 2541/2063/3330
f 2379/1901/3330 2366/1888/3330 2572/2094/3330
f 2572/2094/3330 2366/1888/3330 2590/2112/3330
f 2590/2112/3330 2366/1888/3330 2360/1882/3330
f 2590/2112/3330 2360/1882/3330 2348/1870/3330
f 2590/2112/3330 2348/1870/3330 2591/2113/3330
f 2591/2113/3330 2348/1870/3330 2592/2114/3330
f 2592/2114/3330 2348/1870/3330 2336/1858/3330
f 2592/2114/3330 2336/1858/3330 2580/2102/3330
f 2580/2102/3330 2336/1858/3330 2331/1853/3330
f 2580/2102/3330 2331/1853/3330 2317/1839/3330
f 2269/1791/3330 2261/1783/3330 2585/2107/3330
f 2585/2107/3330 2261/1783/3330 2246/1768/3330
f 2585/2107/3330 2246/1768/3330 2593/2115/3330
f 2593/2115/3345 2246/1768/3345 2237/1759/3345
f 2593/2115/3346 2237/1759/3346 2229/1751/3346
f 2593/2115/3347 2229/1751/3347 2594/2116/3347
f 2594/2116/3348 2229/1751/3348 2220/1742/3348
f 2594/2116/3330 2220/1742/3330 2208/1730/3330
f 2594/2116/3330 2208/1730/3330 2595/2117/3330
f 2595/2117/3330 2208/1730/3330 2586/2108/3330
f 2586/2108/3349 2208/1730/3349 2200/1722/3349
f 2586/2108/3350 2200/1722/3350 2194/1716/3350
f 2596/2118/3351 2597/2119/3351 2598/2120/3351
f 2599/2121/3352 2600/2122/3352 2601/2123/3352
f 2600/2122/3353 2602/2124/3353 2603/2125/3353
f 2602/2124/3354 2604/2126/3354 2605/2127/3354
f 2604/2126/3355 2606/2128/3355 2607/2129/3355
f 2606/2128/3356 2608/2130/3356 2609/2131/3356
f 2608/2130/3357 2610/2132/3357 2611/2133/3357
f 2610/2132/3358 2612/2134/3358 2613/2135/3358
f 2614/2136/3359 2615/2137/3359 2616/2138/3359
f 2615/2137/3360 2617/2139/3360 2618/2140/3360
f 2617/2139/3361 2619/2141/3361 2620/2142/3361
f 2619/2141/3362 2621/2143/3362 2622/2144/3362
f 2621/2143/3363 2623/2145/3363 2624/2146/3363
f 2623/2145/3364 2625/2147/3364 2626/2148/3364
f 2625/2147/3365 2627/2149/3365 2628/2150/3365
f 2627/2149/3366 2629/2151/3366 2630/2152/3366
f 2629/2151/3367 2631/2153/3367 2632/2154/3367
f 2631/2153/3368 2633/2155/3368 2634/2156/3368
f 2633/2155/3369 2635/2157/3369 2636/2158/3369
f 2637/2159/3370 2638/2160/3370 2639/2161/3370
f 2640/2162/3371 2641/2163/3371 2638/2160/3371
f 2642/2164/3372 2643/2165/3372 2641/2163/3372
f 2644/2166/3373 2645/2167/3373 2643/2165/3373
f 2646/2168/3374 2645/2167/3374 2647/2169/3374
f 2646/2168/3375 2647/2169/3375 2648/2170/3375
f 2649/2171/3376 2646/2168/3376 2650/2172/3376
f 2650/2172/3377 2646/2168/3377 2648/2170/3377
f 2651/2173/3378 2649/2171/3378 2652/2174/3378
f 2652/2174/3379 2649/2171/3379 2650/2172/3379
f 2652/2174/3380 2650/2172/3380 2653/2175/3380
f 2654/2176/3381 2651/2173/3381 2652/2174/3381
f 2654/2176/3382 2652/2174/3382 2653/2175/3382
f 2654/2176/3383 2653/2175/3383 2655/2177/3383
f 2656/2178/3384 2651/2173/3384 2657/2179/3384
f 2657/2179/3385 2651/2173/3385 2654/2176/3385
f 2657/2179/3386 2654/2176/3386 2658/2180/3386
f 2658/2180/3387 2654/2176/3387 2655/2177/3387
f 2658/2180/3388 2655/2177/3388 2659/2181/3388
f 2660/2182/3389 2656/2178/3389 2657/2179/3389
f 2660/2182/3390 2657/2179/3390 2661/2183/3390
f 2661/2183/3391 2657/2179/3391 2662/2184/3391
f 2662/2184/3392 2657/2179/3392 2658/2180/3392
f 2662/2184/3393 2658/2180/3393 2659/2181/3393
f 2662/2184/3394 2659/2181/3394 2663/2185/3394
f 2664/2186/3395 2660/2182/3395 2665/2187/3395
f 2665/2187/3396 2660/2182/3396 2661/2183/3396
f 2665/2187/3397 2661/2183/3397 2666/2188/3397
f 2666/2188/3398 2661/2183/3398 2662/2184/3398
f 2666/2188/3399 2662/2184/3399 2667/2189/3399
f 2667/2189/3400 2662/2184/3400 2663/2185/3400
f 2668/2190/3401 2664/2186/3401 2665/2187/3401
f 2668/2190/3402 2665/2187/3402 2669/2191/3402
f 2669/2191/3403 2665/2187/3403 2666/2188/3403
f 2669/2191/3404 2666/2188/3404 2670/2192/3404
f 2670/2192/3405 2666/2188/3405 2667/2189/3405
f 2670/2192/3406 2667/2189/3406 2671/2193/3406
f 2671/2193/3407 2667/2189/3407 2663/2185/3407
f 2671/2193/3408 2663/2185/3408 2672/2194/3408
f 2673/2195/3409 2664/2186/3409 2674/2196/3409
f 2674/2196/3410 2664/2186/3410 2668/2190/3410
f 2674/2196/3411 2668/2190/3411 2675/2197/3411
f 2675/2197/3412 2668/2190/3412 2669/2191/3412
f 2675/2197/3413 2669/2191/3413 2676/2198/3413
f 2676/2198/3414 2669/2191/3414 2670/2192/3414
f 2676/2198/3415 2670/2192/3415 2671/2193/3415
f 2677/2199/3416 2673/2195/3416 2674/2196/3416
f 2677/2199/3417 2674/2196/3417 2678/2200/3417
f 2678/2200/3418 2674/2196/3418 2675/2197/3418
f 2678/2200/3419 2675/2197/3419 2679/2201/3419
f 2679/2201/3420 2675/2197/3420 2676/2198/3420
f 2679/2201/3421 2676/2198/3421 2680/2202/3421
f 2680/2202/3422 2676/2198/3422 2671/2193/3422
f 2680/2202/3423 2671/2193/3423 2672/2194/3423
f 2681/2203/3424 2673/2195/3424 2682/2204/3424
f 2682/2204/3425 2673/2195/3425 2677/2199/3425
f 2682/2204/3426 2677/2199/3426 2683/2205/3426
f 2683/2205/3427 2677/2199/3427 2678/2200/3427
f 2683/2205/3428 2678/2200/3428 2679/2201/3428
f 2683/2205/3429 2679/2201/3429 2684/2206/3429
f 2684/2206/3430 2679/2201/3430 2680/2202/3430
f 2680/2202/3431 2672/2194/3431 2685/2207/3431
f 2685/2207/3432 2672/2194/3432 2686/2208/3432
f 2685/2207/3433 2686/2208/3433 2687/2209/3433
f 2688/2210/3434 2681/2203/3434 2682/2204/3434
f 2688/2210/3435 2682/2204/3435 2689/2211/3435
f 2689/2211/3436 2682/2204/3436 2683/2205/3436
f 2689/2211/3437 2683/2205/3437 2690/2212/3437
f 2690/2212/3438 2683/2205/3438 2691/2213/3438
f 2691/2213/3439 2683/2205/3439 2684/2206/3439
f 2691/2213/3440 2684/2206/3440 2692/2214/3440
f 2692/2214/3441 2684/2206/3441 2680/2202/3441
f 2692/2214/3442 2680/2202/3442 2693/2215/3442
f 2693/2215/3443 2680/2202/3443 2685/2207/3443
f 2694/2216/3444 2685/2207/3444 2687/2209/3444
f 2695/2217/3445 2688/2210/3445 2696/2218/3445
f 2696/2218/3446 2688/2210/3446 2689/2211/3446
f 2696/2218/3447 2689/2211/3447 2697/2219/3447
f 2697/2219/3448 2689/2211/3448 2690/2212/3448
f 2697/2219/3449 2690/2212/3449 2698/2220/3449
f 2698/2220/3450 2690/2212/3450 2691/2213/3450
f 2698/2220/3451 2691/2213/3451 2692/2214/3451
f 2699/2221/3452 2693/2215/3452 2685/2207/3452
f 2699/2221/3453 2685/2207/3453 2700/2222/3453
f 2700/2222/3454 2685/2207/3454 2694/2216/3454
f 2700/2222/3455 2694/2216/3455 2701/2223/3455
f 2702/2224/3456 2695/2217/3456 2703/2225/3456
f 2703/2225/3457 2695/2217/3457 2696/2218/3457
f 2703/2225/3458 2696/2218/3458 2704/2226/3458
f 2704/2226/3459 2696/2218/3459 2697/2219/3459
f 2704/2226/3460 2697/2219/3460 2705/2227/3460
f 2705/2227/3461 2697/2219/3461 2698/2220/3461
f 2705/2227/3462 2698/2220/3462 2706/2228/3462
f 2706/2228/3463 2698/2220/3463 2692/2214/3463
f 2706/2228/3464 2692/2214/3464 2693/2215/3464
f 2707/2229/3465 2699/2221/3465 2708/2230/3465
f 2708/2230/3466 2699/2221/3466 2700/2222/3466
f 2708/2230/3467 2700/2222/3467 2709/2231/3467
f 2709/2231/3468 2700/2222/3468 2701/2223/3468
f 2710/2232/3469 2702/2224/3469 2703/2225/3469
f 2710/2232/3470 2703/2225/3470 2711/2233/3470
f 2711/2233/3471 2703/2225/3471 2704/2226/3471
f 2711/2233/3472 2704/2226/3472 2712/2234/3472
f 2712/2234/3473 2704/2226/3473 2705/2227/3473
f 2712/2234/3474 2705/2227/3474 2713/2235/3474
f 2713/2235/3475 2705/2227/3475 2706/2228/3475
f 2707/2229/3476 2693/2215/3476 2699/2221/3476
f 2714/2236/3477 2707/2229/3477 2708/2230/3477
f 2714/2236/3478 2708/2230/3478 2715/2237/3478
f 2715/2237/3479 2708/2230/3479 2709/2231/3479
f 2715/2237/3480 2709/2231/3480 2716/2238/3480
f 2717/2239/3481 2718/2240/3481 2719/2241/3481
f 2634/2156/3482 2633/2155/3482 2636/2158/3482
f 2634/2156/3483 2636/2158/3483 2720/2242/3483
f 2720/2242/3484 2636/2158/3484 2721/2243/3484
f 2720/2242/3485 2721/2243/3485 2722/2244/3485
f 2722/2244/3486 2721/2243/3486 2723/2245/3486
f 2724/2246/3487 2725/2247/3487 2726/2248/3487
f 2726/2248/3488 2725/2247/3488 2727/2249/3488
f 2726/2248/3489 2727/2249/3489 2728/2250/3489
f 2728/2250/3490 2727/2249/3490 2729/2251/3490
f 2728/2250/3491 2729/2251/3491 2730/2252/3491
f 2728/2250/3492 2730/2252/3492 2731/2253/3492
f 2731/2253/3493 2730/2252/3493 2732/2254/3493
f 2632/2154/3494 2631/2153/3494 2634/2156/3494
f 2632/2154/3495 2634/2156/3495 2733/2255/3495
f 2733/2255/3496 2634/2156/3496 2720/2242/3496
f 2733/2255/3497 2720/2242/3497 2722/2244/3497
f 2734/2256/3498 2722/2244/3498 2735/2257/3498
f 2735/2257/3499 2722/2244/3499 2725/2247/3499
f 2735/2257/3500 2725/2247/3500 2724/2246/3500
f 2736/2258/3501 2724/2246/3501 2726/2248/3501
f 2736/2258/3502 2726/2248/3502 2737/2259/3502
f 2737/2259/3503 2726/2248/3503 2728/2250/3503
f 2737/2259/3504 2728/2250/3504 2738/2260/3504
f 2738/2260/3505 2728/2250/3505 2731/2253/3505
f 2738/2260/3506 2731/2253/3506 2739/2261/3506
f 2739/2261/3507 2731/2253/3507 2732/2254/3507
f 2630/2152/3508 2629/2151/3508 2632/2154/3508
f 2630/2152/3509 2632/2154/3509 2740/2262/3509
f 2740/2262/3510 2632/2154/3510 2733/2255/3510
f 2740/2262/3511 2733/2255/3511 2734/2256/3511
f 2734/2256/3512 2733/2255/3512 2722/2244/3512
f 2741/2263/3513 2724/2246/3513 2736/2258/3513
f 2741/2263/3514 2736/2258/3514 2742/2264/3514
f 2742/2264/3515 2736/2258/3515 2737/2259/3515
f 2742/2264/3516 2737/2259/3516 2743/2265/3516
f 2743/2265/3517 2737/2259/3517 2738/2260/3517
f 2743/2265/3518 2738/2260/3518 2744/2266/3518
f 2744/2266/3519 2738/2260/3519 2739/2261/3519
f 2628/2150/3520 2627/2149/3520 2630/2152/3520
f 2628/2150/3521 2630/2152/3521 2745/2267/3521
f 2745/2267/3522 2630/2152/3522 2740/2262/3522
f 2745/2267/3523 2740/2262/3523 2746/2268/3523
f 2746/2268/3524 2740/2262/3524 2734/2256/3524
f 2747/2269/3525 2735/2257/3525 2724/2246/3525
f 2747/2269/3526 2724/2246/3526 2748/2270/3526
f 2748/2270/3527 2724/2246/3527 2741/2263/3527
f 2748/2270/3528 2741/2263/3528 2749/2271/3528
f 2749/2271/3529 2741/2263/3529 2742/2264/3529
f 2749/2271/3530 2742/2264/3530 2743/2265/3530
f 2749/2271/3531 2743/2265/3531 2750/2272/3531
f 2750/2272/3532 2743/2265/3532 2744/2266/3532
f 2750/2272/3533 2744/2266/3533 2751/2273/3533
f 2626/2148/3534 2625/2147/3534 2628/2150/3534
f 2626/2148/3535 2628/2150/3535 2752/2274/3535
f 2752/2274/3536 2628/2150/3536 2745/2267/3536
f 2752/2274/3537 2745/2267/3537 2746/2268/3537
f 2752/2274/3538 2746/2268/3538 2753/2275/3538
f 2753/2275/3539 2746/2268/3539 2734/2256/3539
f 2753/2275/3540 2734/2256/3540 2735/2257/3540
f 2754/2276/3541 2747/2269/3541 2748/2270/3541
f 2754/2276/3542 2748/2270/3542 2755/2277/3542
f 2755/2277/3543 2748/2270/3543 2749/2271/3543
f 2755/2277/3544 2749/2271/3544 2756/2278/3544
f 2756/2278/3545 2749/2271/3545 2750/2272/3545
f 2756/2278/3546 2750/2272/3546 2757/2279/3546
f 2757/2279/3547 2750/2272/3547 2751/2273/3547
f 2624/2146/3548 2623/2145/3548 2626/2148/3548
f 2624/2146/3549 2626/2148/3549 2752/2274/3549
f 2624/2146/3550 2752/2274/3550 2758/2280/3550
f 2758/2280/3551 2752/2274/3551 2753/2275/3551
f 2759/2281/3552 2753/2275/3552 2735/2257/3552
f 2759/2281/3553 2735/2257/3553 2760/2282/3553
f 2760/2282/3554 2735/2257/3554 2747/2269/3554
f 2760/2282/3555 2747/2269/3555 2754/2276/3555
f 2760/2282/3556 2754/2276/3556 2761/2283/3556
f 2761/2283/3557 2754/2276/3557 2755/2277/3557
f 2761/2283/3558 2755/2277/3558 2762/2284/3558
f 2762/2284/3559 2755/2277/3559 2756/2278/3559
f 2762/2284/3560 2756/2278/3560 2763/2285/3560
f 2763/2285/3561 2756/2278/3561 2757/2279/3561
f 2763/2285/3562 2757/2279/3562 2764/2286/3562
f 2622/2144/3563 2621/2143/3563 2624/2146/3563
f 2622/2144/3564 2624/2146/3564 2765/2287/3564
f 2765/2287/3565 2624/2146/3565 2758/2280/3565
f 2765/2287/3566 2758/2280/3566 2766/2288/3566
f 2766/2288/3567 2758/2280/3567 2753/2275/3567
f 2766/2288/3568 2753/2275/3568 2767/2289/3568
f 2767/2289/3569 2753/2275/3569 2759/2281/3569
f 2768/2290/3570 2760/2282/3570 2761/2283/3570
f 2768/2290/3571 2761/2283/3571 2769/2291/3571
f 2769/2291/3572 2761/2283/3572 2762/2284/3572
f 2769/2291/3573 2762/2284/3573 2770/2292/3573
f 2770/2292/3574 2762/2284/3574 2763/2285/3574
f 2770/2292/3575 2763/2285/3575 2764/2286/3575
f 2620/2142/3576 2619/2141/3576 2622/2144/3576
f 2620/2142/3577 2622/2144/3577 2771/2293/3577
f 2771/2293/3578 2622/2144/3578 2765/2287/3578
f 2771/2293/3579 2765/2287/3579 2766/2288/3579
f 2772/2294/3580 2767/2289/3580 2759/2281/3580
f 2772/2294/3581 2759/2281/3581 2773/2295/3581
f 2773/2295/3582 2759/2281/3582 2760/2282/3582
f 2773/2295/3583 2760/2282/3583 2768/2290/3583
f 2773/2295/3584 2768/2290/3584 2774/2296/3584
f 2774/2296/3585 2768/2290/3585 2769/2291/3585
f 2774/2296/3586 2769/2291/3586 2775/2297/3586
f 2775/2297/3587 2769/2291/3587 2770/2292/3587
f 2775/2297/3588 2770/2292/3588 2776/2298/3588
f 2776/2298/3589 2770/2292/3589 2764/2286/3589
f 2618/2140/3590 2617/2139/3590 2620/2142/3590
f 2618/2140/3591 2620/2142/3591 2777/2299/3591
f 2777/2299/3592 2620/2142/3592 2771/2293/3592
f 2777/2299/3593 2771/2293/3593 2778/2300/3593
f 2778/2300/3594 2771/2293/3594 2766/2288/3594
f 2778/2300/3595 2766/2288/3595 2767/2289/3595
f 2779/2301/3596 2772/2294/3596 2773/2295/3596
f 2779/2301/3597 2773/2295/3597 2780/2302/3597
f 2780/2302/3598 2773/2295/3598 2774/2296/3598
f 2780/2302/3599 2774/2296/3599 2781/2303/3599
f 2781/2303/3600 2774/2296/3600 2775/2297/3600
f 2781/2303/3601 2775/2297/3601 2782/2304/3601
f 2782/2304/3602 2775/2297/3602 2776/2298/3602
f 2616/2138/3603 2615/2137/3603 2618/2140/3603
f 2616/2138/3604 2618/2140/3604 2783/2305/3604
f 2783/2305/3605 2618/2140/3605 2777/2299/3605
f 2783/2305/3606 2777/2299/3606 2778/2300/3606
f 2784/2306/3607 2778/2300/3607 2767/2289/3607
f 2785/2307/3608 2767/2289/3608 2772/2294/3608
f 2785/2307/3609 2772/2294/3609 2786/2308/3609
f 2786/2308/3610 2772/2294/3610 2779/2301/3610
f 2786/2308/3611 2779/2301/3611 2787/2309/3611
f 2787/2309/3612 2779/2301/3612 2780/2302/3612
f 2787/2309/3613 2780/2302/3613 2788/2310/3613
f 2788/2310/3614 2780/2302/3614 2781/2303/3614
f 2788/2310/3615 2781/2303/3615 2789/2311/3615
f 2789/2311/3616 2781/2303/3616 2782/2304/3616
f 2614/2136/3617 2616/2138/3617 2790/2312/3617
f 2790/2312/3618 2616/2138/3618 2783/2305/3618
f 2790/2312/3619 2783/2305/3619 2791/2313/3619
f 2791/2313/3620 2783/2305/3620 2784/2306/3620
f 2784/2306/3621 2783/2305/3621 2778/2300/3621
f 2792/2314/3622 2784/2306/3622 2767/2289/3622
f 2792/2314/3623 2767/2289/3623 2785/2307/3623
f 2793/2315/3624 2785/2307/3624 2786/2308/3624
f 2793/2315/3625 2786/2308/3625 2794/2316/3625
f 2794/2316/3626 2786/2308/3626 2787/2309/3626
f 2794/2316/3627 2787/2309/3627 2795/2317/3627
f 2795/2317/3628 2787/2309/3628 2788/2310/3628
f 2795/2317/3629 2788/2310/3629 2796/2318/3629
f 2796/2318/3630 2788/2310/3630 2789/2311/3630
f 2797/2319/3631 2614/2136/3631 2798/2320/3631
f 2798/2320/3632 2614/2136/3632 2790/2312/3632
f 2798/2320/3633 2790/2312/3633 2799/2321/3633
f 2799/2321/3634 2790/2312/3634 2791/2313/3634
f 2799/2321/3635 2791/2313/3635 2800/2322/3635
f 2800/2322/3636 2791/2313/3636 2784/2306/3636
f 2800/2322/3637 2784/2306/3637 2792/2314/3637
f 2801/2323/3638 2792/2314/3638 2785/2307/3638
f 2801/2323/3639 2785/2307/3639 2802/2324/3639
f 2802/2324/3640 2785/2307/3640 2793/2315/3640
f 2802/2324/3641 2793/2315/3641 2803/2325/3641
f 2803/2325/3642 2793/2315/3642 2794/2316/3642
f 2803/2325/3643 2794/2316/3643 2804/2326/3643
f 2804/2326/3644 2794/2316/3644 2795/2317/3644
f 2804/2326/3645 2795/2317/3645 2805/2327/3645
f 2805/2327/3646 2795/2317/3646 2796/2318/3646
f 2806/2328/3647 2797/2319/3647 2807/2329/3647
f 2807/2329/3648 2797/2319/3648 2798/2320/3648
f 2807/2329/3649 2798/2320/3649 2808/2330/3649
f 2808/2330/3650 2798/2320/3650 2799/2321/3650
f 2808/2330/3651 2799/2321/3651 2800/2322/3651
f 2809/2331/3652 2800/2322/3652 2792/2314/3652
f 2810/2332/3653 2801/2323/3653 2802/2324/3653
f 2810/2332/3654 2802/2324/3654 2811/2333/3654
f 2811/2333/3655 2802/2324/3655 2803/2325/3655
f 2811/2333/3656 2803/2325/3656 2804/2326/3656
f 2811/2333/3657 2804/2326/3657 2812/2334/3657
f 2812/2334/3658 2804/2326/3658 2805/2327/3658
f 2812/2334/3659 2805/2327/3659 2813/2335/3659
f 2814/2336/3660 2806/2328/3660 2815/2337/3660
f 2815/2337/3661 2806/2328/3661 2807/2329/3661
f 2815/2337/3662 2807/2329/3662 2816/2338/3662
f 2816/2338/3663 2807/2329/3663 2808/2330/3663
f 2816/2338/3664 2808/2330/3664 2809/2331/3664
f 2809/2331/3665 2808/2330/3665 2800/2322/3665
f 2817/2339/3666 2792/2314/3666 2801/2323/3666
f 2817/2339/3667 2801/2323/3667 2818/2340/3667
f 2818/2340/3668 2801/2323/3668 2810/2332/3668
f 2818/2340/3669 2810/2332/3669 2811/2333/3669
f 2818/2340/3670 2811/2333/3670 2819/2341/3670
f 2819/2341/3671 2811/2333/3671 2820/2342/3671
f 2820/2342/3672 2811/2333/3672 2812/2334/3672
f 2820/2342/3673 2812/2334/3673 2821/2343/3673
f 2821/2343/3674 2812/2334/3674 2813/2335/3674
f 2822/2344/3675 2814/2336/3675 2823/2345/3675
f 2823/2345/3676 2814/2336/3676 2815/2337/3676
f 2823/2345/3677 2815/2337/3677 2824/2346/3677
f 2824/2346/3678 2815/2337/3678 2816/2338/3678
f 2824/2346/3679 2816/2338/3679 2825/2347/3679
f 2825/2347/3680 2816/2338/3680 2809/2331/3680
f 2825/2347/3681 2809/2331/3681 2817/2339/3681
f 2817/2339/3682 2809/2331/3682 2792/2314/3682
f 2826/2348/3683 2817/2339/3683 2818/2340/3683
f 2826/2348/3684 2818/2340/3684 2827/2349/3684
f 2827/2349/3685 2818/2340/3685 2819/2341/3685
f 2827/2349/3686 2819/2341/3686 2828/2350/3686
f 2828/2350/3687 2819/2341/3687 2820/2342/3687
f 2828/2350/3688 2820/2342/3688 2821/2343/3688
f 2829/2351/3689 2822/2344/3689 2830/2352/3689
f 2830/2352/3690 2822/2344/3690 2823/2345/3690
f 2830/2352/3691 2823/2345/3691 2831/2353/3691
f 2831/2353/3692 2823/2345/3692 2824/2346/3692
f 2831/2353/3693 2824/2346/3693 2825/2347/3693
f 2832/2354/3694 2825/2347/3694 2833/2355/3694
f 2833/2355/3695 2825/2347/3695 2817/2339/3695
f 2834/2356/3696 2817/2339/3696 2826/2348/3696
f 2834/2356/3697 2826/2348/3697 2835/2357/3697
f 2835/2357/3698 2826/2348/3698 2827/2349/3698
f 2835/2357/3699 2827/2349/3699 2836/2358/3699
f 2836/2358/3700 2827/2349/3700 2828/2350/3700
f 2836/2358/3701 2828/2350/3701 2837/2359/3701
f 2837/2359/3702 2828/2350/3702 2821/2343/3702
f 2838/2360/3703 2829/2351/3703 2839/2361/3703
f 2839/2361/3704 2829/2351/3704 2830/2352/3704
f 2839/2361/3705 2830/2352/3705 2840/2362/3705
f 2840/2362/3706 2830/2352/3706 2831/2353/3706
f 2840/2362/3707 2831/2353/3707 2832/2354/3707
f 2832/2354/3708 2831/2353/3708 2825/2347/3708
f 2841/2363/3709 2833/2355/3709 2817/2339/3709
f 2841/2363/3710 2817/2339/3710 2842/2364/3710
f 2842/2364/3711 2817/2339/3711 2834/2356/3711
f 2842/2364/3712 2834/2356/3712 2843/2365/3712
f 2843/2365/3713 2834/2356/3713 2835/2357/3713
f 2843/2365/3714 2835/2357/3714 2844/2366/3714
f 2844/2366/3715 2835/2357/3715 2836/2358/3715
f 2844/2366/3716 2836/2358/3716 2845/2367/3716
f 2845/2367/3717 2836/2358/3717 2837/2359/3717
f 2846/2368/3718 2838/2360/3718 2847/2369/3718
f 2847/2369/3719 2838/2360/3719 2839/2361/3719
f 2847/2369/3720 2839/2361/3720 2848/2370/3720
f 2848/2370/3721 2839/2361/3721 2840/2362/3721
f 2848/2370/3722 2840/2362/3722 2849/2371/3722
f 2849/2371/3723 2840/2362/3723 2832/2354/3723
f 2849/2371/3724 2832/2354/3724 2833/2355/3724
f 2850/2372/3725 2841/2363/3725 2842/2364/3725
f 2850/2372/3726 2842/2364/3726 2851/2373/3726
f 2851/2373/3727 2842/2364/3727 2843/2365/3727
f 2851/2373/3728 2843/2365/3728 2844/2366/3728
f 2851/2373/3729 2844/2366/3729 2852/2374/3729
f 2852/2374/3730 2844/2366/3730 2845/2367/3730
f 2853/2375/3731 2846/2368/3731 2854/2376/3731
f 2854/2376/3732 2846/2368/3732 2847/2369/3732
f 2854/2376/3733 2847/2369/3733 2855/2377/3733
f 2855/2377/3734 2847/2369/3734 2848/2370/3734
f 2855/2377/3735 2848/2370/3735 2849/2371/3735
f 2856/2378/3736 2833/2355/3736 2841/2363/3736
f 2856/2378/3737 2841/2363/3737 2857/2379/3737
f 2857/2379/3738 2841/2363/3738 2850/2372/3738
f 2857/2379/3739 2850/2372/3739 2851/2373/3739
f 2857/2379/3740 2851/2373/3740 2858/2380/3740
f 2858/2380/3741 2851/2373/3741 2859/2381/3741
f 2859/2381/3742 2851/2373/3742 2852/2374/3742
f 2859/2381/3743 2852/2374/3743 2860/2382/3743
f 2860/2382/3744 2852/2374/3744 2845/2367/3744
f 2861/2383/3745 2853/2375/3745 2862/2384/3745
f 2862/2384/3746 2853/2375/3746 2854/2376/3746
f 2862/2384/3747 2854/2376/3747 2863/2385/3747
f 2863/2385/3748 2854/2376/3748 2855/2377/3748
f 2863/2385/3749 2855/2377/3749 2864/2386/3749
f 2864/2386/3750 2855/2377/3750 2849/2371/3750
f 2864/2386/3751 2849/2371/3751 2865/2387/3751
f 2865/2387/3752 2849/2371/3752 2833/2355/3752
f 2865/2387/3753 2833/2355/3753 2856/2378/3753
f 2866/2388/3754 2856/2378/3754 2857/2379/3754
f 2866/2388/3755 2857/2379/3755 2867/2389/3755
f 2867/2389/3756 2857/2379/3756 2858/2380/3756
f 2867/2389/3757 2858/2380/3757 2868/2390/3757
f 2868/2390/3758 2858/2380/3758 2859/2381/3758
f 2868/2390/3759 2859/2381/3759 2869/2391/3759
f 2869/2391/3760 2859/2381/3760 2860/2382/3760
f 2870/2392/3761 2861/2383/3761 2871/2393/3761
f 2871/2393/3762 2861/2383/3762 2862/2384/3762
f 2871/2393/3763 2862/2384/3763 2872/2394/3763
f 2872/2394/3764 2862/2384/3764 2863/2385/3764
f 2872/2394/3765 2863/2385/3765 2864/2386/3765
f 2865/2387/3766 2856/2378/3766 2873/2395/3766
f 2873/2395/3767 2856/2378/3767 2866/2388/3767
f 2873/2395/3768 2866/2388/3768 2874/2396/3768
f 2874/2396/3769 2866/2388/3769 2867/2389/3769
f 2874/2396/3770 2867/2389/3770 2875/2397/3770
f 2875/2397/3771 2867/2389/3771 2868/2390/3771
f 2875/2397/3772 2868/2390/3772 2869/2391/3772
f 2613/2135/3773 2612/2134/3773 2870/2392/3773
f 2613/2135/3774 2870/2392/3774 2871/2393/3774
f 2613/2135/3775 2871/2393/3775 2876/2398/3775
f 2876/2398/3776 2871/2393/3776 2872/2394/3776
f 2876/2398/3777 2872/2394/3777 2877/2399/3777
f 2877/2399/3778 2872/2394/3778 2864/2386/3778
f 2877/2399/3779 2864/2386/3779 2878/2400/3779
f 2878/2400/3780 2864/2386/3780 2865/2387/3780
f 2879/2401/3781 2865/2387/3781 2873/2395/3781
f 2879/2401/3782 2873/2395/3782 2880/2402/3782
f 2880/2402/3783 2873/2395/3783 2874/2396/3783
f 2880/2402/3784 2874/2396/3784 2881/2403/3784
f 2881/2403/3785 2874/2396/3785 2875/2397/3785
f 2881/2403/3786 2875/2397/3786 2882/2404/3786
f 2882/2404/3787 2875/2397/3787 2869/2391/3787
f 2611/2133/3788 2610/2132/3788 2613/2135/3788
f 2611/2133/3789 2613/2135/3789 2883/2405/3789
f 2883/2405/3790 2613/2135/3790 2876/2398/3790
f 2883/2405/3791 2876/2398/3791 2877/2399/3791
f 2878/2400/3792 2865/2387/3792 2884/2406/3792
f 2884/2406/3793 2865/2387/3793 2879/2401/3793
f 2884/2406/3794 2879/2401/3794 2880/2402/3794
f 2884/2406/3795 2880/2402/3795 2885/2407/3795
f 2885/2407/3796 2880/2402/3796 2886/2408/3796
f 2886/2408/3797 2880/2402/3797 2881/2403/3797
f 2886/2408/3798 2881/2403/3798 2882/2404/3798
f 2609/2131/3799 2608/2130/3799 2611/2133/3799
f 2609/2131/3800 2611/2133/3800 2887/2409/3800
f 2887/2409/3801 2611/2133/3801 2883/2405/3801
f 2887/2409/3802 2883/2405/3802 2888/2410/3802
f 2888/2410/3803 2883/2405/3803 2877/2399/3803
f 2888/2410/3804 2877/2399/3804 2878/2400/3804
f 2889/2411/3805 2878/2400/3805 2890/2412/3805
f 2890/2412/3806 2878/2400/3806 2884/2406/3806
f 2890/2412/3807 2884/2406/3807 2891/2413/3807
f 2891/2413/3808 2884/2406/3808 2885/2407/3808
f 2891/2413/3809 2885/2407/3809 2892/2414/3809
f 2892/2414/3810 2885/2407/3810 2886/2408/3810
f 2892/2414/3811 2886/2408/3811 2893/2415/3811
f 2893/2415/3812 2886/2408/3812 2882/2404/3812
f 2607/2129/3813 2606/2128/3813 2609/2131/3813
f 2607/2129/3814 2609/2131/3814 2894/2416/3814
f 2894/2416/3815 2609/2131/3815 2887/2409/3815
f 2894/2416/3816 2887/2409/3816 2888/2410/3816
f 2895/2417/3817 2888/2410/3817 2878/2400/3817
f 2895/2417/3818 2878/2400/3818 2889/2411/3818
f 2896/2418/3819 2889/2411/3819 2890/2412/3819
f 2896/2418/3820 2890/2412/3820 2897/2419/3820
f 2897/2419/3821 2890/2412/3821 2891/2413/3821
f 2897/2419/3822 2891/2413/3822 2898/2420/3822
f 2898/2420/3823 2891/2413/3823 2892/2414/3823
f 2898/2420/3824 2892/2414/3824 2893/2415/3824
f 2605/2127/3825 2604/2126/3825 2607/2129/3825
f 2605/2127/3826 2607/2129/3826 2899/2421/3826
f 2899/2421/3827 2607/2129/3827 2894/2416/3827
f 2899/2421/3828 2894/2416/3828 2900/2422/3828
f 2900/2422/3829 2894/2416/3829 2888/2410/3829
f 2900/2422/3830 2888/2410/3830 2895/2417/3830
f 2895/2417/3831 2889/2411/3831 2901/2423/3831
f 2901/2423/3832 2889/2411/3832 2896/2418/3832
f 2901/2423/3833 2896/2418/3833 2902/2424/3833
f 2902/2424/3834 2896/2418/3834 2897/2419/3834
f 2902/2424/3835 2897/2419/3835 2903/2425/3835
f 2903/2425/3836 2897/2419/3836 2898/2420/3836
f 2903/2425/3837 2898/2420/3837 2904/2426/3837
f 2904/2426/3838 2898/2420/3838 2893/2415/3838
f 2603/2125/3839 2602/2124/3839 2605/2127/3839
f 2603/2125/3840 2605/2127/3840 2905/2427/3840
f 2905/2427/3841 2605/2127/3841 2899/2421/3841
f 2905/2427/3842 2899/2421/3842 2900/2422/3842
f 2906/2428/3843 2895/2417/3843 2901/2423/3843
f 2906/2428/3844 2901/2423/3844 2907/2429/3844
f 2907/2429/3845 2901/2423/3845 2902/2424/3845
f 2907/2429/3846 2902/2424/3846 2908/2430/3846
f 2908/2430/3847 2902/2424/3847 2903/2425/3847
f 2908/2430/3848 2903/2425/3848 2909/2431/3848
f 2909/2431/3849 2903/2425/3849 2904/2426/3849
f 2601/2123/3850 2600/2122/3850 2603/2125/3850
f 2601/2123/3851 2603/2125/3851 2910/2432/3851
f 2910/2432/3852 2603/2125/3852 2905/2427/3852
f 2910/2432/3853 2905/2427/3853 2911/2433/3853
f 2911/2433/3854 2905/2427/3854 2900/2422/3854
f 2911/2433/3855 2900/2422/3855 2912/2434/3855
f 2912/2434/3856 2900/2422/3856 2913/2435/3856
f 2913/2435/3857 2900/2422/3857 2895/2417/3857
f 2913/2435/3858 2895/2417/3858 2906/2428/3858
f 2914/2436/3859 2906/2428/3859 2907/2429/3859
f 2914/2436/3860 2907/2429/3860 2915/2437/3860
f 2915/2437/3861 2907/2429/3861 2908/2430/3861
f 2915/2437/3862 2908/2430/3862 2916/2438/3862
f 2916/2438/3863 2908/2430/3863 2909/2431/3863
f 2916/2438/3864 2909/2431/3864 2917/2439/3864
f 2917/2439/3865 2909/2431/3865 2904/2426/3865
f 2918/2440/3866 2599/2121/3866 2601/2123/3866
f 2918/2440/3867 2601/2123/3867 2919/2441/3867
f 2919/2441/3868 2601/2123/3868 2910/2432/3868
f 2919/2441/3869 2910/2432/3869 2920/2442/3869
f 2920/2442/3870 2910/2432/3870 2911/2433/3870
f 2920/2442/3871 2911/2433/3871 2912/2434/3871
f 2921/2443/3872 2912/2434/3872 2913/2435/3872
f 2913/2435/3873 2906/2428/3873 2922/2444/3873
f 2922/2444/3874 2906/2428/3874 2914/2436/3874
f 2922/2444/3875 2914/2436/3875 2923/2445/3875
f 2923/2445/3876 2914/2436/3876 2915/2437/3876
f 2923/2445/3877 2915/2437/3877 2924/2446/3877
f 2924/2446/3878 2915/2437/3878 2916/2438/3878
f 2924/2446/3879 2916/2438/3879 2917/2439/3879
f 2597/2119/3880 2918/2440/3880 2925/2447/3880
f 2925/2447/3881 2918/2440/3881 2919/2441/3881
f 2925/2447/3882 2919/2441/3882 2926/2448/3882
f 2926/2448/3883 2919/2441/3883 2920/2442/3883
f 2926/2448/3884 2920/2442/3884 2927/2449/3884
f 2927/2449/3885 2920/2442/3885 2912/2434/3885
f 2927/2449/3886 2912/2434/3886 2921/2443/3886
f 2928/2450/3887 2913/2435/3887 2922/2444/3887
f 2928/2450/3888 2922/2444/3888 2923/2445/3888
f 2928/2450/3889 2923/2445/3889 2929/2451/3889
f 2929/2451/3890 2923/2445/3890 2924/2446/3890
f 2929/2451/3891 2924/2446/3891 2930/2452/3891
f 2930/2452/3892 2924/2446/3892 2931/2453/3892
f 2931/2453/3893 2924/2446/3893 2917/2439/3893
f 2598/2120/3894 2597/2119/3894 2925/2447/3894
f 2598/2120/3895 2925/2447/3895 2932/2454/3895
f 2932/2454/3896 2925/2447/3896 2926/2448/3896
f 2932/2454/3897 2926/2448/3897 2927/2449/3897
f 2933/2455/3898 2921/2443/3898 2913/2435/3898
f 2933/2455/3899 2913/2435/3899 2934/2456/3899
f 2934/2456/3900 2913/2435/3900 2928/2450/3900
f 2934/2456/3901 2928/2450/3901 2935/2457/3901
f 2935/2457/3902 2928/2450/3902 2929/2451/3902
f 2935/2457/3903 2929/2451/3903 2936/2458/3903
f 2936/2458/3904 2929/2451/3904 2930/2452/3904
f 2936/2458/3905 2930/2452/3905 2937/2459/3905
f 2937/2459/3906 2930/2452/3906 2931/2453/3906
f 2938/2460/3907 2596/2118/3907 2598/2120/3907
f 2938/2460/3908 2598/2120/3908 2939/2461/3908
f 2939/2461/3909 2598/2120/3909 2940/2462/3909
f 2940/2462/3910 2598/2120/3910 2932/2454/3910
f 2940/2462/3911 2932/2454/3911 2941/2463/3911
f 2941/2463/3912 2932/2454/3912 2927/2449/3912
f 2941/2463/3913 2927/2449/3913 2921/2443/3913
f 2942/2464/3914 2933/2455/3914 2934/2456/3914
f 2942/2464/3915 2934/2456/3915 2943/2465/3915
f 2943/2465/3916 2934/2456/3916 2935/2457/3916
f 2943/2465/3917 2935/2457/3917 2944/2466/3917
f 2944/2466/3918 2935/2457/3918 2936/2458/3918
f 2944/2466/3919 2936/2458/3919 2937/2459/3919
f 2945/2467/3920 2938/2460/3920 2946/2468/3920
f 2946/2468/3921 2938/2460/3921 2939/2461/3921
f 2946/2468/3922 2939/2461/3922 2947/2469/3922
f 2947/2469/3923 2939/2461/3923 2940/2462/3923
f 2947/2469/3924 2940/2462/3924 2941/2463/3924
f 2948/2470/3925 2941/2463/3925 2921/2443/3925
f 2948/2470/3926 2921/2443/3926 2933/2455/3926
f 2948/2470/3927 2933/2455/3927 2949/2471/3927
f 2949/2471/3928 2933/2455/3928 2942/2464/3928
f 2949/2471/3929 2942/2464/3929 2943/2465/3929
f 2949/2471/3930 2943/2465/3930 2950/2472/3930
f 2950/2472/3931 2943/2465/3931 2944/2466/3931
f 2950/2472/3932 2944/2466/3932 2951/2473/3932
f 2951/2473/3933 2944/2466/3933 2952/2474/3933
f 2952/2474/3934 2944/2466/3934 2937/2459/3934
f 2952/2474/3935 2953/2475/3935 2951/2473/3935
f 2951/2473/3936 2953/2475/3936 2954/2476/3936
f 2951/2473/3937 2954/2476/3937 2950/2472/3937
f 2950/2472/3938 2954/2476/3938 2955/2477/3938
f 2950/2472/3939 2955/2477/3939 2949/2471/3939
f 2949/2471/3940 2955/2477/3940 2956/2478/3940
f 2949/2471/3941 2956/2478/3941 2948/2470/3941
f 2941/2463/3942 2948/2470/3942 2957/2479/3942
f 2941/2463/3943 2957/2479/3943 2947/2469/3943
f 2947/2469/3944 2957/2479/3944 2958/2480/3944
f 2947/2469/3945 2958/2480/3945 2946/2468/3945
f 2946/2468/3946 2958/2480/3946 2959/2481/3946
f 2946/2468/3947 2959/2481/3947 2945/2467/3947
f 2945/2467/3948 2959/2481/3948 2960/2482/3948
f 2954/2476/3949 2953/2475/3949 2961/2483/3949
f 2954/2476/3950 2961/2483/3950 2955/2477/3950
f 2955/2477/3951 2961/2483/3951 2962/2484/3951
f 2955/2477/3952 2962/2484/3952 2956/2478/3952
f 2956/2478/3953 2962/2484/3953 2963/2485/3953
f 2956/2478/3954 2963/2485/3954 2948/2470/3954
f 2948/2470/3955 2963/2485/3955 2713/2235/3955
f 2958/2480/3956 2957/2479/3956 2964/2486/3956
f 2958/2480/3957 2964/2486/3957 2959/2481/3957
f 2959/2481/3958 2964/2486/3958 2965/2487/3958
f 2959/2481/3959 2965/2487/3959 2966/2488/3959
f 2959/2481/3960 2966/2488/3960 2960/2482/3960
f 2953/2475/3961 2702/2224/3961 2961/2483/3961
f 2961/2483/3962 2702/2224/3962 2710/2232/3962
f 2961/2483/3963 2710/2232/3963 2962/2484/3963
f 2962/2484/3964 2710/2232/3964 2711/2233/3964
f 2962/2484/3965 2711/2233/3965 2963/2485/3965
f 2963/2485/3966 2711/2233/3966 2712/2234/3966
f 2963/2485/3967 2712/2234/3967 2713/2235/3967
f 2713/2235/3968 2706/2228/3968 2948/2470/3968
f 2948/2470/3969 2706/2228/3969 2693/2215/3969
f 2948/2470/3970 2693/2215/3970 2957/2479/3970
f 2957/2479/3971 2693/2215/3971 2707/2229/3971
f 2957/2479/3972 2707/2229/3972 2964/2486/3972
f 2964/2486/3973 2707/2229/3973 2714/2236/3973
f 2964/2486/3974 2714/2236/3974 2965/2487/3974
f 2965/2487/3975 2714/2236/3975 2715/2237/3975
f 2965/2487/3976 2715/2237/3976 2966/2488/3976
f 2966/2488/3977 2715/2237/3977 2716/2238/3977
f 2966/2488/3978 2716/2238/3978 2967/2489/3978
f 2645/2167/3979 2644/2166/3979 2647/2169/3979
f 2650/2172/3980 2648/2170/3980 2968/2490/3980
f 2650/2172/3981 2968/2490/3981 2653/2175/3981
f 2655/2177/3982 2653/2175/3982 2969/2491/3982
f 2655/2177/3983 2969/2491/3983 2659/2181/3983
f 2672/2194/3984 2970/2492/3984 2686/2208/3984
f 2686/2208/3985 2971/2493/3985 2687/2209/3985
f 2709/2231/3986 2701/2223/3986 2972/2494/3986
f 2709/2231/3987 2972/2494/3987 2716/2238/3987
f 2716/2238/3988 2972/2494/3988 2967/2489/3988
f 2643/2165/3989 2973/2495/3989 2644/2166/3989
f 2648/2170/3990 2647/2169/3990 2974/2496/3990
f 2648/2170/3991 2974/2496/3991 2968/2490/3991
f 2653/2175/3992 2968/2490/3992 2975/2497/3992
f 2653/2175/3993 2975/2497/3993 2969/2491/3993
f 2659/2181/3994 2969/2491/3994 2976/2498/3994
f 2659/2181/3995 2976/2498/3995 2663/2185/3995
f 2663/2185/3996 2976/2498/3996 2672/2194/3996
f 2672/2194/3997 2976/2498/3997 2970/2492/3997
f 2686/2208/3998 2970/2492/3998 2977/2499/3998
f 2686/2208/3999 2977/2499/3999 2971/2493/3999
f 2694/2216/4000 2687/2209/4000 2978/2500/4000
f 2694/2216/4001 2978/2500/4001 2701/2223/4001
f 2701/2223/4002 2978/2500/4002 2979/2501/4002
f 2701/2223/4003 2979/2501/4003 2972/2494/4003
f 2643/2165/4004 2642/2164/4004 2973/2495/4004
f 2644/2166/4005 2973/2495/4005 2980/2502/4005
f 2644/2166/4006 2980/2502/4006 2647/2169/4006
f 2647/2169/4007 2980/2502/4007 2981/2503/4007
f 2647/2169/4008 2981/2503/4008 2974/2496/4008
f 2968/2490/4009 2974/2496/4009 2982/2504/4009
f 2968/2490/4010 2982/2504/4010 2975/2497/4010
f 2969/2491/4011 2975/2497/4011 2976/2498/4011
f 2976/2498/4012 2983/2505/4012 2970/2492/4012
f 2970/2492/4013 2984/2506/4013 2977/2499/4013
f 2971/2493/4014 2977/2499/4014 2985/2507/4014
f 2971/2493/4015 2985/2507/4015 2687/2209/4015
f 2687/2209/4016 2985/2507/4016 2986/2508/4016
f 2687/2209/4017 2986/2508/4017 2978/2500/4017
f 2979/2501/4018 2978/2500/4018 2987/2509/4018
f 2641/2163/4019 2988/2510/4019 2642/2164/4019
f 2973/2495/4020 2642/2164/4020 2989/2511/4020
f 2973/2495/4021 2989/2511/4021 2980/2502/4021
f 2974/2496/4022 2981/2503/4022 2990/2512/4022
f 2974/2496/4023 2990/2512/4023 2982/2504/4023
f 2975/2497/4024 2982/2504/4024 2991/2513/4024
f 2975/2497/4025 2991/2513/4025 2976/2498/4025
f 2976/2498/4026 2991/2513/4026 2983/2505/4026
f 2983/2505/4027 2992/2514/4027 2970/2492/4027
f 2970/2492/4028 2992/2514/4028 2993/2515/4028
f 2970/2492/4029 2993/2515/4029 2984/2506/4029
f 2977/2499/4030 2984/2506/4030 2994/2516/4030
f 2977/2499/4031 2994/2516/4031 2985/2507/4031
f 2978/2500/4032 2986/2508/4032 2995/2517/4032
f 2978/2500/4033 2995/2517/4033 2987/2509/4033
f 2641/2163/4034 2640/2162/4034 2988/2510/4034
f 2980/2502/4035 2989/2511/4035 2996/2518/4035
f 2980/2502/4036 2996/2518/4036 2981/2503/4036
f 2981/2503/4037 2996/2518/4037 2997/2519/4037
f 2981/2503/4038 2997/2519/4038 2990/2512/4038
f 2982/2504/4039 2990/2512/4039 2998/2520/4039
f 2982/2504/4040 2998/2520/4040 2991/2513/4040
f 2991/2513/4041 2999/2521/4041 2983/2505/4041
f 2984/2506/4042 2993/2515/4042 3000/2522/4042
f 2984/2506/4043 3000/2522/4043 2994/2516/4043
f 2985/2507/4044 2994/2516/4044 3001/2523/4044
f 2985/2507/4045 3001/2523/4045 2986/2508/4045
f 2986/2508/4046 3001/2523/4046 2995/2517/4046
f 2638/2160/4047 3002/2524/4047 2640/2162/4047
f 2988/2510/4048 2640/2162/4048 3003/2525/4048
f 2988/2510/4049 3003/2525/4049 2642/2164/4049
f 2642/2164/4050 3003/2525/4050 3004/2526/4050
f 2642/2164/4051 3004/2526/4051 2989/2511/4051
f 2989/2511/4052 3004/2526/4052 3005/2527/4052
f 2989/2511/4053 3005/2527/4053 2996/2518/4053
f 2990/2512/4054 2997/2519/4054 2998/2520/4054
f 2983/2505/4055 2999/2521/4055 3006/2528/4055
f 2983/2505/4056 3006/2528/4056 2992/2514/4056
f 2992/2514/4057 3006/2528/4057 3007/2529/4057
f 2992/2514/4058 3007/2529/4058 2993/2515/4058
f 2993/2515/4059 3007/2529/4059 3008/2530/4059
f 2993/2515/4060 3008/2530/4060 3000/2522/4060
f 2994/2516/4061 3000/2522/4061 3009/2531/4061
f 2994/2516/4062 3009/2531/4062 3001/2523/4062
f 2638/2160/4063 2637/2159/4063 3002/2524/4063
f 2996/2518/4064 3005/2527/4064 3010/2532/4064
f 2996/2518/4065 3010/2532/4065 2997/2519/4065
f 2997/2519/4066 3010/2532/4066 2998/2520/4066
f 2998/2520/4067 3010/2532/4067 3011/2533/4067
f 2998/2520/4068 3011/2533/4068 2991/2513/4068
f 2991/2513/4069 3011/2533/4069 3012/2534/4069
f 2991/2513/4070 3012/2534/4070 2999/2521/4070
f 2999/2521/4071 3013/2535/4071 3006/2528/4071
f 3000/2522/4072 3008/2530/4072 3014/2536/4072
f 3000/2522/4073 3014/2536/4073 3009/2531/4073
f 2639/2161/4074 3015/2537/4074 2637/2159/4074
f 3002/2524/4075 2637/2159/4075 3016/2538/4075
f 3002/2524/4076 3016/2538/4076 2640/2162/4076
f 2640/2162/4077 3016/2538/4077 3017/2539/4077
f 2640/2162/4078 3017/2539/4078 3003/2525/4078
f 3003/2525/4079 3017/2539/4079 3018/2540/4079
f 3003/2525/4080 3018/2540/4080 3004/2526/4080
f 3004/2526/4081 3018/2540/4081 3019/2541/4081
f 3004/2526/4082 3019/2541/4082 3005/2527/4082
f 3010/2532/4083 3005/2527/4083 3020/2542/4083
f 3010/2532/4084 3020/2542/4084 3011/2533/4084
f 2999/2521/4085 3012/2534/4085 3021/2543/4085
f 2999/2521/4086 3021/2543/4086 3013/2535/4086
f 3006/2528/4087 3013/2535/4087 3022/2544/4087
f 3006/2528/4088 3022/2544/4088 3007/2529/4088
f 3007/2529/4089 3022/2544/4089 3023/2545/4089
f 3007/2529/4090 3023/2545/4090 3008/2530/4090
f 3008/2530/4091 3023/2545/4091 3024/2546/4091
f 3008/2530/4092 3024/2546/4092 3014/2536/4092
f 3005/2527/4093 3019/2541/4093 3020/2542/4093
f 3011/2533/4094 3025/2547/4094 3012/2534/4094
f 3012/2534/4095 3026/2548/4095 3021/2543/4095
f 3013/2535/4096 3021/2543/4096 3027/2549/4096
f 3013/2535/4097 3027/2549/4097 3022/2544/4097
f 3024/2546/4098 3023/2545/4098 3028/2550/4098
f 3015/2537/4099 3029/2551/4099 2637/2159/4099
f 2637/2159/4100 3029/2551/4100 3030/2552/4100
f 2637/2159/4101 3030/2552/4101 3016/2538/4101
f 3016/2538/4102 3030/2552/4102 3031/2553/4102
f 3016/2538/4103 3031/2553/4103 3017/2539/4103
f 3017/2539/4104 3031/2553/4104 3032/2554/4104
f 3017/2539/4105 3032/2554/4105 3018/2540/4105
f 3018/2540/4106 3032/2554/4106 3033/2555/4106
f 3018/2540/4107 3033/2555/4107 3019/2541/4107
f 3019/2541/4108 3033/2555/4108 3020/2542/4108
f 3020/2542/4109 3033/2555/4109 3011/2533/4109
f 3011/2533/4110 3034/2556/4110 3025/2547/4110
f 3012/2534/4111 3025/2547/4111 3035/2557/4111
f 3012/2534/4112 3035/2557/4112 3026/2548/4112
f 3021/2543/4113 3026/2548/4113 3036/2558/4113
f 3021/2543/4114 3036/2558/4114 3027/2549/4114
f 3022/2544/4115 3027/2549/4115 3037/2559/4115
f 3022/2544/4116 3037/2559/4116 3023/2545/4116
f 3023/2545/4117 3037/2559/4117 3028/2550/4117
f 3033/2555/4118 3032/2554/4118 3038/2560/4118
f 3033/2555/4119 3038/2560/4119 3011/2533/4119
f 3011/2533/4120 3038/2560/4120 3034/2556/4120
f 3025/2547/4121 3039/2561/4121 3035/2557/4121
f 3026/2548/4122 3035/2557/4122 3040/2562/4122
f 3026/2548/4123 3040/2562/4123 3036/2558/4123
f 3027/2549/4124 3036/2558/4124 3041/2563/4124
f 3027/2549/4125 3041/2563/4125 3037/2559/4125
f 3029/2551/4126 3042/2564/4126 3030/2552/4126
f 3030/2552/4127 3042/2564/4127 3043/2565/4127
f 3030/2552/4128 3043/2565/4128 3031/2553/4128
f 3031/2553/4129 3043/2565/4129 3032/2554/4129
f 3032/2554/4130 3043/2565/4130 3038/2560/4130
f 3038/2560/4131 3044/2566/4131 3034/2556/4131
f 3025/2547/4132 3034/2556/4132 3045/2567/4132
f 3025/2547/4133 3045/2567/4133 3039/2561/4133
f 3035/2557/4134 3039/2561/4134 3046/2568/4134
f 3035/2557/4135 3046/2568/4135 3040/2562/4135
f 3036/2558/4136 3040/2562/4136 3047/2569/4136
f 3036/2558/4137 3047/2569/4137 3041/2563/4137
f 3043/2565/4138 3048/2570/4138 3038/2560/4138
f 3038/2560/4139 3048/2570/4139 3044/2566/4139
f 3034/2556/4140 3044/2566/4140 3049/2571/4140
f 3034/2556/4141 3049/2571/4141 3045/2567/4141
f 3039/2561/4142 3045/2567/4142 3050/2572/4142
f 3039/2561/4143 3050/2572/4143 3046/2568/4143
f 3040/2562/4144 3046/2568/4144 3051/2573/4144
f 3040/2562/4145 3051/2573/4145 3047/2569/4145
f 3043/2565/4146 3042/2564/4146 3048/2570/4146
f 3048/2570/4147 3052/2574/4147 3053/2575/4147
f 3048/2570/4148 3053/2575/4148 3044/2566/4148
f 3044/2566/4149 3054/2576/4149 3049/2571/4149
f 3045/2567/4150 3049/2571/4150 3055/2577/4150
f 3045/2567/4151 3055/2577/4151 3050/2572/4151
f 3046/2568/4152 3050/2572/4152 3056/2578/4152
f 3046/2568/4153 3056/2578/4153 3051/2573/4153
f 3042/2564/4154 3057/2579/4154 3048/2570/4154
f 3048/2570/4155 3057/2579/4155 3052/2574/4155
f 3044/2566/4156 3053/2575/4156 3058/2580/4156
f 3044/2566/4157 3058/2580/4157 3054/2576/4157
f 3049/2571/4158 3054/2576/4158 3059/2581/4158
f 3049/2571/4159 3059/2581/4159 3055/2577/4159
f 3050/2572/4160 3055/2577/4160 3060/2582/4160
f 3050/2572/4161 3060/2582/4161 3056/2578/4161
f 3052/2574/4162 3061/2583/4162 3053/2575/4162
f 3053/2575/4163 3062/2584/4163 3058/2580/4163
f 3054/2576/4164 3058/2580/4164 3063/2585/4164
f 3054/2576/4165 3063/2585/4165 3059/2581/4165
f 3055/2577/4166 3059/2581/4166 3064/2586/4166
f 3055/2577/4167 3064/2586/4167 3060/2582/4167
f 3053/2575/4168 3061/2583/4168 3065/2587/4168
f 3053/2575/4169 3065/2587/4169 3062/2584/4169
f 3059/2581/4170 3063/2585/4170 3066/2588/4170
f 3059/2581/4171 3066/2588/4171 3064/2586/4171
f 3061/2583/4172 3067/2589/4172 3065/2587/4172
f 3062/2584/4173 3065/2587/4173 3068/2590/4173
f 3062/2584/4174 3068/2590/4174 3058/2580/4174
f 3058/2580/4175 3068/2590/4175 3069/2591/4175
f 3058/2580/4176 3069/2591/4176 3063/2585/4176
f 3063/2585/4177 3069/2591/4177 3070/2592/4177
f 3063/2585/4178 3070/2592/4178 3066/2588/4178
f 3061/2583/4179 3071/2593/4179 3067/2589/4179
f 3065/2587/4180 3067/2589/4180 3072/2594/4180
f 3065/2587/4181 3072/2594/4181 3068/2590/4181
f 3070/2592/4182 3069/2591/4182 3073/2595/4182
f 3067/2589/4183 3071/2593/4183 3074/2596/4183
f 3067/2589/4184 3074/2596/4184 3072/2594/4184
f 3068/2590/4185 3072/2594/4185 3075/2597/4185
f 3068/2590/4186 3075/2597/4186 3069/2591/4186
f 3069/2591/4187 3075/2597/4187 3073/2595/4187
f 3071/2593/4188 2717/2239/4188 3074/2596/4188
f 3072/2594/4189 3074/2596/4189 3076/2598/4189
f 3072/2594/4190 3076/2598/4190 3075/2597/4190
f 3074/2596/4191 2717/2239/4191 2719/2241/4191
f 3074/2596/4192 2719/2241/4192 3076/2598/4192
f 3077/2599/4193 2718/2240/4193 3078/2600/4193
f 3078/2600/4194 2718/2240/4194 2717/2239/4194
f 3078/2600/4195 2717/2239/4195 3079/2601/4195
f 3079/2601/4196 2717/2239/4196 3071/2593/4196
f 3079/2601/4197 3071/2593/4197 3080/2602/4197
f 3080/2602/4198 3071/2593/4198 3061/2583/4198
f 3080/2602/4199 3061/2583/4199 3052/2574/4199
f 3081/2603/4200 3057/2579/4200 3042/2564/4200
f 3081/2603/4201 3042/2564/4201 3082/2604/4201
f 3082/2604/4202 3042/2564/4202 3029/2551/4202
f 3082/2604/4203 3029/2551/4203 3083/2605/4203
f 3083/2605/4204 3029/2551/4204 3015/2537/4204
f 3083/2605/4205 3015/2537/4205 2639/2161/4205
f 3084/2606/4206 3077/2599/4206 3085/2607/4206
f 3085/2607/4207 3077/2599/4207 3078/2600/4207
f 3085/2607/4208 3078/2600/4208 3086/2608/4208
f 3086/2608/4209 3078/2600/4209 3079/2601/4209
f 3086/2608/4210 3079/2601/4210 3080/2602/4210
f 3087/2609/4211 3080/2602/4211 3052/2574/4211
f 3087/2609/4212 3052/2574/4212 3088/2610/4212
f 3088/2610/4213 3052/2574/4213 3057/2579/4213
f 3088/2610/4214 3057/2579/4214 3081/2603/4214
f 3088/2610/4215 3081/2603/4215 3089/2611/4215
f 3089/2611/4216 3081/2603/4216 3082/2604/4216
f 3089/2611/4217 3082/2604/4217 3090/2612/4217
f 3090/2612/4218 3082/2604/4218 3083/2605/4218
f 3090/2612/4219 3083/2605/4219 3091/2613/4219
f 3091/2613/4220 3083/2605/4220 3092/2614/4220
f 3092/2614/4221 3083/2605/4221 2639/2161/4221
f 3093/2615/4222 3084/2606/4222 3094/2616/4222
f 3094/2616/4223 3084/2606/4223 3085/2607/4223
f 3094/2616/4224 3085/2607/4224 3095/2617/4224
f 3095/2617/4225 3085/2607/4225 3086/2608/4225
f 3095/2617/4226 3086/2608/4226 3096/2618/4226
f 3096/2618/4227 3086/2608/4227 3080/2602/4227
f 3096/2618/4228 3080/2602/4228 3087/2609/4228
f 3087/2609/4229 3088/2610/4229 3097/2619/4229
f 3097/2619/4230 3088/2610/4230 3089/2611/4230
f 3097/2619/4231 3089/2611/4231 3098/2620/4231
f 3098/2620/4232 3089/2611/4232 3090/2612/4232
f 3098/2620/4233 3090/2612/4233 3099/2621/4233
f 3099/2621/4234 3090/2612/4234 3091/2613/4234
f 3099/2621/4235 3091/2613/4235 3092/2614/4235
f 3100/2622/4236 3093/2615/4236 3101/2623/4236
f 3101/2623/4237 3093/2615/4237 3094/2616/4237
f 3101/2623/4238 3094/2616/4238 3102/2624/4238
f 3102/2624/4239 3094/2616/4239 3095/2617/4239
f 3102/2624/4240 3095/2617/4240 3096/2618/4240
f 3103/2625/4241 3087/2609/4241 3097/2619/4241
f 3103/2625/4242 3097/2619/4242 3104/2626/4242
f 3104/2626/4243 3097/2619/4243 3105/2627/4243
f 3105/2627/4244 3097/2619/4244 3098/2620/4244
f 3105/2627/4245 3098/2620/4245 3099/2621/4245
f 3105/2627/4246 3099/2621/4246 3106/2628/4246
f 3106/2628/4247 3099/2621/4247 3092/2614/4247
f 3107/2629/4248 3100/2622/4248 3108/2630/4248
f 3108/2630/4249 3100/2622/4249 3101/2623/4249
f 3108/2630/4250 3101/2623/4250 3109/2631/4250
f 3109/2631/4251 3101/2623/4251 3102/2624/4251
f 3109/2631/4252 3102/2624/4252 2723/2245/4252
f 2723/2245/4253 3102/2624/4253 3096/2618/4253
f 2723/2245/4254 3096/2618/4254 2725/2247/4254
f 2725/2247/4255 3096/2618/4255 3087/2609/4255
f 2725/2247/4256 3087/2609/4256 3103/2625/4256
f 3110/2632/4257 3103/2625/4257 3104/2626/4257
f 3110/2632/4258 3104/2626/4258 3111/2633/4258
f 3111/2633/4259 3104/2626/4259 3105/2627/4259
f 3111/2633/4260 3105/2627/4260 3112/2634/4260
f 3112/2634/4261 3105/2627/4261 3106/2628/4261
f 3112/2634/4262 3106/2628/4262 3113/2635/4262
f 2635/2157/4263 3107/2629/4263 2636/2158/4263
f 2636/2158/4264 3107/2629/4264 3108/2630/4264
f 2636/2158/4265 3108/2630/4265 2721/2243/4265
f 2721/2243/4266 3108/2630/4266 3109/2631/4266
f 2721/2243/4267 3109/2631/4267 2723/2245/4267
f 2722/2244/4268 2723/2245/4268 2725/2247/4268
f 2725/2247/4269 3103/2625/4269 2727/2249/4269
f 2727/2249/4270 3103/2625/4270 3110/2632/4270
f 2727/2249/4271 3110/2632/4271 2729/2251/4271
f 2729/2251/4272 3110/2632/4272 3111/2633/4272
f 2729/2251/4273 3111/2633/4273 2730/2252/4273
f 2730/2252/4274 3111/2633/4274 3112/2634/4274
f 2730/2252/4275 3112/2634/4275 2732/2254/4275
f 2732/2254/4276 3112/2634/4276 3113/2635/4276
f 3114/2636/4277 2751/2273/4277 2744/2266/4277
f 3114/2636/4278 2744/2266/4278 3115/2637/4278
f 3115/2637/4279 2744/2266/4279 2739/2261/4279
f 3115/2637/4280 2739/2261/4280 3116/2638/4280
f 3116/2638/4281 2739/2261/4281 2732/2254/4281
f 3116/2638/4282 2732/2254/4282 3117/2639/4282
f 3117/2639/4282 2732/2254/4282 3113/2635/4282
f 3117/2639/4283 3113/2635/4283 3106/2628/4283
f 3117/2639/4284 3106/2628/4284 3118/2640/4284
f 3106/2628/4285 3092/2614/4285 3118/2640/4285
f 3118/2640/4282 3092/2614/4282 2639/2161/4282
f 3118/2640/4282 2639/2161/4282 3119/2641/4282
f 3119/2641/4282 2639/2161/4282 3120/2642/4282
f 3120/2642/4282 2639/2161/4282 2638/2160/4282
f 3120/2642/4282 2638/2160/4282 3121/2643/4282
f 3121/2643/4282 2638/2160/4282 2641/2163/4282
f 3121/2643/4282 2641/2163/4282 3122/2644/4282
f 3123/2645/4282 2917/2439/4282 2904/2426/4282
f 3123/2645/4282 2904/2426/4282 3124/2646/4282
f 3124/2646/4282 2904/2426/4282 2893/2415/4282
f 3124/2646/4282 2893/2415/4282 3125/2647/4282
f 3125/2647/4282 2893/2415/4282 2882/2404/4282
f 3125/2647/4282 2882/2404/4282 3126/2648/4282
f 3127/2649/4286 2805/2327/4286 2796/2318/4286
f 3127/2649/4287 2796/2318/4287 3128/2650/4287
f 3128/2650/4288 2796/2318/4288 2789/2311/4288
f 3128/2650/4289 2789/2311/4289 2782/2304/4289
f 3128/2650/4290 2782/2304/4290 3129/2651/4290
f 3129/2651/4291 2782/2304/4291 2776/2298/4291
f 3129/2651/4282 2776/2298/4282 2764/2286/4282
f 3129/2651/4282 2764/2286/4282 3130/2652/4282
f 3130/2652/4282 2764/2286/4282 3114/2636/4282
f 3114/2636/4292 2764/2286/4292 2757/2279/4292
f 3114/2636/4293 2757/2279/4293 2751/2273/4293
f 2882/2404/4282 2869/2391/4282 3126/2648/4282
f 3126/2648/4282 2869/2391/4282 3131/2653/4282
f 3131/2653/4282 2869/2391/4282 2860/2382/4282
f 3131/2653/4282 2860/2382/4282 2845/2367/4282
f 3131/2653/4282 2845/2367/4282 3132/2654/4282
f 3132/2654/4282 2845/2367/4282 2837/2359/4282
f 3132/2654/4282 2837/2359/4282 3133/2655/4282
f 3133/2655/4282 2837/2359/4282 2821/2343/4282
f 3133/2655/4282 2821/2343/4282 3127/2649/4282
f 3127/2649/4282 2821/2343/4282 2813/2335/4282
f 3127/2649/4294 2813/2335/4294 2805/2327/4294
f 3134/2656/4282 2702/2224/4282 3135/2657/4282
f 3135/2657/4282 2702/2224/4282 2953/2475/4282
f 3135/2657/4282 2953/2475/4282 3136/2658/4282
f 3136/2658/4282 2953/2475/4282 2952/2474/4282
f 3136/2658/4282 2952/2474/4282 3137/2659/4282
f 3137/2659/4282 2952/2474/4282 2937/2459/4282
f 3137/2659/4282 2937/2459/4282 3138/2660/4282
f 3138/2660/4282 2937/2459/4282 2931/2453/4282
f 3138/2660/4282 2931/2453/4282 3123/2645/4282
f 3123/2645/4282 2931/2453/4282 2917/2439/4282
f 3139/2661/4295 2660/2182/4295 2664/2186/4295
f 3139/2661/4296 2664/2186/4296 3140/2662/4296
f 3140/2662/4297 2664/2186/4297 2673/2195/4297
f 3140/2662/4298 2673/2195/4298 3141/2663/4298
f 3141/2663/4282 2673/2195/4282 2681/2203/4282
f 3141/2663/4282 2681/2203/4282 3142/2664/4282
f 3142/2664/4299 2681/2203/4299 2688/2210/4299
f 3142/2664/4300 2688/2210/4300 3134/2656/4300
f 3134/2656/4301 2688/2210/4301 2695/2217/4301
f 3134/2656/4302 2695/2217/4302 2702/2224/4302
f 2641/2163/4282 2643/2165/4282 3122/2644/4282
f 3122/2644/4282 2643/2165/4282 3143/2665/4282
f 3143/2665/4282 2643/2165/4282 2645/2167/4282
f 3143/2665/4282 2645/2167/4282 3144/2666/4282
f 3144/2666/4303 2645/2167/4303 2646/2168/4303
f 3144/2666/4304 2646/2168/4304 3145/2667/4304
f 3145/2667/4305 2646/2168/4305 2649/2171/4305
f 3145/2667/4282 2649/2171/4282 3146/2668/4282
f 3146/2668/4282 2649/2171/4282 2651/2173/4282
f 3146/2668/4282 2651/2173/4282 3139/2661/4282
f 3139/2661/4282 2651/2173/4282 2656/2178/4282
f 3139/2661/4306 2656/2178/4306 2660/2182/4306
f 3147/2669/4307 3148/2670/4307 3149/2671/4307
f 3150/2672/4308 3151/2673/4308 3152/2674/4308
f 3151/2673/4309 3153/2675/4309 3154/2676/4309
f 3153/2675/4310 3155/2677/4310 3156/2678/4310
f 3155/2677/4311 3157/2679/4311 3158/2680/4311
f 3157/2679/4312 3159/2681/4312 3160/2682/4312
f 3159/2681/4313 3161/2683/4313 3162/2684/4313
f 3163/2685/4314 3164/2686/4314 3165/2687/4314
f 3164/2686/4315 3166/2688/4315 3167/2689/4315
f 3168/2690/4316 3169/2691/4316 3170/2692/4316
f 3169/2691/4317 3171/2693/4317 3172/2694/4317
f 3173/2695/4318 3174/2696/4318 3175/2697/4318
f 3174/2696/4319 3176/2698/4319 3177/2699/4319
f 3176/2698/4320 3178/2700/4320 3179/2701/4320
f 3178/2700/4321 3180/2702/4321 3181/2703/4321
f 3180/2702/4322 3182/2704/4322 3183/2705/4322
f 3182/2704/4323 3184/2706/4323 3185/2707/4323
f 3184/2706/4324 3186/2708/4324 3187/2709/4324
f 3186/2708/4325 3188/2710/4325 3189/2711/4325
f 3188/2710/4326 3190/2712/4326 3191/2713/4326
f 3190/2712/4327 3192/2714/4327 3193/2715/4327
f 3192/2714/4328 3194/2716/4328 3195/2717/4328
f 3194/2716/4329 3196/2718/4329 3197/2719/4329
f 3196/2718/4330 3198/2720/4330 3199/2721/4330
f 3198/2720/4331 3200/2722/4331 3201/2723/4331
f 3200/2722/4332 3202/2724/4332 3203/2725/4332
f 3202/2724/4333 3204/2726/4333 3205/2727/4333
f 3204/2726/4334 3206/2728/4334 3207/2729/4334
f 3206/2728/4335 3208/2730/4335 3209/2731/4335
f 3208/2730/4336 3210/2732/4336 3211/2733/4336
f 3210/2732/4337 3212/2734/4337 3213/2735/4337
f 3212/2734/4338 3214/2736/4338 3215/2737/4338
f 3214/2736/4339 3216/2738/4339 3217/2739/4339
f 3216/2738/4340 3218/2740/4340 3219/2741/4340
f 3220/2742/4341 3221/2743/4341 3222/2744/4341
f 3223/2745/4342 3224/2746/4342 3225/2747/4342
f 3226/2748/4343 3227/2749/4343 3224/2746/4343
f 3228/2750/4344 3229/2751/4344 3230/2752/4344
f 3231/2753/4345 3228/2750/4345 3232/2754/4345
f 3232/2754/4346 3228/2750/4346 3230/2752/4346
f 3233/2755/4347 3231/2753/4347 3234/2756/4347
f 3234/2756/4348 3231/2753/4348 3232/2754/4348
f 3234/2756/4349 3232/2754/4349 3235/2757/4349
f 3236/2758/4350 3233/2755/4350 3234/2756/4350
f 3236/2758/4351 3234/2756/4351 3235/2757/4351
f 3236/2758/4352 3235/2757/4352 3237/2759/4352
f 3238/2760/4353 3233/2755/4353 3236/2758/4353
f 3238/2760/4354 3236/2758/4354 3239/2761/4354
f 3239/2761/4355 3236/2758/4355 3240/2762/4355
f 3240/2762/4356 3236/2758/4356 3237/2759/4356
f 3240/2762/4357 3237/2759/4357 3241/2763/4357
f 3242/2764/4358 3238/2760/4358 3243/2765/4358
f 3243/2765/4359 3238/2760/4359 3239/2761/4359
f 3243/2765/4360 3239/2761/4360 3244/2766/4360
f 3244/2766/4361 3239/2761/4361 3240/2762/4361
f 3244/2766/4362 3240/2762/4362 3245/2767/4362
f 3245/2767/4363 3240/2762/4363 3241/2763/4363
f 3246/2768/4364 3242/2764/4364 3243/2765/4364
f 3246/2768/4365 3243/2765/4365 3247/2769/4365
f 3247/2769/4366 3243/2765/4366 3244/2766/4366
f 3247/2769/4367 3244/2766/4367 3248/2770/4367
f 3248/2770/4368 3244/2766/4368 3245/2767/4368
f 3248/2770/4369 3245/2767/4369 3249/2771/4369
f 3250/2772/4370 3242/2764/4370 3251/2773/4370
f 3251/2773/4371 3242/2764/4371 3246/2768/4371
f 3251/2773/4372 3246/2768/4372 3252/2774/4372
f 3252/2774/4373 3246/2768/4373 3247/2769/4373
f 3252/2774/4374 3247/2769/4374 3253/2775/4374
f 3253/2775/4375 3247/2769/4375 3248/2770/4375
f 3253/2775/4376 3248/2770/4376 3254/2776/4376
f 3254/2776/4377 3248/2770/4377 3249/2771/4377
f 3254/2776/4378 3249/2771/4378 3255/2777/4378
f 3256/2778/4379 3250/2772/4379 3251/2773/4379
f 3256/2778/4380 3251/2773/4380 3257/2779/4380
f 3257/2779/4381 3251/2773/4381 3252/2774/4381
f 3257/2779/4382 3252/2774/4382 3258/2780/4382
f 3258/2780/4383 3252/2774/4383 3253/2775/4383
f 3258/2780/4384 3253/2775/4384 3259/2781/4384
f 3259/2781/4385 3253/2775/4385 3254/2776/4385
f 3260/2782/4386 3256/2778/4386 3261/2783/4386
f 3261/2783/4387 3256/2778/4387 3257/2779/4387
f 3261/2783/4388 3257/2779/4388 3262/2784/4388
f 3262/2784/4389 3257/2779/4389 3258/2780/4389
f 3262/2784/4390 3258/2780/4390 3263/2785/4390
f 3263/2785/4391 3258/2780/4391 3259/2781/4391
f 3264/2786/4392 3259/2781/4392 3254/2776/4392
f 3264/2786/4393 3254/2776/4393 3255/2777/4393
f 3265/2787/4394 3260/2782/4394 3261/2783/4394
f 3265/2787/4395 3261/2783/4395 3266/2788/4395
f 3266/2788/4396 3261/2783/4396 3262/2784/4396
f 3266/2788/4397 3262/2784/4397 3267/2789/4397
f 3267/2789/4398 3262/2784/4398 3263/2785/4398
f 3267/2789/4399 3263/2785/4399 3268/2790/4399
f 3268/2790/4400 3263/2785/4400 3259/2781/4400
f 3268/2790/4401 3259/2781/4401 3264/2786/4401
f 3264/2786/4402 3255/2777/4402 3269/2791/4402
f 3269/2791/4403 3255/2777/4403 3270/2792/4403
f 3269/2791/4404 3270/2792/4404 3271/2793/4404
f 3272/2794/4405 3260/2782/4405 3265/2787/4405
f 3272/2794/4406 3265/2787/4406 3273/2795/4406
f 3273/2795/4407 3265/2787/4407 3266/2788/4407
f 3273/2795/4408 3266/2788/4408 3274/2796/4408
f 3274/2796/4409 3266/2788/4409 3267/2789/4409
f 3274/2796/4410 3267/2789/4410 3275/2797/4410
f 3275/2797/4411 3267/2789/4411 3268/2790/4411
f 3276/2798/4412 3268/2790/4412 3264/2786/4412
f 3276/2798/4413 3264/2786/4413 3269/2791/4413
f 3277/2799/4414 3269/2791/4414 3271/2793/4414
f 3278/2800/4415 3272/2794/4415 3279/2801/4415
f 3279/2801/4416 3272/2794/4416 3273/2795/4416
f 3279/2801/4417 3273/2795/4417 3280/2802/4417
f 3280/2802/4418 3273/2795/4418 3274/2796/4418
f 3280/2802/4419 3274/2796/4419 3281/2803/4419
f 3281/2803/4420 3274/2796/4420 3275/2797/4420
f 3281/2803/4421 3275/2797/4421 3276/2798/4421
f 3276/2798/4422 3275/2797/4422 3268/2790/4422
f 3282/2804/4423 3276/2798/4423 3269/2791/4423
f 3282/2804/4424 3269/2791/4424 3283/2805/4424
f 3283/2805/4425 3269/2791/4425 3277/2799/4425
f 3283/2805/4426 3277/2799/4426 3284/2806/4426
f 3285/2807/4427 3278/2800/4427 3286/2808/4427
f 3286/2808/4428 3278/2800/4428 3279/2801/4428
f 3286/2808/4429 3279/2801/4429 3287/2809/4429
f 3287/2809/4430 3279/2801/4430 3280/2802/4430
f 3287/2809/4431 3280/2802/4431 3288/2810/4431
f 3288/2810/4432 3280/2802/4432 3281/2803/4432
f 3288/2810/4433 3281/2803/4433 3289/2811/4433
f 3289/2811/4434 3281/2803/4434 3276/2798/4434
f 3290/2812/4435 3282/2804/4435 3283/2805/4435
f 3290/2812/4436 3283/2805/4436 3284/2806/4436
f 3290/2812/4437 3284/2806/4437 3291/2813/4437
f 3292/2814/4438 3285/2807/4438 3286/2808/4438
f 3292/2814/4439 3286/2808/4439 3293/2815/4439
f 3293/2815/4440 3286/2808/4440 3287/2809/4440
f 3293/2815/4441 3287/2809/4441 3294/2816/4441
f 3294/2816/4442 3287/2809/4442 3288/2810/4442
f 3294/2816/4443 3288/2810/4443 3289/2811/4443
f 3295/2817/4444 3289/2811/4444 3276/2798/4444
f 3295/2817/4445 3276/2798/4445 3296/2818/4445
f 3296/2818/4446 3276/2798/4446 3282/2804/4446
f 3296/2818/4447 3282/2804/4447 3297/2819/4447
f 3297/2819/4448 3282/2804/4448 3290/2812/4448
f 3297/2819/4449 3290/2812/4449 3298/2820/4449
f 3298/2820/4450 3290/2812/4450 3152/2674/4450
f 3152/2674/4451 3290/2812/4451 3291/2813/4451
f 3217/2739/4452 3216/2738/4452 3219/2741/4452
f 3217/2739/4453 3219/2741/4453 3299/2821/4453
f 3299/2821/4454 3219/2741/4454 3300/2822/4454
f 3299/2821/4455 3300/2822/4455 3301/2823/4455
f 3301/2823/4456 3300/2822/4456 3302/2824/4456
f 3303/2825/4457 3304/2826/4457 3305/2827/4457
f 3305/2827/4458 3304/2826/4458 3306/2828/4458
f 3305/2827/4459 3306/2828/4459 3307/2829/4459
f 3307/2829/4460 3306/2828/4460 3308/2830/4460
f 3307/2829/4461 3308/2830/4461 3309/2831/4461
f 3307/2829/4462 3309/2831/4462 3310/2832/4462
f 3310/2832/4463 3309/2831/4463 3311/2833/4463
f 3215/2737/4464 3214/2736/4464 3217/2739/4464
f 3215/2737/4465 3217/2739/4465 3299/2821/4465
f 3215/2737/4466 3299/2821/4466 3312/2834/4466
f 3312/2834/4467 3299/2821/4467 3313/2835/4467
f 3313/2835/4468 3299/2821/4468 3301/2823/4468
f 3313/2835/4469 3301/2823/4469 3314/2836/4469
f 3314/2836/4470 3301/2823/4470 3304/2826/4470
f 3314/2836/4471 3304/2826/4471 3303/2825/4471
f 3303/2825/4472 3305/2827/4472 3315/2837/4472
f 3315/2837/4473 3305/2827/4473 3307/2829/4473
f 3315/2837/4474 3307/2829/4474 3316/2838/4474
f 3316/2838/4475 3307/2829/4475 3317/2839/4475
f 3317/2839/4476 3307/2829/4476 3310/2832/4476
f 3317/2839/4477 3310/2832/4477 3318/2840/4477
f 3318/2840/4478 3310/2832/4478 3311/2833/4478
f 3213/2735/4479 3212/2734/4479 3215/2737/4479
f 3213/2735/4480 3215/2737/4480 3319/2841/4480
f 3319/2841/4481 3215/2737/4481 3312/2834/4481
f 3319/2841/4482 3312/2834/4482 3313/2835/4482
f 3320/2842/4483 3314/2836/4483 3303/2825/4483
f 3320/2842/4484 3303/2825/4484 3321/2843/4484
f 3321/2843/4485 3303/2825/4485 3315/2837/4485
f 3321/2843/4486 3315/2837/4486 3322/2844/4486
f 3322/2844/4487 3315/2837/4487 3316/2838/4487
f 3322/2844/4488 3316/2838/4488 3323/2845/4488
f 3323/2845/4489 3316/2838/4489 3317/2839/4489
f 3323/2845/4490 3317/2839/4490 3318/2840/4490
f 3211/2733/4491 3210/2732/4491 3213/2735/4491
f 3211/2733/4492 3213/2735/4492 3324/2846/4492
f 3324/2846/4493 3213/2735/4493 3319/2841/4493
f 3324/2846/4494 3319/2841/4494 3325/2847/4494
f 3325/2847/4495 3319/2841/4495 3313/2835/4495
f 3325/2847/4496 3313/2835/4496 3314/2836/4496
f 3326/2848/4497 3314/2836/4497 3320/2842/4497
f 3327/2849/4498 3320/2842/4498 3321/2843/4498
f 3327/2849/4499 3321/2843/4499 3328/2850/4499
f 3328/2850/4500 3321/2843/4500 3322/2844/4500
f 3328/2850/4501 3322/2844/4501 3323/2845/4501
f 3328/2850/4502 3323/2845/4502 3329/2851/4502
f 3329/2851/4503 3323/2845/4503 3318/2840/4503
f 3209/2731/4504 3208/2730/4504 3211/2733/4504
f 3209/2731/4505 3211/2733/4505 3330/2852/4505
f 3330/2852/4506 3211/2733/4506 3324/2846/4506
f 3330/2852/4507 3324/2846/4507 3325/2847/4507
f 3331/2853/4508 3325/2847/4508 3314/2836/4508
f 3326/2848/4509 3320/2842/4509 3332/2854/4509
f 3332/2854/4510 3320/2842/4510 3327/2849/4510
f 3332/2854/4511 3327/2849/4511 3333/2855/4511
f 3333/2855/4512 3327/2849/4512 3328/2850/4512
f 3333/2855/4513 3328/2850/4513 3334/2856/4513
f 3334/2856/4514 3328/2850/4514 3329/2851/4514
f 3334/2856/4515 3329/2851/4515 3335/2857/4515
f 3207/2729/4516 3206/2728/4516 3209/2731/4516
f 3207/2729/4517 3209/2731/4517 3336/2858/4517
f 3336/2858/4518 3209/2731/4518 3330/2852/4518
f 3336/2858/4519 3330/2852/4519 3331/2853/4519
f 3331/2853/4520 3330/2852/4520 3325/2847/4520
f 3337/2859/4521 3331/2853/4521 3314/2836/4521
f 3337/2859/4522 3314/2836/4522 3326/2848/4522
f 3337/2859/4523 3326/2848/4523 3338/2860/4523
f 3338/2860/4524 3326/2848/4524 3332/2854/4524
f 3338/2860/4525 3332/2854/4525 3339/2861/4525
f 3339/2861/4526 3332/2854/4526 3333/2855/4526
f 3339/2861/4527 3333/2855/4527 3340/2862/4527
f 3340/2862/4528 3333/2855/4528 3334/2856/4528
f 3340/2862/4529 3334/2856/4529 3335/2857/4529
f 3205/2727/4530 3204/2726/4530 3207/2729/4530
f 3205/2727/4531 3207/2729/4531 3341/2863/4531
f 3341/2863/4532 3207/2729/4532 3336/2858/4532
f 3341/2863/4533 3336/2858/4533 3342/2864/4533
f 3342/2864/4534 3336/2858/4534 3331/2853/4534
f 3342/2864/4535 3331/2853/4535 3343/2865/4535
f 3343/2865/4536 3331/2853/4536 3337/2859/4536
f 3344/2866/4537 3337/2859/4537 3338/2860/4537
f 3344/2866/4538 3338/2860/4538 3339/2861/4538
f 3344/2866/4539 3339/2861/4539 3345/2867/4539
f 3345/2867/4540 3339/2861/4540 3346/2868/4540
f 3346/2868/4541 3339/2861/4541 3340/2862/4541
f 3346/2868/4542 3340/2862/4542 3347/2869/4542
f 3347/2869/4543 3340/2862/4543 3335/2857/4543
f 3203/2725/4544 3202/2724/4544 3205/2727/4544
f 3203/2725/4545 3205/2727/4545 3348/2870/4545
f 3348/2870/4546 3205/2727/4546 3341/2863/4546
f 3348/2870/4547 3341/2863/4547 3342/2864/4547
f 3349/2871/4548 3343/2865/4548 3337/2859/4548
f 3349/2871/4549 3337/2859/4549 3350/2872/4549
f 3350/2872/4550 3337/2859/4550 3344/2866/4550
f 3350/2872/4551 3344/2866/4551 3351/2873/4551
f 3351/2873/4552 3344/2866/4552 3345/2867/4552
f 3351/2873/4553 3345/2867/4553 3352/2874/4553
f 3352/2874/4554 3345/2867/4554 3346/2868/4554
f 3352/2874/4555 3346/2868/4555 3353/2875/4555
f 3353/2875/4556 3346/2868/4556 3347/2869/4556
f 3201/2723/4557 3200/2722/4557 3203/2725/4557
f 3201/2723/4558 3203/2725/4558 3348/2870/4558
f 3201/2723/4559 3348/2870/4559 3354/2876/4559
f 3354/2876/4560 3348/2870/4560 3355/2877/4560
f 3355/2877/4561 3348/2870/4561 3342/2864/4561
f 3355/2877/4562 3342/2864/4562 3343/2865/4562
f 3349/2871/4563 3350/2872/4563 3356/2878/4563
f 3356/2878/4564 3350/2872/4564 3351/2873/4564
f 3356/2878/4565 3351/2873/4565 3357/2879/4565
f 3357/2879/4566 3351/2873/4566 3358/2880/4566
f 3358/2880/4567 3351/2873/4567 3352/2874/4567
f 3358/2880/4568 3352/2874/4568 3353/2875/4568
f 3199/2721/4569 3198/2720/4569 3201/2723/4569
f 3199/2721/4570 3201/2723/4570 3359/2881/4570
f 3359/2881/4571 3201/2723/4571 3354/2876/4571
f 3359/2881/4572 3354/2876/4572 3355/2877/4572
f 3360/2882/4573 3355/2877/4573 3343/2865/4573
f 3361/2883/4574 3343/2865/4574 3349/2871/4574
f 3361/2883/4575 3349/2871/4575 3362/2884/4575
f 3362/2884/4576 3349/2871/4576 3356/2878/4576
f 3362/2884/4577 3356/2878/4577 3363/2885/4577
f 3363/2885/4578 3356/2878/4578 3357/2879/4578
f 3363/2885/4579 3357/2879/4579 3364/2886/4579
f 3364/2886/4580 3357/2879/4580 3358/2880/4580
f 3364/2886/4581 3358/2880/4581 3365/2887/4581
f 3365/2887/4582 3358/2880/4582 3353/2875/4582
f 3197/2719/4583 3196/2718/4583 3199/2721/4583
f 3197/2719/4584 3199/2721/4584 3359/2881/4584
f 3197/2719/4585 3359/2881/4585 3366/2888/4585
f 3366/2888/4586 3359/2881/4586 3355/2877/4586
f 3366/2888/4587 3355/2877/4587 3360/2882/4587
f 3367/2889/4588 3360/2882/4588 3343/2865/4588
f 3367/2889/4589 3343/2865/4589 3361/2883/4589
f 3368/2890/4590 3361/2883/4590 3362/2884/4590
f 3368/2890/4591 3362/2884/4591 3369/2891/4591
f 3369/2891/4592 3362/2884/4592 3363/2885/4592
f 3369/2891/4593 3363/2885/4593 3370/2892/4593
f 3370/2892/4594 3363/2885/4594 3364/2886/4594
f 3370/2892/4595 3364/2886/4595 3371/2893/4595
f 3371/2893/4596 3364/2886/4596 3365/2887/4596
f 3195/2717/4597 3194/2716/4597 3197/2719/4597
f 3195/2717/4598 3197/2719/4598 3372/2894/4598
f 3372/2894/4599 3197/2719/4599 3366/2888/4599
f 3372/2894/4600 3366/2888/4600 3373/2895/4600
f 3373/2895/4601 3366/2888/4601 3360/2882/4601
f 3373/2895/4602 3360/2882/4602 3367/2889/4602
f 3374/2896/4603 3367/2889/4603 3361/2883/4603
f 3374/2896/4604 3361/2883/4604 3375/2897/4604
f 3375/2897/4605 3361/2883/4605 3368/2890/4605
f 3375/2897/4606 3368/2890/4606 3376/2898/4606
f 3376/2898/4607 3368/2890/4607 3369/2891/4607
f 3376/2898/4608 3369/2891/4608 3377/2899/4608
f 3377/2899/4609 3369/2891/4609 3370/2892/4609
f 3377/2899/4610 3370/2892/4610 3371/2893/4610
f 3193/2715/4611 3192/2714/4611 3195/2717/4611
f 3193/2715/4612 3195/2717/4612 3378/2900/4612
f 3378/2900/4613 3195/2717/4613 3372/2894/4613
f 3378/2900/4614 3372/2894/4614 3373/2895/4614
f 3379/2901/4615 3373/2895/4615 3367/2889/4615
f 3380/2902/4616 3374/2896/4616 3375/2897/4616
f 3380/2902/4617 3375/2897/4617 3381/2903/4617
f 3381/2903/4618 3375/2897/4618 3376/2898/4618
f 3381/2903/4619 3376/2898/4619 3382/2904/4619
f 3382/2904/4620 3376/2898/4620 3377/2899/4620
f 3382/2904/4621 3377/2899/4621 3383/2905/4621
f 3383/2905/4622 3377/2899/4622 3371/2893/4622
f 3191/2713/4623 3190/2712/4623 3193/2715/4623
f 3191/2713/4624 3193/2715/4624 3384/2906/4624
f 3384/2906/4625 3193/2715/4625 3378/2900/4625
f 3384/2906/4626 3378/2900/4626 3379/2901/4626
f 3379/2901/4627 3378/2900/4627 3373/2895/4627
f 3385/2907/4628 3367/2889/4628 3374/2896/4628
f 3385/2907/4629 3374/2896/4629 3386/2908/4629
f 3386/2908/4630 3374/2896/4630 3380/2902/4630
f 3386/2908/4631 3380/2902/4631 3387/2909/4631
f 3387/2909/4632 3380/2902/4632 3381/2903/4632
f 3387/2909/4633 3381/2903/4633 3388/2910/4633
f 3388/2910/4634 3381/2903/4634 3382/2904/4634
f 3388/2910/4635 3382/2904/4635 3383/2905/4635
f 3189/2711/4636 3188/2710/4636 3191/2713/4636
f 3189/2711/4637 3191/2713/4637 3384/2906/4637
f 3189/2711/4638 3384/2906/4638 3389/2911/4638
f 3389/2911/4639 3384/2906/4639 3390/2912/4639
f 3390/2912/4640 3384/2906/4640 3379/2901/4640
f 3390/2912/4641 3379/2901/4641 3385/2907/4641
f 3385/2907/4642 3379/2901/4642 3367/2889/4642
f 3391/2913/4643 3385/2907/4643 3386/2908/4643
f 3391/2913/4644 3386/2908/4644 3392/2914/4644
f 3392/2914/4645 3386/2908/4645 3387/2909/4645
f 3392/2914/4646 3387/2909/4646 3393/2915/4646
f 3393/2915/4647 3387/2909/4647 3388/2910/4647
f 3393/2915/4648 3388/2910/4648 3394/2916/4648
f 3394/2916/4649 3388/2910/4649 3383/2905/4649
f 3187/2709/4650 3186/2708/4650 3189/2711/4650
f 3187/2709/4651 3189/2711/4651 3395/2917/4651
f 3395/2917/4652 3189/2711/4652 3389/2911/4652
f 3395/2917/4653 3389/2911/4653 3390/2912/4653
f 3396/2918/4654 3390/2912/4654 3397/2919/4654
f 3397/2919/4655 3390/2912/4655 3385/2907/4655
f 3398/2920/4656 3385/2907/4656 3391/2913/4656
f 3398/2920/4657 3391/2913/4657 3399/2921/4657
f 3399/2921/4658 3391/2913/4658 3392/2914/4658
f 3399/2921/4659 3392/2914/4659 3400/2922/4659
f 3400/2922/4660 3392/2914/4660 3393/2915/4660
f 3400/2922/4661 3393/2915/4661 3401/2923/4661
f 3401/2923/4662 3393/2915/4662 3394/2916/4662
f 3401/2923/4663 3394/2916/4663 3402/2924/4663
f 3185/2707/4664 3184/2706/4664 3187/2709/4664
f 3185/2707/4665 3187/2709/4665 3403/2925/4665
f 3403/2925/4666 3187/2709/4666 3395/2917/4666
f 3403/2925/4667 3395/2917/4667 3396/2918/4667
f 3396/2918/4668 3395/2917/4668 3390/2912/4668
f 3404/2926/4669 3397/2919/4669 3385/2907/4669
f 3404/2926/4670 3385/2907/4670 3398/2920/4670
f 3398/2920/4671 3399/2921/4671 3405/2927/4671
f 3405/2927/4672 3399/2921/4672 3400/2922/4672
f 3405/2927/4673 3400/2922/4673 3406/2928/4673
f 3406/2928/4674 3400/2922/4674 3401/2923/4674
f 3406/2928/4675 3401/2923/4675 3407/2929/4675
f 3407/2929/4676 3401/2923/4676 3402/2924/4676
f 3183/2705/4677 3182/2704/4677 3185/2707/4677
f 3183/2705/4678 3185/2707/4678 3408/2930/4678
f 3408/2930/4679 3185/2707/4679 3403/2925/4679
f 3408/2930/4680 3403/2925/4680 3409/2931/4680
f 3409/2931/4681 3403/2925/4681 3396/2918/4681
f 3409/2931/4682 3396/2918/4682 3410/2932/4682
f 3410/2932/4683 3396/2918/4683 3397/2919/4683
f 3411/2933/4684 3404/2926/4684 3398/2920/4684
f 3411/2933/4685 3398/2920/4685 3412/2934/4685
f 3412/2934/4686 3398/2920/4686 3405/2927/4686
f 3412/2934/4687 3405/2927/4687 3413/2935/4687
f 3413/2935/4688 3405/2927/4688 3406/2928/4688
f 3413/2935/4689 3406/2928/4689 3407/2929/4689
f 3181/2703/4690 3180/2702/4690 3183/2705/4690
f 3181/2703/4691 3183/2705/4691 3408/2930/4691
f 3181/2703/4692 3408/2930/4692 3414/2936/4692
f 3414/2936/4693 3408/2930/4693 3409/2931/4693
f 3414/2936/4694 3409/2931/4694 3410/2932/4694
f 3415/2937/4695 3397/2919/4695 3404/2926/4695
f 3415/2937/4696 3404/2926/4696 3411/2933/4696
f 3415/2937/4697 3411/2933/4697 3416/2938/4697
f 3416/2938/4698 3411/2933/4698 3412/2934/4698
f 3416/2938/4699 3412/2934/4699 3417/2939/4699
f 3417/2939/4700 3412/2934/4700 3413/2935/4700
f 3417/2939/4701 3413/2935/4701 3418/2940/4701
f 3418/2940/4702 3413/2935/4702 3419/2941/4702
f 3419/2941/4703 3413/2935/4703 3407/2929/4703
f 3179/2701/4704 3178/2700/4704 3181/2703/4704
f 3179/2701/4705 3181/2703/4705 3420/2942/4705
f 3420/2942/4706 3181/2703/4706 3414/2936/4706
f 3420/2942/4707 3414/2936/4707 3421/2943/4707
f 3421/2943/4708 3414/2936/4708 3410/2932/4708
f 3410/2932/4709 3397/2919/4709 3415/2937/4709
f 3422/2944/4710 3415/2937/4710 3416/2938/4710
f 3422/2944/4711 3416/2938/4711 3423/2945/4711
f 3423/2945/4712 3416/2938/4712 3417/2939/4712
f 3423/2945/4713 3417/2939/4713 3424/2946/4713
f 3424/2946/4714 3417/2939/4714 3418/2940/4714
f 3424/2946/4715 3418/2940/4715 3425/2947/4715
f 3425/2947/4716 3418/2940/4716 3419/2941/4716
f 3177/2699/4717 3176/2698/4717 3179/2701/4717
f 3177/2699/4718 3179/2701/4718 3426/2948/4718
f 3426/2948/4719 3179/2701/4719 3420/2942/4719
f 3426/2948/4720 3420/2942/4720 3421/2943/4720
f 3427/2949/4721 3410/2932/4721 3415/2937/4721
f 3427/2949/4722 3415/2937/4722 3422/2944/4722
f 3427/2949/4723 3422/2944/4723 3428/2950/4723
f 3428/2950/4724 3422/2944/4724 3423/2945/4724
f 3428/2950/4725 3423/2945/4725 3429/2951/4725
f 3429/2951/4726 3423/2945/4726 3424/2946/4726
f 3429/2951/4727 3424/2946/4727 3430/2952/4727
f 3430/2952/4728 3424/2946/4728 3425/2947/4728
f 3430/2952/4729 3425/2947/4729 3431/2953/4729
f 3175/2697/4730 3174/2696/4730 3177/2699/4730
f 3175/2697/4731 3177/2699/4731 3432/2954/4731
f 3432/2954/4732 3177/2699/4732 3426/2948/4732
f 3432/2954/4733 3426/2948/4733 3433/2955/4733
f 3433/2955/4734 3426/2948/4734 3421/2943/4734
f 3433/2955/4735 3421/2943/4735 3434/2956/4735
f 3434/2956/4736 3421/2943/4736 3435/2957/4736
f 3435/2957/4737 3421/2943/4737 3410/2932/4737
f 3435/2957/4738 3410/2932/4738 3427/2949/4738
f 3436/2958/4739 3427/2949/4739 3428/2950/4739
f 3436/2958/4740 3428/2950/4740 3437/2959/4740
f 3437/2959/4741 3428/2950/4741 3429/2951/4741
f 3437/2959/4742 3429/2951/4742 3438/2960/4742
f 3438/2960/4743 3429/2951/4743 3430/2952/4743
f 3438/2960/4744 3430/2952/4744 3431/2953/4744
f 3171/2693/4745 3173/2695/4745 3439/2961/4745
f 3439/2961/4746 3173/2695/4746 3175/2697/4746
f 3439/2961/4747 3175/2697/4747 3440/2962/4747
f 3440/2962/4748 3175/2697/4748 3432/2954/4748
f 3440/2962/4749 3432/2954/4749 3433/2955/4749
f 3435/2957/4750 3427/2949/4750 3441/2963/4750
f 3441/2963/4751 3427/2949/4751 3436/2958/4751
f 3441/2963/4752 3436/2958/4752 3442/2964/4752
f 3442/2964/4753 3436/2958/4753 3437/2959/4753
f 3442/2964/4754 3437/2959/4754 3443/2965/4754
f 3443/2965/4755 3437/2959/4755 3438/2960/4755
f 3443/2965/4756 3438/2960/4756 3444/2966/4756
f 3444/2966/4757 3438/2960/4757 3445/2967/4757
f 3445/2967/4758 3438/2960/4758 3431/2953/4758
f 3172/2694/4759 3171/2693/4759 3439/2961/4759
f 3172/2694/4760 3439/2961/4760 3446/2968/4760
f 3446/2968/4761 3439/2961/4761 3440/2962/4761
f 3446/2968/4762 3440/2962/4762 3433/2955/4762
f 3446/2968/4763 3433/2955/4763 3447/2969/4763
f 3447/2969/4764 3433/2955/4764 3434/2956/4764
f 3447/2969/4765 3434/2956/4765 3435/2957/4765
f 3448/2970/4766 3435/2957/4766 3441/2963/4766
f 3441/2963/4767 3442/2964/4767 3449/2971/4767
f 3449/2971/4768 3442/2964/4768 3443/2965/4768
f 3449/2971/4769 3443/2965/4769 3450/2972/4769
f 3450/2972/4770 3443/2965/4770 3444/2966/4770
f 3450/2972/4771 3444/2966/4771 3451/2973/4771
f 3451/2973/4772 3444/2966/4772 3445/2967/4772
f 3170/2692/4773 3169/2691/4773 3172/2694/4773
f 3170/2692/4774 3172/2694/4774 3452/2974/4774
f 3452/2974/4775 3172/2694/4775 3446/2968/4775
f 3452/2974/4776 3446/2968/4776 3447/2969/4776
f 3453/2975/4777 3447/2969/4777 3435/2957/4777
f 3453/2975/4778 3435/2957/4778 3448/2970/4778
f 3454/2976/4779 3448/2970/4779 3441/2963/4779
f 3454/2976/4780 3441/2963/4780 3455/2977/4780
f 3455/2977/4781 3441/2963/4781 3449/2971/4781
f 3455/2977/4782 3449/2971/4782 3456/2978/4782
f 3456/2978/4783 3449/2971/4783 3450/2972/4783
f 3456/2978/4784 3450/2972/4784 3451/2973/4784
f 3166/2688/4785 3168/2690/4785 3457/2979/4785
f 3457/2979/4786 3168/2690/4786 3170/2692/4786
f 3457/2979/4787 3170/2692/4787 3458/2980/4787
f 3458/2980/4788 3170/2692/4788 3452/2974/4788
f 3458/2980/4789 3452/2974/4789 3459/2981/4789
f 3459/2981/4790 3452/2974/4790 3447/2969/4790
f 3459/2981/4791 3447/2969/4791 3460/2982/4791
f 3460/2982/4792 3447/2969/4792 3453/2975/4792
f 3453/2975/4793 3448/2970/4793 3461/2983/4793
f 3461/2983/4794 3448/2970/4794 3454/2976/4794
f 3461/2983/4795 3454/2976/4795 3462/2984/4795
f 3462/2984/4796 3454/2976/4796 3455/2977/4796
f 3462/2984/4797 3455/2977/4797 3463/2985/4797
f 3463/2985/4798 3455/2977/4798 3456/2978/4798
f 3463/2985/4799 3456/2978/4799 3464/2986/4799
f 3464/2986/4800 3456/2978/4800 3451/2973/4800
f 3167/2689/4801 3166/2688/4801 3457/2979/4801
f 3167/2689/4802 3457/2979/4802 3465/2987/4802
f 3465/2987/4803 3457/2979/4803 3458/2980/4803
f 3465/2987/4804 3458/2980/4804 3459/2981/4804
f 3465/2987/4805 3459/2981/4805 3460/2982/4805
f 3466/2988/4806 3453/2975/4806 3467/2989/4806
f 3467/2989/4807 3453/2975/4807 3461/2983/4807
f 3467/2989/4808 3461/2983/4808 3468/2990/4808
f 3468/2990/4809 3461/2983/4809 3462/2984/4809
f 3468/2990/4810 3462/2984/4810 3469/2991/4810
f 3469/2991/4811 3462/2984/4811 3463/2985/4811
f 3469/2991/4812 3463/2985/4812 3470/2992/4812
f 3470/2992/4813 3463/2985/4813 3464/2986/4813
f 3165/2687/4814 3164/2686/4814 3167/2689/4814
f 3165/2687/4815 3167/2689/4815 3465/2987/4815
f 3165/2687/4816 3465/2987/4816 3471/2993/4816
f 3471/2993/4817 3465/2987/4817 3472/2994/4817
f 3472/2994/4818 3465/2987/4818 3460/2982/4818
f 3472/2994/4819 3460/2982/4819 3473/2995/4819
f 3473/2995/4820 3460/2982/4820 3453/2975/4820
f 3473/2995/4821 3453/2975/4821 3466/2988/4821
f 3466/2988/4822 3467/2989/4822 3474/2996/4822
f 3474/2996/4823 3467/2989/4823 3468/2990/4823
f 3474/2996/4824 3468/2990/4824 3475/2997/4824
f 3475/2997/4825 3468/2990/4825 3469/2991/4825
f 3475/2997/4826 3469/2991/4826 3476/2998/4826
f 3476/2998/4827 3469/2991/4827 3470/2992/4827
f 3477/2999/4828 3163/2685/4828 3478/3000/4828
f 3478/3000/4829 3163/2685/4829 3165/2687/4829
f 3478/3000/4830 3165/2687/4830 3479/3001/4830
f 3479/3001/4831 3165/2687/4831 3471/2993/4831
f 3479/3001/4832 3471/2993/4832 3472/2994/4832
f 3480/3002/4833 3472/2994/4833 3473/2995/4833
f 3473/2995/4834 3466/2988/4834 3481/3003/4834
f 3481/3003/4835 3466/2988/4835 3482/3004/4835
f 3482/3004/4836 3466/2988/4836 3474/2996/4836
f 3482/3004/4837 3474/2996/4837 3483/3005/4837
f 3483/3005/4838 3474/2996/4838 3475/2997/4838
f 3483/3005/4839 3475/2997/4839 3484/3006/4839
f 3484/3006/4840 3475/2997/4840 3476/2998/4840
f 3161/2683/4841 3477/2999/4841 3485/3007/4841
f 3485/3007/4842 3477/2999/4842 3478/3000/4842
f 3485/3007/4843 3478/3000/4843 3486/3008/4843
f 3486/3008/4844 3478/3000/4844 3479/3001/4844
f 3486/3008/4845 3479/3001/4845 3487/3009/4845
f 3487/3009/4846 3479/3001/4846 3472/2994/4846
f 3487/3009/4847 3472/2994/4847 3488/3010/4847
f 3488/3010/4848 3472/2994/4848 3480/3002/4848
f 3489/3011/4849 3480/3002/4849 3473/2995/4849
f 3489/3011/4850 3473/2995/4850 3481/3003/4850
f 3481/3003/4851 3482/3004/4851 3490/3012/4851
f 3490/3012/4852 3482/3004/4852 3483/3005/4852
f 3490/3012/4853 3483/3005/4853 3491/3013/4853
f 3491/3013/4854 3483/3005/4854 3492/3014/4854
f 3492/3014/4855 3483/3005/4855 3484/3006/4855
f 3162/2684/4856 3161/2683/4856 3485/3007/4856
f 3162/2684/4857 3485/3007/4857 3486/3008/4857
f 3162/2684/4858 3486/3008/4858 3493/3015/4858
f 3493/3015/4859 3486/3008/4859 3487/3009/4859
f 3493/3015/4860 3487/3009/4860 3488/3010/4860
f 3494/3016/4861 3489/3011/4861 3481/3003/4861
f 3494/3016/4862 3481/3003/4862 3495/3017/4862
f 3495/3017/4863 3481/3003/4863 3490/3012/4863
f 3495/3017/4864 3490/3012/4864 3491/3013/4864
f 3495/3017/4865 3491/3013/4865 3496/3018/4865
f 3496/3018/4866 3491/3013/4866 3492/3014/4866
f 3496/3018/4867 3492/3014/4867 3497/3019/4867
f 3160/2682/4868 3159/2681/4868 3162/2684/4868
f 3160/2682/4869 3162/2684/4869 3498/3020/4869
f 3498/3020/4870 3162/2684/4870 3493/3015/4870
f 3498/3020/4871 3493/3015/4871 3499/3021/4871
f 3499/3021/4872 3493/3015/4872 3488/3010/4872
f 3499/3021/4873 3488/3010/4873 3480/3002/4873
f 3500/3022/4874 3480/3002/4874 3489/3011/4874
f 3500/3022/4875 3489/3011/4875 3501/3023/4875
f 3501/3023/4876 3489/3011/4876 3494/3016/4876
f 3501/3023/4877 3494/3016/4877 3495/3017/4877
f 3501/3023/4878 3495/3017/4878 3502/3024/4878
f 3502/3024/4879 3495/3017/4879 3503/3025/4879
f 3503/3025/4880 3495/3017/4880 3496/3018/4880
f 3503/3025/4881 3496/3018/4881 3497/3019/4881
f 3158/2680/4882 3157/2679/4882 3160/2682/4882
f 3158/2680/4883 3160/2682/4883 3504/3026/4883
f 3504/3026/4884 3160/2682/4884 3498/3020/4884
f 3504/3026/4885 3498/3020/4885 3499/3021/4885
f 3505/3027/4886 3499/3021/4886 3295/2817/4886
f 3295/2817/4887 3499/3021/4887 3480/3002/4887
f 3295/2817/4888 3480/3002/4888 3500/3022/4888
f 3506/3028/4889 3500/3022/4889 3501/3023/4889
f 3506/3028/4890 3501/3023/4890 3507/3029/4890
f 3507/3029/4891 3501/3023/4891 3502/3024/4891
f 3507/3029/4892 3502/3024/4892 3508/3030/4892
f 3508/3030/4893 3502/3024/4893 3503/3025/4893
f 3508/3030/4894 3503/3025/4894 3509/3031/4894
f 3509/3031/4895 3503/3025/4895 3497/3019/4895
f 3509/3031/4896 3510/3032/4896 3508/3030/4896
f 3508/3030/4897 3510/3032/4897 3511/3033/4897
f 3508/3030/4898 3511/3033/4898 3507/3029/4898
f 3507/3029/4899 3511/3033/4899 3512/3034/4899
f 3507/3029/4900 3512/3034/4900 3506/3028/4900
f 3506/3028/4901 3512/3034/4901 3513/3035/4901
f 3506/3028/4902 3513/3035/4902 3500/3022/4902
f 3500/3022/4903 3513/3035/4903 3514/3036/4903
f 3500/3022/4904 3514/3036/4904 3295/2817/4904
f 3499/3021/4905 3505/3027/4905 3504/3026/4905
f 3504/3026/4906 3505/3027/4906 3515/3037/4906
f 3504/3026/4907 3515/3037/4907 3158/2680/4907
f 3158/2680/4908 3515/3037/4908 3156/2678/4908
f 3158/2680/4909 3156/2678/4909 3155/2677/4909
f 3511/3033/4910 3510/3032/4910 3516/3038/4910
f 3511/3033/4911 3516/3038/4911 3512/3034/4911
f 3512/3034/4912 3516/3038/4912 3517/3039/4912
f 3512/3034/4913 3517/3039/4913 3513/3035/4913
f 3513/3035/4914 3517/3039/4914 3518/3040/4914
f 3513/3035/4915 3518/3040/4915 3514/3036/4915
f 3505/3027/4916 3295/2817/4916 3296/2818/4916
f 3505/3027/4917 3296/2818/4917 3297/2819/4917
f 3505/3027/4918 3297/2819/4918 3515/3037/4918
f 3515/3037/4919 3297/2819/4919 3519/3041/4919
f 3515/3037/4920 3519/3041/4920 3156/2678/4920
f 3156/2678/4921 3519/3041/4921 3154/2676/4921
f 3156/2678/4922 3154/2676/4922 3153/2675/4922
f 3510/3032/4923 3285/2807/4923 3516/3038/4923
f 3516/3038/4924 3285/2807/4924 3292/2814/4924
f 3516/3038/4925 3292/2814/4925 3517/3039/4925
f 3517/3039/4926 3292/2814/4926 3293/2815/4926
f 3517/3039/4927 3293/2815/4927 3518/3040/4927
f 3518/3040/4928 3293/2815/4928 3294/2816/4928
f 3518/3040/4929 3294/2816/4929 3514/3036/4929
f 3514/3036/4930 3294/2816/4930 3289/2811/4930
f 3514/3036/4931 3289/2811/4931 3295/2817/4931
f 3519/3041/4932 3297/2819/4932 3298/2820/4932
f 3519/3041/4933 3298/2820/4933 3154/2676/4933
f 3154/2676/4934 3298/2820/4934 3152/2674/4934
f 3154/2676/4935 3152/2674/4935 3151/2673/4935
f 3227/2749/4936 3226/2748/4936 3229/2751/4936
f 3229/2751/4937 3226/2748/4937 3520/3042/4937
f 3229/2751/4938 3520/3042/4938 3230/2752/4938
f 3232/2754/4939 3230/2752/4939 3521/3043/4939
f 3232/2754/4940 3521/3043/4940 3235/2757/4940
f 3235/2757/4941 3521/3043/4941 3522/3044/4941
f 3235/2757/4942 3522/3044/4942 3237/2759/4942
f 3237/2759/4943 3522/3044/4943 3523/3045/4943
f 3237/2759/4357 3523/3045/4357 3241/2763/4357
f 3245/2767/4944 3241/2763/4944 3249/2771/4944
f 3255/2777/4945 3524/3046/4945 3270/2792/4945
f 3270/2792/4946 3525/3047/4946 3271/2793/4946
f 3152/2674/4947 3291/2813/4947 3526/3048/4947
f 3152/2674/4948 3526/3048/4948 3150/2672/4948
f 3224/2746/4949 3527/3049/4949 3226/2748/4949
f 3230/2752/4950 3520/3042/4950 3528/3050/4950
f 3230/2752/4951 3528/3050/4951 3521/3043/4951
f 3241/2763/4952 3523/3045/4952 3529/3051/4952
f 3241/2763/4953 3529/3051/4953 3249/2771/4953
f 3249/2771/4954 3529/3051/4954 3255/2777/4954
f 3255/2777/4955 3529/3051/4955 3524/3046/4955
f 3524/3046/4956 3530/3052/4956 3270/2792/4956
f 3270/2792/4957 3530/3052/4957 3531/3053/4957
f 3270/2792/4958 3531/3053/4958 3525/3047/4958
f 3271/2793/4959 3525/3047/4959 3532/3054/4959
f 3271/2793/4960 3532/3054/4960 3277/2799/4960
f 3277/2799/4961 3532/3054/4961 3533/3055/4961
f 3277/2799/4962 3533/3055/4962 3284/2806/4962
f 3284/2806/4963 3533/3055/4963 3534/3056/4963
f 3284/2806/4964 3534/3056/4964 3291/2813/4964
f 3291/2813/4965 3534/3056/4965 3526/3048/4965
f 3224/2746/4966 3223/2745/4966 3527/3049/4966
f 3226/2748/4967 3527/3049/4967 3535/3057/4967
f 3226/2748/4968 3535/3057/4968 3520/3042/4968
f 3520/3042/4969 3535/3057/4969 3536/3058/4969
f 3520/3042/4970 3536/3058/4970 3528/3050/4970
f 3521/3043/4971 3528/3050/4971 3537/3059/4971
f 3521/3043/4972 3537/3059/4972 3522/3044/4972
f 3522/3044/4973 3537/3059/4973 3523/3045/4973
f 3523/3045/4974 3537/3059/4974 3529/3051/4974
f 3529/3051/4975 3538/3060/4975 3524/3046/4975
f 3534/3056/4976 3533/3055/4976 3539/3061/4976
f 3527/3049/4977 3223/2745/4977 3540/3062/4977
f 3527/3049/4978 3540/3062/4978 3535/3057/4978
f 3537/3059/4979 3541/3063/4979 3529/3051/4979
f 3529/3051/4980 3541/3063/4980 3538/3060/4980
f 3524/3046/4981 3538/3060/4981 3542/3064/4981
f 3524/3046/4982 3542/3064/4982 3530/3052/4982
f 3530/3052/4983 3542/3064/4983 3543/3065/4983
f 3530/3052/4984 3543/3065/4984 3531/3053/4984
f 3531/3053/4985 3543/3065/4985 3544/3066/4985
f 3531/3053/4986 3544/3066/4986 3525/3047/4986
f 3525/3047/4987 3544/3066/4987 3545/3067/4987
f 3525/3047/4988 3545/3067/4988 3532/3054/4988
f 3532/3054/4989 3545/3067/4989 3546/3068/4989
f 3532/3054/4990 3546/3068/4990 3533/3055/4990
f 3533/3055/4991 3546/3068/4991 3539/3061/4991
f 3225/2747/4992 3547/3069/4992 3548/3070/4992
f 3225/2747/4993 3548/3070/4993 3223/2745/4993
f 3223/2745/4994 3548/3070/4994 3549/3071/4994
f 3223/2745/4995 3549/3071/4995 3540/3062/4995
f 3536/3058/4996 3535/3057/4996 3550/3072/4996
f 3536/3058/4997 3550/3072/4997 3528/3050/4997
f 3528/3050/4998 3550/3072/4998 3551/3073/4998
f 3528/3050/4999 3551/3073/4999 3537/3059/4999
f 3537/3059/5000 3551/3073/5000 3541/3063/5000
f 3541/3063/5001 3552/3074/5001 3538/3060/5001
f 3538/3060/5002 3553/3075/5002 3542/3064/5002
f 3546/3068/5003 3545/3067/5003 3554/3076/5003
f 3221/2743/5004 3555/3077/5004 3547/3069/5004
f 3547/3069/5005 3555/3077/5005 3556/3078/5005
f 3547/3069/5006 3556/3078/5006 3548/3070/5006
f 3540/3062/5007 3549/3071/5007 3557/3079/5007
f 3540/3062/5008 3557/3079/5008 3535/3057/5008
f 3535/3057/5009 3557/3079/5009 3558/3080/5009
f 3535/3057/5010 3558/3080/5010 3550/3072/5010
f 3552/3074/5011 3559/3081/5011 3538/3060/5011
f 3538/3060/5012 3559/3081/5012 3560/3082/5012
f 3538/3060/5013 3560/3082/5013 3553/3075/5013
f 3542/3064/5014 3553/3075/5014 3561/3083/5014
f 3542/3064/5015 3561/3083/5015 3543/3065/5015
f 3543/3065/5016 3561/3083/5016 3562/3084/5016
f 3543/3065/5017 3562/3084/5017 3544/3066/5017
f 3544/3066/5018 3562/3084/5018 3563/3085/5018
f 3544/3066/5019 3563/3085/5019 3545/3067/5019
f 3545/3067/5020 3563/3085/5020 3554/3076/5020
f 3221/2743/5021 3220/2742/5021 3555/3077/5021
f 3549/3071/5022 3548/3070/5022 3564/3086/5022
f 3549/3071/5023 3564/3086/5023 3557/3079/5023
f 3551/3073/5024 3550/3072/5024 3565/3087/5024
f 3551/3073/5025 3565/3087/5025 3541/3063/5025
f 3541/3063/5026 3565/3087/5026 3566/3088/5026
f 3541/3063/5027 3566/3088/5027 3552/3074/5027
f 3563/3085/5028 3562/3084/5028 3567/3089/5028
f 3563/3085/5029 3567/3089/5029 3568/3090/5029
f 3222/2744/5030 3569/3091/5030 3220/2742/5030
f 3555/3077/5031 3220/2742/5031 3570/3092/5031
f 3555/3077/5032 3570/3092/5032 3556/3078/5032
f 3556/3078/5033 3570/3092/5033 3571/3093/5033
f 3556/3078/5034 3571/3093/5034 3548/3070/5034
f 3548/3070/5035 3571/3093/5035 3572/3094/5035
f 3548/3070/5036 3572/3094/5036 3564/3086/5036
f 3557/3079/5037 3564/3086/5037 3573/3095/5037
f 3557/3079/5038 3573/3095/5038 3558/3080/5038
f 3558/3080/5039 3573/3095/5039 3550/3072/5039
f 3550/3072/5040 3573/3095/5040 3565/3087/5040
f 3552/3074/5041 3566/3088/5041 3574/3096/5041
f 3552/3074/5042 3574/3096/5042 3559/3081/5042
f 3559/3081/5043 3574/3096/5043 3575/3097/5043
f 3559/3081/5044 3575/3097/5044 3560/3082/5044
f 3553/3075/5045 3560/3082/5045 3576/3098/5045
f 3553/3075/5046 3576/3098/5046 3561/3083/5046
f 3561/3083/5047 3576/3098/5047 3577/3099/5047
f 3561/3083/5048 3577/3099/5048 3562/3084/5048
f 3562/3084/5049 3577/3099/5049 3567/3089/5049
f 3564/3086/5050 3572/3094/5050 3578/3100/5050
f 3564/3086/5051 3578/3100/5051 3573/3095/5051
f 3565/3087/5052 3579/3101/5052 3566/3088/5052
f 3566/3088/5053 3580/3102/5053 3574/3096/5053
f 3560/3082/5054 3575/3097/5054 3581/3103/5054
f 3560/3082/5055 3581/3103/5055 3576/3098/5055
f 3577/3099/5056 3576/3098/5056 3582/3104/5056
f 3569/3091/5057 3583/3105/5057 3220/2742/5057
f 3220/2742/5058 3583/3105/5058 3584/3106/5058
f 3220/2742/5059 3584/3106/5059 3570/3092/5059
f 3571/3093/5060 3570/3092/5060 3585/3107/5060
f 3571/3093/5061 3585/3107/5061 3572/3094/5061
f 3572/3094/5062 3585/3107/5062 3578/3100/5062
f 3573/3095/5063 3578/3100/5063 3565/3087/5063
f 3565/3087/5064 3586/3108/5064 3579/3101/5064
f 3566/3088/5065 3579/3101/5065 3587/3109/5065
f 3566/3088/5066 3587/3109/5066 3580/3102/5066
f 3574/3096/5067 3580/3102/5067 3588/3110/5067
f 3574/3096/5068 3588/3110/5068 3575/3097/5068
f 3575/3097/5069 3588/3110/5069 3589/3111/5069
f 3575/3097/5070 3589/3111/5070 3581/3103/5070
f 3576/3098/5071 3581/3103/5071 3590/3112/5071
f 3576/3098/5072 3590/3112/5072 3582/3104/5072
f 3570/3092/5073 3584/3106/5073 3591/3113/5073
f 3570/3092/5074 3591/3113/5074 3585/3107/5074
f 3578/3100/5075 3585/3107/5075 3592/3114/5075
f 3578/3100/5076 3592/3114/5076 3565/3087/5076
f 3565/3087/5077 3592/3114/5077 3586/3108/5077
f 3586/3108/5078 3593/3115/5078 3579/3101/5078
f 3579/3101/5079 3593/3115/5079 3594/3116/5079
f 3579/3101/5080 3594/3116/5080 3587/3109/5080
f 3580/3102/5081 3587/3109/5081 3595/3117/5081
f 3580/3102/5082 3595/3117/5082 3588/3110/5082
f 3581/3103/5083 3589/3111/5083 3596/3118/5083
f 3581/3103/5084 3596/3118/5084 3590/3112/5084
f 3584/3106/5085 3583/3105/5085 3597/3119/5085
f 3584/3106/5086 3597/3119/5086 3591/3113/5086
f 3585/3107/5087 3591/3113/5087 3592/3114/5087
f 3592/3114/5088 3598/3120/5088 3586/3108/5088
f 3587/3109/5089 3594/3116/5089 3599/3121/5089
f 3587/3109/5090 3599/3121/5090 3595/3117/5090
f 3588/3110/5091 3595/3117/5091 3600/3122/5091
f 3588/3110/5092 3600/3122/5092 3589/3111/5092
f 3589/3111/5093 3600/3122/5093 3601/3123/5093
f 3589/3111/5094 3601/3123/5094 3596/3118/5094
f 3583/3105/5095 3602/3124/5095 3597/3119/5095
f 3591/3113/5096 3597/3119/5096 3603/3125/5096
f 3591/3113/5097 3603/3125/5097 3592/3114/5097
f 3592/3114/5098 3603/3125/5098 3598/3120/5098
f 3598/3120/5099 3604/3126/5099 3586/3108/5099
f 3586/3108/5100 3604/3126/5100 3593/3115/5100
f 3593/3115/5101 3605/3127/5101 3594/3116/5101
f 3594/3116/5102 3605/3127/5102 3606/3128/5102
f 3594/3116/5103 3606/3128/5103 3599/3121/5103
f 3600/3122/5104 3595/3117/5104 3607/3129/5104
f 3600/3122/5105 3607/3129/5105 3601/3123/5105
f 3597/3119/5106 3602/3124/5106 3603/3125/5106
f 3603/3125/5107 3608/3130/5107 3609/3131/5107
f 3603/3125/5108 3609/3131/5108 3598/3120/5108
f 3593/3115/5109 3604/3126/5109 3610/3132/5109
f 3593/3115/5110 3610/3132/5110 3605/3127/5110
f 3595/3117/5111 3599/3121/5111 3611/3133/5111
f 3595/3117/5112 3611/3133/5112 3607/3129/5112
f 3602/3124/5113 3612/3134/5113 3603/3125/5113
f 3603/3125/5114 3612/3134/5114 3608/3130/5114
f 3598/3120/5115 3609/3131/5115 3613/3135/5115
f 3598/3120/5116 3613/3135/5116 3604/3126/5116
f 3604/3126/5117 3613/3135/5117 3614/3136/5117
f 3604/3126/5118 3614/3136/5118 3610/3132/5118
f 3605/3127/5119 3610/3132/5119 3615/3137/5119
f 3605/3127/5120 3615/3137/5120 3606/3128/5120
f 3606/3128/5121 3615/3137/5121 3616/3138/5121
f 3606/3128/5122 3616/3138/5122 3599/3121/5122
f 3599/3121/5123 3616/3138/5123 3611/3133/5123
f 3608/3130/5124 3617/3139/5124 3609/3131/5124
f 3609/3131/5125 3618/3140/5125 3613/3135/5125
f 3610/3132/5126 3614/3136/5126 3619/3141/5126
f 3610/3132/5127 3619/3141/5127 3615/3137/5127
f 3616/3138/5128 3615/3137/5128 3620/3142/5128
f 3609/3131/5129 3617/3139/5129 3621/3143/5129
f 3609/3131/5130 3621/3143/5130 3618/3140/5130
f 3613/3135/5131 3618/3140/5131 3622/3144/5131
f 3613/3135/5132 3622/3144/5132 3614/3136/5132
f 3614/3136/5133 3622/3144/5133 3148/2670/5133
f 3614/3136/5134 3148/2670/5134 3619/3141/5134
f 3615/3137/5135 3619/3141/5135 3623/3145/5135
f 3615/3137/5136 3623/3145/5136 3620/3142/5136
f 3621/3143/5137 3624/3146/5137 3618/3140/5137
f 3619/3141/5138 3148/2670/5138 3625/3147/5138
f 3619/3141/5139 3625/3147/5139 3623/3145/5139
f 3617/3139/5140 3626/3148/5140 3621/3143/5140
f 3618/3140/5141 3624/3146/5141 3627/3149/5141
f 3618/3140/5142 3627/3149/5142 3622/3144/5142
f 3622/3144/5143 3627/3149/5143 3149/2671/5143
f 3622/3144/5144 3149/2671/5144 3148/2670/5144
f 3621/3143/5145 3626/3148/5145 3628/3150/5145
f 3621/3143/5146 3628/3150/5146 3624/3146/5146
f 3624/3146/5147 3628/3150/5147 3629/3151/5147
f 3624/3146/5148 3629/3151/5148 3627/3149/5148
f 3149/2671/5149 3627/3149/5149 3147/2669/5149
f 3626/3148/5150 3630/3152/5150 3628/3150/5150
f 3627/3149/5151 3629/3151/5151 3631/3153/5151
f 3627/3149/5152 3631/3153/5152 3632/3154/5152
f 3629/3151/5153 3628/3150/5153 3633/3155/5153
f 3629/3151/5154 3633/3155/5154 3631/3153/5154
f 3634/3156/5155 3635/3157/5155 3630/3152/5155
f 3634/3156/5156 3630/3152/5156 3636/3158/5156
f 3636/3158/5157 3630/3152/5157 3626/3148/5157
f 3636/3158/5158 3626/3148/5158 3637/3159/5158
f 3637/3159/5159 3626/3148/5159 3617/3139/5159
f 3637/3159/5160 3617/3139/5160 3608/3130/5160
f 3638/3160/5161 3612/3134/5161 3602/3124/5161
f 3638/3160/5162 3602/3124/5162 3639/3161/5162
f 3639/3161/5163 3602/3124/5163 3583/3105/5163
f 3639/3161/5164 3583/3105/5164 3640/3162/5164
f 3640/3162/5165 3583/3105/5165 3569/3091/5165
f 3640/3162/5166 3569/3091/5166 3222/2744/5166
f 3635/3157/5167 3641/3163/5167 3630/3152/5167
f 3630/3152/5168 3641/3163/5168 3628/3150/5168
f 3628/3150/5169 3641/3163/5169 3633/3155/5169
f 3642/3164/5170 3635/3157/5170 3643/3165/5170
f 3643/3165/5171 3635/3157/5171 3634/3156/5171
f 3643/3165/5172 3634/3156/5172 3644/3166/5172
f 3644/3166/5173 3634/3156/5173 3636/3158/5173
f 3644/3166/5174 3636/3158/5174 3637/3159/5174
f 3645/3167/5175 3637/3159/5175 3608/3130/5175
f 3645/3167/5176 3608/3130/5176 3612/3134/5176
f 3645/3167/5177 3612/3134/5177 3646/3168/5177
f 3646/3168/5178 3612/3134/5178 3638/3160/5178
f 3646/3168/5179 3638/3160/5179 3647/3169/5179
f 3647/3169/5180 3638/3160/5180 3639/3161/5180
f 3647/3169/5181 3639/3161/5181 3640/3162/5181
f 3647/3169/5182 3640/3162/5182 3648/3170/5182
f 3648/3170/5183 3640/3162/5183 3649/3171/5183
f 3649/3171/5184 3640/3162/5184 3222/2744/5184
f 3650/3172/5185 3642/3164/5185 3651/3173/5185
f 3651/3173/5186 3642/3164/5186 3643/3165/5186
f 3651/3173/5187 3643/3165/5187 3652/3174/5187
f 3652/3174/5188 3643/3165/5188 3644/3166/5188
f 3652/3174/5189 3644/3166/5189 3653/3175/5189
f 3653/3175/5190 3644/3166/5190 3637/3159/5190
f 3653/3175/5191 3637/3159/5191 3645/3167/5191
f 3654/3176/5192 3645/3167/5192 3646/3168/5192
f 3654/3176/5193 3646/3168/5193 3647/3169/5193
f 3654/3176/5194 3647/3169/5194 3655/3177/5194
f 3655/3177/5195 3647/3169/5195 3656/3178/5195
f 3656/3178/5196 3647/3169/5196 3648/3170/5196
f 3656/3178/5197 3648/3170/5197 3649/3171/5197
f 3657/3179/5198 3650/3172/5198 3658/3180/5198
f 3658/3180/5199 3650/3172/5199 3651/3173/5199
f 3658/3180/5200 3651/3173/5200 3659/3181/5200
f 3659/3181/5201 3651/3173/5201 3652/3174/5201
f 3659/3181/5202 3652/3174/5202 3653/3175/5202
f 3660/3182/5203 3645/3167/5203 3654/3176/5203
f 3660/3182/5204 3654/3176/5204 3661/3183/5204
f 3661/3183/5205 3654/3176/5205 3662/3184/5205
f 3662/3184/5206 3654/3176/5206 3655/3177/5206
f 3662/3184/5207 3655/3177/5207 3656/3178/5207
f 3662/3184/5208 3656/3178/5208 3663/3185/5208
f 3663/3185/5209 3656/3178/5209 3649/3171/5209
f 3664/3186/5210 3657/3179/5210 3665/3187/5210
f 3665/3187/5211 3657/3179/5211 3658/3180/5211
f 3665/3187/5212 3658/3180/5212 3666/3188/5212
f 3666/3188/5213 3658/3180/5213 3659/3181/5213
f 3666/3188/5214 3659/3181/5214 3302/2824/5214
f 3302/2824/5215 3659/3181/5215 3653/3175/5215
f 3302/2824/5216 3653/3175/5216 3304/2826/5216
f 3304/2826/5217 3653/3175/5217 3645/3167/5217
f 3304/2826/5218 3645/3167/5218 3660/3182/5218
f 3667/3189/5219 3660/3182/5219 3661/3183/5219
f 3667/3189/5220 3661/3183/5220 3668/3190/5220
f 3668/3190/5221 3661/3183/5221 3662/3184/5221
f 3668/3190/5222 3662/3184/5222 3669/3191/5222
f 3669/3191/5223 3662/3184/5223 3663/3185/5223
f 3669/3191/5224 3663/3185/5224 3670/3192/5224
f 3218/2740/5225 3664/3186/5225 3219/2741/5225
f 3219/2741/5226 3664/3186/5226 3665/3187/5226
f 3219/2741/5227 3665/3187/5227 3666/3188/5227
f 3219/2741/5228 3666/3188/5228 3300/2822/5228
f 3300/2822/5229 3666/3188/5229 3302/2824/5229
f 3301/2823/5230 3302/2824/5230 3304/2826/5230
f 3304/2826/5231 3660/3182/5231 3306/2828/5231
f 3306/2828/5232 3660/3182/5232 3667/3189/5232
f 3306/2828/5233 3667/3189/5233 3308/2830/5233
f 3308/2830/5234 3667/3189/5234 3668/3190/5234
f 3308/2830/5235 3668/3190/5235 3309/2831/5235
f 3309/2831/5236 3668/3190/5236 3669/3191/5236
f 3309/2831/5237 3669/3191/5237 3311/2833/5237
f 3311/2833/5238 3669/3191/5238 3670/3192/5238
f 3671/3193/5239 3649/3171/5239 3222/2744/5239
f 3671/3193/5239 3222/2744/5239 3672/3194/5239
f 3672/3194/5239 3222/2744/5239 3673/3195/5239
f 3673/3195/5239 3222/2744/5239 3221/2743/5239
f 3673/3195/5240 3221/2743/5240 3674/3196/5240
f 3674/3196/5241 3221/2743/5241 3547/3069/5241
f 3674/3196/5242 3547/3069/5242 3675/3197/5242
f 3675/3197/5243 3547/3069/5243 3225/2747/5243
f 3676/3198/5244 3329/2851/5244 3318/2840/5244
f 3676/3198/5239 3318/2840/5239 3677/3199/5239
f 3677/3199/5239 3318/2840/5239 3678/3200/5239
f 3678/3200/5239 3318/2840/5239 3311/2833/5239
f 3678/3200/5239 3311/2833/5239 3679/3201/5239
f 3679/3201/5239 3311/2833/5239 3670/3192/5239
f 3679/3201/5245 3670/3192/5245 3663/3185/5245
f 3679/3201/5246 3663/3185/5246 3671/3193/5246
f 3671/3193/5247 3663/3185/5247 3649/3171/5247
f 3225/2747/5248 3224/2746/5248 3675/3197/5248
f 3675/3197/5239 3224/2746/5239 3680/3202/5239
f 3680/3202/5239 3224/2746/5239 3227/2749/5239
f 3680/3202/5239 3227/2749/5239 3681/3203/5239
f 3681/3203/5249 3227/2749/5249 3229/2751/5249
f 3681/3203/5250 3229/2751/5250 3228/2750/5250
f 3681/3203/5251 3228/2750/5251 3682/3204/5251
f 3682/3204/5252 3228/2750/5252 3231/2753/5252
f 3682/3204/5239 3231/2753/5239 3683/3205/5239
f 3683/3205/5239 3231/2753/5239 3233/2755/5239
f 3683/3205/5240 3233/2755/5240 3684/3206/5240
f 3233/2755/5253 3238/2760/5253 3684/3206/5253
f 3684/3206/5254 3238/2760/5254 3242/2764/5254
f 3684/3206/5239 3242/2764/5239 3685/3207/5239
f 3685/3207/5239 3242/2764/5239 3250/2772/5239
f 3685/3207/5239 3250/2772/5239 3686/3208/5239
f 3686/3208/5255 3250/2772/5255 3256/2778/5255
f 3686/3208/5256 3256/2778/5256 3687/3209/5256
f 3687/3209/5257 3256/2778/5257 3260/2782/5257
f 3687/3209/5239 3260/2782/5239 3688/3210/5239
f 3688/3210/5258 3260/2782/5258 3272/2794/5258
f 3688/3210/5259 3272/2794/5259 3689/3211/5259
f 3690/3212/5260 3425/2947/5260 3691/3213/5260
f 3691/3213/5261 3425/2947/5261 3419/2941/5261
f 3691/3213/5262 3419/2941/5262 3407/2929/5262
f 3691/3213/5239 3407/2929/5239 3692/3214/5239
f 3692/3214/5262 3407/2929/5262 3402/2924/5262
f 3692/3214/5239 3402/2924/5239 3693/3215/5239
f 3693/3215/5263 3402/2924/5263 3394/2916/5263
f 3693/3215/5264 3394/2916/5264 3383/2905/5264
f 3693/3215/5239 3383/2905/5239 3694/3216/5239
f 3272/2794/5265 3278/2800/5265 3689/3211/5265
f 3689/3211/5239 3278/2800/5239 3285/2807/5239
f 3689/3211/5239 3285/2807/5239 3695/3217/5239
f 3695/3217/5239 3285/2807/5239 3510/3032/5239
f 3695/3217/5239 3510/3032/5239 3696/3218/5239
f 3696/3218/5239 3510/3032/5239 3509/3031/5239
f 3696/3218/5239 3509/3031/5239 3697/3219/5239
f 3697/3219/5239 3509/3031/5239 3497/3019/5239
f 3697/3219/5239 3497/3019/5239 3698/3220/5239
f 3698/3220/5266 3497/3019/5266 3492/3014/5266
f 3698/3220/5267 3492/3014/5267 3699/3221/5267
f 3694/3216/5239 3383/2905/5239 3371/2893/5239
f 3694/3216/5239 3371/2893/5239 3700/3222/5239
f 3700/3222/5239 3371/2893/5239 3365/2887/5239
f 3700/3222/5239 3365/2887/5239 3701/3223/5239
f 3701/3223/5239 3365/2887/5239 3353/2875/5239
f 3701/3223/5239 3353/2875/5239 3702/3224/5239
f 3702/3224/5239 3353/2875/5239 3347/2869/5239
f 3702/3224/5239 3347/2869/5239 3703/3225/5239
f 3703/3225/5239 3347/2869/5239 3335/2857/5239
f 3703/3225/5239 3335/2857/5239 3676/3198/5239
f 3676/3198/5268 3335/2857/5268 3329/2851/5268
f 3492/3014/5269 3484/3006/5269 3699/3221/5269
f 3699/3221/5270 3484/3006/5270 3476/2998/5270
f 3699/3221/5271 3476/2998/5271 3470/2992/5271
f 3699/3221/5272 3470/2992/5272 3704/3226/5272
f 3704/3226/5272 3470/2992/5272 3464/2986/5272
f 3704/3226/5273 3464/2986/5273 3451/2973/5273
f 3704/3226/5239 3451/2973/5239 3705/3227/5239
f 3705/3227/5239 3451/2973/5239 3445/2967/5239
f 3705/3227/5239 3445/2967/5239 3690/3212/5239
f 3690/3212/5239 3445/2967/5239 3431/2953/5239
f 3690/3212/5274 3431/2953/5274 3425/2947/5274
f 2587/3228/5275 2588/3229/5275 3706/3230/5275
f 2586/3231/5276 2587/3228/5276 3707/3232/5276
f 2595/3233/5277 2586/3231/5277 3708/3234/5277
f 2593/3235/5278 2594/3236/5278 3709/3237/5278
f 2585/3238/5279 2593/3235/5279 3710/3239/5279
f 2583/3240/5280 2584/3241/5280 3711/3242/5280
f 2582/3243/5281 2583/3240/5281 3711/3242/5281
f 2581/3244/5282 2582/3243/5282 3712/3245/5282
f 2592/3246/5283 2580/3247/5283 3713/3248/5283
f 2591/3249/5284 2592/3246/5284 3714/3250/5284
f 2590/3251/5285 2591/3249/5285 3715/3252/5285
f 2572/3253/5286 2590/3251/5286 3716/3254/5286
f 2571/3255/5287 2572/3253/5287 3717/3256/5287
f 2570/3257/5288 2571/3255/5288 3718/3258/5288
f 2569/3259/5289 2570/3257/5289 3719/3260/5289
f 2568/3261/5290 2569/3259/5290 3720/3262/5290
f 2567/3263/5291 2568/3261/5291 3721/3264/5291
f 2575/3265/5292 2576/3266/5292 3722/3267/5292
f 2573/3268/5293 2574/3269/5293 3723/3270/5293
f 2577/3271/5294 2578/3272/5294 3724/3273/5294
f 2566/3274/5295 2577/3271/5295 3725/3275/5295
f 2564/3276/5296 2565/3277/5296 3726/3278/5296
f 2563/3279/5297 2564/3276/5297 3727/3280/5297
f 2588/3229/5298 2589/3281/5298 3728/3282/5298
f 3728/3282/5299 3729/3283/5299 3730/3284/5299
f 3730/3284/5300 3729/3283/5300 3731/3285/5300
f 3730/3284/5301 3731/3285/5301 3732/3286/5301
f 3732/3286/5302 3731/3285/5302 3733/3287/5302
f 3733/3287/5303 3734/3288/5303 3735/3289/5303
f 2587/3228/5304 3706/3230/5304 3707/3232/5304
f 3707/3232/5305 3706/3230/5305 3736/3290/5305
f 3707/3232/5306 3736/3290/5306 3737/3291/5306
f 3737/3291/5307 3736/3290/5307 3738/3292/5307
f 3737/3291/5308 3738/3292/5308 3739/3293/5308
f 3739/3293/5309 3738/3292/5309 3740/3294/5309
f 3708/3234/5310 3741/3295/5310 3742/3296/5310
f 3742/3296/5311 3741/3295/5311 3743/3297/5311
f 3744/3298/5312 3745/3299/5312 3746/3300/5312
f 3709/3237/5313 3742/3296/5313 3747/3301/5313
f 3747/3301/5314 3742/3296/5314 3748/3302/5314
f 3747/3301/5315 3748/3302/5315 3749/3303/5315
f 3749/3303/5316 3748/3302/5316 3750/3304/5316
f 3750/3304/5317 3746/3300/5317 3751/3305/5317
f 2593/3235/5318 3709/3237/5318 3710/3239/5318
f 3710/3239/5313 3709/3237/5313 3747/3301/5313
f 3749/3303/5319 3750/3304/5319 3752/3306/5319
f 3752/3306/5320 3750/3304/5320 3751/3305/5320
f 2585/3238/5321 3710/3239/5321 3753/3307/5321
f 3753/3307/5322 3710/3239/5322 3754/3308/5322
f 3753/3307/5323 3754/3308/5323 3755/3309/5323
f 3755/3309/5324 3754/3308/5324 3756/3310/5324
f 2585/3238/5325 3753/3307/5325 3757/3311/5325
f 3757/3311/5323 3753/3307/5323 3755/3309/5323
f 3755/3309/5326 3756/3310/5326 3758/3312/5326
f 3758/3312/5327 3756/3310/5327 3752/3306/5327
f 3758/3312/5328 3752/3306/5328 3759/3313/5328
f 3759/3313/5329 3752/3306/5329 3760/3314/5329
f 3759/3313/5330 3760/3314/5330 3761/3315/5330
f 2584/3241/5331 3757/3311/5331 3711/3242/5331
f 3711/3242/5332 3757/3311/5332 3762/3316/5332
f 3762/3316/5333 3758/3312/5333 3763/3317/5333
f 3763/3317/5334 3758/3312/5334 3759/3313/5334
f 3763/3317/5335 3759/3313/5335 3764/3318/5335
f 3764/3318/5336 3759/3313/5336 3761/3315/5336
f 3711/3242/5337 3762/3316/5337 3765/3319/5337
f 3765/3319/5333 3762/3316/5333 3763/3317/5333
f 3765/3319/5338 3763/3317/5338 3766/3320/5338
f 3766/3320/5339 3763/3317/5339 3764/3318/5339
f 3764/3318/5340 3761/3315/5340 3767/3321/5340
f 2580/3247/5341 3768/3322/5341 3713/3248/5341
f 3713/3248/5342 3768/3322/5342 3769/3323/5342
f 3713/3248/5343 3769/3323/5343 3770/3324/5343
f 3770/3324/5344 3769/3323/5344 3771/3325/5344
f 3770/3324/5345 3771/3325/5345 3772/3326/5345
f 3772/3326/5346 3771/3325/5346 3773/3327/5346
f 2591/3249/5347 3714/3250/5347 3715/3252/5347
f 3715/3252/5348 3714/3250/5348 3774/3328/5348
f 3715/3252/5349 3774/3328/5349 3775/3329/5349
f 3775/3329/5350 3774/3328/5350 3776/3330/5350
f 3775/3329/5351 3776/3330/5351 3777/3331/5351
f 3777/3331/5352 3776/3330/5352 3778/3332/5352
f 2572/3253/5353 3716/3254/5353 3717/3256/5353
f 3717/3256/5354 3716/3254/5354 3779/3333/5354
f 3717/3256/5355 3779/3333/5355 3780/3334/5355
f 3780/3334/5356 3779/3333/5356 3781/3335/5356
f 3780/3334/5357 3781/3335/5357 3782/3336/5357
f 3782/3336/5358 3781/3335/5358 3783/3337/5358
f 3782/3336/5359 3783/3337/5359 3784/3338/5359
f 3784/3338/5360 3783/3337/5360 3785/3339/5360
f 2571/3255/5361 3717/3256/5361 3718/3258/5361
f 3718/3258/5362 3717/3256/5362 3780/3334/5362
f 3718/3258/5363 3780/3334/5363 3786/3340/5363
f 3786/3340/5364 3780/3334/5364 3782/3336/5364
f 3786/3340/5365 3782/3336/5365 3787/3341/5365
f 3787/3341/5366 3782/3336/5366 3784/3338/5366
f 3784/3338/5367 3785/3339/5367 3788/3342/5367
f 2569/3259/5368 3719/3260/5368 3720/3262/5368
f 3720/3262/5369 3719/3260/5369 3789/3343/5369
f 3720/3262/5370 3789/3343/5370 3790/3344/5370
f 3790/3344/5371 3789/3343/5371 3791/3345/5371
f 3790/3344/5372 3791/3345/5372 3792/3346/5372
f 3792/3346/5373 3791/3345/5373 3793/3347/5373
f 3722/3267/5374 3794/3348/5374 3795/3349/5374
f 3795/3349/5375 3794/3348/5375 3796/3350/5375
f 3795/3349/5376 3796/3350/5376 3797/3351/5376
f 3797/3351/5377 3796/3350/5377 3798/3352/5377
f 3798/3352/5378 3799/3353/5378 3800/3354/5378
f 2574/3269/5379 3801/3355/5379 3723/3270/5379
f 3723/3270/5380 3801/3355/5380 3802/3356/5380
f 3723/3270/5381 3802/3356/5381 3803/3357/5381
f 3803/3357/5382 3802/3356/5382 3804/3358/5382
f 3805/3359/5383 3800/3354/5383 3806/3360/5383
f 2579/3361/5384 3807/3362/5384 3808/3363/5384
f 3808/3363/5385 3807/3362/5385 3809/3364/5385
f 3808/3363/5386 3809/3364/5386 3810/3365/5386
f 3810/3365/5387 3809/3364/5387 3811/3366/5387
f 2578/3272/5388 3808/3363/5388 3724/3273/5388
f 3724/3273/5389 3808/3363/5389 3810/3365/5389
f 3724/3273/5390 3810/3365/5390 3812/3367/5390
f 3812/3367/5391 3810/3365/5391 3813/3368/5391
f 3812/3367/5392 3813/3368/5392 3814/3369/5392
f 3814/3369/5393 3813/3368/5393 3815/3370/5393
f 3815/3370/5394 3816/3371/5394 3817/3372/5394
f 2577/3271/5395 3724/3273/5395 3725/3275/5395
f 3725/3275/5396 3724/3273/5396 3812/3367/5396
f 2566/3274/5397 3725/3275/5397 3818/3373/5397
f 3818/3373/5398 3725/3275/5398 3819/3374/5398
f 3818/3373/5399 3819/3374/5399 3820/3375/5399
f 3820/3375/5400 3819/3374/5400 3821/3376/5400
f 3821/3376/5401 3815/3370/5401 3822/3377/5401
f 3822/3377/5402 3815/3370/5402 3823/3378/5402
f 3820/3375/5403 3821/3376/5403 3824/3379/5403
f 3824/3379/5404 3821/3376/5404 3822/3377/5404
f 3822/3377/5405 3823/3378/5405 3825/3380/5405
f 3826/3381/5406 3824/3379/5406 3827/3382/5406
f 3827/3382/5407 3824/3379/5407 3822/3377/5407
f 2564/3276/5408 3726/3278/5408 3727/3280/5408
f 3727/3280/5409 3726/3278/5409 3826/3381/5409
f 3727/3280/5410 3826/3381/5410 3828/3383/5410
f 3828/3383/5406 3826/3381/5406 3827/3382/5406
f 3827/3382/5411 3822/3377/5411 3829/3384/5411
f 3829/3384/5412 3822/3377/5412 3825/3380/5412
f 3829/3384/5413 3825/3380/5413 3830/3385/5413
f 3831/3386/5414 3832/3387/5414 3729/3283/5414
f 3729/3283/5415 3832/3387/5415 3833/3388/5415
f 3729/3283/5416 3833/3388/5416 3731/3285/5416
f 3731/3285/5417 3833/3388/5417 3829/3384/5417
f 3829/3384/5418 3830/3385/5418 3734/3288/5418
f 3734/3288/5419 3733/3287/5419 3829/3384/5419
f 3829/3384/5420 3733/3287/5420 3731/3285/5420
f 3729/3283/5421 3728/3282/5421 3831/3386/5421
f 3831/3386/5422 3728/3282/5422 2589/3281/5422
f 3831/3386/5423 2589/3281/5423 2563/3279/5423
f 2588/3229/5424 3728/3282/5424 3706/3230/5424
f 3706/3230/5425 3728/3282/5425 3730/3284/5425
f 3706/3230/5426 3730/3284/5426 3736/3290/5426
f 3736/3290/5427 3730/3284/5427 3732/3286/5427
f 3736/3290/5428 3732/3286/5428 3738/3292/5428
f 3738/3292/5429 3732/3286/5429 3733/3287/5429
f 3735/3289/5430 3740/3294/5430 3733/3287/5430
f 3733/3287/5431 3740/3294/5431 3738/3292/5431
f 3739/3293/5432 3740/3294/5432 3744/3298/5432
f 3744/3298/5433 3740/3294/5433 3735/3289/5433
f 3744/3298/5434 3735/3289/5434 3745/3299/5434
f 3744/3298/5435 3743/3297/5435 3739/3293/5435
f 3739/3293/5436 3743/3297/5436 3741/3295/5436
f 3739/3293/5437 3741/3295/5437 3737/3291/5437
f 3737/3291/5438 3741/3295/5438 3708/3234/5438
f 3737/3291/5439 3708/3234/5439 3707/3232/5439
f 3707/3232/5440 3708/3234/5440 2586/3231/5440
f 3746/3300/5441 3750/3304/5441 3744/3298/5441
f 3744/3298/5442 3750/3304/5442 3748/3302/5442
f 3744/3298/5443 3748/3302/5443 3743/3297/5443
f 3743/3297/5444 3748/3302/5444 3742/3296/5444
f 3742/3296/5445 3709/3237/5445 3708/3234/5445
f 3708/3234/5446 3709/3237/5446 2594/3236/5446
f 3708/3234/5447 2594/3236/5447 2595/3233/5447
f 3751/3305/5448 3760/3314/5448 3752/3306/5448
f 3752/3306/5449 3756/3310/5449 3749/3303/5449
f 3749/3303/5450 3756/3310/5450 3754/3308/5450
f 3749/3303/5451 3754/3308/5451 3747/3301/5451
f 3747/3301/5322 3754/3308/5322 3710/3239/5322
f 3758/3312/5326 3762/3316/5326 3755/3309/5326
f 3755/3309/5332 3762/3316/5332 3757/3311/5332
f 3757/3311/5452 2584/3241/5452 2585/3238/5452
f 2582/3243/5453 3711/3242/5453 3712/3245/5453
f 3712/3245/5454 3711/3242/5454 3765/3319/5454
f 3712/3245/5455 3765/3319/5455 3834/3389/5455
f 3834/3389/5338 3765/3319/5338 3766/3320/5338
f 3834/3389/5456 3766/3320/5456 3835/3390/5456
f 3835/3390/5457 3766/3320/5457 3764/3318/5457
f 2581/3244/5458 3712/3245/5458 3768/3322/5458
f 3768/3322/5459 3712/3245/5459 3834/3389/5459
f 3768/3322/5460 3834/3389/5460 3769/3323/5460
f 3769/3323/5461 3834/3389/5461 3835/3390/5461
f 3769/3323/5462 3835/3390/5462 3771/3325/5462
f 3771/3325/5463 3835/3390/5463 3764/3318/5463
f 3771/3325/5464 3764/3318/5464 3773/3327/5464
f 3773/3327/5465 3764/3318/5465 3767/3321/5465
f 3773/3327/5466 3767/3321/5466 3836/3391/5466
f 3768/3322/5467 2580/3247/5467 2581/3244/5467
f 2592/3246/5468 3713/3248/5468 3714/3250/5468
f 3714/3250/5469 3713/3248/5469 3770/3324/5469
f 3714/3250/5470 3770/3324/5470 3774/3328/5470
f 3774/3328/5471 3770/3324/5471 3772/3326/5471
f 3772/3326/5472 3773/3327/5472 3778/3332/5472
f 3778/3332/5473 3773/3327/5473 3836/3391/5473
f 3836/3391/5474 3837/3392/5474 3778/3332/5474
f 3778/3332/5475 3776/3330/5475 3772/3326/5475
f 3772/3326/5476 3776/3330/5476 3774/3328/5476
f 3777/3331/5477 3778/3332/5477 3783/3337/5477
f 3783/3337/5478 3778/3332/5478 3837/3392/5478
f 3837/3392/5479 3785/3339/5479 3783/3337/5479
f 3783/3337/5480 3781/3335/5480 3777/3331/5480
f 3777/3331/5481 3781/3335/5481 3779/3333/5481
f 3777/3331/5482 3779/3333/5482 3775/3329/5482
f 3775/3329/5483 3779/3333/5483 3716/3254/5483
f 3775/3329/5484 3716/3254/5484 3715/3252/5484
f 3715/3252/5485 3716/3254/5485 2590/3251/5485
f 3788/3342/5486 3838/3393/5486 3793/3347/5486
f 3788/3342/5487 3793/3347/5487 3784/3338/5487
f 3784/3338/5488 3793/3347/5488 3791/3345/5488
f 3784/3338/5489 3791/3345/5489 3787/3341/5489
f 3787/3341/5490 3791/3345/5490 3789/3343/5490
f 3787/3341/5491 3789/3343/5491 3786/3340/5491
f 3786/3340/5492 3789/3343/5492 3719/3260/5492
f 3786/3340/5493 3719/3260/5493 3718/3258/5493
f 3718/3258/5494 3719/3260/5494 2570/3257/5494
f 2568/3261/5495 3720/3262/5495 3721/3264/5495
f 3721/3264/5370 3720/3262/5370 3790/3344/5370
f 3721/3264/5496 3790/3344/5496 3839/3394/5496
f 3839/3394/5497 3790/3344/5497 3792/3346/5497
f 3792/3346/5498 3793/3347/5498 3840/3395/5498
f 3840/3395/5499 3793/3347/5499 3838/3393/5499
f 2567/3263/5500 3721/3264/5500 3841/3396/5500
f 3841/3396/5496 3721/3264/5496 3839/3394/5496
f 3839/3394/5501 3792/3346/5501 3842/3397/5501
f 3842/3397/5502 3792/3346/5502 3840/3395/5502
f 3840/3395/5503 3838/3393/5503 3799/3353/5503
f 3841/3396/5504 3839/3394/5504 3794/3348/5504
f 3794/3348/5501 3839/3394/5501 3842/3397/5501
f 3842/3397/5505 3840/3395/5505 3798/3352/5505
f 3798/3352/5506 3840/3395/5506 3799/3353/5506
f 3798/3352/5507 3796/3350/5507 3842/3397/5507
f 3842/3397/5375 3796/3350/5375 3794/3348/5375
f 3794/3348/5504 3722/3267/5504 3841/3396/5504
f 3841/3396/5508 3722/3267/5508 2576/3266/5508
f 3841/3396/5509 2576/3266/5509 2567/3263/5509
f 2575/3265/5510 3722/3267/5510 3801/3355/5510
f 3801/3355/5511 3722/3267/5511 3795/3349/5511
f 3801/3355/5512 3795/3349/5512 3802/3356/5512
f 3802/3356/5376 3795/3349/5376 3797/3351/5376
f 3797/3351/5513 3798/3352/5513 3805/3359/5513
f 3805/3359/5514 3798/3352/5514 3800/3354/5514
f 3805/3359/5515 3804/3358/5515 3797/3351/5515
f 3797/3351/5382 3804/3358/5382 3802/3356/5382
f 3801/3355/5516 2574/3269/5516 2575/3265/5516
f 3803/3357/5517 3804/3358/5517 3843/3398/5517
f 3843/3398/5518 3804/3358/5518 3805/3359/5518
f 3843/3398/5519 3805/3359/5519 3844/3399/5519
f 3844/3399/5520 3805/3359/5520 3806/3360/5520
f 3806/3360/5521 3816/3371/5521 3844/3399/5521
f 3844/3399/5522 3811/3366/5522 3843/3398/5522
f 3843/3398/5387 3811/3366/5387 3809/3364/5387
f 3843/3398/5517 3809/3364/5517 3803/3357/5517
f 3803/3357/5523 3809/3364/5523 3807/3362/5523
f 3803/3357/5524 3807/3362/5524 3723/3270/5524
f 3723/3270/5525 3807/3362/5525 2579/3361/5525
f 3723/3270/5526 2579/3361/5526 2573/3268/5526
f 3816/3371/5527 3815/3370/5527 3844/3399/5527
f 3844/3399/5528 3815/3370/5528 3813/3368/5528
f 3844/3399/5529 3813/3368/5529 3811/3366/5529
f 3811/3366/5530 3813/3368/5530 3810/3365/5530
f 3808/3363/5531 2578/3272/5531 2579/3361/5531
f 3817/3372/5532 3823/3378/5532 3815/3370/5532
f 3815/3370/5533 3821/3376/5533 3814/3369/5533
f 3814/3369/5534 3821/3376/5534 3819/3374/5534
f 3814/3369/5535 3819/3374/5535 3812/3367/5535
f 3812/3367/5536 3819/3374/5536 3725/3275/5536
f 3824/3379/5403 3826/3381/5403 3820/3375/5403
f 3820/3375/5537 3826/3381/5537 3726/3278/5537
f 3820/3375/5538 3726/3278/5538 3818/3373/5538
f 3818/3373/5539 3726/3278/5539 2565/3277/5539
f 3818/3373/5540 2565/3277/5540 2566/3274/5540
f 3828/3383/5541 3827/3382/5541 3833/3388/5541
f 3833/3388/5542 3827/3382/5542 3829/3384/5542
f 2563/3279/5543 3727/3280/5543 3831/3386/5543
f 3831/3386/5544 3727/3280/5544 3828/3383/5544
f 3831/3386/5545 3828/3383/5545 3832/3387/5545
f 3832/3387/5546 3828/3383/5546 3833/3388/5546
f 3115/3400/5547 3116/3401/5547 3845/3402/5547
f 3114/3403/5548 3115/3400/5548 3845/3402/5548
f 3130/3404/5549 3114/3403/5549 3846/3405/5549
f 3128/3406/5550 3129/3407/5550 3847/3408/5550
f 3127/3409/5551 3128/3406/5551 3848/3410/5551
f 3132/3411/5552 3133/3412/5552 3849/3413/5552
f 3131/3414/5553 3132/3411/5553 3850/3415/5553
f 3125/3416/5554 3126/3417/5554 3851/3418/5554
f 3124/3419/5555 3125/3416/5555 3852/3420/5555
f 3137/3421/5556 3138/3422/5556 3853/3423/5556
f 3135/3424/5557 3136/3425/5557 3854/3426/5557
f 3134/3427/5558 3135/3424/5558 3854/3426/5558
f 3142/3428/5559 3134/3427/5559 3855/3429/5559
f 3140/3430/5560 3141/3431/5560 3856/3432/5560
f 3139/3433/5561 3140/3430/5561 3857/3434/5561
f 3144/3435/5562 3145/3436/5562 3858/3437/5562
f 3122/3438/5563 3143/3439/5563 3859/3440/5563
f 3120/3441/5564 3121/3442/5564 3860/3443/5564
f 3119/3444/5565 3120/3441/5565 3861/3445/5565
f 3118/3446/5566 3119/3444/5566 3862/3447/5566
f 3116/3401/5567 3117/3448/5567 3863/3449/5567
f 3864/3450/5568 3865/3451/5568 3866/3452/5568
f 3866/3452/5569 3865/3451/5569 3867/3453/5569
f 3866/3452/5570 3867/3453/5570 3868/3454/5570
f 3845/3402/5571 3869/3455/5571 3870/3456/5571
f 3870/3456/5572 3869/3455/5572 3871/3457/5572
f 3870/3456/5573 3871/3457/5573 3872/3458/5573
f 3872/3458/5574 3871/3457/5574 3866/3452/5574
f 3872/3458/5575 3866/3452/5575 3873/3459/5575
f 3873/3459/5576 3866/3452/5576 3868/3454/5576
f 3873/3459/5577 3868/3454/5577 3874/3460/5577
f 3130/3404/5578 3846/3405/5578 3875/3461/5578
f 3875/3461/5579 3846/3405/5579 3876/3462/5579
f 3875/3461/5580 3876/3462/5580 3877/3463/5580
f 3877/3463/5581 3876/3462/5581 3878/3464/5581
f 3129/3407/5582 3875/3461/5582 3847/3408/5582
f 3847/3408/5583 3875/3461/5583 3877/3463/5583
f 3847/3408/5584 3877/3463/5584 3879/3465/5584
f 3879/3465/5585 3877/3463/5585 3880/3466/5585
f 3879/3465/5586 3880/3466/5586 3881/3467/5586
f 3881/3467/5587 3880/3466/5587 3882/3468/5587
f 3882/3468/5588 3883/3469/5588 3884/3470/5588
f 3128/3406/5589 3847/3408/5589 3848/3410/5589
f 3848/3410/5590 3847/3408/5590 3879/3465/5590
f 3881/3467/5591 3882/3468/5591 3885/3471/5591
f 3885/3471/5592 3882/3468/5592 3884/3470/5592
f 3127/3409/5593 3848/3410/5593 3886/3472/5593
f 3886/3472/5594 3848/3410/5594 3887/3473/5594
f 3886/3472/5595 3887/3473/5595 3888/3474/5595
f 3888/3474/5596 3887/3473/5596 3889/3475/5596
f 3888/3474/5597 3889/3475/5597 3890/3476/5597
f 3890/3476/5598 3889/3475/5598 3885/3471/5598
f 3890/3476/5599 3885/3471/5599 3891/3477/5599
f 3891/3477/5600 3885/3471/5600 3892/3478/5600
f 3891/3477/5601 3892/3478/5601 3893/3479/5601
f 3894/3480/5602 3891/3477/5602 3895/3481/5602
f 3895/3481/5603 3891/3477/5603 3893/3479/5603
f 3132/3411/5604 3849/3413/5604 3850/3415/5604
f 3850/3415/5605 3849/3413/5605 3896/3482/5605
f 3850/3415/5606 3896/3482/5606 3897/3483/5606
f 3897/3483/5607 3896/3482/5607 3894/3480/5607
f 3897/3483/5608 3894/3480/5608 3898/3484/5608
f 3898/3484/5609 3894/3480/5609 3895/3481/5609
f 3895/3481/5610 3893/3479/5610 3899/3485/5610
f 3851/3418/5611 3900/3486/5611 3901/3487/5611
f 3901/3487/5612 3900/3486/5612 3902/3488/5612
f 3901/3487/5613 3902/3488/5613 3903/3489/5613
f 3903/3489/5614 3902/3488/5614 3904/3490/5614
f 3904/3490/5615 3905/3491/5615 3906/3492/5615
f 3124/3419/5616 3852/3420/5616 3907/3493/5616
f 3907/3493/5617 3852/3420/5617 3908/3494/5617
f 3907/3493/5618 3908/3494/5618 3909/3495/5618
f 3909/3495/5619 3908/3494/5619 3910/3496/5619
f 3911/3497/5620 3912/3498/5620 3913/3499/5620
f 3913/3499/5621 3912/3498/5621 3914/3500/5621
f 3853/3423/5622 3913/3499/5622 3915/3501/5622
f 3915/3501/5623 3913/3499/5623 3916/3502/5623
f 3916/3502/5624 3917/3503/5624 3918/3504/5624
f 3918/3504/5625 3917/3503/5625 3919/3505/5625
f 3918/3504/5626 3919/3505/5626 3920/3506/5626
f 3137/3421/5627 3853/3423/5627 3921/3507/5627
f 3921/3507/5622 3853/3423/5622 3915/3501/5622
f 3915/3501/5628 3916/3502/5628 3922/3508/5628
f 3922/3508/5629 3916/3502/5629 3918/3504/5629
f 3136/3425/5630 3921/3507/5630 3854/3426/5630
f 3854/3426/5631 3921/3507/5631 3923/3509/5631
f 3923/3509/5632 3922/3508/5632 3924/3510/5632
f 3924/3510/5633 3922/3508/5633 3925/3511/5633
f 3854/3426/5634 3923/3509/5634 3926/3512/5634
f 3926/3512/5635 3923/3509/5635 3924/3510/5635
f 3926/3512/5636 3924/3510/5636 3927/3513/5636
f 3927/3513/5637 3924/3510/5637 3925/3511/5637
f 3856/3432/5638 3928/3514/5638 3929/3515/5638
f 3929/3515/5639 3928/3514/5639 3930/3516/5639
f 3929/3515/5640 3930/3516/5640 3931/3517/5640
f 3931/3517/5641 3930/3516/5641 3932/3518/5641
f 3932/3518/5642 3933/3519/5642 3934/3520/5642
f 3139/3433/5643 3857/3434/5643 3935/3521/5643
f 3935/3521/5644 3857/3434/5644 3936/3522/5644
f 3935/3521/5645 3936/3522/5645 3937/3523/5645
f 3937/3523/5646 3936/3522/5646 3938/3524/5646
f 3146/3525/5647 3939/3526/5647 3858/3437/5647
f 3858/3437/5648 3939/3526/5648 3940/3527/5648
f 3858/3437/5649 3940/3527/5649 3941/3528/5649
f 3941/3528/5650 3940/3527/5650 3942/3529/5650
f 3943/3530/5651 3944/3531/5651 3945/3532/5651
f 3144/3435/5652 3858/3437/5652 3946/3533/5652
f 3946/3533/5653 3858/3437/5653 3941/3528/5653
f 3946/3533/5654 3941/3528/5654 3947/3534/5654
f 3947/3534/5655 3941/3528/5655 3948/3535/5655
f 3949/3536/5656 3945/3532/5656 3950/3537/5656
f 3947/3534/5657 3948/3535/5657 3951/3538/5657
f 3951/3538/5658 3948/3535/5658 3949/3536/5658
f 3122/3438/5659 3859/3440/5659 3952/3539/5659
f 3952/3539/5660 3859/3440/5660 3953/3540/5660
f 3953/3540/5661 3951/3538/5661 3954/3541/5661
f 3954/3541/5662 3951/3538/5662 3955/3542/5662
f 3952/3539/5663 3953/3540/5663 3956/3543/5663
f 3956/3543/5661 3953/3540/5661 3954/3541/5661
f 3956/3543/5664 3954/3541/5664 3957/3544/5664
f 3957/3544/5665 3954/3541/5665 3955/3542/5665
f 3955/3542/5666 3958/3545/5666 3959/3546/5666
f 3120/3441/5667 3860/3443/5667 3861/3445/5667
f 3861/3445/5668 3860/3443/5668 3960/3547/5668
f 3960/3547/5669 3957/3544/5669 3961/3548/5669
f 3961/3548/5670 3957/3544/5670 3962/3549/5670
f 3861/3445/5671 3960/3547/5671 3963/3550/5671
f 3963/3550/5672 3960/3547/5672 3961/3548/5672
f 3962/3549/5673 3959/3546/5673 3964/3551/5673
f 3118/3446/5674 3862/3447/5674 3965/3552/5674
f 3965/3552/5675 3862/3447/5675 3966/3553/5675
f 3965/3552/5676 3966/3553/5676 3967/3554/5676
f 3967/3554/5677 3966/3553/5677 3968/3555/5677
f 3967/3554/5678 3968/3555/5678 3969/3556/5678
f 3969/3556/5679 3968/3555/5679 3865/3451/5679
f 3865/3451/5680 3964/3551/5680 3867/3453/5680
f 3865/3451/5681 3864/3450/5681 3969/3556/5681
f 3969/3556/5682 3864/3450/5682 3970/3557/5682
f 3969/3556/5683 3970/3557/5683 3967/3554/5683
f 3967/3554/5684 3970/3557/5684 3863/3449/5684
f 3967/3554/5685 3863/3449/5685 3965/3552/5685
f 3965/3552/5686 3863/3449/5686 3117/3448/5686
f 3965/3552/5687 3117/3448/5687 3118/3446/5687
f 3116/3401/5688 3863/3449/5688 3971/3558/5688
f 3971/3558/5689 3863/3449/5689 3970/3557/5689
f 3971/3558/5690 3970/3557/5690 3869/3455/5690
f 3869/3455/5691 3970/3557/5691 3864/3450/5691
f 3869/3455/5692 3864/3450/5692 3871/3457/5692
f 3871/3457/5693 3864/3450/5693 3866/3452/5693
f 3869/3455/5694 3845/3402/5694 3971/3558/5694
f 3971/3558/5695 3845/3402/5695 3116/3401/5695
f 3114/3403/5696 3845/3402/5696 3846/3405/5696
f 3846/3405/5571 3845/3402/5571 3870/3456/5571
f 3874/3460/5697 3883/3469/5697 3882/3468/5697
f 3874/3460/5698 3882/3468/5698 3873/3459/5698
f 3873/3459/5699 3882/3468/5699 3878/3464/5699
f 3873/3459/5700 3878/3464/5700 3872/3458/5700
f 3872/3458/5701 3878/3464/5701 3876/3462/5701
f 3872/3458/5702 3876/3462/5702 3870/3456/5702
f 3870/3456/5703 3876/3462/5703 3846/3405/5703
f 3882/3468/5704 3880/3466/5704 3878/3464/5704
f 3878/3464/5705 3880/3466/5705 3877/3463/5705
f 3875/3461/5706 3129/3407/5706 3130/3404/5706
f 3884/3470/5707 3892/3478/5707 3885/3471/5707
f 3885/3471/5708 3889/3475/5708 3881/3467/5708
f 3881/3467/5709 3889/3475/5709 3887/3473/5709
f 3881/3467/5710 3887/3473/5710 3879/3465/5710
f 3879/3465/5711 3887/3473/5711 3848/3410/5711
f 3891/3477/5712 3894/3480/5712 3890/3476/5712
f 3890/3476/5713 3894/3480/5713 3896/3482/5713
f 3890/3476/5714 3896/3482/5714 3888/3474/5714
f 3888/3474/5715 3896/3482/5715 3849/3413/5715
f 3888/3474/5716 3849/3413/5716 3886/3472/5716
f 3886/3472/5717 3849/3413/5717 3133/3412/5717
f 3886/3472/5718 3133/3412/5718 3127/3409/5718
f 3850/3415/5719 3897/3483/5719 3972/3559/5719
f 3972/3559/5720 3897/3483/5720 3898/3484/5720
f 3131/3414/5721 3850/3415/5721 3973/3560/5721
f 3973/3560/5722 3850/3415/5722 3972/3559/5722
f 3972/3559/5723 3898/3484/5723 3974/3561/5723
f 3974/3561/5724 3898/3484/5724 3895/3481/5724
f 3973/3560/5725 3972/3559/5725 3900/3486/5725
f 3900/3486/5726 3972/3559/5726 3974/3561/5726
f 3900/3486/5727 3974/3561/5727 3902/3488/5727
f 3902/3488/5728 3974/3561/5728 3895/3481/5728
f 3902/3488/5729 3895/3481/5729 3904/3490/5729
f 3904/3490/5730 3895/3481/5730 3899/3485/5730
f 3904/3490/5731 3899/3485/5731 3905/3491/5731
f 3900/3486/5725 3851/3418/5725 3973/3560/5725
f 3973/3560/5732 3851/3418/5732 3126/3417/5732
f 3973/3560/5733 3126/3417/5733 3131/3414/5733
f 3125/3416/5734 3851/3418/5734 3852/3420/5734
f 3852/3420/5735 3851/3418/5735 3901/3487/5735
f 3852/3420/5736 3901/3487/5736 3908/3494/5736
f 3908/3494/5737 3901/3487/5737 3903/3489/5737
f 3903/3489/5738 3904/3490/5738 3975/3562/5738
f 3975/3562/5739 3904/3490/5739 3906/3492/5739
f 3906/3492/5740 3976/3563/5740 3975/3562/5740
f 3975/3562/5741 3910/3496/5741 3903/3489/5741
f 3903/3489/5742 3910/3496/5742 3908/3494/5742
f 3907/3493/5743 3909/3495/5743 3912/3498/5743
f 3912/3498/5744 3909/3495/5744 3910/3496/5744
f 3912/3498/5745 3910/3496/5745 3977/3564/5745
f 3977/3564/5746 3910/3496/5746 3975/3562/5746
f 3977/3564/5747 3975/3562/5747 3917/3503/5747
f 3917/3503/5748 3975/3562/5748 3976/3563/5748
f 3976/3563/5749 3919/3505/5749 3917/3503/5749
f 3917/3503/5750 3914/3500/5750 3977/3564/5750
f 3977/3564/5751 3914/3500/5751 3912/3498/5751
f 3912/3498/5752 3911/3497/5752 3907/3493/5752
f 3907/3493/5753 3911/3497/5753 3123/3565/5753
f 3907/3493/5754 3123/3565/5754 3124/3419/5754
f 3917/3503/5755 3916/3502/5755 3914/3500/5755
f 3914/3500/5756 3916/3502/5756 3913/3499/5756
f 3913/3499/5620 3853/3423/5620 3911/3497/5620
f 3911/3497/5757 3853/3423/5757 3138/3422/5757
f 3911/3497/5758 3138/3422/5758 3123/3565/5758
f 3920/3506/5759 3978/3566/5759 3925/3511/5759
f 3920/3506/5760 3925/3511/5760 3918/3504/5760
f 3918/3504/5761 3925/3511/5761 3922/3508/5761
f 3922/3508/5762 3923/3509/5762 3915/3501/5762
f 3915/3501/5631 3923/3509/5631 3921/3507/5631
f 3921/3507/5763 3136/3425/5763 3137/3421/5763
f 3134/3427/5764 3854/3426/5764 3855/3429/5764
f 3855/3429/5634 3854/3426/5634 3926/3512/5634
f 3927/3513/5765 3925/3511/5765 3979/3567/5765
f 3979/3567/5766 3925/3511/5766 3978/3566/5766
f 3979/3567/5767 3978/3566/5767 3933/3519/5767
f 3855/3429/5768 3926/3512/5768 3980/3568/5768
f 3980/3568/5769 3926/3512/5769 3927/3513/5769
f 3980/3568/5770 3927/3513/5770 3981/3569/5770
f 3981/3569/5771 3927/3513/5771 3979/3567/5771
f 3142/3428/5772 3855/3429/5772 3982/3570/5772
f 3982/3570/5768 3855/3429/5768 3980/3568/5768
f 3982/3570/5773 3980/3568/5773 3928/3514/5773
f 3928/3514/5774 3980/3568/5774 3981/3569/5774
f 3981/3569/5775 3979/3567/5775 3932/3518/5775
f 3932/3518/5776 3979/3567/5776 3933/3519/5776
f 3932/3518/5777 3930/3516/5777 3981/3569/5777
f 3981/3569/5639 3930/3516/5639 3928/3514/5639
f 3928/3514/5773 3856/3432/5773 3982/3570/5773
f 3982/3570/5778 3856/3432/5778 3141/3431/5778
f 3982/3570/5779 3141/3431/5779 3142/3428/5779
f 3140/3430/5780 3856/3432/5780 3857/3434/5780
f 3857/3434/5781 3856/3432/5781 3929/3515/5781
f 3857/3434/5782 3929/3515/5782 3936/3522/5782
f 3936/3522/5640 3929/3515/5640 3931/3517/5640
f 3931/3517/5783 3932/3518/5783 3983/3571/5783
f 3983/3571/5784 3932/3518/5784 3934/3520/5784
f 3983/3571/5785 3938/3524/5785 3931/3517/5785
f 3931/3517/5786 3938/3524/5786 3936/3522/5786
f 3937/3523/5787 3938/3524/5787 3984/3572/5787
f 3984/3572/5788 3938/3524/5788 3983/3571/5788
f 3984/3572/5789 3983/3571/5789 3943/3530/5789
f 3943/3530/5790 3983/3571/5790 3934/3520/5790
f 3943/3530/5791 3934/3520/5791 3944/3531/5791
f 3943/3530/5792 3942/3529/5792 3984/3572/5792
f 3984/3572/5650 3942/3529/5650 3940/3527/5650
f 3984/3572/5787 3940/3527/5787 3937/3523/5787
f 3937/3523/5793 3940/3527/5793 3939/3526/5793
f 3937/3523/5794 3939/3526/5794 3935/3521/5794
f 3935/3521/5795 3939/3526/5795 3146/3525/5795
f 3935/3521/5796 3146/3525/5796 3139/3433/5796
f 3945/3532/5797 3949/3536/5797 3943/3530/5797
f 3943/3530/5798 3949/3536/5798 3948/3535/5798
f 3943/3530/5799 3948/3535/5799 3942/3529/5799
f 3942/3529/5655 3948/3535/5655 3941/3528/5655
f 3858/3437/5800 3145/3436/5800 3146/3525/5800
f 3950/3537/5801 3958/3545/5801 3955/3542/5801
f 3950/3537/5802 3955/3542/5802 3949/3536/5802
f 3949/3536/5803 3955/3542/5803 3951/3538/5803
f 3951/3538/5657 3953/3540/5657 3947/3534/5657
f 3947/3534/5804 3953/3540/5804 3859/3440/5804
f 3947/3534/5805 3859/3440/5805 3946/3533/5805
f 3946/3533/5806 3859/3440/5806 3143/3439/5806
f 3946/3533/5807 3143/3439/5807 3144/3435/5807
f 3959/3546/5808 3962/3549/5808 3955/3542/5808
f 3955/3542/5809 3962/3549/5809 3957/3544/5809
f 3957/3544/5664 3960/3547/5664 3956/3543/5664
f 3956/3543/5668 3960/3547/5668 3860/3443/5668
f 3956/3543/5663 3860/3443/5663 3952/3539/5663
f 3952/3539/5810 3860/3443/5810 3121/3442/5810
f 3952/3539/5811 3121/3442/5811 3122/3438/5811
f 3119/3444/5812 3861/3445/5812 3862/3447/5812
f 3862/3447/5813 3861/3445/5813 3963/3550/5813
f 3862/3447/5814 3963/3550/5814 3966/3553/5814
f 3966/3553/5815 3963/3550/5815 3961/3548/5815
f 3966/3553/5816 3961/3548/5816 3968/3555/5816
f 3968/3555/5817 3961/3548/5817 3962/3549/5817
f 3968/3555/5818 3962/3549/5818 3865/3451/5818
f 3865/3451/5819 3962/3549/5819 3964/3551/5819
f 3677/3573/5820 3678/3574/5820 3985/3575/5820
f 3676/3576/5821 3677/3573/5821 3985/3575/5821
f 3703/3577/5822 3676/3576/5822 3986/3578/5822
f 3701/3579/5823 3702/3580/5823 3987/3581/5823
f 3694/3582/5824 3700/3583/5824 3988/3584/5824
f 3692/3585/5825 3693/3586/5825 3989/3587/5825
f 3691/3588/5826 3692/3585/5826 3990/3589/5826
f 3705/3590/5827 3690/3591/5827 3991/3592/5827
f 3704/3593/5828 3705/3590/5828 3992/3594/5828
f 3697/3595/5829 3698/3596/5829 3993/3597/5829
f 3695/3598/5830 3696/3599/5830 3994/3600/5830
f 3689/3601/5831 3695/3598/5831 3994/3600/5831
f 3688/3602/5832 3689/3601/5832 3995/3603/5832
f 3686/3604/5833 3687/3605/5833 3996/3606/5833
f 3684/3607/5834 3685/3608/5834 3997/3609/5834
f 3681/3610/5835 3682/3611/5835 3998/3612/5835
f 3675/3613/5836 3680/3614/5836 3999/3615/5836
f 3673/3616/5837 3674/3617/5837 4000/3618/5837
f 3672/3619/5838 3673/3616/5838 4001/3620/5838
f 3671/3621/5839 3672/3619/5839 4002/3622/5839
f 3678/3574/5840 3679/3623/5840 4003/3624/5840
f 4004/3625/5841 4005/3626/5841 4006/3627/5841
f 4006/3627/5842 4005/3626/5842 4007/3628/5842
f 4006/3627/5843 4007/3628/5843 4008/3629/5843
f 3985/3575/5844 4009/3630/5844 4010/3631/5844
f 4010/3631/5845 4009/3630/5845 4011/3632/5845
f 4010/3631/5846 4011/3632/5846 4012/3633/5846
f 4012/3633/5847 4011/3632/5847 4006/3627/5847
f 3703/3577/5848 3986/3578/5848 4013/3634/5848
f 4013/3634/5849 3986/3578/5849 4014/3635/5849
f 4013/3634/5850 4014/3635/5850 4015/3636/5850
f 4015/3636/5851 4014/3635/5851 4016/3637/5851
f 4016/3637/5852 4017/3638/5852 4018/3639/5852
f 4018/3639/5853 4017/3638/5853 4019/3640/5853
f 4018/3639/5854 4019/3640/5854 4020/3641/5854
f 3702/3580/5855 4013/3634/5855 3987/3581/5855
f 3987/3581/5856 4013/3634/5856 4015/3636/5856
f 3987/3581/5857 4015/3636/5857 4021/3642/5857
f 4021/3642/5858 4015/3636/5858 4022/3643/5858
f 4021/3642/5859 4022/3643/5859 4023/3644/5859
f 4023/3644/5860 4022/3643/5860 4018/3639/5860
f 4018/3639/5861 4020/3641/5861 4024/3645/5861
f 3701/3579/5862 3987/3581/5862 4025/3646/5862
f 4025/3646/5863 3987/3581/5863 4021/3642/5863
f 4023/3644/5864 4018/3639/5864 4026/3647/5864
f 4026/3647/5865 4018/3639/5865 4024/3645/5865
f 3700/3583/5866 4025/3646/5866 3988/3584/5866
f 3988/3584/5867 4025/3646/5867 4027/3648/5867
f 3988/3584/5868 4027/3648/5868 4028/3649/5868
f 4028/3649/5869 4027/3648/5869 4029/3650/5869
f 4028/3649/5870 4029/3650/5870 4030/3651/5870
f 4030/3651/5871 4029/3650/5871 4026/3647/5871
f 4030/3651/5872 4026/3647/5872 4031/3652/5872
f 4031/3652/5873 4026/3647/5873 4032/3653/5873
f 4031/3652/5874 4032/3653/5874 4033/3654/5874
f 3692/3585/5875 3989/3587/5875 3990/3589/5875
f 3990/3589/5876 3989/3587/5876 4034/3655/5876
f 3990/3589/5877 4034/3655/5877 4035/3656/5877
f 4035/3656/5878 4034/3655/5878 4036/3657/5878
f 4035/3656/5879 4036/3657/5879 4037/3658/5879
f 4037/3658/5880 4036/3657/5880 4031/3652/5880
f 4031/3652/5881 4033/3654/5881 4038/3659/5881
f 3991/3592/5882 4039/3660/5882 4040/3661/5882
f 4040/3661/5883 4039/3660/5883 4041/3662/5883
f 4040/3661/5884 4041/3662/5884 4042/3663/5884
f 4042/3663/5885 4041/3662/5885 4043/3664/5885
f 4043/3664/5886 4044/3665/5886 4045/3666/5886
f 3704/3593/5887 3992/3594/5887 4046/3667/5887
f 4046/3667/5888 3992/3594/5888 4047/3668/5888
f 4046/3667/5889 4047/3668/5889 4048/3669/5889
f 4048/3669/5890 4047/3668/5890 4049/3670/5890
f 4050/3671/5891 4051/3672/5891 4052/3673/5891
f 4052/3673/5892 4051/3672/5892 4053/3674/5892
f 3993/3597/5893 4052/3673/5893 4054/3675/5893
f 4054/3675/5894 4052/3673/5894 4055/3676/5894
f 4055/3676/5895 4056/3677/5895 4057/3678/5895
f 4057/3678/5896 4056/3677/5896 4058/3679/5896
f 4057/3678/5897 4058/3679/5897 4059/3680/5897
f 3697/3595/5898 3993/3597/5898 4060/3681/5898
f 4060/3681/5893 3993/3597/5893 4054/3675/5893
f 4054/3675/5899 4055/3676/5899 4061/3682/5899
f 4061/3682/5900 4055/3676/5900 4057/3678/5900
f 3696/3599/5901 4060/3681/5901 3994/3600/5901
f 3994/3600/5902 4060/3681/5902 4062/3683/5902
f 4062/3683/5903 4061/3682/5903 4063/3684/5903
f 4063/3684/5904 4061/3682/5904 4064/3685/5904
f 3994/3600/5905 4062/3683/5905 4065/3686/5905
f 4065/3686/5906 4062/3683/5906 4063/3684/5906
f 4065/3686/5907 4063/3684/5907 4066/3687/5907
f 4066/3687/5908 4063/3684/5908 4064/3685/5908
f 3996/3606/5909 4067/3688/5909 4068/3689/5909
f 4068/3689/5910 4067/3688/5910 4069/3690/5910
f 4068/3689/5911 4069/3690/5911 4070/3691/5911
f 4070/3691/5912 4069/3690/5912 4071/3692/5912
f 4071/3692/5913 4072/3693/5913 4073/3694/5913
f 3685/3608/5914 4074/3695/5914 3997/3609/5914
f 3997/3609/5915 4074/3695/5915 4075/3696/5915
f 3997/3609/5916 4075/3696/5916 4076/3697/5916
f 4076/3697/5917 4075/3696/5917 4077/3698/5917
f 3683/3699/5918 4078/3700/5918 3998/3612/5918
f 3998/3612/5919 4078/3700/5919 4079/3701/5919
f 3998/3612/5920 4079/3701/5920 4080/3702/5920
f 4080/3702/5921 4079/3701/5921 4081/3703/5921
f 4080/3702/5922 4081/3703/5922 4082/3704/5922
f 4082/3704/5923 4081/3703/5923 4083/3705/5923
f 4083/3705/5924 4084/3706/5924 4085/3707/5924
f 3681/3610/5925 3998/3612/5925 4086/3708/5925
f 4086/3708/5926 3998/3612/5926 4080/3702/5926
f 4086/3708/5927 4080/3702/5927 4087/3709/5927
f 4087/3709/5928 4080/3702/5928 4082/3704/5928
f 4087/3709/5929 4082/3704/5929 4088/3710/5929
f 4088/3710/5930 4082/3704/5930 4089/3711/5930
f 4089/3711/5931 4085/3707/5931 4090/3712/5931
f 4087/3709/5932 4088/3710/5932 4091/3713/5932
f 4091/3713/5933 4088/3710/5933 4089/3711/5933
f 3675/3613/5934 3999/3615/5934 4092/3714/5934
f 4092/3714/5935 3999/3615/5935 4093/3715/5935
f 4093/3715/5936 4091/3713/5936 4094/3716/5936
f 4094/3716/5937 4091/3713/5937 4095/3717/5937
f 4092/3714/5938 4093/3715/5938 4096/3718/5938
f 4096/3718/5936 4093/3715/5936 4094/3716/5936
f 4096/3718/5939 4094/3716/5939 4097/3719/5939
f 4097/3719/5940 4094/3716/5940 4095/3717/5940
f 4095/3717/5941 4098/3720/5941 4099/3721/5941
f 3673/3616/5942 4000/3618/5942 4001/3620/5942
f 4001/3620/5943 4000/3618/5943 4100/3722/5943
f 4100/3722/5944 4097/3719/5944 4101/3723/5944
f 4101/3723/5945 4097/3719/5945 4102/3724/5945
f 4001/3620/5946 4100/3722/5946 4103/3725/5946
f 4103/3725/5947 4100/3722/5947 4101/3723/5947
f 4102/3724/5948 4099/3721/5948 4104/3726/5948
f 3671/3621/5949 4002/3622/5949 4105/3727/5949
f 4105/3727/5950 4002/3622/5950 4106/3728/5950
f 4105/3727/5951 4106/3728/5951 4107/3729/5951
f 4107/3729/5952 4106/3728/5952 4108/3730/5952
f 4107/3729/5953 4108/3730/5953 4109/3731/5953
f 4109/3731/5954 4108/3730/5954 4005/3626/5954
f 4005/3626/5955 4104/3726/5955 4007/3628/5955
f 4005/3626/5956 4004/3625/5956 4109/3731/5956
f 4109/3731/5957 4004/3625/5957 4110/3732/5957
f 4109/3731/5958 4110/3732/5958 4107/3729/5958
f 4107/3729/5959 4110/3732/5959 4003/3624/5959
f 4107/3729/5960 4003/3624/5960 4105/3727/5960
f 4105/3727/5961 4003/3624/5961 3679/3623/5961
f 4105/3727/5962 3679/3623/5962 3671/3621/5962
f 3678/3574/5963 4003/3624/5963 4111/3733/5963
f 4111/3733/5964 4003/3624/5964 4110/3732/5964
f 4111/3733/5965 4110/3732/5965 4009/3630/5965
f 4009/3630/5966 4110/3732/5966 4004/3625/5966
f 4009/3630/5967 4004/3625/5967 4011/3632/5967
f 4011/3632/5968 4004/3625/5968 4006/3627/5968
f 4009/3630/5969 3985/3575/5969 4111/3733/5969
f 4111/3733/5970 3985/3575/5970 3678/3574/5970
f 3676/3576/5971 3985/3575/5971 3986/3578/5971
f 3986/3578/5844 3985/3575/5844 4010/3631/5844
f 4012/3633/5972 4006/3627/5972 4017/3638/5972
f 4017/3638/5973 4006/3627/5973 4008/3629/5973
f 4017/3638/5974 4008/3629/5974 4019/3640/5974
f 4017/3638/5975 4016/3637/5975 4012/3633/5975
f 4012/3633/5976 4016/3637/5976 4014/3635/5976
f 4012/3633/5977 4014/3635/5977 4010/3631/5977
f 4010/3631/5978 4014/3635/5978 3986/3578/5978
f 4018/3639/5979 4022/3643/5979 4016/3637/5979
f 4016/3637/5980 4022/3643/5980 4015/3636/5980
f 4013/3634/5981 3702/3580/5981 3703/3577/5981
f 4024/3645/5982 4032/3653/5982 4026/3647/5982
f 4026/3647/5983 4029/3650/5983 4023/3644/5983
f 4023/3644/5984 4029/3650/5984 4027/3648/5984
f 4023/3644/5985 4027/3648/5985 4021/3642/5985
f 4021/3642/5986 4027/3648/5986 4025/3646/5986
f 4025/3646/5987 3700/3583/5987 3701/3579/5987
f 4031/3652/5988 4036/3657/5988 4030/3651/5988
f 4030/3651/5989 4036/3657/5989 4034/3655/5989
f 4030/3651/5990 4034/3655/5990 4028/3649/5990
f 4028/3649/5991 4034/3655/5991 3989/3587/5991
f 4028/3649/5992 3989/3587/5992 3988/3584/5992
f 3988/3584/5993 3989/3587/5993 3693/3586/5993
f 3988/3584/5994 3693/3586/5994 3694/3582/5994
f 3990/3589/5995 4035/3656/5995 4112/3734/5995
f 4112/3734/5996 4035/3656/5996 4037/3658/5996
f 4037/3658/5997 4031/3652/5997 4113/3735/5997
f 4113/3735/5998 4031/3652/5998 4038/3659/5998
f 3691/3588/5999 3990/3589/5999 4114/3736/5999
f 4114/3736/6000 3990/3589/6000 4112/3734/6000
f 4112/3734/6001 4037/3658/6001 4115/3737/6001
f 4115/3737/6002 4037/3658/6002 4113/3735/6002
f 4114/3736/6003 4112/3734/6003 4039/3660/6003
f 4039/3660/6004 4112/3734/6004 4115/3737/6004
f 4039/3660/6005 4115/3737/6005 4041/3662/6005
f 4041/3662/6006 4115/3737/6006 4113/3735/6006
f 4041/3662/6007 4113/3735/6007 4043/3664/6007
f 4043/3664/6008 4113/3735/6008 4038/3659/6008
f 4043/3664/6009 4038/3659/6009 4044/3665/6009
f 4039/3660/6003 3991/3592/6003 4114/3736/6003
f 4114/3736/6010 3991/3592/6010 3690/3591/6010
f 4114/3736/6011 3690/3591/6011 3691/3588/6011
f 3705/3590/6012 3991/3592/6012 3992/3594/6012
f 3992/3594/6013 3991/3592/6013 4040/3661/6013
f 3992/3594/6014 4040/3661/6014 4047/3668/6014
f 4047/3668/6015 4040/3661/6015 4042/3663/6015
f 4042/3663/6016 4043/3664/6016 4116/3738/6016
f 4116/3738/6017 4043/3664/6017 4045/3666/6017
f 4045/3666/6018 4117/3739/6018 4116/3738/6018
f 4116/3738/6019 4049/3670/6019 4042/3663/6019
f 4042/3663/6020 4049/3670/6020 4047/3668/6020
f 4046/3667/6021 4048/3669/6021 4051/3672/6021
f 4051/3672/6022 4048/3669/6022 4049/3670/6022
f 4051/3672/6023 4049/3670/6023 4118/3740/6023
f 4118/3740/6024 4049/3670/6024 4116/3738/6024
f 4118/3740/6025 4116/3738/6025 4056/3677/6025
f 4056/3677/6026 4116/3738/6026 4117/3739/6026
f 4117/3739/6027 4058/3679/6027 4056/3677/6027
f 4056/3677/6028 4053/3674/6028 4118/3740/6028
f 4118/3740/6029 4053/3674/6029 4051/3672/6029
f 4051/3672/6030 4050/3671/6030 4046/3667/6030
f 4046/3667/6031 4050/3671/6031 3699/3741/6031
f 4046/3667/6032 3699/3741/6032 3704/3593/6032
f 4056/3677/6033 4055/3676/6033 4053/3674/6033
f 4053/3674/5894 4055/3676/5894 4052/3673/5894
f 4052/3673/5891 3993/3597/5891 4050/3671/5891
f 4050/3671/6034 3993/3597/6034 3698/3596/6034
f 4050/3671/6035 3698/3596/6035 3699/3741/6035
f 4059/3680/6036 4119/3742/6036 4064/3685/6036
f 4059/3680/6037 4064/3685/6037 4057/3678/6037
f 4057/3678/6038 4064/3685/6038 4061/3682/6038
f 4061/3682/5899 4062/3683/5899 4054/3675/5899
f 4054/3675/5902 4062/3683/5902 4060/3681/5902
f 4060/3681/6039 3696/3599/6039 3697/3595/6039
f 3689/3601/6040 3994/3600/6040 3995/3603/6040
f 3995/3603/5905 3994/3600/5905 4065/3686/5905
f 4066/3687/6041 4064/3685/6041 4120/3743/6041
f 4120/3743/6042 4064/3685/6042 4119/3742/6042
f 4120/3743/6043 4119/3742/6043 4072/3693/6043
f 3995/3603/6044 4065/3686/6044 4121/3744/6044
f 4121/3744/6045 4065/3686/6045 4066/3687/6045
f 4121/3744/6046 4066/3687/6046 4122/3745/6046
f 4122/3745/6047 4066/3687/6047 4120/3743/6047
f 3688/3602/6048 3995/3603/6048 4123/3746/6048
f 4123/3746/6044 3995/3603/6044 4121/3744/6044
f 4123/3746/6049 4121/3744/6049 4067/3688/6049
f 4067/3688/6050 4121/3744/6050 4122/3745/6050
f 4122/3745/6051 4120/3743/6051 4071/3692/6051
f 4071/3692/6052 4120/3743/6052 4072/3693/6052
f 4071/3692/6053 4069/3690/6053 4122/3745/6053
f 4122/3745/5910 4069/3690/5910 4067/3688/5910
f 4067/3688/6054 3996/3606/6054 4123/3746/6054
f 4123/3746/6055 3996/3606/6055 3687/3605/6055
f 4123/3746/6056 3687/3605/6056 3688/3602/6056
f 3686/3604/6057 3996/3606/6057 4074/3695/6057
f 4074/3695/6058 3996/3606/6058 4068/3689/6058
f 4074/3695/6059 4068/3689/6059 4075/3696/6059
f 4075/3696/5911 4068/3689/5911 4070/3691/5911
f 4070/3691/6060 4071/3692/6060 4124/3747/6060
f 4124/3747/6061 4071/3692/6061 4073/3694/6061
f 4124/3747/6062 4077/3698/6062 4070/3691/6062
f 4070/3691/5917 4077/3698/5917 4075/3696/5917
f 4074/3695/6063 3685/3608/6063 3686/3604/6063
f 4076/3697/6064 4077/3698/6064 4081/3703/6064
f 4081/3703/6065 4077/3698/6065 4124/3747/6065
f 4081/3703/6066 4124/3747/6066 4083/3705/6066
f 4083/3705/6067 4124/3747/6067 4073/3694/6067
f 4083/3705/6068 4073/3694/6068 4084/3706/6068
f 4081/3703/6069 4079/3701/6069 4076/3697/6069
f 4076/3697/6070 4079/3701/6070 4078/3700/6070
f 4076/3697/6071 4078/3700/6071 3997/3609/6071
f 3997/3609/6072 4078/3700/6072 3683/3699/6072
f 3997/3609/6073 3683/3699/6073 3684/3607/6073
f 4085/3707/6074 4089/3711/6074 4083/3705/6074
f 4083/3705/6075 4089/3711/6075 4082/3704/6075
f 3998/3612/6076 3682/3611/6076 3683/3699/6076
f 4090/3712/6077 4098/3720/6077 4095/3717/6077
f 4090/3712/6078 4095/3717/6078 4089/3711/6078
f 4089/3711/6079 4095/3717/6079 4091/3713/6079
f 4091/3713/6080 4093/3715/6080 4087/3709/6080
f 4087/3709/6081 4093/3715/6081 3999/3615/6081
f 4087/3709/6082 3999/3615/6082 4086/3708/6082
f 4086/3708/6083 3999/3615/6083 3680/3614/6083
f 4086/3708/6084 3680/3614/6084 3681/3610/6084
f 4099/3721/6085 4102/3724/6085 4095/3717/6085
f 4095/3717/6086 4102/3724/6086 4097/3719/6086
f 4097/3719/5939 4100/3722/5939 4096/3718/5939
f 4096/3718/5943 4100/3722/5943 4000/3618/5943
f 4096/3718/6087 4000/3618/6087 4092/3714/6087
f 4092/3714/6088 4000/3618/6088 3674/3617/6088
f 4092/3714/6089 3674/3617/6089 3675/3613/6089
f 3672/3619/6090 4001/3620/6090 4002/3622/6090
f 4002/3622/6091 4001/3620/6091 4103/3725/6091
f 4002/3622/6092 4103/3725/6092 4106/3728/6092
f 4106/3728/6093 4103/3725/6093 4101/3723/6093
f 4106/3728/6094 4101/3723/6094 4108/3730/6094
f 4108/3730/6095 4101/3723/6095 4102/3724/6095
f 4108/3730/6096 4102/3724/6096 4005/3626/6096
f 4005/3626/6097 4102/3724/6097 4104/3726/6097
f 4125/3748/6098 4126/3749/6098 4127/3750/6098
f 4127/3750/6099 4126/3749/6099 2472/1994/6099
f 4128/3751/6100 4129/3752/6100 4125/3748/6100
f 4125/3748/6101 4129/3752/6101 4126/3749/6101
f 4130/3753/6102 2471/1993/6102 4128/3751/6102
f 4128/3751/4282 2471/1993/4282 4129/3752/4282
f 4127/3750/6103 2472/1994/6103 4130/3753/6103
f 4130/3753/6104 2472/1994/6104 2471/1993/6104
f 4126/3749/3142 4129/3752/3142 4131/3754/3142 4132/3755/3142
f 4133/3756/6105 4134/3757/6105 4135/3758/6105 4136/3759/6105
f 4137/3760/6106 4138/3761/6106 4139/3762/6106
f 4139/3762/5239 4138/3761/5239 4140/3763/5239
f 4139/3762/6107 4140/3763/6107 4141/3764/6107
f 4141/3764/6108 4140/3763/6108 4142/3765/6108
f 4141/3764/6109 4142/3765/6109 4143/3766/6109
f 4143/3766/6110 4142/3765/6110 4144/3767/6110
f 4143/3766/6111 4144/3767/6111 4137/3760/6111
f 4137/3760/6112 4144/3767/6112 4138/3761/6112
f 4145/3768/6113 4146/3769/6113 4147/3770/6113
f 4147/3770/6114 4146/3769/6114 4148/3771/6114
f 4149/3772/6115 4150/3773/6115 4147/3770/6115
f 4147/3770/19 4150/3773/19 4145/3768/19
f 4151/3774/6116 4152/3775/6116 4153/3776/6116
f 4153/3776/6117 4152/3775/6117 4154/3777/6117
f 4153/3776/6117 4154/3777/6117 4155/3778/6117
f 4155/3778/6118 4154/3777/6118 4156/3779/6118
f 4155/3778/6118 4156/3779/6118 4157/3780/6118
f 4157/3780/6119 4156/3779/6119 4158/3781/6119
f 4157/3780/6119 4158/3781/6119 4159/3782/6119
f 4159/3782/6120 4158/3781/6120 4160/3783/6120
f 4159/3782/6120 4160/3783/6120 4161/3784/6120
f 4161/3784/6121 4160/3783/6121 4162/3785/6121
f 4161/3784/6121 4162/3785/6121 4163/3786/6121
f 4163/3786/6122 4162/3785/6122 4164/3787/6122
f 4163/3786/6122 4164/3787/6122 4165/3788/6122
f 4165/3788/6123 4164/3787/6123 4166/3789/6123
f 4165/3788/6123 4166/3789/6123 4167/3790/6123
f 4167/3790/6124 4166/3789/6124 4168/3791/6124
f 4167/3790/6124 4168/3791/6124 4169/3792/6124
f 4169/3792/6125 4168/3791/6125 4170/3793/6125
f 4169/3792/6125 4170/3793/6125 4171/3794/6125
f 4171/3794/6126 4170/3793/6126 4172/3795/6126
f 4171/3794/6126 4172/3795/6126 4173/3796/6126
f 4173/3796/6127 4172/3795/6127 4174/3797/6127
f 4173/3796/6127 4174/3797/6127 4175/3798/6127
f 4175/3798/6128 4174/3797/6128 4176/3799/6128
f 4175/3798/6128 4176/3799/6128 4177/3800/6128
f 4177/3800/6129 4176/3799/6129 4178/3801/6129
f 4177/3800/6129 4178/3801/6129 4179/3802/6129
f 4179/3802/6130 4178/3801/6130 4180/3803/6130
f 4179/3802/6130 4180/3803/6130 4181/3804/6130
f 4181/3804/6131 4180/3803/6131 4182/3805/6131
f 4181/3804/6131 4182/3805/6131 4183/3806/6131
f 4183/3806/6132 4182/3805/6132 4184/3807/6132
f 4183/3806/6133 4184/3807/6133 4185/3808/6133
f 4185/3808/6134 4184/3807/6134 4186/3809/6134
f 4185/3808/6134 4186/3809/6134 4187/3810/6134
f 4187/3810/6135 4186/3809/6135 4188/3811/6135
f 4187/3810/6136 4188/3811/6136 4189/3812/6136
f 4189/3812/6137 4188/3811/6137 4190/3813/6137
f 4189/3812/6137 4190/3813/6137 4191/3814/6137
f 4191/3814/6138 4190/3813/6138 4192/3815/6138
f 4191/3814/6138 4192/3815/6138 4193/3816/6138
f 4193/3816/6139 4192/3815/6139 4194/3817/6139
f 4193/3816/6139 4194/3817/6139 4195/3818/6139
f 4195/3818/6140 4194/3817/6140 4196/3819/6140
f 4195/3818/6140 4196/3819/6140 4197/3820/6140
f 4197/3820/6141 4196/3819/6141 4198/3821/6141
f 4197/3820/6141 4198/3821/6141 4199/3822/6141
f 4199/3822/6142 4198/3821/6142 4200/3823/6142
f 4199/3822/6142 4200/3823/6142 4201/3824/6142
f 4201/3824/6143 4200/3823/6143 4202/3825/6143
f 4201/3824/6143 4202/3825/6143 4203/3826/6143
f 4203/3826/6144 4202/3825/6144 4204/3827/6144
f 4203/3826/6144 4204/3827/6144 4205/3828/6144
f 4205/3828/6145 4204/3827/6145 4206/3829/6145
f 4205/3828/6145 4206/3829/6145 4207/3830/6145
f 4207/3830/6146 4206/3829/6146 4208/3831/6146
f 4207/3830/6146 4208/3831/6146 4209/3832/6146
f 4209/3832/6147 4208/3831/6147 4210/3833/6147
f 4209/3832/6147 4210/3833/6147 4211/3834/6147
f 4211/3834/6148 4210/3833/6148 4212/3835/6148
f 4211/3834/6148 4212/3835/6148 4213/3836/6148
f 4213/3836/6149 4212/3835/6149 4214/3837/6149
f 4213/3836/6149 4214/3837/6149 4215/3838/6149
f 4215/3838/6150 4214/3837/6150 4216/3839/6150
f 4215/3838/6150 4216/3839/6150 4217/3840/6150
f 4217/3840/6151 4216/3839/6151 4218/3841/6151
f 4217/3840/6151 4218/3841/6151 4219/3842/6151
f 4219/3842/6152 4218/3841/6152 4220/3843/6152
f 4219/3842/6152 4220/3843/6152 4221/3844/6152
f 4221/3844/6153 4220/3843/6153 4222/3845/6153
f 4221/3844/6153 4222/3845/6153 4223/3846/6153
f 4223/3846/6154 4222/3845/6154 4224/3847/6154
f 4223/3846/6154 4224/3847/6154 4225/3848/6154
f 4225/3848/6155 4224/3847/6155 4226/3849/6155
f 4225/3848/6155 4226/3849/6155 4227/3850/6155
f 4227/3850/6156 4226/3849/6156 4228/3851/6156
f 4227/3850/6156 4228/3851/6156 4229/3852/6156
f 4229/3852/6157 4228/3851/6157 4230/3853/6157
f 4229/3852/6157 4230/3853/6157 4231/3854/6157
f 4231/3854/6158 4230/3853/6158 4232/3855/6158
f 4231/3854/6158 4232/3855/6158 4233/3856/6158
f 4233/3856/6159 4232/3855/6159 4234/3857/6159
f 4233/3856/6159 4234/3857/6159 4235/3858/6159
f 4235/3858/6160 4234/3857/6160 4134/3859/6160
f 4235/3858/6160 4134/3859/6160 4236/3860/6160
f 4236/3860/6161 4134/3859/6161 4133/3861/6161
f 4236/3860/6161 4133/3861/6161 4237/3862/6161
f 4237/3862/6162 4133/3861/6162 4238/3863/6162
f 4237/3862/6162 4238/3863/6162 4239/3864/6162
f 4239/3864/6163 4238/3863/6163 4240/3865/6163
f 4239/3864/6164 4240/3865/6164 4151/3774/6164
f 4151/3774/6116 4240/3865/6116 4152/3775/6116
f 620/108/3142 4227/3866/3142 622/110/3142
f 622/110/3142 4227/3866/3142 4229/3867/3142
f 622/110/3142 4229/3867/3142 624/112/3142
f 624/112/3142 4229/3867/3142 4231/3868/3142
f 624/112/3142 4231/3868/3142 626/114/3142
f 626/114/3142 4231/3868/3142 4233/3869/3142
f 626/114/3142 4233/3869/3142 628/116/3142
f 612/100/3142 4217/3870/3142 614/102/3142
f 614/102/3142 4217/3870/3142 4219/3871/3142
f 614/102/3142 4219/3871/3142 616/104/3142
f 616/104/3142 4219/3871/3142 4221/3872/3142
f 616/104/3142 4221/3872/3142 618/106/3142
f 618/106/3142 4221/3872/3142 4223/3873/3142
f 618/106/3142 4223/3873/3142 620/108/3142
f 620/108/3142 4223/3873/3142 4225/3874/3142
f 620/108/3142 4225/3874/3142 4227/3866/3142
f 604/92/3142 4207/3875/3142 606/94/3142
f 606/94/3142 4207/3875/3142 4209/3876/3142
f 606/94/3142 4209/3876/3142 608/96/3142
f 608/96/3142 4209/3876/3142 4211/3877/3142
f 608/96/3142 4211/3877/3142 610/98/3142
f 610/98/3142 4211/3877/3142 4213/3878/3142
f 610/98/3142 4213/3878/3142 612/100/3142
f 612/100/3142 4213/3878/3142 4215/3879/3142
f 612/100/3142 4215/3879/3142 4217/3870/3142
f 654/142/3142 4177/3880/3142 656/144/3142
f 656/144/3142 4177/3880/3142 4179/3881/3142
f 656/144/3142 4179/3881/3142 658/146/3142
f 658/146/3142 4179/3881/3142 4181/3882/3142
f 658/146/3142 4181/3882/3142 660/148/3142
f 660/148/3142 4181/3882/3142 4183/3883/3142
f 660/148/3142 4183/3883/3142 662/150/3142
f 4183/3883/3142 4185/3884/3142 662/150/3142
f 662/150/3142 4185/3884/3142 4187/3885/3142
f 662/150/3142 4187/3885/3142 664/152/3142
f 664/152/3142 4187/3885/3142 4189/3886/3142
f 664/152/3142 4189/3886/3142 666/154/3142
f 666/154/3142 4189/3886/3142 4191/3887/3142
f 666/154/3142 4191/3887/3142 668/156/3142
f 668/156/3142 4191/3887/3142 4193/3888/3142
f 668/156/3142 4193/3888/3142 670/158/3142
f 670/158/3142 4193/3888/3142 4195/3889/3142
f 670/158/3142 4195/3889/3142 599/87/3142
f 599/87/3142 4195/3889/3142 4197/3890/3142
f 599/87/3142 4197/3890/3142 4199/3891/3142
f 599/87/3142 4199/3891/3142 600/88/3142
f 600/88/3142 4199/3891/3142 4201/3892/3142
f 600/88/3142 4201/3892/3142 602/90/3142
f 602/90/3142 4201/3892/3142 4203/3893/3142
f 602/90/3142 4203/3893/3142 604/92/3142
f 604/92/3142 4203/3893/3142 4205/3894/3142
f 604/92/3142 4205/3894/3142 4207/3875/3142
f 646/134/3142 4167/3895/3142 648/136/3142
f 648/136/3142 4167/3895/3142 4169/3896/3142
f 648/136/3142 4169/3896/3142 650/138/3142
f 650/138/3142 4169/3896/3142 4171/3897/3142
f 650/138/3142 4171/3897/3142 652/140/3142
f 652/140/3142 4171/3897/3142 4173/3898/3142
f 652/140/3142 4173/3898/3142 654/142/3142
f 654/142/3142 4173/3898/3142 4175/3899/3142
f 654/142/3142 4175/3899/3142 4177/3880/3142
f 638/126/3142 4157/3900/3142 640/128/3142
f 640/128/3142 4157/3900/3142 4159/3901/3142
f 640/128/3142 4159/3901/3142 642/130/3142
f 642/130/3142 4159/3901/3142 4161/3902/3142
f 642/130/3142 4161/3902/3142 644/132/3142
f 644/132/3142 4161/3902/3142 4163/3903/3142
f 644/132/3142 4163/3903/3142 646/134/3142
f 646/134/3142 4163/3903/3142 4165/3904/3142
f 646/134/3142 4165/3904/3142 4167/3895/3142
f 4233/3869/3142 4235/3905/3142 628/116/3142
f 628/116/3142 4235/3905/3142 4236/3906/3142
f 628/116/3142 4236/3906/3142 630/118/3142
f 630/118/3142 4236/3906/3142 4237/3907/3142
f 630/118/3142 4237/3907/3142 632/120/3142
f 632/120/3142 4237/3907/3142 4239/3908/3142
f 632/120/3142 4239/3908/3142 634/122/3142
f 634/122/3142 4239/3908/3142 4151/3909/3142
f 634/122/3142 4151/3909/3142 636/124/3142
f 636/124/3142 4151/3909/3142 4153/3910/3142
f 636/124/3142 4153/3910/3142 638/126/3142
f 638/126/3142 4153/3910/3142 4155/3911/3142
f 638/126/3142 4155/3911/3142 4157/3900/3142
f 4241/3912/6165 4212/3913/6165 4210/3914/6165 4242/3915/6165
f 4214/3916/6166 4212/3913/6166 4241/3912/6166 4243/3917/6166
f 4244/3918/6167 4160/3919/6167 4158/3920/6167 4245/3921/6167
f 4152/3922/6168 4240/3923/6168 4246/3924/6168 4247/3925/6168
f 4204/3926/6169 4202/3927/6169 4248/3928/6169 4249/3929/6169
f 4135/3758/6170 4134/3757/6170 4234/3930/6170 4250/3931/6170
f 4251/3932/6171 4154/3933/6171 4152/3934/6171 4247/3935/6171
f 4252/3936/6172 4220/3937/6172 4218/3938/6172 4253/3939/6172
f 4190/3940/6173 4188/3941/6173 4254/3942/6173 4255/3943/6173
f 4166/3944/6174 4164/3945/6174 4256/3946/6174 4257/3947/6174
f 4258/3948/6175 4206/3949/6175 4204/3926/6175 4249/3929/6175
f 4242/3915/6176 4210/3914/6176 4208/3950/6176 4259/3951/6176
f 4253/3952/6177 4218/3953/6177 4216/3954/6177 4260/3955/6177
f 4238/3956/6178 4133/3756/6178 4136/3759/6178 4261/3957/6178
f 4262/3958/6179 4226/3959/6179 4224/3960/6179 4263/3961/6179
f 4224/3960/6180 4222/3962/6180 4264/3963/6180 4263/3961/6180
f 4176/3964/6181 4174/3965/6181 4265/3966/6181 4266/3967/6181
f 4170/3968/6182 4168/3969/6182 4267/3970/6182 4268/3971/6182
f 4232/3972/6183 4230/3973/6183 4269/3974/6183 4270/3975/6183
f 4164/3945/6184 4162/3976/6184 4271/3977/6184 4256/3946/6184
f 4271/3977/6185 4162/3976/6185 4160/3919/6185 4244/3918/6185
f 4269/3974/6186 4230/3973/6186 4228/3978/6186 4272/3979/6186
f 4273/3980/6187 4194/3981/6187 4192/3982/6187 4274/3983/6187
f 4274/3983/6188 4192/3982/6188 4190/3940/6188 4255/3943/6188
f 4186/3984/6189 4184/3985/6189 4275/3986/6189 4276/3987/6189
f 4200/3988/6190 4198/3989/6190 4277/3990/6190 4278/3991/6190
f 4184/3985/6191 4182/3992/6191 4279/3993/6191 4275/3986/6191
f 4228/3978/6192 4226/3959/6192 4262/3958/6192 4272/3979/6192
f 4280/3994/6193 4178/3995/6193 4176/3996/6193 4266/3997/6193
f 4158/3920/6194 4156/3998/6194 4281/3999/6194 4245/3921/6194
f 4202/3927/6195 4200/3988/6195 4278/3991/6195 4248/3928/6195
f 4279/3993/6196 4182/3992/6196 4180/4000/6196 4282/4001/6196
f 4180/4000/6197 4178/3995/6197 4280/3994/6197 4282/4001/6197
f 4283/4002/6198 4172/4003/6198 4170/4004/6198 4268/4005/6198
f 4234/3930/6199 4232/3972/6199 4270/3975/6199 4250/3931/6199
f 4284/4006/6200 4196/4007/6200 4194/4008/6200 4273/4009/6200
f 4259/3951/6201 4208/3950/6201 4206/3949/6201 4258/3948/6201
f 4260/4010/6202 4216/4011/6202 4214/3916/6202 4243/3917/6202
f 4198/4012/6203 4196/4013/6203 4284/4014/6203 4277/4015/6203
f 4222/4016/6204 4220/4017/6204 4252/4018/6204 4264/4019/6204
f 4254/3942/6205 4188/3941/6205 4186/3984/6205 4276/3987/6205
f 4281/3999/6206 4156/3998/6206 4154/3933/6206 4251/3932/6206
f 4174/4020/6207 4172/4021/6207 4283/4022/6207 4265/4023/6207
f 4246/4024/6208 4240/4025/6208 4238/4026/6208 4261/4027/6208
f 4267/3970/6209 4168/3969/6209 4166/3944/6209 4257/3947/6209
f 4273/4028/6210 4274/4029/6210 4285/4030/6210 4286/4031/6210
f 4287/4032/6211 4288/4033/6211 4289/4034/6211
f 4289/4034/6212 4288/4033/6212 4290/4035/6212
f 4289/4034/6213 4290/4035/6213 4291/4036/6213
f 4291/4036/6214 4290/4035/6214 4292/4037/6214
f 4291/4036/6215 4292/4037/6215 4293/4038/6215
f 4293/4038/6216 4292/4037/6216 4294/4039/6216
f 4293/4038/6217 4294/4039/6217 4295/4040/6217
f 4295/4040/6218 4294/4039/6218 4296/4041/6218
f 4295/4040/6219 4296/4041/6219 4297/4042/6219
f 4297/4042/6220 4296/4041/6220 4298/4043/6220
f 4297/4042/6221 4298/4043/6221 4299/4044/6221
f 4299/4044/6222 4298/4043/6222 4300/4045/6222
f 4299/4044/6223 4300/4045/6223 4301/4046/6223
f 4301/4046/6224 4300/4045/6224 4302/4047/6224
f 4301/4046/6225 4302/4047/6225 4303/4048/6225
f 4303/4048/6226 4302/4047/6226 4304/4049/6226
f 4304/4049/6227 4302/4047/6227 4305/4050/6227
f 4304/4049/6228 4305/4050/6228 4306/4051/6228
f 4304/4049/6229 4306/4051/6229 4307/4052/6229
f 4307/4052/6230 4306/4051/6230 4308/4053/6230
f 4307/4052/6231 4308/4053/6231 4309/4054/6231
f 4309/4054/6232 4308/4053/6232 4310/4055/6232
f 4309/4054/6233 4310/4055/6233 4311/4056/6233
f 4311/4056/6234 4310/4055/6234 4312/4057/6234
f 4311/4056/6235 4312/4057/6235 4313/4058/6235
f 4313/4058/6236 4312/4057/6236 4314/4059/6236
f 4313/4058/6237 4314/4059/6237 4315/4060/6237
f 4315/4060/6238 4314/4059/6238 4316/4061/6238
f 4315/4060/6239 4316/4061/6239 4317/4062/6239
f 4317/4062/6240 4316/4061/6240 4318/4063/6240
f 4317/4062/6241 4318/4063/6241 4319/4064/6241
f 4319/4064/6242 4318/4063/6242 4320/4065/6242
f 4319/4064/6243 4320/4065/6243 4321/4066/6243
f 4319/4064/6244 4321/4066/6244 4322/4067/6244
f 4322/4067/6245 4321/4066/6245 4323/4068/6245
f 4322/4067/6246 4323/4068/6246 4324/4069/6246
f 4324/4069/6247 4323/4068/6247 4325/4070/6247
f 4325/4070/6248 4323/4068/6248 4326/4071/6248
f 4325/4070/6249 4326/4071/6249 4327/4072/6249
f 4327/4072/6250 4326/4071/6250 4328/4073/6250
f 4327/4072/6251 4328/4073/6251 4287/4032/6251
f 4287/4032/6252 4328/4073/6252 4288/4033/6252
f 4290/4035/5 4288/4033/5 4321/4066/5
f 4321/4066/5 4288/4033/5 4328/4073/5
f 4294/4039/5 4292/4037/5 4321/4066/5
f 4321/4066/5 4292/4037/5 4290/4035/5
f 4298/4043/5 4296/4041/5 4321/4066/5
f 4321/4066/5 4296/4041/5 4294/4039/5
f 4321/4066/5 4300/4045/5 4298/4043/5
f 4305/4050/6253 4302/4047/6253 4321/4066/6253
f 4321/4066/6254 4302/4047/6254 4300/4045/6254
f 4308/4053/5 4306/4051/5 4321/4066/5
f 4321/4066/5 4306/4051/5 4305/4050/5
f 4321/4066/5 4310/4055/5 4308/4053/5
f 4314/4059/5 4312/4057/5 4321/4066/5
f 4321/4066/5 4312/4057/5 4310/4055/5
f 4318/4063/5 4316/4061/5 4321/4066/5
f 4321/4066/5 4316/4061/5 4314/4059/5
f 4321/4066/5 4320/4065/5 4318/4063/5
f 4328/4073/5 4326/4071/5 4321/4066/5
f 4321/4066/5 4326/4071/5 4323/4068/5
f 4329/4074/6211 4330/4075/6211 4331/4076/6211
f 4331/4076/6255 4330/4075/6255 4332/4077/6255
f 4331/4076/6256 4332/4077/6256 4333/4078/6256
f 4333/4078/6257 4332/4077/6257 4334/4079/6257
f 4333/4078/6258 4334/4079/6258 4335/4080/6258
f 4335/4080/6259 4334/4079/6259 4336/4081/6259
f 4336/4081/6260 4334/4079/6260 4337/4082/6260
f 4336/4081/6261 4337/4082/6261 4338/4083/6261
f 4338/4083/6262 4337/4082/6262 4339/4084/6262
f 4338/4083/6263 4339/4084/6263 4340/4085/6263
f 4340/4085/6264 4339/4084/6264 4341/4086/6264
f 4340/4085/6265 4341/4086/6265 4342/4087/6265
f 4342/4087/6266 4341/4086/6266 4343/4088/6266
f 4342/4087/6267 4343/4088/6267 4344/4089/6267
f 4344/4089/6268 4343/4088/6268 4345/4090/6268
f 4344/4089/6269 4345/4090/6269 4346/4091/6269
f 4346/4091/6270 4345/4090/6270 4347/4092/6270
f 4346/4091/6271 4347/4092/6271 4348/4093/6271
f 4348/4093/6272 4347/4092/6272 4349/4094/6272
f 4348/4093/6273 4349/4094/6273 4350/4095/6273
f 4350/4095/6274 4349/4094/6274 4351/4096/6274
f 4350/4095/6275 4351/4096/6275 4352/4097/6275
f 4352/4097/6276 4351/4096/6276 4353/4098/6276
f 4352/4097/6277 4353/4098/6277 4354/4099/6277
f 4354/4099/6278 4353/4098/6278 4355/4100/6278
f 4355/4100/6279 4353/4098/6279 4356/4101/6279
f 4355/4100/6280 4356/4101/6280 4357/4102/6280
f 4357/4102/6281 4356/4101/6281 4358/4103/6281
f 4357/4102/6282 4358/4103/6282 4359/4104/6282
f 4357/4102/6283 4359/4104/6283 4360/4105/6283
f 4360/4105/6284 4359/4104/6284 4361/4106/6284
f 4361/4106/6285 4359/4104/6285 4362/4107/6285
f 4361/4106/6286 4362/4107/6286 4363/4108/6286
f 4361/4106/6287 4363/4108/6287 4364/4109/6287
f 4364/4109/6288 4363/4108/6288 4365/4110/6288
f 4364/4109/6289 4365/4110/6289 4366/4111/6289
f 4366/4111/6290 4365/4110/6290 4367/4112/6290
f 4366/4111/6249 4367/4112/6249 4368/4113/6249
f 4368/4113/6291 4367/4112/6291 4369/4114/6291
f 4368/4113/6251 4369/4114/6251 4329/4074/6251
f 4329/4074/6252 4369/4114/6252 4330/4075/6252
f 4332/4077/5 4330/4075/5 4359/4104/5
f 4359/4104/5 4330/4075/5 4369/4114/5
f 4359/4104/5 4334/4079/5 4332/4077/5
f 4339/4084/6292 4337/4082/6292 4359/4104/6292
f 4359/4104/5 4337/4082/5 4334/4079/5
f 4359/4104/6293 4341/4086/6293 4339/4084/6293
f 4345/4090/5 4343/4088/5 4359/4104/5
f 4359/4104/4 4343/4088/4 4341/4086/4
f 4359/4104/5 4347/4092/5 4345/4090/5
f 4351/4096/5 4349/4094/5 4359/4104/5
f 4359/4104/5 4349/4094/5 4347/4092/5
f 4359/4104/5 4353/4098/5 4351/4096/5
f 4358/4103/5 4356/4101/5 4359/4104/5
f 4359/4104/5 4356/4101/5 4353/4098/5
f 4365/4110/5 4363/4108/5 4359/4104/5
f 4359/4104/5 4363/4108/5 4362/4107/5
f 4369/4114/5 4367/4112/5 4359/4104/5
f 4359/4104/5 4367/4112/5 4365/4110/5
f 4370/4115/5239 4371/4116/5239 4372/4117/5239
f 4372/4117/5239 4371/4116/5239 4373/4118/5239
f 4374/4119/4282 4375/4120/4282 4370/4115/4282
f 4370/4115/4282 4375/4120/4282 4371/4116/4282
f 4376/4121/3330 4377/4122/3330 4374/4119/3330
f 4374/4119/3330 4377/4122/3330 4375/4120/3330
f 4372/4117/2087 4373/4118/2087 4376/4121/2087
f 4376/4121/2087 4373/4118/2087 4377/4122/2087
f 4378/4123/5 4379/4124/5 4380/4125/5
f 4380/4125/5 4379/4124/5 4381/4126/5
f 4382/4127/5239 4383/4128/5239 4384/4129/5239
f 4384/4129/5239 4383/4128/5239 4385/4130/5239
f 4386/4131/4282 4387/4132/4282 4382/4127/4282
f 4382/4127/4282 4387/4132/4282 4383/4128/4282
f 4388/4133/3330 4389/4134/3330 4386/4131/3330
f 4386/4131/3330 4389/4134/3330 4387/4132/3330
f 4384/4129/2087 4385/4130/2087 4388/4133/2087
f 4388/4133/2087 4385/4130/2087 4389/4134/2087
f 4390/4135/5 4391/4136/5 4392/4137/5
f 4392/4137/5 4391/4136/5 4393/4138/5
f 4144/4139/6294 525/13/6294 4138/4140/6294
f 4138/4140/6294 525/13/6294 522/10/6294
f 4147/3770/6295 4148/3771/6295 4142/4141/6295
f 525/13/6296 4144/4139/6296 526/14/6296
f 526/14/6297 4144/4139/6297 4142/4141/6297
f 526/14/6298 4142/4141/6298 4148/3771/6298
f 552/40/6299 4368/4113/6299 4329/4074/6299
f 4368/4113/6300 552/40/6300 548/36/6300
f 4368/4113/6301 548/36/6301 4366/4111/6301
f 4366/4111/6302 548/36/6302 547/35/6302
f 4366/4111/6303 547/35/6303 4364/4109/6303
f 4364/4109/6304 547/35/6304 557/45/6304
f 4364/4109/6305 557/45/6305 4361/4106/6305
f 4361/4106/6306 557/45/6306 556/44/6306
f 4361/4106/6307 556/44/6307 4360/4105/6307
f 4360/4105/6308 556/44/6308 551/39/6308
f 4360/4105/6309 551/39/6309 4357/4102/6309
f 4357/4102/6310 551/39/6310 550/38/6310
f 4357/4102/6311 550/38/6311 4355/4100/6311
f 4355/4100/6312 550/38/6312 539/27/6312
f 4355/4100/6313 539/27/6313 4354/4099/6313
f 4354/4099/6314 539/27/6314 538/26/6314
f 4354/4099/6315 538/26/6315 4352/4097/6315
f 4352/4097/6316 538/26/6316 542/30/6316
f 4352/4097/6317 542/30/6317 4350/4095/6317
f 4350/4095/6318 542/30/6318 576/64/6318
f 4350/4095/6319 576/64/6319 4348/4093/6319
f 4348/4093/6320 576/64/6320 561/49/6320
f 4348/4093/6321 561/49/6321 4346/4091/6321
f 4346/4091/6322 561/49/6322 560/48/6322
f 4346/4091/6323 560/48/6323 559/47/6323
f 4346/4091/6324 559/47/6324 4344/4089/6324
f 4344/4089/6325 559/47/6325 558/46/6325
f 4344/4089/6326 558/46/6326 4342/4087/6326
f 4342/4087/6327 558/46/6327 526/14/6327
f 4342/4087/6328 526/14/6328 4340/4085/6328
f 4340/4085/6329 526/14/6329 4338/4083/6329
f 4338/4083/6330 526/14/6330 4148/3771/6330
f 4338/4083/6331 4148/3771/6331 4146/3769/6331
f 4338/4083/6332 4146/3769/6332 4336/4081/6332
f 4336/4081/6333 4146/3769/6333 4145/3768/6333
f 4336/4081/6334 4145/3768/6334 4335/4080/6334
f 4335/4080/6335 4145/3768/6335 4150/3773/6335
f 4335/4080/6336 4150/3773/6336 4333/4078/6336
f 4333/4078/6337 4150/3773/6337 4149/3772/6337
f 4333/4078/6338 4149/3772/6338 4331/4076/6338
f 4331/4076/6339 4149/3772/6339 4329/4074/6339
f 4329/4074/6340 4149/3772/6340 552/40/6340
f 4319/4064/6341 516/4/6341 4317/4062/6341
f 4317/4062/6342 516/4/6342 555/43/6342
f 514/2/6343 4327/4072/6343 4287/4032/6343
f 4327/4072/6344 514/2/6344 513/1/6344
f 4327/4072/6345 513/1/6345 4325/4070/6345
f 4325/4070/6346 513/1/6346 518/6/6346
f 4325/4070/6347 518/6/6347 4324/4069/6347
f 4324/4069/6348 518/6/6348 4322/4067/6348
f 4322/4067/6349 518/6/6349 517/5/6349
f 4322/4067/6350 517/5/6350 516/4/6350
f 4322/4067/6351 516/4/6351 4319/4064/6351
f 4317/4062/6352 555/43/6352 554/42/6352
f 4317/4062/6353 554/42/6353 4315/4060/6353
f 4315/4060/6354 554/42/6354 553/41/6354
f 4315/4060/6355 553/41/6355 4313/4058/6355
f 4313/4058/6356 553/41/6356 566/54/6356
f 4313/4058/6357 566/54/6357 4311/4056/6357
f 4311/4056/6358 566/54/6358 565/53/6358
f 4311/4056/6359 565/53/6359 4309/4054/6359
f 4309/4054/6360 565/53/6360 595/83/6360
f 4309/4054/6361 595/83/6361 4307/4052/6361
f 4307/4052/6362 595/83/6362 594/82/6362
f 4307/4052/6363 594/82/6363 4304/4049/6363
f 4304/4049/6364 594/82/6364 570/58/6364
f 4304/4049/6365 570/58/6365 4303/4048/6365
f 4303/4048/6366 570/58/6366 569/57/6366
f 4303/4048/6367 569/57/6367 4301/4046/6367
f 4301/4046/6368 569/57/6368 568/56/6368
f 4301/4046/6369 568/56/6369 4299/4044/6369
f 4299/4044/6370 568/56/6370 567/55/6370
f 4299/4044/6371 567/55/6371 563/51/6371
f 4299/4044/6372 563/51/6372 4297/4042/6372
f 4297/4042/6373 563/51/6373 4295/4040/6373
f 4295/4040/6374 563/51/6374 562/50/6374
f 4295/4040/6375 562/50/6375 541/29/6375
f 4295/4040/6376 541/29/6376 4293/4038/6376
f 4293/4038/6377 541/29/6377 4291/4036/6377
f 4291/4036/6378 541/29/6378 540/28/6378
f 4291/4036/6379 540/28/6379 4289/4034/6379
f 4289/4034/6380 540/28/6380 549/37/6380
f 4289/4034/6381 549/37/6381 4287/4032/6381
f 4287/4032/6382 549/37/6382 514/2/6382
f 555/43/6383 516/4/6383 4140/4142/6383
f 4140/4142/6384 516/4/6384 515/3/6384
f 555/43/6385 4140/4142/6385 4138/4140/6385
f 555/43/6386 4138/4140/6386 522/10/6386
f 4149/3772/6387 4147/3770/6387 4142/4141/6387
f 514/2/6388 4140/4142/6388 515/3/6388
f 514/2/6389 549/37/6389 4140/4142/6389
f 4140/4142/6390 549/37/6390 552/40/6390
f 4140/4142/6391 552/40/6391 4142/4141/6391
f 4142/4141/6392 552/40/6392 4149/3772/6392
f 589/77/6393 637/125/6393 588/76/6393
f 588/76/6394 637/125/6394 639/127/6394
f 588/76/6394 639/127/6394 591/79/6394
f 591/79/6395 639/127/6395 641/129/6395
f 591/79/6395 641/129/6395 592/80/6395
f 592/80/6396 641/129/6396 643/131/6396
f 592/80/6396 643/131/6396 593/81/6396
f 593/81/6397 643/131/6397 645/133/6397
f 593/81/6398 645/133/6398 596/84/6398
f 596/84/6399 645/133/6399 647/135/6399
f 596/84/6400 647/135/6400 597/85/6400
f 597/85/6401 647/135/6401 649/137/6401
f 597/85/6402 649/137/6402 577/65/6402
f 577/65/6403 649/137/6403 651/139/6403
f 577/65/6403 651/139/6403 520/8/6403
f 520/8/6404 651/139/6404 653/141/6404
f 520/8/6404 653/141/6404 521/9/6404
f 521/9/6405 653/141/6405 655/143/6405
f 521/9/6405 655/143/6405 528/16/6405
f 528/16/6406 655/143/6406 657/145/6406
f 528/16/6406 657/145/6406 529/17/6406
f 529/17/6407 657/145/6407 659/147/6407
f 529/17/6407 659/147/6407 530/18/6407
f 530/18/6408 659/147/6408 661/149/6408
f 530/18/6408 661/149/6408 531/19/6408
f 531/19/6409 661/149/6409 663/151/6409
f 531/19/6410 663/151/6410 532/20/6410
f 532/20/6411 663/151/6411 665/153/6411
f 532/20/6412 665/153/6412 534/22/6412
f 534/22/6413 665/153/6413 667/155/6413
f 534/22/6413 667/155/6413 535/23/6413
f 535/23/6414 667/155/6414 669/157/6414
f 535/23/6415 669/157/6415 543/31/6415
f 543/31/6416 669/157/6416 671/159/6416
f 543/31/6417 671/159/6417 544/32/6417
f 544/32/6418 671/159/6418 598/86/6418
f 544/32/6418 598/86/6418 545/33/6418
f 545/33/6419 598/86/6419 601/89/6419
f 545/33/6420 601/89/6420 546/34/6420
f 546/34/6421 601/89/6421 603/91/6421
f 546/34/6422 603/91/6422 573/61/6422
f 573/61/6423 603/91/6423 605/93/6423
f 573/61/6423 605/93/6423 574/62/6423
f 574/62/6424 605/93/6424 607/95/6424
f 574/62/6425 607/95/6425 575/63/6425
f 575/63/6426 607/95/6426 609/97/6426
f 575/63/6427 609/97/6427 571/59/6427
f 571/59/6428 609/97/6428 611/99/6428
f 571/59/6428 611/99/6428 572/60/6428
f 572/60/6429 611/99/6429 613/101/6429
f 572/60/6429 613/101/6429 578/66/6429
f 578/66/6430 613/101/6430 615/103/6430
f 578/66/6431 615/103/6431 579/67/6431
f 579/67/6432 615/103/6432 617/105/6432
f 579/67/6432 617/105/6432 580/68/6432
f 580/68/6433 617/105/6433 619/107/6433
f 580/68/6433 619/107/6433 581/69/6433
f 581/69/6434 619/107/6434 621/109/6434
f 581/69/6434 621/109/6434 582/70/6434
f 582/70/6435 621/109/6435 623/111/6435
f 582/70/6435 623/111/6435 583/71/6435
f 583/71/6436 623/111/6436 625/113/6436
f 583/71/6436 625/113/6436 584/72/6436
f 584/72/6437 625/113/6437 627/115/6437
f 584/72/6437 627/115/6437 585/73/6437
f 585/73/6438 627/115/6438 629/117/6438
f 585/73/6438 629/117/6438 586/74/6438
f 586/74/6439 629/117/6439 631/119/6439
f 586/74/6439 631/119/6439 587/75/6439
f 587/75/6440 631/119/6440 633/121/6440
f 587/75/6440 633/121/6440 590/78/6440
f 590/78/6441 633/121/6441 635/123/6441
f 590/78/6441 635/123/6441 589/77/6441
f 589/77/6393 635/123/6393 637/125/6393
f 527/4143/6442 4370/4115/6442 536/4144/6442
f 536/4144/6442 4370/4115/6442 4372/4117/6442
f 519/4145/6294 4374/4119/6294 527/4143/6294
f 527/4143/6294 4374/4119/6294 4370/4115/6294
f 4376/4121/6443 533/4146/6443 4372/4117/6443
f 4372/4117/6443 533/4146/6443 536/4144/6443
f 533/4146/6444 4376/4121/6444 519/4145/6444
f 519/4145/6444 4376/4121/6444 4374/4119/6444
f 564/4147/6442 4382/4127/6442 537/4148/6442
f 537/4148/6442 4382/4127/6442 4384/4129/6442
f 524/4149/6294 4386/4131/6294 564/4147/6294
f 564/4147/6294 4386/4131/6294 4382/4127/6294
f 4388/4133/6443 523/4150/6443 4384/4129/6443
f 4384/4129/6443 523/4150/6443 537/4148/6443
f 523/4150/6444 4388/4133/6444 524/4149/6444
f 524/4149/6444 4388/4133/6444 4386/4131/6444
f 4375/4120/6294 4381/4151/6294 4371/4116/6294
f 4371/4116/6294 4381/4151/6294 4379/4152/6294
f 4377/4122/6444 4380/4153/6444 4375/4120/6444
f 4375/4120/6444 4380/4153/6444 4381/4151/6444
f 4378/4154/6442 4373/4118/6442 4379/4152/6442
f 4379/4152/6442 4373/4118/6442 4371/4116/6442
f 4373/4118/6443 4378/4154/6443 4377/4122/6443
f 4377/4122/6443 4378/4154/6443 4380/4153/6443
f 4387/4132/6294 4393/4155/6294 4383/4128/6294
f 4383/4128/6294 4393/4155/6294 4391/4156/6294
f 4389/4134/6444 4392/4157/6444 4387/4132/6444
f 4387/4132/6444 4392/4157/6444 4393/4155/6444
f 4390/4158/6442 4385/4130/6442 4391/4156/6442
f 4391/4156/6442 4385/4130/6442 4383/4128/6442
f 4385/4130/6443 4390/4158/6443 4389/4134/6443
f 4389/4134/6443 4390/4158/6443 4392/4157/6443
f 1312/4159/6445 1318/4160/6445 4394/4161/6445
f 1312/4159/6446 4394/4161/6446 4395/4162/6446
f 4395/4162/6447 4394/4161/6447 675/163/6447
f 4395/4162/6448 675/163/6448 681/169/6448
f 1314/4163/6449 1312/4159/6449 4396/4164/6449
f 4396/4164/6450 1312/4159/6450 4395/4162/6450
f 4396/4164/6451 4395/4162/6451 681/169/6451
f 4396/4164/6452 681/169/6452 680/168/6452
f 1318/4160/6453 1316/4165/6453 4397/4166/6453
f 1318/4160/6454 4397/4166/6454 4394/4161/6454
f 4394/4161/6455 4397/4166/6455 674/162/6455
f 4394/4161/6456 674/162/6456 675/163/6456
f 1316/4165/6457 1314/4163/6457 4397/4166/6457
f 4397/4166/6458 1314/4163/6458 4396/4164/6458
f 4397/4166/6459 4396/4164/6459 680/168/6459
f 4397/4166/6460 680/168/6460 674/162/6460
f 4398/4167/6461 3216/2738/6461 676/4168/6461
f 4398/4167/6462 676/4168/6462 673/4169/6462
f 3664/3186/6463 4398/4167/6463 4399/4170/6463
f 4399/4170/6464 4398/4167/6464 673/4169/6464
f 3657/3179/6465 3664/3186/6465 4399/4170/6465
f 4399/4170/6466 673/4169/6466 672/4171/6466
f 696/4172/6467 677/4173/6467 4400/4174/6467
f 3212/2734/6468 677/4173/6468 3214/2736/6468
f 3159/2681/6469 3157/2679/6469 4401/4175/6469
f 4401/4175/6470 3157/2679/6470 3155/2677/6470
f 3161/2683/6471 3159/2681/6471 4402/4176/6471
f 4402/4176/6472 3159/2681/6472 4401/4175/6472
f 4403/4177/6473 3151/4178/6473 4404/4179/6473
f 4404/4180/6474 4405/4181/6474 679/4182/6474
f 3477/2999/6475 3161/2683/6475 4406/4183/6475
f 4406/4183/6476 3161/2683/6476 4402/4176/6476
f 4403/4177/6477 4404/4179/6477 679/167/6477
f 4401/4184/6478 3155/4185/6478 678/166/6478
f 678/166/6479 3155/4185/6479 4403/4177/6479
f 3163/2685/6480 3477/2999/6480 4407/4186/6480
f 4407/4186/6481 3477/2999/6481 4406/4183/6481
f 678/166/6482 4403/4177/6482 679/167/6482
f 3166/2688/6483 3164/2686/6483 4408/4187/6483
f 4408/4187/6484 3164/2686/6484 3163/2685/6484
f 4408/4187/6485 3163/2685/6485 4409/4188/6485
f 4409/4188/6486 3163/2685/6486 4407/4186/6486
f 4402/4189/6487 4401/4184/6487 678/166/6487
f 3168/2690/6488 3166/2688/6488 4410/4190/6488
f 4410/4190/6489 3166/2688/6489 4408/4187/6489
f 4406/4191/6490 4402/4189/6490 682/170/6490
f 682/170/6491 4402/4189/6491 678/166/6491
f 4407/4192/6492 4406/4191/6492 682/170/6492
f 3169/2691/6493 3168/2690/6493 4411/4193/6493
f 4411/4193/6494 3168/2690/6494 4410/4190/6494
f 3171/2693/6495 3169/2691/6495 4412/4194/6495
f 4412/4194/6496 3169/2691/6496 4411/4193/6496
f 4410/4190/6497 4408/4187/6497 695/4195/6497
f 695/4195/6498 4408/4187/6498 4409/4188/6498
f 4409/4196/6499 4407/4192/6499 695/183/6499
f 695/183/6500 4407/4192/6500 682/170/6500
f 3173/2695/6501 3171/2693/6501 4413/4197/6501
f 4413/4197/6502 3171/2693/6502 4412/4194/6502
f 4411/4193/6503 4410/4190/6503 694/4198/6503
f 694/4198/6504 4410/4190/6504 695/4195/6504
f 3176/2698/6505 3174/2696/6505 692/4199/6505
f 692/4199/6506 3174/2696/6506 3173/2695/6506
f 3173/2695/6507 4413/4197/6507 693/4200/6507
f 693/4200/6508 4413/4197/6508 4412/4194/6508
f 4412/4194/6509 4411/4193/6509 694/4198/6509
f 692/4199/6510 3173/2695/6510 693/4200/6510
f 693/4200/6511 4412/4194/6511 694/4198/6511
f 3180/2702/6512 3178/2700/6512 4414/4201/6512
f 4414/4201/6513 3178/2700/6513 3176/2698/6513
f 3182/2704/6514 3180/2702/6514 686/4202/6514
f 686/4202/6515 3180/2702/6515 4414/4201/6515
f 4414/4201/6516 3176/2698/6516 687/4203/6516
f 687/4203/6517 3176/2698/6517 692/4199/6517
f 3184/2706/6518 3182/2704/6518 685/4204/6518
f 685/4204/6519 3182/2704/6519 686/4202/6519
f 686/4202/6520 4414/4201/6520 687/4203/6520
f 3190/2712/6521 3188/2710/6521 4415/4205/6521
f 4415/4205/6522 3188/2710/6522 3186/2708/6522
f 3186/2708/6523 3184/2706/6523 703/4206/6523
f 703/4206/6524 3184/2706/6524 685/4204/6524
f 4415/4205/6525 3186/2708/6525 703/4206/6525
f 3194/2716/6526 3192/2714/6526 4416/4207/6526
f 4416/4207/6527 3192/2714/6527 3190/2712/6527
f 4416/4207/6528 3190/2712/6528 698/4208/6528
f 698/4208/6529 3190/2712/6529 4415/4205/6529
f 698/4208/6530 4415/4205/6530 703/4206/6530
f 3196/2718/6531 3194/2716/6531 697/4209/6531
f 697/4209/6532 3194/2716/6532 4416/4207/6532
f 3198/2720/6533 3196/2718/6533 697/4209/6533
f 697/4209/6534 4416/4207/6534 698/4208/6534
f 3204/2726/6535 3202/2724/6535 4417/4210/6535
f 4417/4210/6536 3202/2724/6536 3200/2722/6536
f 3200/2722/6537 3198/2720/6537 702/4211/6537
f 702/4211/6538 3198/2720/6538 697/4209/6538
f 4417/4210/6539 3200/2722/6539 702/4211/6539
f 3210/2732/6540 3208/2730/6540 4400/4174/6540
f 4400/4174/6541 3208/2730/6541 3206/2728/6541
f 3206/2728/6542 3204/2726/6542 701/4212/6542
f 701/4212/6543 3204/2726/6543 4417/4210/6543
f 702/4211/6544 701/4212/6544 4417/4210/6544
f 701/4212/6545 696/4172/6545 3206/2728/6545
f 3206/2728/6546 696/4172/6546 4400/4174/6546
f 4400/4174/6547 677/4173/6547 3210/2732/6547
f 3210/2732/6548 677/4173/6548 3212/2734/6548
f 3664/3186/6549 3218/2740/6549 4398/4167/6549
f 4398/4167/6550 3218/2740/6550 3216/2738/6550
f 3216/2738/6551 3214/2736/6551 676/4168/6551
f 676/4168/6552 3214/2736/6552 677/4173/6552
f 4399/4170/6553 672/4171/6553 3650/3172/6553
f 4399/4170/6554 3650/3172/6554 3657/3179/6554
f 672/4171/6555 691/4213/6555 3642/3164/6555
f 672/4171/6556 3642/3164/6556 3650/3172/6556
f 691/4213/6557 3635/3157/6557 3642/3164/6557
f 691/4213/6558 4418/4214/6558 3635/3157/6558
f 3635/3157/6559 4418/4214/6559 3641/3163/6559
f 4418/4214/6560 4419/4215/6560 3633/3155/6560
f 4418/4214/6561 3633/3155/6561 3641/3163/6561
f 4419/4215/6562 3631/3153/6562 3633/3155/6562
f 3632/3154/6563 3631/3153/6563 707/4216/6563
f 707/4216/6564 3631/3153/6564 4419/4215/6564
f 3625/3147/6565 3148/2670/6565 3147/2669/6565
f 3632/3154/6566 3147/2669/6566 3627/3149/6566
f 691/179/6567 709/197/6567 4418/4217/6567
f 4418/4217/6568 709/197/6568 4419/4218/6568
f 707/4216/6569 706/4219/6569 3632/3154/6569
f 3632/3154/6570 706/4219/6570 4420/4220/6570
f 3632/3154/6571 4420/4220/6571 3147/2669/6571
f 3147/2669/6572 4420/4220/6572 3625/3147/6572
f 4419/4218/6573 709/197/6573 707/195/6573
f 4420/4220/6574 700/4221/6574 3625/3147/6574
f 3625/3147/6575 700/4221/6575 3623/3145/6575
f 700/4221/6576 699/4222/6576 3623/3145/6576
f 3623/3145/6577 699/4222/6577 3620/3142/6577
f 3620/3142/6578 4421/4223/6578 3616/3138/6578
f 3616/3138/6579 4421/4223/6579 3611/3133/6579
f 699/4222/6580 708/4224/6580 3620/3142/6580
f 3620/3142/6581 708/4224/6581 4421/4223/6581
f 706/4219/6582 700/4221/6582 4420/4220/6582
f 4421/4223/6583 4422/4225/6583 3611/3133/6583
f 3611/3133/6584 4422/4225/6584 3607/3129/6584
f 708/196/6585 705/193/6585 4421/4226/6585
f 4421/4226/6586 705/193/6586 4422/4227/6586
f 3601/3123/6587 4423/4228/6587 3596/3118/6587
f 3596/3118/6588 4423/4228/6588 3590/3112/6588
f 4422/4225/6589 704/4229/6589 3607/3129/6589
f 3607/3129/6590 704/4229/6590 3601/3123/6590
f 4422/4227/6591 705/193/6591 704/192/6591
f 3601/3123/6592 704/4229/6592 4423/4228/6592
f 3582/3104/6593 4424/4230/6593 3577/3099/6593
f 3577/3099/6594 4424/4230/6594 3567/3089/6594
f 4423/4228/6595 690/4231/6595 3590/3112/6595
f 3590/3112/6596 690/4231/6596 3582/3104/6596
f 690/4231/6597 689/4232/6597 3582/3104/6597
f 3582/3104/6598 689/4232/6598 4424/4230/6598
f 3568/3090/6599 3554/3076/6599 3563/3085/6599
f 704/192/6600 690/178/6600 4423/4233/6600
f 4424/4230/6601 683/4234/6601 3567/3089/6601
f 3567/3089/6602 683/4234/6602 3568/3090/6602
f 3554/3076/6603 4425/4235/6603 3546/3068/6603
f 3546/3068/6604 4425/4235/6604 3539/3061/6604
f 4424/4230/6605 689/4232/6605 683/4234/6605
f 683/4234/6606 4426/4236/6606 3568/3090/6606
f 3568/3090/6607 4426/4236/6607 3554/3076/6607
f 4425/4235/6608 4427/4237/6608 3539/3061/6608
f 3539/3061/6609 4427/4237/6609 3534/3056/6609
f 3554/3076/6610 4426/4236/6610 4425/4235/6610
f 4427/4237/6611 4428/4238/6611 3534/3056/6611
f 3534/3056/6612 4428/4238/6612 3526/3048/6612
f 683/4234/6613 684/4239/6613 4426/4236/6613
f 4426/4236/6614 684/4239/6614 4425/4235/6614
f 4428/4238/6615 4405/4181/6615 3526/3048/6615
f 3526/3048/6616 4405/4181/6616 3150/2672/6616
f 684/4239/6617 688/4240/6617 4425/4235/6617
f 4425/4235/6618 688/4240/6618 4427/4237/6618
f 4405/4181/6619 4404/4180/6619 3150/2672/6619
f 3150/2672/6620 4404/4180/6620 3151/2673/6620
f 4427/4237/6621 688/4240/6621 4428/4238/6621
f 688/4240/6622 679/4182/6622 4428/4238/6622
f 4428/4238/6623 679/4182/6623 4405/4181/6623
f 3151/2673/6624 4403/4241/6624 3153/2675/6624
f 3153/2675/6625 4403/4241/6625 3155/2677/6625
f 1320/4242/6626 1326/4243/6626 4429/4244/6626
f 4429/4244/6627 1326/4243/6627 4430/4245/6627
f 4429/4244/6628 4430/4245/6628 713/201/6628
f 4429/4244/6629 713/201/6629 719/207/6629
f 1322/4246/6630 1320/4242/6630 4431/4247/6630
f 4431/4247/6631 1320/4242/6631 4429/4244/6631
f 4431/4247/6632 4429/4244/6632 719/207/6632
f 4431/4247/6633 719/207/6633 718/206/6633
f 1326/4243/6634 1324/4248/6634 4432/4249/6634
f 1326/4243/6635 4432/4249/6635 4430/4245/6635
f 4430/4245/6636 4432/4249/6636 712/200/6636
f 4430/4245/6637 712/200/6637 713/201/6637
f 1324/4248/6638 1322/4246/6638 4431/4247/6638
f 1324/4248/6639 4431/4247/6639 4432/4249/6639
f 4432/4249/6640 4431/4247/6640 712/200/6640
f 712/200/6641 4431/4247/6641 718/206/6641
f 4433/4250/6642 2633/2155/6642 714/4251/6642
f 4433/4250/6643 714/4251/6643 711/4252/6643
f 3107/2629/6644 4433/4250/6644 4434/4253/6644
f 4434/4253/6645 4433/4250/6645 711/4252/6645
f 3100/2622/6646 3107/2629/6646 4434/4253/6646
f 4434/4253/6647 711/4252/6647 710/4254/6647
f 733/4255/6648 715/4256/6648 4435/4257/6648
f 2629/2151/6649 715/4256/6649 2631/2153/6649
f 3073/2595/6650 3075/2597/6650 4436/4258/6650
f 2596/2118/6651 2938/2460/6651 4437/4259/6651
f 4437/4259/6652 2938/2460/6652 4438/4260/6652
f 4438/4260/6653 2960/2482/6653 4439/4261/6653
f 4439/4261/6654 2960/2482/6654 4440/4262/6654
f 4439/4261/6655 4440/4262/6655 717/4263/6655
f 717/4263/6656 4440/4262/6656 4441/4264/6656
f 2918/2440/6657 2597/2119/6657 4442/4265/6657
f 4442/4265/6658 2597/2119/6658 2596/2118/6658
f 717/4263/6659 4441/4264/6659 726/4266/6659
f 2599/2121/6660 2918/2440/6660 4443/4267/6660
f 4443/4267/6661 2918/2440/6661 4442/4265/6661
f 4442/4265/6662 2596/2118/6662 4444/4268/6662
f 4444/4268/6663 2596/2118/6663 4437/4259/6663
f 4437/4259/6664 4438/4260/6664 716/4269/6664
f 716/4269/6665 4438/4260/6665 4439/4261/6665
f 2600/2122/6666 2599/2121/6666 4445/4270/6666
f 4445/4270/6667 2599/2121/6667 4443/4267/6667
f 4444/4268/6668 4437/4259/6668 716/4269/6668
f 716/4269/6669 4439/4261/6669 717/4263/6669
f 2602/2124/6670 2600/2122/6670 4446/4271/6670
f 4446/4271/6671 2600/2122/6671 4445/4270/6671
f 4443/4267/6672 4442/4265/6672 720/4272/6672
f 720/4272/6673 4442/4265/6673 4444/4268/6673
f 2606/2128/6674 2604/2126/6674 4447/4273/6674
f 4447/4273/6675 2604/2126/6675 2602/2124/6675
f 4445/4270/6676 4443/4267/6676 720/4272/6676
f 720/4272/6677 4444/4268/6677 716/4269/6677
f 4447/4273/6678 2602/2124/6678 4448/4274/6678
f 4448/4274/6679 2602/2124/6679 4446/4271/6679
f 4446/4271/6680 4445/4270/6680 732/4275/6680
f 732/4275/6681 4445/4270/6681 720/4272/6681
f 2610/2132/6682 2608/2130/6682 4449/4276/6682
f 4449/4276/6683 2608/2130/6683 2606/2128/6683
f 4448/4274/6684 4446/4271/6684 732/4275/6684
f 2612/2134/6685 2610/2132/6685 4450/4277/6685
f 4450/4277/6686 2610/2132/6686 4449/4276/6686
f 4449/4276/6687 2606/2128/6687 4451/4278/6687
f 4451/4278/6688 2606/2128/6688 4447/4273/6688
f 4451/4278/6689 4447/4273/6689 731/4279/6689
f 731/4279/6690 4447/4273/6690 4448/4274/6690
f 2861/2383/6691 2870/2392/6691 4452/4280/6691
f 4452/4280/6692 2870/2392/6692 2612/2134/6692
f 731/4279/6693 4448/4274/6693 732/4275/6693
f 2853/2375/6694 2861/2383/6694 4453/4281/6694
f 4453/4281/6695 2861/2383/6695 4452/4280/6695
f 4452/4280/6696 2612/2134/6696 4454/4282/6696
f 4454/4282/6697 2612/2134/6697 4450/4277/6697
f 4450/4277/6698 4449/4276/6698 730/4283/6698
f 730/4283/6699 4449/4276/6699 4451/4278/6699
f 2846/2368/6700 2853/2375/6700 4455/4284/6700
f 4455/4284/6701 2853/2375/6701 4453/4281/6701
f 4454/4282/6702 4450/4277/6702 730/4283/6702
f 730/218/6703 4451/4285/6703 731/219/6703
f 2838/2360/6704 2846/2368/6704 4456/4286/6704
f 4456/4286/6705 2846/2368/6705 4455/4284/6705
f 2829/2351/6706 2838/2360/6706 4457/4287/6706
f 4457/4287/6707 2838/2360/6707 4456/4286/6707
f 4456/4286/6708 4455/4284/6708 4458/4288/6708
f 4458/4288/6709 4455/4284/6709 4453/4281/6709
f 4458/4288/6710 4453/4281/6710 724/4289/6710
f 724/4289/6711 4453/4281/6711 4452/4280/6711
f 724/4289/6712 4452/4280/6712 725/4290/6712
f 725/4290/6713 4452/4280/6713 4454/4282/6713
f 725/4290/6714 4454/4282/6714 730/4283/6714
f 2822/2344/6715 2829/2351/6715 4459/4291/6715
f 4459/4291/6716 2829/2351/6716 4457/4287/6716
f 2814/2336/6717 2822/2344/6717 4460/4292/6717
f 4460/4292/6718 2822/2344/6718 4459/4291/6718
f 4457/4287/6719 4456/4286/6719 723/4293/6719
f 723/4293/6720 4456/4286/6720 4458/4288/6720
f 2806/2328/6721 2814/2336/6721 4461/4294/6721
f 4461/4294/6722 2814/2336/6722 4460/4292/6722
f 4461/4294/6723 4460/4292/6723 4462/4295/6723
f 4462/4295/6724 4460/4292/6724 4459/4291/6724
f 4459/4291/6725 4457/4287/6725 740/4296/6725
f 740/4296/6726 4457/4287/6726 723/4293/6726
f 723/211/6727 4458/4297/6727 724/212/6727
f 2797/2319/6728 2806/2328/6728 4463/4298/6728
f 4463/4298/6729 2806/2328/6729 4461/4294/6729
f 4462/4295/6730 4459/4291/6730 740/4296/6730
f 2614/2136/6731 2797/2319/6731 4464/4299/6731
f 4464/4299/6732 2797/2319/6732 4463/4298/6732
f 2615/2137/6733 2614/2136/6733 4465/4300/6733
f 4465/4300/6734 2614/2136/6734 4464/4299/6734
f 4463/4298/6735 4461/4294/6735 739/4301/6735
f 739/4301/6736 4461/4294/6736 4462/4295/6736
f 2617/2139/6737 2615/2137/6737 4466/4302/6737
f 4466/4302/6738 2615/2137/6738 4465/4300/6738
f 4464/4299/6739 4463/4298/6739 738/4303/6739
f 738/4303/6740 4463/4298/6740 739/4301/6740
f 739/227/6741 4462/4304/6741 740/228/6741
f 4465/4300/6742 4464/4299/6742 744/4305/6742
f 744/4305/6743 4464/4299/6743 738/4303/6743
f 4466/4302/6744 4465/4300/6744 744/4305/6744
f 2621/2143/6745 2619/2141/6745 4467/4306/6745
f 4467/4306/6746 2619/2141/6746 2617/2139/6746
f 2617/2139/6747 4466/4302/6747 737/4307/6747
f 737/4307/6748 4466/4302/6748 744/4305/6748
f 4467/4306/6749 2617/2139/6749 737/4307/6749
f 2627/2149/6750 2625/2147/6750 4435/4257/6750
f 4435/4257/6751 2625/2147/6751 2623/2145/6751
f 2623/2145/6752 2621/2143/6752 736/4308/6752
f 736/4308/6753 2621/2143/6753 4467/4306/6753
f 737/4307/6754 736/4308/6754 4467/4306/6754
f 736/4308/6755 733/4255/6755 2623/2145/6755
f 2623/2145/6756 733/4255/6756 4435/4257/6756
f 4435/4257/6757 715/4256/6757 2627/2149/6757
f 2627/2149/6758 715/4256/6758 2629/2151/6758
f 3107/2629/6759 2635/2157/6759 4433/4250/6759
f 4433/4250/6760 2635/2157/6760 2633/2155/6760
f 2633/2155/6761 2631/2153/6761 714/4251/6761
f 714/4251/6762 2631/2153/6762 715/4256/6762
f 4434/4253/6763 710/4254/6763 3093/2615/6763
f 4434/4253/6764 3093/2615/6764 3100/2622/6764
f 710/4254/6765 729/4309/6765 3084/2606/6765
f 710/4254/6766 3084/2606/6766 3093/2615/6766
f 729/4309/6767 4468/4310/6767 3084/2606/6767
f 3084/2606/6768 4468/4310/6768 3077/2599/6768
f 729/4309/6769 745/4311/6769 4469/4312/6769
f 729/4309/6770 4469/4312/6770 4468/4310/6770
f 4468/4310/6771 4469/4312/6771 2718/2240/6771
f 4468/4310/6772 2718/2240/6772 3077/2599/6772
f 745/4311/6773 4470/4313/6773 4469/4312/6773
f 4469/4312/6774 4470/4313/6774 2719/2241/6774
f 4469/4312/6775 2719/2241/6775 2718/2240/6775
f 4470/4313/6776 4471/4314/6776 3076/2598/6776
f 4470/4313/6777 3076/2598/6777 2719/2241/6777
f 4471/4314/6778 4436/4258/6778 3075/2597/6778
f 4471/4314/6779 3075/2597/6779 3076/2598/6779
f 4436/4258/6780 4471/4314/6780 4472/4315/6780
f 4472/4315/6781 4471/4314/6781 4470/4313/6781
f 4472/4315/6782 4470/4313/6782 745/4311/6782
f 3073/2595/6783 4473/4316/6783 3070/2592/6783
f 3070/2592/6784 4473/4316/6784 3066/2588/6784
f 4436/4258/6785 4474/4317/6785 3073/2595/6785
f 3073/2595/6786 4474/4317/6786 4473/4316/6786
f 4473/4316/6787 4475/4318/6787 3066/2588/6787
f 3066/2588/6788 4475/4318/6788 3064/2586/6788
f 745/4311/6789 743/4319/6789 4472/4315/6789
f 4472/4315/6790 743/4319/6790 4436/4258/6790
f 4436/4258/6791 743/4319/6791 4474/4317/6791
f 4475/4318/6792 4476/4320/6792 3064/2586/6792
f 3064/2586/6793 4476/4320/6793 3060/2582/6793
f 4476/4320/6794 4477/4321/6794 3060/2582/6794
f 3060/2582/6795 4477/4321/6795 3056/2578/6795
f 4474/4317/6796 735/4322/6796 4473/4316/6796
f 4473/4316/6797 735/4322/6797 4475/4318/6797
f 4477/4321/6798 4478/4323/6798 3056/2578/6798
f 3056/2578/6799 4478/4323/6799 3051/2573/6799
f 743/4319/6800 735/4322/6800 4474/4317/6800
f 4475/4318/6801 735/4322/6801 4476/4320/6801
f 4478/4323/6802 4479/4324/6802 3051/2573/6802
f 3051/2573/6803 4479/4324/6803 3047/2569/6803
f 735/4322/6804 734/4325/6804 4476/4320/6804
f 4476/4320/6805 734/4325/6805 4477/4321/6805
f 4477/4321/6806 4480/4326/6806 4478/4323/6806
f 4478/4323/6807 4480/4326/6807 4479/4324/6807
f 4479/4324/6808 4481/4327/6808 3047/2569/6808
f 3047/2569/6809 4481/4327/6809 3041/2563/6809
f 4477/4321/6810 734/4325/6810 4480/4326/6810
f 4481/4327/6811 4482/4328/6811 3041/2563/6811
f 3041/2563/6812 4482/4328/6812 3037/2559/6812
f 4482/4328/6813 4483/4329/6813 3037/2559/6813
f 3037/2559/6814 4483/4329/6814 3028/2550/6814
f 4480/4326/6815 4484/4330/6815 4479/4324/6815
f 4479/4324/6816 4484/4330/6816 4481/4327/6816
f 734/4325/6817 742/4331/6817 4480/4326/6817
f 4480/4326/6818 742/4331/6818 4484/4330/6818
f 4481/4327/6819 4484/4330/6819 4482/4328/6819
f 3028/2550/6820 4485/4332/6820 3024/2546/6820
f 3024/2546/6821 4485/4332/6821 3014/2536/6821
f 4484/4330/6822 741/4333/6822 4482/4328/6822
f 4482/4328/6823 741/4333/6823 4483/4329/6823
f 4483/4329/6824 4486/4334/6824 3028/2550/6824
f 3028/2550/6825 4486/4334/6825 4485/4332/6825
f 4485/4332/6826 4487/4335/6826 3014/2536/6826
f 3014/2536/6827 4487/4335/6827 3009/2531/6827
f 742/4331/6828 741/4333/6828 4484/4330/6828
f 741/4333/6829 728/4336/6829 4483/4329/6829
f 4483/4329/6830 728/4336/6830 4486/4334/6830
f 4487/4335/6831 4488/4337/6831 3009/2531/6831
f 3009/2531/6832 4488/4337/6832 3001/2523/6832
f 4488/4337/6833 4489/4338/6833 3001/2523/6833
f 3001/2523/6834 4489/4338/6834 2995/2517/6834
f 4486/4334/6835 721/4339/6835 4485/4332/6835
f 4485/4332/6836 721/4339/6836 4487/4335/6836
f 728/4336/6837 721/4339/6837 4486/4334/6837
f 4487/4335/6838 721/4339/6838 4488/4337/6838
f 2995/2517/6839 4490/4340/6839 2987/2509/6839
f 2987/2509/6840 4490/4340/6840 2979/2501/6840
f 721/4339/6841 722/4341/6841 4488/4337/6841
f 4488/4337/6842 722/4341/6842 4489/4338/6842
f 4489/4338/6843 4491/4342/6843 2995/2517/6843
f 2995/2517/6844 4491/4342/6844 4490/4340/6844
f 4490/4340/6845 4492/4343/6845 2979/2501/6845
f 2979/2501/6846 4492/4343/6846 2972/2494/6846
f 4489/4338/6847 722/4341/6847 4491/4342/6847
f 4492/4343/6848 4493/4344/6848 2972/2494/6848
f 2972/2494/6849 4493/4344/6849 2967/2489/6849
f 4491/4342/6850 727/4345/6850 4490/4340/6850
f 4490/4340/6851 727/4345/6851 4492/4343/6851
f 2967/2489/6852 4440/4262/6852 2966/2488/6852
f 2966/2488/6853 4440/4262/6853 2960/2482/6853
f 722/4341/6854 727/4345/6854 4491/4342/6854
f 727/4345/6855 726/4266/6855 4492/4343/6855
f 4492/4343/6856 726/4266/6856 4493/4344/6856
f 4493/4344/6857 4441/4264/6857 2967/2489/6857
f 2967/2489/6858 4441/4264/6858 4440/4262/6858
f 4493/4344/6859 726/4266/6859 4441/4264/6859
f 2960/2482/6860 4438/4260/6860 2945/2467/6860
f 2945/2467/6861 4438/4260/6861 2938/2460/6861
f 1328/4346/6862 1334/4347/6862 4494/4348/6862
f 4494/4348/6863 1334/4347/6863 4495/4349/6863
f 4494/4348/6864 4495/4349/6864 752/240/6864
f 4494/4348/6865 752/240/6865 748/236/6865
f 1330/4350/6866 1328/4346/6866 4496/4351/6866
f 4496/4351/6867 1328/4346/6867 4494/4348/6867
f 4496/4351/6868 4494/4348/6868 748/236/6868
f 4496/4351/6869 748/236/6869 756/244/6869
f 4495/4349/6870 1332/4352/6870 4497/4353/6870
f 4495/4349/6871 4497/4353/6871 752/240/6871
f 752/240/6872 4497/4353/6872 749/237/6872
f 1332/4352/6873 4495/4349/6873 1334/4347/6873
f 1330/4350/6874 4496/4351/6874 1332/4352/6874
f 1332/4352/6875 4496/4351/6875 4497/4353/6875
f 4497/4353/6876 4496/4351/6876 756/244/6876
f 4497/4353/6877 756/244/6877 749/237/6877
f 4498/4354/6878 4499/4355/6878 753/241/6878
f 4500/4356/6879 4498/4354/6879 753/241/6879
f 4500/4356/6880 753/241/6880 751/239/6880
f 2077/1599/6881 4500/4357/6881 4501/4358/6881
f 4501/4359/6882 4500/4356/6882 751/239/6882
f 2557/2079/6883 2077/1599/6883 4501/4358/6883
f 4501/4359/6884 751/239/6884 750/238/6884
f 2549/2071/6885 2557/2079/6885 4501/4358/6885
f 2549/2071/6886 4501/4358/6886 750/4360/6886
f 774/4361/6887 771/4362/6887 4502/4363/6887
f 4503/4364/6888 4499/4365/6888 2072/1594/6888
f 2072/1594/6889 4499/4365/6889 2073/1595/6889
f 771/4362/6890 770/4366/6890 4504/4367/6890
f 4499/4365/6891 4498/4368/6891 2073/1595/6891
f 2073/1595/6892 4498/4368/6892 2075/1597/6892
f 2525/2047/6893 2047/1569/6893 4505/4369/6893
f 2380/1902/6894 2387/1909/6894 4506/4370/6894
f 4506/4370/6895 2387/1909/6895 4507/4371/6895
f 4508/4372/6896 4509/4373/6896 763/4374/6896
f 763/4374/6897 4509/4373/6897 4510/4375/6897
f 763/4374/6898 4510/4375/6898 764/4376/6898
f 2372/1894/6899 2380/1902/6899 4511/4377/6899
f 4511/4377/6900 2380/1902/6900 4506/4370/6900
f 4512/4378/6901 4508/4372/6901 755/4379/6901
f 755/4379/6902 4508/4372/6902 763/4374/6902
f 2049/1571/6903 2372/1894/6903 4513/4380/6903
f 4513/4380/6904 2372/1894/6904 4511/4377/6904
f 4507/4371/5275 4512/4378/5275 754/4381/5275
f 754/4381/6905 4512/4378/6905 755/4379/6905
f 2050/1572/6906 2049/1571/6906 4514/4382/6906
f 4514/4382/6907 2049/1571/6907 4513/4380/6907
f 4511/4377/6908 4506/4370/6908 758/4383/6908
f 758/4383/6909 4506/4370/6909 4507/4371/6909
f 758/4383/6910 4507/4371/6910 754/4381/6910
f 2052/1574/6911 2050/1572/6911 4515/4384/6911
f 4515/4384/6912 2050/1572/6912 4514/4382/6912
f 4513/4380/6913 4511/4377/6913 758/4383/6913
f 2054/1576/6914 2052/1574/6914 4516/4385/6914
f 4516/4385/6915 2052/1574/6915 4515/4384/6915
f 4514/4382/6916 4513/4380/6916 757/4386/6916
f 757/4386/6917 4513/4380/6917 758/4383/6917
f 2056/1578/6918 2054/1576/6918 4517/4387/6918
f 4517/4387/6919 2054/1576/6919 4516/4385/6919
f 4515/4384/6920 4514/4382/6920 757/4386/6920
f 2058/1580/6921 2056/1578/6921 4518/4388/6921
f 4518/4388/6922 2056/1578/6922 4517/4387/6922
f 4516/4385/6923 4515/4384/6923 769/4389/6923
f 769/4389/6924 4515/4384/6924 757/4386/6924
f 4517/4387/6925 4516/4385/6925 769/4389/6925
f 2062/1584/6926 2060/1582/6926 4519/4390/6926
f 4519/4390/6927 2060/1582/6927 2058/1580/6927
f 4518/4388/6928 4517/4387/6928 768/4391/6928
f 768/4391/6929 4517/4387/6929 769/4389/6929
f 2064/1586/6930 2062/1584/6930 4520/4392/6930
f 4520/4392/6931 2062/1584/6931 4519/4390/6931
f 4519/4390/6932 2058/1580/6932 4521/4393/6932
f 4521/4393/6933 2058/1580/6933 4518/4388/6933
f 4521/4393/6934 4518/4388/6934 768/4391/6934
f 2318/1840/6935 2064/1586/6935 4522/4394/6935
f 4522/4394/6936 2064/1586/6936 4520/4392/6936
f 4520/4392/6937 4519/4390/6937 767/4395/6937
f 767/4395/6938 4519/4390/6938 4521/4393/6938
f 2301/1823/6939 2308/1830/6939 4523/4396/6939
f 4523/4396/6940 2308/1830/6940 2318/1840/6940
f 4522/4394/6941 4520/4392/6941 762/4397/6941
f 762/4397/6942 4520/4392/6942 767/4395/6942
f 767/4395/6943 4521/4393/6943 768/4391/6943
f 2293/1815/6944 2301/1823/6944 4524/4398/6944
f 4524/4398/6945 2301/1823/6945 4523/4396/6945
f 4523/4396/6946 2318/1840/6946 4525/4399/6946
f 4525/4399/6947 2318/1840/6947 4522/4394/6947
f 4525/4399/6948 4522/4394/6948 762/4397/6948
f 2285/1807/6949 2293/1815/6949 4526/4400/6949
f 4526/4400/6950 2293/1815/6950 4524/4398/6950
f 2277/1799/6951 2285/1807/6951 4527/4401/6951
f 4527/4401/6952 2285/1807/6952 4526/4400/6952
f 4524/4398/6953 4523/4396/6953 761/4402/6953
f 761/4402/6954 4523/4396/6954 4525/4399/6954
f 2270/1792/6955 2277/1799/6955 4528/4403/6955
f 4528/4403/6956 2277/1799/6956 4527/4401/6956
f 4527/4401/6957 4526/4400/6957 4529/4404/6957
f 4529/4404/6958 4526/4400/6958 4524/4398/6958
f 4529/4404/6959 4524/4398/6959 747/4405/6959
f 747/4405/6960 4524/4398/6960 761/4402/6960
f 761/4402/6961 4525/4399/6961 762/4397/6961
f 2262/1784/6962 2270/1792/6962 4530/4406/6962
f 4530/4406/6963 2270/1792/6963 4528/4403/6963
f 2254/1776/6964 2262/1784/6964 4531/4407/6964
f 4531/4407/6965 2262/1784/6965 4530/4406/6965
f 4528/4403/6966 4527/4401/6966 746/4408/6966
f 746/4408/6967 4527/4401/6967 4529/4404/6967
f 2247/1769/6968 2254/1776/6968 4532/4409/6968
f 4532/4409/6969 2254/1776/6969 4531/4407/6969
f 4530/4406/6970 4528/4403/6970 746/4408/6970
f 746/4408/6971 4529/4404/6971 747/4405/6971
f 2238/1760/6972 2247/1769/6972 4533/4410/6972
f 4533/4410/6973 2247/1769/6973 4532/4409/6973
f 4531/4407/6974 4530/4406/6974 773/4411/6974
f 773/4411/6975 4530/4406/6975 746/4408/6975
f 2230/1752/6976 2238/1760/6976 4534/4412/6976
f 4534/4412/6977 2238/1760/6977 4533/4410/6977
f 4533/4410/6978 4532/4409/6978 4535/4413/6978
f 4535/4413/6979 4532/4409/6979 4531/4407/6979
f 4535/4413/6980 4531/4407/6980 773/4411/6980
f 2221/1743/6981 2230/1752/6981 4536/4414/6981
f 4536/4414/6982 2230/1752/6982 4534/4412/6982
f 2066/1588/6983 2221/1743/6983 4537/4415/6983
f 4537/4415/6984 2221/1743/6984 4536/4414/6984
f 2067/1589/6985 2066/1588/6985 4538/4416/6985
f 4538/4416/6986 2066/1588/6986 4537/4415/6986
f 4534/4412/6987 4533/4410/6987 772/4417/6987
f 772/4417/6988 4533/4410/6988 4535/4413/6988
f 772/4417/6989 4535/4413/6989 773/4411/6989
f 2069/1591/6990 2067/1589/6990 4539/4418/6990
f 4539/4418/6991 2067/1589/6991 4538/4416/6991
f 4536/4414/6992 4534/4412/6992 780/4419/6992
f 780/4419/6993 4534/4412/6993 772/4417/6993
f 2070/1592/6994 2069/1591/6994 4540/4420/6994
f 4540/4420/6995 2069/1591/6995 4539/4418/6995
f 4539/4418/6996 4538/4416/6996 4502/4363/6996
f 4502/4363/6997 4538/4416/6997 4537/4415/6997
f 4537/4415/6998 4536/4414/6998 774/4361/6998
f 774/4361/6999 4536/4414/6999 780/4419/6999
f 4502/4363/7000 4537/4415/7000 774/4361/7000
f 2070/1592/7001 4540/4420/7001 4504/4367/7001
f 4504/4367/7002 4540/4420/7002 4539/4418/7002
f 4502/4363/7003 771/4362/7003 4539/4418/7003
f 4539/4418/7004 771/4362/7004 4504/4367/7004
f 4504/4367/7005 770/4366/7005 2070/1592/7005
f 2070/1592/7006 770/4366/7006 4503/4364/7006
f 2070/1592/7007 4503/4364/7007 2187/1709/7007
f 2187/1709/7008 4503/4364/7008 2072/1594/7008
f 2077/1599/7009 2075/1597/7009 4500/4357/7009
f 4500/4357/7010 2075/1597/7010 4498/4368/7010
f 4499/4365/7011 4503/4364/7011 753/4421/7011
f 753/4421/7012 4503/4364/7012 770/4366/7012
f 750/4360/7013 2542/2064/7013 2549/2071/7013
f 750/4360/7014 4541/4422/7014 2542/2064/7014
f 2542/2064/7015 4541/4422/7015 2534/2056/7015
f 4541/4422/7016 766/4423/7016 4542/4424/7016
f 4541/4422/7017 4542/4424/7017 2534/2056/7017
f 2534/2056/7018 4542/4424/7018 2528/2050/7018
f 766/4423/7019 4543/4425/7019 4542/4424/7019
f 4542/4424/7020 4543/4425/7020 2158/1680/7020
f 4542/4424/7021 2158/1680/7021 2528/2050/7021
f 4543/4425/7022 4544/4426/7022 2526/2048/7022
f 4543/4425/7023 2526/2048/7023 2158/1680/7023
f 4544/4426/7024 4545/4427/7024 2046/1568/7024
f 4544/4426/7025 2046/1568/7025 2526/2048/7025
f 4545/4427/7026 4505/4369/7026 2047/1569/7026
f 4545/4427/7027 2047/1569/7027 2046/1568/7027
f 2523/2045/7028 2525/2047/7028 4546/4428/7028
f 4546/4428/7029 2525/2047/7029 4505/4369/7029
f 4544/4426/7030 4543/4425/7030 766/4423/7030
f 766/254/7031 4541/4429/7031 750/238/7031
f 766/4423/7032 782/4430/7032 4544/4426/7032
f 4544/4426/7033 782/4430/7033 4545/4427/7033
f 4546/4428/7034 4547/4431/7034 2523/2045/7034
f 2523/2045/7035 4547/4431/7035 2521/2043/7035
f 782/4430/7036 779/4432/7036 4545/4427/7036
f 4545/4427/7037 779/4432/7037 4505/4369/7037
f 4505/4369/7038 4548/4433/7038 4546/4428/7038
f 4546/4428/7039 4548/4433/7039 4547/4431/7039
f 4547/4431/7040 4549/4434/7040 2521/2043/7040
f 2521/2043/7041 4549/4434/7041 2517/2039/7041
f 4505/4369/7042 779/4432/7042 4548/4433/7042
f 4549/4434/7043 4550/4435/7043 2517/2039/7043
f 2517/2039/7044 4550/4435/7044 2513/2035/7044
f 4550/4435/7045 4551/4436/7045 2513/2035/7045
f 2513/2035/7046 4551/4436/7046 2509/2031/7046
f 4548/4433/7047 778/4437/7047 4547/4431/7047
f 4547/4431/7048 778/4437/7048 4549/4434/7048
f 4551/4436/7049 4552/4438/7049 2509/2031/7049
f 2509/2031/7050 4552/4438/7050 2504/2026/7050
f 779/4432/7051 778/4437/7051 4548/4433/7051
f 778/4437/7052 777/4439/7052 4549/4434/7052
f 4549/4434/7053 777/4439/7053 4550/4435/7053
f 4552/4438/7054 4553/4440/7054 2504/2026/7054
f 2504/2026/7055 4553/4440/7055 2501/2023/7055
f 777/4439/7056 781/4441/7056 4550/4435/7056
f 4550/4435/7057 781/4441/7057 4551/4436/7057
f 4553/4440/7058 4554/4442/7058 2501/2023/7058
f 2501/2023/7059 4554/4442/7059 2495/2017/7059
f 4551/4436/7060 781/4441/7060 4552/4438/7060
f 4554/4442/7061 4555/4443/7061 2495/2017/7061
f 2495/2017/7062 4555/4443/7062 2489/2011/7062
f 781/4441/7063 776/4444/7063 4552/4438/7063
f 4552/4438/7064 776/4444/7064 4553/4440/7064
f 4553/4440/7065 4556/4445/7065 4554/4442/7065
f 4554/4442/7066 4556/4445/7066 4555/4443/7066
f 4555/4443/7067 4557/4446/7067 2489/2011/7067
f 2489/2011/7068 4557/4446/7068 2483/2005/7068
f 4553/4440/7069 776/4444/7069 4556/4445/7069
f 4557/4446/7070 4558/4447/7070 2483/2005/7070
f 2483/2005/7071 4558/4447/7071 2476/1998/7071
f 4558/4447/7072 4559/4448/7072 2476/1998/7072
f 2476/1998/7073 4559/4448/7073 2465/1987/7073
f 4556/4445/7074 4560/4449/7074 4555/4443/7074
f 4555/4443/7075 4560/4449/7075 4557/4446/7075
f 4559/4448/7076 4561/4450/7076 2465/1987/7076
f 2465/1987/7077 4561/4450/7077 2461/1983/7077
f 776/4444/7078 775/4451/7078 4556/4445/7078
f 4556/4445/7079 775/4451/7079 4560/4449/7079
f 4557/4446/7080 4560/4449/7080 4558/4447/7080
f 4560/4449/7081 765/4452/7081 4558/4447/7081
f 4558/4447/7082 765/4452/7082 4559/4448/7082
f 2461/1983/7083 4562/4453/7083 2454/1976/7083
f 2454/1976/7084 4562/4453/7084 2447/1969/7084
f 775/4451/7085 765/4452/7085 4560/4449/7085
f 765/4452/7086 759/4454/7086 4559/4448/7086
f 4559/4448/7087 759/4454/7087 4561/4450/7087
f 4561/4450/7088 4563/4455/7088 2461/1983/7088
f 2461/1983/7089 4563/4455/7089 4562/4453/7089
f 4562/4453/7090 4564/4456/7090 2447/1969/7090
f 2447/1969/7091 4564/4456/7091 2442/1964/7091
f 4561/4450/7092 759/4454/7092 4563/4455/7092
f 4564/4456/7093 4565/4457/7093 2442/1964/7093
f 2442/1964/7094 4565/4457/7094 2433/1955/7094
f 4562/4453/7095 4566/4458/7095 4564/4456/7095
f 4564/4456/7096 4566/4458/7096 4565/4457/7096
f 4565/4457/7097 4567/4459/7097 2433/1955/7097
f 2433/1955/7098 4567/4459/7098 2427/1949/7098
f 4563/4455/7099 760/4460/7099 4562/4453/7099
f 4562/4453/7100 760/4460/7100 4566/4458/7100
f 4567/4459/7101 4568/4461/7101 2427/1949/7101
f 2427/1949/7102 4568/4461/7102 2419/1941/7102
f 759/4454/7103 760/4460/7103 4563/4455/7103
f 4568/4461/7104 4509/4373/7104 2419/1941/7104
f 2419/1941/7105 4509/4373/7105 2418/1940/7105
f 4566/4458/7106 764/4376/7106 4565/4457/7106
f 4565/4457/7107 764/4376/7107 4567/4459/7107
f 4567/4459/7108 4510/4375/7108 4568/4461/7108
f 4568/4461/7109 4510/4375/7109 4509/4373/7109
f 4509/4373/7110 4508/4372/7110 2418/1940/7110
f 2418/1940/7111 4508/4372/7111 2411/1933/7111
f 760/4460/7112 764/4376/7112 4566/4458/7112
f 4567/4459/7113 764/4376/7113 4510/4375/7113
f 4508/4372/7114 4512/4378/7114 2411/1933/7114
f 2411/1933/7115 4512/4378/7115 2396/1918/7115
f 4512/4378/7116 4507/4371/7116 2396/1918/7116
f 2396/1918/7117 4507/4371/7117 2387/1909/7117
f 1304/4462/7118 1310/4463/7118 4569/4464/7118
f 1304/4462/7119 4569/4464/7119 4570/4465/7119
f 4570/4465/7120 4569/4464/7120 785/273/7120
f 785/273/7121 4569/4464/7121 790/278/7121
f 1306/4466/7122 1304/4462/7122 4571/4467/7122
f 4571/4467/7123 1304/4462/7123 4570/4465/7123
f 4571/4467/7124 4570/4465/7124 785/273/7124
f 4571/4467/7125 785/273/7125 795/283/7125
f 1310/4463/7126 1308/4468/7126 4572/4469/7126
f 1310/4463/7127 4572/4469/7127 4569/4464/7127
f 4569/4464/7128 4572/4469/7128 788/276/7128
f 4569/4464/7129 788/276/7129 790/278/7129
f 1308/4468/7130 1306/4466/7130 4571/4467/7130
f 1308/4468/7131 4571/4467/7131 4572/4469/7131
f 4572/4469/7132 4571/4467/7132 795/283/7132
f 4572/4469/7133 795/283/7133 788/276/7133
f 791/279/7134 4573/4470/7134 792/280/7134
f 1409/897/7135 4573/4471/7135 791/4472/7135
f 4574/4473/7136 1409/897/7136 791/4472/7136
f 4574/4474/7137 791/279/7137 789/277/7137
f 1413/901/7138 4574/4473/7138 789/4475/7138
f 1864/1352/7139 1413/901/7139 789/4475/7139
f 1864/1352/7140 789/4475/7140 787/4476/7140
f 1857/1345/7141 1864/1352/7141 787/4476/7141
f 1857/1345/7142 787/4476/7142 4575/4477/7142
f 4575/4477/7143 787/4476/7143 786/4478/7143
f 817/305/7144 812/300/7144 4576/4479/7144
f 4576/4480/7145 812/4481/7145 4577/4482/7145
f 4577/4482/7146 812/4481/7146 4578/4483/7146
f 4578/4483/7147 811/4484/7147 1403/891/7147
f 1403/891/7148 811/4484/7148 1405/893/7148
f 812/4481/7149 811/4484/7149 4578/4483/7149
f 1348/836/7150 1346/834/7150 4579/4485/7150
f 4579/4485/7151 1342/830/7151 794/4486/7151
f 794/4486/7152 1342/830/7152 802/4487/7152
f 802/4487/7153 4580/4488/7153 803/4489/7153
f 1350/838/7154 1348/836/7154 4581/4490/7154
f 4581/4490/7155 1348/836/7155 4579/4485/7155
f 793/4491/7156 4579/4485/7156 794/4486/7156
f 4581/4490/7157 4579/4485/7157 793/4491/7157
f 1354/842/7158 1352/840/7158 4582/4492/7158
f 4582/4492/7159 1352/840/7159 1350/838/7159
f 1356/844/7160 1354/842/7160 4583/4493/7160
f 4583/4493/7161 1354/842/7161 4582/4492/7161
f 4582/4492/7162 1350/838/7162 4581/4490/7162
f 1358/846/7163 1356/844/7163 4583/4493/7163
f 4582/4492/7164 4581/4490/7164 797/4494/7164
f 797/4494/7165 4581/4490/7165 793/4491/7165
f 796/4495/7166 4583/4493/7166 4582/4492/7166
f 1362/850/7167 1360/848/7167 4584/4496/7167
f 4584/4496/7168 1360/848/7168 1358/846/7168
f 1358/846/7169 4583/4493/7169 810/4497/7169
f 810/4497/7170 4583/4493/7170 796/4495/7170
f 796/4495/7171 4582/4492/7171 797/4494/7171
f 4584/4496/7172 1358/846/7172 810/4497/7172
f 1366/854/7173 1364/852/7173 4585/4498/7173
f 4585/4498/7174 1364/852/7174 1362/850/7174
f 4585/4498/7175 1362/850/7175 4584/4496/7175
f 4585/4498/7176 4584/4496/7176 809/4499/7176
f 809/4499/7177 4584/4496/7177 810/4497/7177
f 1368/856/7178 1366/854/7178 808/4500/7178
f 808/4500/7179 1366/854/7179 4585/4498/7179
f 1374/862/7180 1372/860/7180 4586/4501/7180
f 4586/4501/7181 1372/860/7181 1370/858/7181
f 1370/858/7182 1368/856/7182 801/4502/7182
f 801/4502/7183 1368/856/7183 808/4500/7183
f 808/4500/7184 4585/4498/7184 809/4499/7184
f 4586/4501/7185 1370/858/7185 801/4502/7185
f 1380/868/7186 1378/866/7186 4587/4503/7186
f 4587/4503/7187 1378/866/7187 1376/864/7187
f 1376/864/7188 1374/862/7188 800/4504/7188
f 800/4504/7189 1374/862/7189 4586/4501/7189
f 1382/870/7190 1380/868/7190 783/4505/7190
f 783/4505/7191 1380/868/7191 4587/4503/7191
f 4587/4503/7192 1376/864/7192 784/4506/7192
f 784/4506/7193 1376/864/7193 800/4504/7193
f 800/4504/7194 4586/4501/7194 801/4502/7194
f 1384/872/7195 1382/870/7195 819/4507/7195
f 819/4507/7196 1382/870/7196 783/4505/7196
f 783/4505/7197 4587/4503/7197 784/4506/7197
f 1385/873/7198 1384/872/7198 814/4508/7198
f 814/4508/7199 1384/872/7199 819/4507/7199
f 1387/875/7200 1385/873/7200 814/4508/7200
f 1393/881/7201 1391/879/7201 4588/4509/7201
f 4588/4509/7202 1391/879/7202 1389/877/7202
f 1389/877/7203 1387/875/7203 813/4510/7203
f 813/4510/7204 1387/875/7204 814/4508/7204
f 4588/4509/7205 1389/877/7205 813/4510/7205
f 1401/889/7206 1399/887/7206 4577/4482/7206
f 4577/4482/7207 1399/887/7207 1397/885/7207
f 4577/4482/7208 1397/885/7208 4576/4480/7208
f 4576/4480/7209 1397/885/7209 1395/883/7209
f 4576/4480/7210 1395/883/7210 817/4511/7210
f 817/4511/7211 1395/883/7211 1393/881/7211
f 817/305/7212 1393/4512/7212 818/306/7212
f 818/306/7213 1393/4512/7213 4588/4513/7213
f 818/306/7214 4588/4513/7214 813/301/7214
f 1403/891/7215 1401/889/7215 4578/4483/7215
f 4578/4483/7216 1401/889/7216 4577/4482/7216
f 811/4484/7217 792/4514/7217 1405/893/7217
f 1405/893/7218 792/4514/7218 4573/4471/7218
f 1405/893/7219 4573/4471/7219 1407/895/7219
f 1407/895/7220 4573/4471/7220 1409/897/7220
f 1413/901/7221 1411/899/7221 4574/4473/7221
f 4574/4473/7222 1411/899/7222 1409/897/7222
f 4575/4477/7223 1335/823/7223 1857/1345/7223
f 786/4478/7224 807/4515/7224 4575/4477/7224
f 4575/4477/7225 807/4515/7225 1336/824/7225
f 4575/4477/7226 1336/824/7226 1335/823/7226
f 807/4515/7227 4589/4516/7227 1836/1324/7227
f 807/4515/7228 1836/1324/7228 1336/824/7228
f 4589/4516/7229 1843/1331/7229 1836/1324/7229
f 4589/4516/7230 1844/1332/7230 1843/1331/7230
f 1843/1331/7231 1844/1332/7231 1496/984/7231
f 1844/1332/7232 1834/1322/7232 1497/985/7232
f 1834/1322/7233 1844/1332/7233 824/4517/7233
f 824/4517/7234 1844/1332/7234 4589/4516/7234
f 806/4518/7235 4589/4516/7235 807/4515/7235
f 1829/1317/7236 1828/1316/7236 1833/1321/7236
f 4589/4516/7237 806/4518/7237 824/4517/7237
f 824/4517/7238 4590/4519/7238 1834/1322/7238
f 1834/1322/7239 4590/4519/7239 1832/1320/7239
f 1832/1320/7240 4590/4519/7240 1833/1321/7240
f 4590/4519/7241 823/4520/7241 1833/1321/7241
f 1833/1321/7242 823/4520/7242 1829/1317/7242
f 824/4517/7243 823/4520/7243 4590/4519/7243
f 823/4520/7244 816/4521/7244 1829/1317/7244
f 1829/1317/7245 816/4521/7245 1338/826/7245
f 1338/826/7246 4591/4522/7246 1339/827/7246
f 1339/827/7247 4591/4522/7247 1819/1307/7247
f 816/4521/7248 815/4523/7248 1338/826/7248
f 1338/826/7249 815/4523/7249 4591/4522/7249
f 4591/4522/7250 4592/4524/7250 1819/1307/7250
f 1819/1307/7251 4592/4524/7251 1815/1303/7251
f 4591/4522/7252 815/4523/7252 4592/4524/7252
f 1815/1303/7253 4593/4525/7253 1811/1299/7253
f 1811/1299/7254 4593/4525/7254 1807/1295/7254
f 4592/4526/7255 822/310/7255 1815/4527/7255
f 1815/4527/7256 822/310/7256 4593/4528/7256
f 4593/4525/7257 821/4529/7257 1807/1295/7257
f 1807/1295/7258 821/4529/7258 1798/1286/7258
f 815/303/7259 822/310/7259 4592/4526/7259
f 1798/1286/7260 4594/4530/7260 1794/1282/7260
f 1794/1282/7261 4594/4530/7261 1785/1273/7261
f 821/4529/7262 820/4531/7262 1798/1286/7262
f 1798/1286/7263 820/4531/7263 4594/4530/7263
f 4594/4530/7264 4595/4532/7264 1785/1273/7264
f 1785/1273/7265 4595/4532/7265 1778/1266/7265
f 822/310/7266 821/309/7266 4593/4528/7266
f 4595/4532/7267 804/4533/7267 1778/1266/7267
f 1778/1266/7268 804/4533/7268 4596/4534/7268
f 1778/1266/7269 4596/4534/7269 1768/1256/7269
f 1768/1256/7270 4596/4534/7270 1761/1249/7270
f 820/308/7271 805/293/7271 4594/4535/7271
f 4594/4535/7272 805/293/7272 4595/4536/7272
f 4595/4536/7273 805/293/7273 804/292/7273
f 4596/4534/7274 798/4537/7274 1761/1249/7274
f 1761/1249/7275 798/4537/7275 1753/1241/7275
f 1741/1229/7276 1732/1220/7276 1731/1219/7276
f 1753/1241/7277 798/4537/7277 1747/1235/7277
f 804/292/7278 798/286/7278 4596/4538/7278
f 798/4537/7279 799/4539/7279 1747/1235/7279
f 1747/1235/7280 799/4539/7280 1741/1229/7280
f 799/4539/7281 803/4489/7281 1741/1229/7281
f 1741/1229/7282 803/4489/7282 1732/1220/7282
f 1732/1220/7283 4580/4488/7283 1725/1213/7283
f 1725/1213/7284 4580/4488/7284 1341/829/7284
f 1732/1220/7285 803/4489/7285 4580/4488/7285
f 4580/4488/7286 802/4487/7286 1341/829/7286
f 1341/829/7287 802/4487/7287 1342/830/7287
f 1342/830/7288 4579/4485/7288 1344/832/7288
f 1344/832/7289 4579/4485/7289 1346/834/7289
f 852/340/7290 952/440/7290 4597/4540/7290
f 4597/4540/7291 952/440/7291 4598/4541/7291
f 4597/4540/7292 4598/4541/7292 4125/4542/7292
f 4125/4542/7293 4598/4541/7293 4599/4543/7293
f 4125/4542/7294 4599/4543/7294 4600/4544/7294
f 4125/4542/7295 4600/4544/7295 4128/4545/7295
f 4598/4541/7296 4601/4546/7296 4599/4543/7296
f 962/450/7297 852/340/7297 4602/4547/7297
f 4602/4547/7298 852/340/7298 4597/4540/7298
f 4602/4547/7299 4597/4540/7299 4127/4548/7299
f 4127/4548/7300 4597/4540/7300 4125/4542/7300
f 952/440/7301 4603/4549/7301 4598/4541/7301
f 4598/4541/7302 4603/4549/7302 4601/4546/7302
f 4601/4546/7303 4603/4549/7303 4599/4550/7303
f 4601/4551/7304 4599/4552/7304 4600/4553/7304
f 4130/4554/7305 4128/4545/7305 4600/4544/7305
f 4130/4554/7306 4600/4544/7306 4599/4550/7306
f 4130/4554/7307 4599/4550/7307 4603/4549/7307
f 4130/4554/7308 4603/4549/7308 4604/4555/7308
f 4604/4555/7309 4603/4549/7309 1183/671/7309
f 1183/671/7310 4603/4549/7310 952/440/7310
f 1183/671/7311 1063/551/7311 962/450/7311
f 1183/671/7312 962/450/7312 4604/4555/7312
f 4604/4555/7313 962/450/7313 4602/4547/7313
f 4604/4555/7314 4602/4547/7314 4130/4554/7314
f 4130/4554/7315 4602/4547/7315 4127/4548/7315
f 1266/754/7316 1219/707/7316 4605/4556/7316
f 4139/3762/7317 4141/3764/7317 4606/4557/7317
f 4606/4557/7318 4141/3764/7318 4607/4558/7318
f 4607/4558/7319 4141/3764/7319 4608/4559/7319
f 4608/4559/7320 4141/3764/7320 4609/4560/7320
f 4608/4559/7321 4609/4560/7321 4610/4561/7321
f 4610/4561/7322 4609/4560/7322 1140/628/7322
f 1140/628/7323 4609/4560/7323 4605/4556/7323
f 1140/628/7324 4605/4556/7324 1150/638/7324
f 1150/638/7325 4605/4556/7325 1219/707/7325
f 1266/754/7326 4605/4556/7326 1210/698/7326
f 4608/4559/7327 4611/4562/7327 4607/4558/7327
f 4607/4563/7328 4611/4564/7328 4606/4565/7328
f 4611/4562/7329 4608/4559/7329 4610/4561/7329
f 991/479/7330 1210/698/7330 4605/4556/7330
f 4141/3764/7331 4143/3766/7331 4609/4560/7331
f 4609/4560/7332 4143/3766/7332 4612/4566/7332
f 4609/4560/7333 4612/4566/7333 4605/4556/7333
f 4605/4556/7334 4612/4566/7334 4613/4567/7334
f 4605/4556/7335 4613/4567/7335 991/479/7335
f 4611/4562/7336 4610/4561/7336 4607/4568/7336
f 4137/3760/7337 4139/3762/7337 4606/4557/7337
f 4137/3760/7338 4606/4557/7338 4614/4569/7338
f 4614/4569/7339 4606/4557/7339 4607/4568/7339
f 4614/4569/7340 4607/4568/7340 4615/4570/7340
f 4615/4570/7341 4607/4568/7341 4610/4561/7341
f 4615/4570/7342 4610/4561/7342 899/387/7342
f 899/387/7343 4610/4561/7343 1140/628/7343
f 899/387/7344 1140/628/7344 900/388/7344
f 900/388/7345 1140/628/7345 992/480/7345
f 4143/3766/7346 4137/3760/7346 4614/4569/7346
f 4143/3766/7347 4614/4569/7347 4612/4566/7347
f 4612/4566/7348 4614/4569/7348 4615/4570/7348
f 4612/4566/7349 4615/4570/7349 4613/4567/7349
f 4613/4567/7350 4615/4570/7350 899/387/7350
f 4613/4567/7351 899/387/7351 991/479/7351
f 991/479/7352 899/387/7352 901/389/7352
f 1223/711/7353 1236/724/7353 4616/4571/7353
f 1315/803/7354 1317/805/7354 4617/4572/7354
f 1315/803/7355 4617/4572/7355 4618/4573/7355
f 4618/4573/7356 4617/4572/7356 4619/4574/7356
f 4618/4573/7357 4619/4574/7357 4620/4575/7357
f 4620/4575/7358 4619/4574/7358 4616/4571/7358
f 4620/4575/7359 4616/4571/7359 1264/752/7359
f 1264/752/7360 4616/4571/7360 1236/724/7360
f 1223/711/7361 4616/4571/7361 1201/689/7361
f 1317/805/7362 1311/799/7362 4617/4572/7362
f 4617/4572/7363 1311/799/7363 4621/4576/7363
f 4617/4572/7364 4621/4576/7364 4619/4574/7364
f 4619/4574/7365 4621/4576/7365 4616/4571/7365
f 4616/4571/7366 4621/4576/7366 1066/554/7366
f 4616/4571/7367 1066/554/7367 1201/689/7367
f 1201/689/7368 1066/554/7368 1065/553/7368
f 1313/801/7369 1315/803/7369 4622/4577/7369
f 4622/4577/7370 1315/803/7370 4618/4573/7370
f 4622/4577/7371 4618/4573/7371 4623/4578/7371
f 4623/4578/7372 4618/4573/7372 4620/4575/7372
f 4623/4578/7373 4620/4575/7373 4624/4579/7373
f 4624/4579/7374 4620/4575/7374 1264/752/7374
f 4624/4579/7375 1264/752/7375 1202/690/7375
f 4624/4579/7376 1202/690/7376 981/469/7376
f 1311/799/7377 1313/801/7377 4622/4577/7377
f 1311/799/7378 4622/4577/7378 4621/4576/7378
f 4621/4576/7379 4622/4577/7379 4623/4578/7379
f 4621/4576/7380 4623/4578/7380 4624/4579/7380
f 4621/4576/7381 4624/4579/7381 1066/554/7381
f 1066/554/7382 4624/4579/7382 981/469/7382
f 1066/554/7383 981/469/7383 980/468/7383
f 1022/510/7384 1003/491/7384 4625/4580/7384
f 1323/811/7385 1325/813/7385 4626/4581/7385
f 1323/811/7386 4626/4581/7386 4627/4582/7386
f 4627/4582/7387 4626/4581/7387 4628/4583/7387
f 4627/4582/7388 4628/4583/7388 4625/4580/7388
f 4627/4582/7389 4625/4580/7389 1143/631/7389
f 1143/631/7390 4625/4580/7390 1003/491/7390
f 1143/631/7391 1003/491/7391 1002/490/7391
f 1325/813/7392 1319/807/7392 4626/4581/7392
f 4626/4581/7393 1319/807/7393 4629/4584/7393
f 4626/4581/7394 4629/4584/7394 4628/4583/7394
f 4628/4583/7395 4629/4584/7395 4630/4585/7395
f 4628/4583/7396 4630/4585/7396 4625/4580/7396
f 4625/4580/7397 4630/4585/7397 4631/4586/7397
f 4625/4580/7398 4631/4586/7398 1022/510/7398
f 1022/510/7399 4631/4586/7399 1192/680/7399
f 4629/4584/7400 4632/4587/7400 4630/4585/7400
f 4629/4584/7401 1319/807/7401 4632/4588/7401
f 1321/809/7402 1323/811/7402 4633/4589/7402
f 4633/4589/7403 1323/811/7403 4627/4582/7403
f 4633/4589/7404 4627/4582/7404 4634/4590/7404
f 4634/4590/7405 4627/4582/7405 4635/4591/7405
f 4635/4591/7406 4627/4582/7406 1143/631/7406
f 4635/4591/7407 1143/631/7407 1211/699/7407
f 4636/4592/7408 4632/4588/7408 1319/807/7408
f 4630/4585/7409 4632/4587/7409 4636/4592/7409
f 4636/4593/7410 4629/4594/7410 4632/4595/7410
f 1192/680/7411 4631/4586/7411 1220/708/7411
f 1319/807/7412 1321/809/7412 4633/4589/7412
f 1319/807/7413 4633/4589/7413 4636/4592/7413
f 4636/4592/7414 4633/4589/7414 4630/4585/7414
f 4630/4585/7415 4633/4589/7415 4634/4590/7415
f 4630/4585/7416 4634/4590/7416 4631/4586/7416
f 4631/4586/7417 4634/4590/7417 4635/4591/7417
f 4631/4586/7418 4635/4591/7418 1220/708/7418
f 1220/708/7419 4635/4591/7419 1262/750/7419
f 1211/699/7420 1262/750/7420 4635/4591/7420
f 4637/4596/7421 4638/4597/7421 4639/4598/7421
f 4637/4596/7422 1329/817/7422 4638/4597/7422
f 1327/815/7423 1329/817/7423 4640/4599/7423
f 4640/4599/7424 1329/817/7424 4637/4596/7424
f 4640/4599/7425 4637/4596/7425 4641/4600/7425
f 4641/4600/7426 4637/4596/7426 4639/4598/7426
f 4641/4600/7427 4639/4598/7427 1019/507/7427
f 1019/507/7428 4639/4598/7428 4642/4601/7428
f 1019/507/7429 4642/4601/7429 1018/506/7429
f 1018/506/7430 4642/4601/7430 1001/489/7430
f 4643/4602/7431 4637/4603/7431 4638/4604/7431
f 4638/4597/7432 1329/817/7432 4643/4605/7432
f 4638/4597/7433 4643/4605/7433 4639/4598/7433
f 4639/4598/7434 4643/4605/7434 4642/4601/7434
f 1329/817/7435 1331/819/7435 4643/4605/7435
f 4643/4605/7436 1331/819/7436 4644/4606/7436
f 4643/4605/7437 4644/4606/7437 4642/4601/7437
f 4642/4601/7438 4644/4606/7438 4645/4607/7438
f 4642/4601/7439 4645/4607/7439 1001/489/7439
f 1001/489/7440 4645/4607/7440 825/313/7440
f 4644/4606/7441 4646/4608/7441 4645/4607/7441
f 4644/4606/7442 1331/819/7442 4646/4608/7442
f 1333/821/7443 1327/815/7443 4647/4609/7443
f 4647/4609/7444 1327/815/7444 4640/4599/7444
f 4647/4609/7445 4640/4599/7445 4648/4610/7445
f 4648/4610/7446 4640/4599/7446 4641/4600/7446
f 4648/4610/7447 4641/4600/7447 4649/4611/7447
f 4649/4611/7448 4641/4600/7448 1019/507/7448
f 4649/4611/7449 1019/507/7449 893/381/7449
f 893/381/7450 1019/507/7450 943/431/7450
f 893/381/7451 853/341/7451 4649/4611/7451
f 826/314/7452 825/313/7452 4645/4607/7452
f 1331/819/7453 1333/821/7453 4646/4608/7453
f 4646/4608/7454 1333/821/7454 4647/4609/7454
f 4646/4608/7455 4647/4609/7455 4645/4607/7455
f 4645/4607/7456 4647/4609/7456 4648/4610/7456
f 4645/4607/7457 4648/4610/7457 4649/4611/7457
f 4645/4607/7458 4649/4611/7458 826/314/7458
f 826/314/7459 4649/4611/7459 853/341/7459
f 963/451/7460 982/470/7460 4650/4612/7460
f 1305/793/7461 1307/795/7461 4651/4613/7461
f 4651/4613/7462 1307/795/7462 4652/4614/7462
f 4652/4614/7463 1307/795/7463 4653/4615/7463
f 4652/4614/7464 4653/4615/7464 4650/4612/7464
f 4652/4614/7465 4650/4612/7465 4654/4616/7465
f 4654/4616/7466 4650/4612/7466 982/470/7466
f 4654/4616/7467 982/470/7467 841/329/7467
f 964/452/7468 963/451/7468 4650/4612/7468
f 1307/795/7469 1309/797/7469 4655/4617/7469
f 1307/795/7470 4655/4617/7470 4653/4615/7470
f 4653/4615/7471 4655/4617/7471 4656/4618/7471
f 4653/4615/7472 4656/4618/7472 4657/4619/7472
f 4653/4615/7473 4657/4619/7473 4650/4612/7473
f 4650/4612/7474 4657/4619/7474 4658/4620/7474
f 4650/4612/7475 4658/4620/7475 964/452/7475
f 4652/4614/7476 4654/4616/7476 4659/4621/7476
f 4652/4614/7477 4659/4621/7477 4651/4613/7477
f 4655/4622/7478 4657/4619/7478 4656/4618/7478
f 4656/4623/7479 4655/4624/7479 4660/4625/7479
f 1303/791/7480 1305/793/7480 4661/4626/7480
f 4661/4626/7481 1305/793/7481 4662/4627/7481
f 4662/4627/7482 1305/793/7482 4651/4613/7482
f 4662/4627/7483 4651/4613/7483 4663/4628/7483
f 4663/4628/7484 4651/4613/7484 4659/4621/7484
f 4663/4628/7485 4659/4621/7485 4654/4616/7485
f 4663/4628/7486 4654/4616/7486 842/330/7486
f 842/330/7487 4654/4616/7487 841/329/7487
f 4660/4629/7488 4655/4617/7488 1309/797/7488
f 4657/4619/7489 4655/4622/7489 4660/4629/7489
f 964/452/7490 4658/4620/7490 953/441/7490
f 4663/4628/7491 4664/4630/7491 4662/4627/7491
f 1309/797/7492 1303/791/7492 4661/4626/7492
f 1309/797/7493 4661/4626/7493 4662/4631/7493
f 1309/797/7494 4662/4631/7494 4660/4629/7494
f 4660/4629/7495 4662/4631/7495 4665/4632/7495
f 4660/4629/7496 4665/4632/7496 4657/4619/7496
f 4657/4619/7497 4665/4632/7497 4658/4620/7497
f 4658/4620/7498 4665/4632/7498 870/358/7498
f 4658/4620/7499 870/358/7499 953/441/7499
f 4661/4633/7500 4664/4634/7500 4662/4635/7500
f 842/330/7501 870/358/7501 4663/4628/7501
f 4663/4628/7502 870/358/7502 4665/4632/7502
f 4663/4628/7503 4665/4632/7503 4664/4630/7503
f 4662/4631/7504 4664/4630/7504 4665/4632/7504
f 4245/4636/7505 4281/4637/7505 4666/4638/7505 4667/4639/7505
f 4271/4640/7506 4244/4641/7506 4668/4642/7506 4669/4643/7506
f 4248/4644/7507 4278/4645/7507 4670/4646/7507 4671/4647/7507
f 4280/4648/7508 4266/4649/7508 4672/4650/7508 4673/4651/7508
f 4266/4649/7509 4265/4652/7509 4674/4653/7509 4672/4650/7509
f 4243/4654/7510 4241/4655/7510 4675/4656/7510 4676/4657/7510
f 4254/4658/7511 4276/4659/7511 4677/4660/7511 4678/4661/7511
f 4284/4662/7512 4273/4028/7512 4286/4031/7512 4679/4663/7512
f 4275/4664/7513 4279/4665/7513 4680/4666/7513 4681/4667/7513
f 4282/4668/7514 4280/4648/7514 4673/4651/7514 4682/4669/7514
f 4247/4670/7515 4246/4671/7515 4683/4672/7515 4684/4673/7515
f 4263/4674/7516 4264/4675/7516 4685/4676/7516 4686/4677/7516
f 4272/4678/7517 4262/4679/7517 4687/4680/7517 4688/4681/7517
f 4249/4682/7518 4248/4644/7518 4671/4647/7518 4689/4683/7518
f 4256/4684/7519 4271/4640/7519 4669/4643/7519 4690/4685/7519
f 4242/4686/7520 4259/4687/7520 4691/4688/7520 4692/4689/7520
f 4252/4690/7521 4253/4691/7521 4693/4692/7521 4694/4693/7521
f 4257/4694/7522 4256/4684/7522 4690/4685/7522 4695/4695/7522
f 4666/4638/7523 4281/4637/7523 4251/4696/7523 4696/4697/7523
f 4244/4641/7524 4245/4636/7524 4667/4639/7524 4668/4642/7524
f 4278/4645/7525 4277/4698/7525 4697/4699/7525 4670/4646/7525
f 4277/4698/7526 4284/4662/7526 4679/4663/7526 4697/4699/7526
f 4253/4691/7527 4260/4700/7527 4698/4701/7527 4693/4692/7527
f 4246/4671/7528 4261/4702/7528 4699/4703/7528 4683/4672/7528
f 4274/4029/7529 4255/4704/7529 4700/4705/7529 4285/4030/7529
f 4270/4706/7530 4269/4707/7530 4701/4708/7530 4702/4709/7530
f 4267/4710/7531 4257/4694/7531 4695/4695/7531 4703/4711/7531
f 4135/4712/7532 4250/4713/7532 4704/4714/7532 4705/4715/7532
f 4283/4716/7533 4268/4717/7533 4706/4718/7533 4707/4719/7533
f 4264/4675/7534 4252/4690/7534 4694/4693/7534 4685/4676/7534
f 4265/4652/7535 4283/4716/7535 4707/4719/7535 4674/4653/7535
f 4269/4707/7536 4272/4678/7536 4688/4681/7536 4701/4708/7536
f 4276/4659/7537 4275/4664/7537 4681/4667/7537 4677/4660/7537
f 4262/4679/7538 4263/4674/7538 4686/4677/7538 4687/4680/7538
f 4261/4702/7539 4136/4720/7539 4708/4721/7539 4699/4703/7539
f 4260/4700/7540 4243/4654/7540 4676/4657/7540 4698/4701/7540
f 4250/4713/7541 4270/4706/7541 4702/4709/7541 4704/4714/7541
f 4251/4696/7542 4247/4670/7542 4684/4673/7542 4696/4697/7542
f 4136/4720/7543 4135/4712/7543 4705/4715/7543 4708/4721/7543
f 4268/4717/7544 4267/4710/7544 4703/4711/7544 4706/4718/7544
f 4279/4665/7545 4282/4668/7545 4682/4669/7545 4680/4666/7545
f 4241/4655/7546 4242/4686/7546 4692/4689/7546 4675/4656/7546
f 4258/4722/7547 4249/4682/7547 4689/4683/7547 4709/4723/7547
f 4259/4687/7548 4258/4722/7548 4709/4723/7548 4691/4688/7548
f 4255/4704/7549 4254/4658/7549 4678/4661/7549 4700/4705/7549
f 2474/1996/7550 2473/1995/7550 4710/4724/7550 4711/4725/7550
f 4132/3755/7551 4131/3754/7551 4712/4726/7551 4713/4727/7551
f 4129/3752/3142 2471/1993/3142 2474/1996/3142 4131/3754/3142
f 2472/1994/3142 4126/3749/3142 4132/3755/3142 2473/1995/3142
f 2473/1995/7552 4132/3755/7552 4713/4727/7552 4710/4724/7552
f 4712/4728/3142 4711/4729/3142 4713/4730/3142
f 4713/4730/3142 4711/4729/3142 4710/4731/3142
f 4131/3754/7553 2474/1996/7553 4711/4725/7553 4712/4726/7553
f 4693/4692/7554 4698/4701/7554 4714/4732/7554 4715/4733/7554
f 4702/4709/7555 4701/4708/7555 4716/4734/7555 4717/4735/7555
f 4687/4680/7556 4686/4677/7556 4718/4736/7556 4719/4737/7556
f 4720/4738/7557 4721/4739/7557 4722/4740/7557 4723/4741/7557
f 4724/4742/7558 4725/4743/7558 4726/4744/7558 4727/4745/7558
f 4728/4746/7559 4729/4747/7559 4730/4748/7559 4731/4749/7559
f 4691/4688/7560 4709/4723/7560 4732/4750/7560 4733/4751/7560
f 4668/4642/7561 4667/4639/7561 4734/4752/7561 4735/4753/7561
f 4688/4681/7562 4687/4680/7562 4719/4737/7562 4736/4754/7562
f 4680/4666/7563 4682/4669/7563 4737/4755/7563 4738/4756/7563
f 4695/4695/7564 4690/4685/7564 4739/4757/7564 4740/4758/7564
f 4708/4721/7565 4705/4715/7565 4741/4759/7565 4742/4760/7565
f 4701/4708/7566 4688/4681/7566 4736/4754/7566 4716/4734/7566
f 4675/4656/7567 4692/4689/7567 4743/4761/7567 4744/4762/7567
f 4681/4667/7568 4680/4666/7568 4738/4756/7568 4745/4763/7568
f 4684/4673/7569 4683/4672/7569 4746/4764/7569 4747/4765/7569
f 4672/4650/7570 4674/4653/7570 4748/4766/7570 4749/4767/7570
f 4696/4697/7571 4684/4673/7571 4747/4765/7571 4750/4768/7571
f 4671/4647/7572 4670/4646/7572 4751/4769/7572 4752/4770/7572
f 4674/4653/5239 4707/4719/5239 4753/4771/5239 4748/4766/5239
f 4685/4676/7573 4694/4693/7573 4754/4772/7573 4755/4773/7573
f 4682/4669/7574 4673/4651/7574 4756/4774/7574 4737/4755/7574
f 4707/4719/7575 4706/4718/7575 4757/4775/7575 4753/4771/7575
f 4666/4638/7576 4696/4697/7576 4750/4768/7576 4758/4776/7576
f 4286/4031/7577 4285/4030/7577 4759/4777/7577 4760/4778/7577
f 4694/4693/3330 4693/4692/3330 4715/4733/3330 4754/4772/3330
f 4700/4705/7578 4678/4661/7578 4761/4779/7578 4762/4780/7578
f 4698/4701/7579 4676/4657/7579 4763/4781/7579 4714/4732/7579
f 4697/4699/7580 4679/4663/7580 4764/4782/7580 4765/4783/7580
f 4704/4714/7581 4702/4709/7581 4717/4735/7581 4766/4784/7581
f 4679/4663/7582 4286/4031/7582 4760/4778/7582 4764/4782/7582
f 4709/4723/7583 4689/4683/7583 4767/4785/7583 4732/4750/7583
f 4703/4711/7584 4695/4695/7584 4740/4758/7584 4768/4786/7584
f 4669/4643/7585 4668/4642/7585 4735/4753/7585 4769/4787/7585
f 4705/4715/7586 4704/4714/7586 4766/4784/7586 4741/4759/7586
f 4689/4683/7587 4671/4647/7587 4752/4770/7587 4767/4785/7587
f 4690/4685/7588 4669/4643/7588 4769/4787/7588 4739/4757/7588
f 4676/4657/7589 4675/4656/7589 4744/4762/7589 4763/4781/7589
f 4692/4689/7590 4691/4688/7590 4733/4751/7590 4743/4761/7590
f 4677/4660/7591 4681/4667/7591 4745/4763/7591 4770/4788/7591
f 4678/4661/7592 4677/4660/7592 4770/4788/7592 4761/4779/7592
f 4686/4677/7593 4685/4676/7593 4755/4773/7593 4718/4736/7593
f 4670/4646/7594 4697/4699/7594 4765/4783/7594 4751/4769/7594
f 4667/4639/7595 4666/4638/7595 4758/4776/7595 4734/4752/7595
f 4285/4030/7596 4700/4705/7596 4762/4780/7596 4759/4777/7596
f 4699/4703/7597 4708/4721/7597 4742/4760/7597 4771/4789/7597
f 4673/4651/7598 4672/4650/7598 4749/4767/7598 4756/4774/7598
f 4706/4718/7599 4703/4711/7599 4768/4786/7599 4757/4775/7599
f 4683/4672/7600 4699/4703/7600 4771/4789/7600 4746/4764/7600
f 4772/4790/7588 4773/4791/7588 4774/4792/7588 4775/4793/7588
f 4776/4794/7567 4777/4795/7567 4778/4796/7567 4779/4797/7567
f 4780/4798/7598 4781/4799/7598 4782/4800/7598 4783/4801/7598
f 4729/4747/7601 4784/4802/7601 4780/4803/7601 4730/4748/7601
f 4785/4804/7602 4786/4805/7602 4787/4806/7602 4788/4807/7602
f 4784/4802/7603 4789/4808/7603 4781/4809/7603 4780/4803/7603
f 4790/4810/7604 4791/4811/7604 4777/4812/7604 4776/4813/7604
f 4792/4814/7605 4793/4815/7605 4773/4816/7605 4772/4817/7605
f 4791/4811/7606 4794/4818/7606 4795/4819/7606 4777/4812/7606
f 4796/4820/7607 4797/4821/7607 4798/4822/7607 4799/4823/7607
f 4800/4824/7608 4728/4746/7608 4731/4749/7608 4801/4825/7608
f 4802/4826/7609 4803/4827/7609 4804/4828/7609 4805/4829/7609
f 4797/4821/7610 4806/4830/7610 4807/4831/7610 4798/4822/7610
f 4808/4832/7611 4809/4833/7611 4810/4834/7611 4811/4835/7611
f 4803/4827/7612 4812/4836/7612 4813/4837/7612 4804/4828/7612
f 4814/4838/7613 4815/4839/7613 4816/4840/7613 4817/4841/7613
f 4806/4830/7614 4818/4842/7614 4819/4843/7614 4807/4831/7614
f 4820/4844/7615 4792/4814/7615 4772/4817/7615 4821/4845/7615
f 4809/4833/7616 4822/4846/7616 4823/4847/7616 4810/4834/7616
f 4824/4848/7617 4825/4849/7617 4826/4850/7617 4827/4851/7617
f 4828/4852/7618 4820/4844/7618 4821/4845/7618 4829/4853/7618
f 4830/4854/7619 4831/4855/7619 4832/4856/7619 4833/4857/7619
f 4834/4858/7620 4785/4804/7620 4788/4807/7620 4835/4859/7620
f 4786/4805/7621 4836/4860/7621 4837/4861/7621 4787/4806/7621
f 4789/4808/7622 4802/4826/7622 4805/4829/7622 4781/4809/7622
f 4822/4846/7623 4814/4838/7623 4817/4841/7623 4823/4847/7623
f 4794/4818/7624 4830/4854/7624 4833/4857/7624 4795/4819/7624
f 4838/4862/7625 4720/4738/7625 4723/4741/7625 4839/4863/7625
f 4840/4864/7626 4790/4810/7626 4776/4813/7626 4841/4865/7626
f 4842/4866/7627 4843/4867/7627 4844/4868/7627 4845/4869/7627
f 4793/4815/7628 4846/4870/7628 4847/4871/7628 4773/4816/7628
f 4818/4842/7629 4834/4858/7629 4835/4859/7629 4819/4843/7629
f 4812/4836/7630 4828/4852/7630 4829/4853/7630 4813/4837/7630
f 4846/4870/7631 4848/4872/7631 4849/4873/7631 4847/4871/7631
f 4850/4874/7632 4851/4875/7632 4852/4876/7632 4853/4877/7632
f 4831/4855/7633 4838/4862/7633 4839/4863/7633 4832/4856/7633
f 4843/4867/7634 4796/4820/7634 4799/4823/7634 4844/4868/7634
f 4851/4875/7635 4824/4848/7635 4827/4851/7635 4852/4876/7635
f 4854/4878/7636 4800/4824/7636 4801/4825/7636 4855/4879/7636
f 4836/4860/7637 4840/4864/7637 4841/4865/7637 4837/4861/7637
f 4725/4743/7638 4856/4880/7638 4857/4881/7638 4726/4744/7638
f 4848/4872/7639 4850/4874/7639 4853/4877/7639 4849/4873/7639
f 4815/4839/7640 4854/4878/7640 4855/4879/7640 4816/4840/7640
f 4721/4739/7641 4808/4832/7641 4811/4835/7641 4722/4740/7641
f 4856/4880/7642 4842/4866/7642 4845/4869/7642 4857/4881/7642
f 4825/4849/7643 4724/4742/7643 4727/4745/7643 4826/4850/7643
f 4778/4796/19 4858/4882/19 4859/4883/19 4860/4884/19 4861/4885/19 4862/4886/19 4863/4887/19 4864/4888/19 4865/4889/19 4866/4890/19 4867/4891/19 4868/4892/19 4869/4893/19 4870/4894/19 4871/4895/19 4872/4896/19 4783/4801/19 4782/4800/19 4873/4897/19 4874/4898/19 4875/4899/19 4876/4900/19 4877/4901/19 4775/4793/19 4774/4792/19 4878/4902/19 4879/4903/19 4880/4904/19 4881/4905/19 4882/4906/19 4883/4907/19 4884/4908/19 4885/4909/19 4886/4910/19 4887/4911/19 4888/4912/19 4889/4913/19 4890/4914/19 4891/4915/19 4892/4916/19 4893/4917/19 4779/4797/19
f 4894/4918/7644 4893/4917/7644 4892/4916/7644 4895/4919/7644
f 4892/4916/7645 4891/4915/7645 4896/4920/7645 4897/4921/7645
f 4777/4795/7590 4795/4922/7590 4858/4882/7590 4778/4796/7590
f 4799/4923/7566 4798/4924/7566 4890/4914/7566 4889/4913/7566
f 4801/4925/7568 4731/4926/7568 4871/4895/7568 4870/4894/7568
f 4805/4927/5239 4804/4928/5239 4874/4898/5239 4873/4897/5239
f 4798/4924/7562 4807/4929/7562 4891/4915/7562 4890/4914/7562
f 4811/4930/7646 4810/4931/7646 4865/4889/7646 4864/4888/7646
f 4804/4928/7647 4813/4932/7647 4875/4899/7647 4874/4898/7647
f 4817/4933/7578 4816/4934/7578 4868/4892/7578 4867/4891/7578
f 4807/4929/7648 4819/4935/7648 4896/4920/7648 4891/4915/7648
f 4821/4936/7649 4772/4790/7649 4775/4793/7649 4877/4901/7649
f 4810/4931/7650 4823/4937/7650 4866/4890/7650 4865/4889/7650
f 4827/4938/7651 4826/4939/7651 4883/4907/7651 4882/4906/7651
f 4829/4940/7652 4821/4936/7652 4877/4901/7652 4876/4900/7652
f 4833/4941/7653 4832/4942/7653 4860/4884/7653 4859/4883/7653
f 4835/4943/7654 4788/4944/7654 4892/4916/7654 4897/4921/7654
f 4787/4945/7655 4837/4946/7655 4894/4918/7655 4895/4919/7655
f 4781/4799/7656 4805/4927/7656 4873/4897/7656 4782/4800/7656
f 4823/4937/7657 4817/4933/7657 4867/4891/7657 4866/4890/7657
f 4795/4922/7560 4833/4941/7560 4859/4883/7560 4858/4882/7560
f 4839/4947/7658 4723/4948/7658 4862/4886/7658 4861/4885/7658
f 4841/4949/7659 4776/4794/7659 4779/4797/7659 4893/4917/7659
f 4845/4950/7660 4844/4951/7660 4888/4912/7660 4887/4911/7660
f 4773/4791/7585 4847/4952/7585 4878/4902/7585 4774/4792/7585
f 4819/4935/7593 4835/4943/7593 4897/4921/7593 4896/4920/7593
f 4813/4932/7599 4829/4940/7599 4876/4900/7599 4875/4899/7599
f 4847/4952/7661 4849/4953/7661 4879/4903/7661 4878/4902/7661
f 4853/4954/7662 4852/4955/7662 4881/4905/7662 4880/4904/7662
f 4832/4942/7663 4839/4947/7663 4861/4885/7663 4860/4884/7663
f 4844/4951/7664 4799/4923/7664 4889/4913/7664 4888/4912/7664
f 4852/4955/7571 4827/4938/7571 4882/4906/7571 4881/4905/7571
f 4855/4956/7665 4801/4925/7665 4870/4894/7665 4869/4893/7665
f 4837/4946/7579 4841/4949/7579 4893/4917/7579 4894/4918/7579
f 4726/4957/7666 4857/4958/7666 4886/4910/7666 4885/4909/7666
f 4849/4953/7667 4853/4954/7667 4880/4904/7667 4879/4903/7667
f 4816/4934/7668 4855/4956/7668 4869/4893/7668 4868/4892/7668
f 4722/4959/7669 4811/4930/7669 4864/4888/7669 4863/4887/7669
f 4857/4958/7670 4845/4950/7670 4887/4911/7670 4886/4910/7670
f 4826/4939/7671 4727/4960/7671 4884/4908/7671 4883/4907/7671
f 4731/4926/7672 4730/4961/7672 4872/4896/7672 4871/4895/7672
f 4727/4960/7597 4726/4957/7597 4885/4909/7597 4884/4908/7597
f 4723/4948/7673 4722/4959/7673 4863/4887/7673 4862/4886/7673
f 4730/4961/7674 4780/4798/7674 4783/4801/7674 4872/4896/7674
f 4788/4944/3330 4787/4945/3330 4895/4919/3330 4892/4916/3330
f 4746/4962/7675 4771/4963/7675 4724/4964/7675 4825/4965/7675
f 4741/4966/7676 4766/4967/7676 4842/4968/7676 4856/4969/7676
f 4765/4970/7677 4764/4971/7677 4808/4972/7677 4721/4973/7677
f 4761/4974/7678 4770/4975/7678 4854/4976/7678 4815/4977/7678
f 4734/4978/7679 4758/4979/7679 4850/4980/7679 4848/4981/7679
f 4742/4982/7680 4741/4966/7680 4856/4969/7680 4725/4983/7680
f 4714/4984/7681 4763/4985/7681 4840/4986/7681 4836/4987/7681
f 4770/4975/7682 4745/4988/7682 4800/4989/7682 4854/4976/7682
f 4750/4990/7683 4747/4991/7683 4824/4992/7683 4851/4993/7683
f 4717/4994/7684 4716/4995/7684 4796/4996/7684 4843/4997/7684
f 4767/4998/7685 4752/4999/7685 4838/5000/7685 4831/5001/7685
f 4758/4979/7686 4750/4990/7686 4851/4993/7686 4850/4980/7686
f 4735/5002/7687 4734/4978/7687 4848/4981/7687 4846/5003/7687
f 4757/5004/7688 4768/5005/7688 4828/5006/7688 4812/5007/7688
f 4718/5008/7689 4755/5009/7689 4834/5010/7689 4818/5011/7689
f 4769/5012/7690 4735/5002/7690 4846/5003/7690 4793/5013/7690
f 4766/4967/7691 4717/4994/7691 4843/4997/7691 4842/4968/7691
f 4763/4985/7692 4744/5014/7692 4790/5015/7692 4840/4986/7692
f 4752/4999/7693 4751/5016/7693 4720/5017/7693 4838/5000/7693
f 4733/5018/7694 4732/5019/7694 4830/5020/7694 4794/5021/7694
f 4759/5022/7695 4762/5023/7695 4814/5024/7695 4822/5025/7695
f 4749/5026/7696 4748/5027/7696 4802/5028/7696 4789/5029/7696
f 4715/5030/7697 4714/4984/7697 4836/4987/7697 4786/5031/7697
f 4755/5009/7698 4754/5032/7698 4785/5033/7698 4834/5010/7698
f 4732/5019/7699 4767/4998/7699 4831/5001/7699 4830/5020/7699
f 4768/5005/7700 4740/5034/7700 4820/5035/7700 4828/5006/7700
f 4747/4991/7701 4746/4962/7701 4825/4965/7701 4824/4992/7701
f 4760/5036/7702 4759/5022/7702 4822/5025/7702 4809/5037/7702
f 4740/5034/7703 4739/5038/7703 4792/5039/7703 4820/5035/7703
f 4719/5040/7704 4718/5008/7704 4818/5011/7704 4806/5041/7704
f 4762/5023/7705 4761/4974/7705 4815/4977/7705 4814/5024/7705
f 4753/5042/7706 4757/5004/7706 4812/5007/7706 4803/5043/7706
f 4764/4971/7707 4760/5036/7707 4809/5037/7707 4808/4972/7707
f 4736/5044/7708 4719/5040/7708 4806/5041/7708 4797/5045/7708
f 4748/5027/7709 4753/5042/7709 4803/5043/7709 4802/5028/7709
f 4745/4988/7710 4738/5046/7710 4728/5047/7710 4800/4989/7710
f 4716/4995/7711 4736/5044/7711 4797/5045/7711 4796/4996/7711
f 4743/5048/7712 4733/5018/7712 4794/5021/7712 4791/5049/7712
f 4739/5038/7713 4769/5012/7713 4793/5013/7713 4792/5039/7713
f 4744/5014/7714 4743/5048/7714 4791/5049/7714 4790/5015/7714
f 4756/5050/7715 4749/5026/7715 4789/5029/7715 4784/5051/7715
f 4754/5032/7716 4715/5030/7716 4786/5031/7716 4785/5033/7716
f 4737/5052/7717 4756/5050/7717 4784/5051/7717 4729/5053/7717
f 4738/5046/7718 4737/5052/7718 4729/5053/7718 4728/5047/7718
f 4771/4963/7719 4742/4982/7719 4725/4983/7719 4724/4964/7719
f 4751/5016/7720 4765/4970/7720 4721/4973/7720 4720/5017/7720
s 1
f 4898/5054/7721 1933/5055/7722 1932/5056/7723
f 1933/5055/7722 4898/5054/7721 1943/5057/7724
f 4898/5054/7721 1944/5058/7725 1943/5057/7724
f 4898/5054/7721 1949/5059/7726 1944/5058/7725
f 1949/5059/7726 4898/5054/7721 1958/5060/7727
f 1958/5060/7727 4898/5054/7721 1959/5061/7728
f 4898/5054/7721 1964/5062/7729 1959/5061/7728
f 1964/5062/7729 4898/5054/7721 2039/5063/7730
f 4898/5054/7721 2040/5064/7731 2039/5063/7730
f 2040/5064/7731 4898/5054/7721 1985/5065/7732
f 4898/5054/7721 1986/5066/7733 1985/5065/7732
f 1986/5066/7733 4898/5054/7721 1992/5067/7734
f 4898/5054/7721 1999/5068/7735 1992/5067/7734
f 1999/5068/7735 4898/5054/7721 2000/5069/7736
f 4898/5054/7721 2006/5070/7737 2000/5069/7736
f 4898/5054/7721 2016/5071/7738 2006/5070/7737
f 2016/5071/7738 4898/5054/7721 2017/5072/7739
f 4898/5054/7721 2024/5073/7740 2017/5072/7739
f 4898/5054/7721 2025/5074/7741 2024/5073/7740
f 2025/5074/7741 4898/5054/7721 2031/5075/7742
f 1932/5056/7723 2031/5075/7742 4898/5054/7721
f 4899/5076/7743 3735/5077/7744 3734/5078/7745
f 3735/5077/7744 4899/5076/7743 3745/5079/7746
f 4899/5076/7743 3746/5080/7747 3745/5079/7746
f 4899/5076/7743 3751/5081/7748 3746/5080/7747
f 3751/5081/7748 4899/5076/7743 3760/5082/7749
f 3760/5082/7749 4899/5076/7743 3761/5083/7750
f 4899/5076/7743 3767/5084/7751 3761/5083/7750
f 3767/5084/7751 4899/5076/7743 3836/5085/7752
f 4899/5076/7743 3837/5086/7753 3836/5085/7752
f 3837/5086/7753 4899/5076/7743 3785/5087/7754
f 4899/5076/7743 3788/5088/7755 3785/5087/7754
f 3788/5088/7755 4899/5076/7743 3838/5089/7756
f 4899/5076/7743 3799/5090/7757 3838/5089/7756
f 3799/5090/7757 4899/5076/7743 3800/5091/7758
f 4899/5076/7743 3806/5092/7759 3800/5091/7758
f 4899/5076/7743 3816/5093/7760 3806/5092/7759
f 3816/5093/7760 4899/5076/7743 3817/5094/7761
f 4899/5076/7743 3823/5095/7762 3817/5094/7761
f 4899/5076/7743 3825/5096/7763 3823/5095/7762
f 3825/5096/7763 4899/5076/7743 3830/5097/7764
f 4899/5076/7743 3734/5078/7745 3830/5097/7764
f 4900/5098/7765 3868/5099/7766 3867/5100/7767
f 3868/5099/7766 4900/5098/7765 3874/5101/7768
f 3874/5101/7768 4900/5098/7765 3883/5102/7769
f 4900/5098/7765 3884/5103/7770 3883/5102/7769
f 3884/5103/7770 4900/5098/7765 3892/5104/7771
f 3892/5104/7771 4900/5098/7765 3893/5105/7772
f 4900/5098/7765 3899/5106/7773 3893/5105/7772
f 3899/5106/7773 4900/5098/7765 3905/5107/7774
f 4900/5098/7765 3906/5108/7775 3905/5107/7774
f 4900/5098/7765 3976/5109/7776 3906/5108/7775
f 3976/5109/7776 4900/5098/7765 3919/5110/7777
f 4900/5098/7765 3920/5111/7778 3919/5110/7777
f 3920/5111/7778 4900/5098/7765 3978/5112/7779
f 4900/5098/7765 3933/5113/7780 3978/5112/7779
f 3933/5113/7780 4900/5098/7765 3934/5114/7781
f 4900/5098/7765 3944/5115/7782 3934/5114/7781
f 3944/5115/7782 4900/5098/7765 3945/5116/7783
f 3945/5116/7783 4900/5098/7765 3950/5117/7784
f 4900/5098/7765 3958/5118/7785 3950/5117/7784
f 4900/5098/7765 3959/5119/7786 3958/5118/7785
f 3959/5119/7786 4900/5098/7765 3964/5120/7787
f 4900/5098/7765 3867/5100/7767 3964/5120/7787
f 4901/5121/7788 4008/5122/7789 4007/5123/7790
f 4008/5122/7789 4901/5121/7788 4019/5124/7791
f 4901/5121/7788 4020/5125/7792 4019/5124/7791
f 4901/5121/7788 4024/5126/7793 4020/5125/7792
f 4024/5126/7793 4901/5121/7788 4032/5127/7794
f 4032/5127/7794 4901/5121/7788 4033/5128/7795
f 4901/5121/7788 4038/5129/7796 4033/5128/7795
f 4038/5129/7796 4901/5121/7788 4044/5130/7797
f 4901/5121/7788 4045/5131/7798 4044/5130/7797
f 4901/5121/7788 4117/5132/7799 4045/5131/7798
f 4117/5132/7799 4901/5121/7788 4058/5133/7800
f 4901/5121/7788 4059/5134/7801 4058/5133/7800
f 4059/5134/7801 4901/5121/7788 4119/5135/7802
f 4901/5121/7788 4072/5136/7803 4119/5135/7802
f 4072/5136/7803 4901/5121/7788 4073/5137/7804
f 4901/5121/7788 4084/5138/7805 4073/5137/7804
f 4084/5138/7805 4901/5121/7788 4085/5139/7806
f 4085/5139/7806 4901/5121/7788 4090/5140/7807
f 4901/5121/7788 4098/5141/7808 4090/5140/7807
f 4901/5121/7788 4099/5142/7809 4098/5141/7808
f 4099/5142/7809 4901/5121/7788 4104/5143/7810
f 4901/5121/7788 4007/5123/7790 4104/5143/7810
usemtl None_NONE
s off
f 23/5144/2087 55/5145/2087 54/5146/2087 22/5147/2087
f 10/5148/2087 42/5149/2087 41/5150/2087 9/5151/2087
f 24/5152/2087 56/5153/2087 55/5145/2087 23/5144/2087
f 11/5154/2087 43/5155/2087 42/5149/2087 10/5148/2087
f 25/5156/2087 57/5157/2087 56/5153/2087 24/5152/2087
f 12/5158/2087 44/5159/2087 43/5155/2087 11/5154/2087
f 26/5160/2087 58/5161/2087 57/5157/2087 25/5156/2087
f 13/5162/2087 45/5163/2087 44/5159/2087 12/5158/2087
f 27/5164/2087 59/5165/2087 58/5161/2087 26/5160/2087
f 14/5166/2087 46/5167/2087 45/5163/2087 13/5162/2087
f 28/5168/2087 60/5169/2087 59/5165/2087 27/5164/2087
f 15/5170/2087 47/5171/2087 46/5167/2087 14/5166/2087
f 2/5172/2087 34/5173/2087 33/5174/2087 1/5175/2087
f 29/5176/2087 61/5177/2087 60/5169/2087 28/5168/2087
f 16/5178/2087 48/5179/2087 47/5171/2087 15/5170/2087
f 3/5180/2087 35/5181/2087 34/5173/2087 2/5172/2087
f 30/5182/2087 62/5183/2087 61/5177/2087 29/5176/2087
f 17/5184/2087 49/5185/2087 48/5179/2087 16/5178/2087
f 4/5186/2087 36/5187/2087 35/5181/2087 3/5180/2087
f 31/5188/2087 63/5189/2087 62/5183/2087 30/5182/2087
f 18/5190/2087 50/5191/2087 49/5185/2087 17/5184/2087
f 5/5192/2087 37/5193/2087 36/5187/2087 4/5186/2087
f 32/5194/2087 64/5195/2087 63/5189/2087 31/5188/2087
f 19/5196/2087 51/5197/2087 50/5191/2087 18/5190/2087
f 6/5198/2087 38/5199/2087 37/5193/2087 5/5192/2087
f 1/5175/2087 33/5174/2087 64/5195/2087 32/5194/2087
f 20/5200/2087 52/5201/2087 51/5197/2087 19/5196/2087
f 7/5202/2087 39/5203/2087 38/5199/2087 6/5198/2087
f 21/5204/2087 53/5205/2087 52/5201/2087 20/5200/2087
f 8/5206/2087 40/5207/2087 39/5203/2087 7/5202/2087
f 22/5147/2087 54/5146/2087 53/5205/2087 21/5204/2087
f 9/5151/2087 41/5150/2087 40/5207/2087 8/5206/2087
f 87/5208/4282 86/5209/4282 118/5210/4282 119/5211/4282
f 74/5212/4282 73/5213/4282 105/5214/4282 106/5215/4282
f 88/5216/4282 87/5208/4282 119/5211/4282 120/5217/4282
f 75/5218/4282 74/5212/4282 106/5215/4282 107/5219/4282
f 89/5220/4282 88/5216/4282 120/5217/4282 121/5221/4282
f 76/5222/4282 75/5218/4282 107/5219/4282 108/5223/4282
f 90/5224/4282 89/5220/4282 121/5221/4282 122/5225/4282
f 77/5226/4282 76/5222/4282 108/5223/4282 109/5227/4282
f 91/5228/4282 90/5224/4282 122/5225/4282 123/5229/4282
f 78/5230/4282 77/5226/4282 109/5227/4282 110/5231/4282
f 92/5232/4282 91/5228/4282 123/5229/4282 124/5233/4282
f 79/5234/4282 78/5230/4282 110/5231/4282 111/5235/4282
f 66/5236/4282 65/5237/4282 97/5238/4282 98/5239/4282
f 93/5240/4282 92/5232/4282 124/5233/4282 125/5241/4282
f 80/5242/4282 79/5234/4282 111/5235/4282 112/5243/4282
f 67/5244/4282 66/5236/4282 98/5239/4282 99/5245/4282
f 94/5246/4282 93/5240/4282 125/5241/4282 126/5247/4282
f 81/5248/4282 80/5242/4282 112/5243/4282 113/5249/4282
f 68/5250/4282 67/5244/4282 99/5245/4282 100/5251/4282
f 95/5252/4282 94/5246/4282 126/5247/4282 127/5253/4282
f 82/5254/4282 81/5248/4282 113/5249/4282 114/5255/4282
f 69/5256/4282 68/5250/4282 100/5251/4282 101/5257/4282
f 96/5258/4282 95/5252/4282 127/5253/4282 128/5259/4282
f 83/5260/4282 82/5254/4282 114/5255/4282 115/5261/4282
f 70/5262/4282 69/5256/4282 101/5257/4282 102/5263/4282
f 65/5237/4282 96/5258/4282 128/5259/4282 97/5238/4282
f 84/5264/4282 83/5260/4282 115/5261/4282 116/5265/4282
f 71/5266/4282 70/5262/4282 102/5263/4282 103/5267/4282
f 85/5268/4282 84/5264/4282 116/5265/4282 117/5269/4282
f 72/5270/4282 71/5266/4282 103/5267/4282 104/5271/4282
f 86/5209/4282 85/5268/4282 117/5269/4282 118/5210/4282
f 73/5213/4282 72/5270/4282 104/5271/4282 105/5214/4282
f 49/5185/7811 50/5191/7811 114/5255/7811 113/5249/7811
f 24/5152/7812 23/5144/7812 87/5208/7812 88/5216/7812
f 50/5191/7813 51/5197/7813 115/5261/7813 114/5255/7813
f 25/5156/7814 24/5152/7814 88/5216/7814 89/5220/7814
f 51/5197/7815 52/5201/7815 116/5265/7815 115/5261/7815
f 26/5160/7816 25/5156/7816 89/5220/7816 90/5224/7816
f 52/5201/7817 53/5205/7817 117/5269/7817 116/5265/7817
f 27/5164/7818 26/5160/7818 90/5224/7818 91/5228/7818
f 53/5205/7819 54/5146/7819 118/5210/7819 117/5269/7819
f 28/5168/7820 27/5164/7820 91/5228/7820 92/5232/7820
f 2/5172/7821 1/5175/7821 65/5237/7821 66/5236/7821
f 54/5146/7822 55/5145/7822 119/5211/7822 118/5210/7822
f 29/5176/7823 28/5168/7823 92/5232/7823 93/5240/7823
f 3/5180/7824 2/5172/7824 66/5236/7824 67/5244/7824
f 55/5145/7825 56/5153/7825 120/5217/7825 119/5211/7825
f 30/5182/7826 29/5176/7826 93/5240/7826 94/5246/7826
f 4/5186/7827 3/5180/7827 67/5244/7827 68/5250/7827
f 56/5153/7828 57/5157/7828 121/5221/7828 120/5217/7828
f 31/5188/7829 30/5182/7829 94/5246/7829 95/5252/7829
f 5/5192/7830 4/5186/7830 68/5250/7830 69/5256/7830
f 57/5157/7831 58/5161/7831 122/5225/7831 121/5221/7831
f 32/5194/7832 31/5188/7832 95/5252/7832 96/5258/7832
f 6/5198/7833 5/5192/7833 69/5256/7833 70/5262/7833
f 58/5161/7834 59/5165/7834 123/5229/7834 122/5225/7834
f 1/5175/7835 32/5194/7835 96/5258/7835 65/5237/7835
f 7/5202/7836 6/5198/7836 70/5262/7836 71/5266/7836
f 59/5165/7837 60/5169/7837 124/5233/7837 123/5229/7837
f 33/5174/7838 34/5173/7838 98/5239/7838 97/5238/7838
f 8/5206/7839 7/5202/7839 71/5266/7839 72/5270/7839
f 60/5169/7840 61/5177/7840 125/5241/7840 124/5233/7840
f 34/5173/7841 35/5181/7841 99/5245/7841 98/5239/7841
f 9/5151/7842 8/5206/7842 72/5270/7842 73/5213/7842
f 61/5177/7843 62/5183/7843 126/5247/7843 125/5241/7843
f 35/5181/7844 36/5187/7844 100/5251/7844 99/5245/7844
f 10/5148/7845 9/5151/7845 73/5213/7845 74/5212/7845
f 62/5183/7846 63/5189/7846 127/5253/7846 126/5247/7846
f 36/5187/7847 37/5193/7847 101/5257/7847 100/5251/7847
f 11/5154/7848 10/5148/7848 74/5212/7848 75/5218/7848
f 63/5189/7849 64/5195/7849 128/5259/7849 127/5253/7849
f 37/5193/7850 38/5199/7850 102/5263/7850 101/5257/7850
f 12/5158/7851 11/5154/7851 75/5218/7851 76/5222/7851
f 64/5195/7852 33/5174/7852 97/5238/7852 128/5259/7852
f 38/5199/7853 39/5203/7853 103/5267/7853 102/5263/7853
f 13/5162/7854 12/5158/7854 76/5222/7854 77/5226/7854
f 39/5203/7855 40/5207/7855 104/5271/7855 103/5267/7855
f 14/5166/7856 13/5162/7856 77/5226/7856 78/5230/7856
f 40/5207/7857 41/5150/7857 105/5214/7857 104/5271/7857
f 15/5170/7858 14/5166/7858 78/5230/7858 79/5234/7858
f 41/5150/7859 42/5149/7859 106/5215/7859 105/5214/7859
f 16/5178/7860 15/5170/7860 79/5234/7860 80/5242/7860
f 42/5149/7861 43/5155/7861 107/5219/7861 106/5215/7861
f 17/5184/7862 16/5178/7862 80/5242/7862 81/5248/7862
f 43/5155/7863 44/5159/7863 108/5223/7863 107/5219/7863
f 18/5190/7864 17/5184/7864 81/5248/7864 82/5254/7864
f 44/5159/7865 45/5163/7865 109/5227/7865 108/5223/7865
f 19/5196/7866 18/5190/7866 82/5254/7866 83/5260/7866
f 45/5163/7867 46/5167/7867 110/5231/7867 109/5227/7867
f 20/5200/7868 19/5196/7868 83/5260/7868 84/5264/7868
f 46/5167/7869 47/5171/7869 111/5235/7869 110/5231/7869
f 21/5204/7870 20/5200/7870 84/5264/7870 85/5268/7870
f 47/5171/7871 48/5179/7871 112/5243/7871 111/5235/7871
f 22/5147/7872 21/5204/7872 85/5268/7872 86/5209/7872
f 48/5179/7873 49/5185/7873 113/5249/7873 112/5243/7873
f 23/5144/7874 22/5147/7874 86/5209/7874 87/5208/7874
f 151/5272/4282 183/5273/4282 182/5274/4282 150/5275/4282
f 138/5276/4282 170/5277/4282 169/5278/4282 137/5279/4282
f 152/5280/4282 184/5281/4282 183/5273/4282 151/5272/4282
f 139/5282/4282 171/5283/4282 170/5277/4282 138/5276/4282
f 153/5284/4282 185/5285/4282 184/5281/4282 152/5280/4282
f 140/5286/4282 172/5287/4282 171/5283/4282 139/5282/4282
f 154/5288/4282 186/5289/4282 185/5285/4282 153/5284/4282
f 141/5290/4282 173/5291/4282 172/5287/4282 140/5286/4282
f 155/5292/4282 187/5293/4282 186/5289/4282 154/5288/4282
f 142/5294/4282 174/5295/4282 173/5291/4282 141/5290/4282
f 156/5296/4282 188/5297/4282 187/5293/4282 155/5292/4282
f 143/5298/4282 175/5299/4282 174/5295/4282 142/5294/4282
f 130/5300/4282 162/5301/4282 161/5302/4282 129/5303/4282
f 157/5304/4282 189/5305/4282 188/5297/4282 156/5296/4282
f 144/5306/4282 176/5307/4282 175/5299/4282 143/5298/4282
f 131/5308/4282 163/5309/4282 162/5301/4282 130/5300/4282
f 158/5310/4282 190/5311/4282 189/5305/4282 157/5304/4282
f 145/5312/4282 177/5313/4282 176/5307/4282 144/5306/4282
f 132/5314/4282 164/5315/4282 163/5309/4282 131/5308/4282
f 159/5316/4282 191/5317/4282 190/5311/4282 158/5310/4282
f 146/5318/4282 178/5319/4282 177/5313/4282 145/5312/4282
f 133/5320/4282 165/5321/4282 164/5315/4282 132/5314/4282
f 160/5322/4282 192/5323/4282 191/5317/4282 159/5316/4282
f 147/5324/4282 179/5325/4282 178/5319/4282 146/5318/4282
f 134/5326/4282 166/5327/4282 165/5321/4282 133/5320/4282
f 129/5303/4282 161/5302/4282 192/5323/4282 160/5322/4282
f 148/5328/4282 180/5329/4282 179/5325/4282 147/5324/4282
f 135/5330/4282 167/5331/4282 166/5327/4282 134/5326/4282
f 149/5332/4282 181/5333/4282 180/5329/4282 148/5328/4282
f 136/5334/4282 168/5335/4282 167/5331/4282 135/5330/4282
f 150/5275/4282 182/5274/4282 181/5333/4282 149/5332/4282
f 137/5279/4282 169/5278/4282 168/5335/4282 136/5334/4282
f 215/5336/2087 214/5337/2087 246/5338/2087 247/5339/2087
f 202/5340/2087 201/5341/2087 233/5342/2087 234/5343/2087
f 216/5344/2087 215/5336/2087 247/5339/2087 248/5345/2087
f 203/5346/2087 202/5340/2087 234/5343/2087 235/5347/2087
f 217/5348/2087 216/5344/2087 248/5345/2087 249/5349/2087
f 204/5350/2087 203/5346/2087 235/5347/2087 236/5351/2087
f 218/5352/2087 217/5348/2087 249/5349/2087 250/5353/2087
f 205/5354/2087 204/5350/2087 236/5351/2087 237/5355/2087
f 219/5356/2087 218/5352/2087 250/5353/2087 251/5357/2087
f 206/5358/2087 205/5354/2087 237/5355/2087 238/5359/2087
f 220/5360/2087 219/5356/2087 251/5357/2087 252/5361/2087
f 207/5362/2087 206/5358/2087 238/5359/2087 239/5363/2087
f 194/5364/2087 193/5365/2087 225/5366/2087 226/5367/2087
f 221/5368/2087 220/5360/2087 252/5361/2087 253/5369/2087
f 208/5370/2087 207/5362/2087 239/5363/2087 240/5371/2087
f 195/5372/2087 194/5364/2087 226/5367/2087 227/5373/2087
f 222/5374/2087 221/5368/2087 253/5369/2087 254/5375/2087
f 209/5376/2087 208/5370/2087 240/5371/2087 241/5377/2087
f 196/5378/2087 195/5372/2087 227/5373/2087 228/5379/2087
f 223/5380/2087 222/5374/2087 254/5375/2087 255/5381/2087
f 210/5382/2087 209/5376/2087 241/5377/2087 242/5383/2087
f 197/5384/2087 196/5378/2087 228/5379/2087 229/5385/2087
f 224/5386/2087 223/5380/2087 255/5381/2087 256/5387/2087
f 211/5388/2087 210/5382/2087 242/5383/2087 243/5389/2087
f 198/5390/2087 197/5384/2087 229/5385/2087 230/5391/2087
f 193/5365/2087 224/5386/2087 256/5387/2087 225/5366/2087
f 212/5392/2087 211/5388/2087 243/5389/2087 244/5393/2087
f 199/5394/2087 198/5390/2087 230/5391/2087 231/5395/2087
f 213/5396/2087 212/5392/2087 244/5393/2087 245/5397/2087
f 200/5398/2087 199/5394/2087 231/5395/2087 232/5399/2087
f 214/5337/2087 213/5396/2087 245/5397/2087 246/5338/2087
f 201/5341/2087 200/5398/2087 232/5399/2087 233/5342/2087
f 177/5313/7873 178/5319/7873 242/5383/7873 241/5377/7873
f 152/5280/7875 151/5272/7875 215/5336/7875 216/5344/7875
f 178/5319/7871 179/5325/7871 243/5389/7871 242/5383/7871
f 153/5284/7876 152/5280/7876 216/5344/7876 217/5348/7876
f 179/5325/7869 180/5329/7869 244/5393/7869 243/5389/7869
f 154/5288/7877 153/5284/7877 217/5348/7877 218/5352/7877
f 180/5329/7867 181/5333/7867 245/5397/7867 244/5393/7867
f 155/5292/7878 154/5288/7878 218/5352/7878 219/5356/7878
f 181/5333/7865 182/5274/7865 246/5338/7865 245/5397/7865
f 156/5296/7879 155/5292/7879 219/5356/7879 220/5360/7879
f 130/5300/7880 129/5303/7880 193/5365/7880 194/5364/7880
f 182/5274/7863 183/5273/7863 247/5339/7863 246/5338/7863
f 157/5304/7881 156/5296/7881 220/5360/7881 221/5368/7881
f 131/5308/7882 130/5300/7882 194/5364/7882 195/5372/7882
f 183/5273/7861 184/5281/7861 248/5345/7861 247/5339/7861
f 158/5310/7883 157/5304/7883 221/5368/7883 222/5374/7883
f 132/5314/7884 131/5308/7884 195/5372/7884 196/5378/7884
f 184/5281/7859 185/5285/7859 249/5349/7859 248/5345/7859
f 159/5316/7885 158/5310/7885 222/5374/7885 223/5380/7885
f 133/5320/7886 132/5314/7886 196/5378/7886 197/5384/7886
f 185/5285/7857 186/5289/7857 250/5353/7857 249/5349/7857
f 160/5322/7887 159/5316/7887 223/5380/7887 224/5386/7887
f 134/5326/7888 133/5320/7888 197/5384/7888 198/5390/7888
f 186/5289/7855 187/5293/7855 251/5357/7855 250/5353/7855
f 129/5303/7889 160/5322/7889 224/5386/7889 193/5365/7889
f 135/5330/7890 134/5326/7890 198/5390/7890 199/5394/7890
f 187/5293/7853 188/5297/7853 252/5361/7853 251/5357/7853
f 161/5302/7852 162/5301/7852 226/5367/7852 225/5366/7852
f 136/5334/7891 135/5330/7891 199/5394/7891 200/5398/7891
f 188/5297/7850 189/5305/7850 253/5369/7850 252/5361/7850
f 162/5301/7849 163/5309/7849 227/5373/7849 226/5367/7849
f 137/5279/7892 136/5334/7892 200/5398/7892 201/5341/7892
f 189/5305/7847 190/5311/7847 254/5375/7847 253/5369/7847
f 163/5309/7846 164/5315/7846 228/5379/7846 227/5373/7846
f 138/5276/7893 137/5279/7893 201/5341/7893 202/5340/7893
f 190/5311/7844 191/5317/7844 255/5381/7844 254/5375/7844
f 164/5315/7843 165/5321/7843 229/5385/7843 228/5379/7843
f 139/5282/7894 138/5276/7894 202/5340/7894 203/5346/7894
f 191/5317/7841 192/5323/7841 256/5387/7841 255/5381/7841
f 165/5321/7840 166/5327/7840 230/5391/7840 229/5385/7840
f 140/5286/7895 139/5282/7895 203/5346/7895 204/5350/7895
f 192/5323/7838 161/5302/7838 225/5366/7838 256/5387/7838
f 166/5327/7837 167/5331/7837 231/5395/7837 230/5391/7837
f 141/5290/7896 140/5286/7896 204/5350/7896 205/5354/7896
f 167/5331/7834 168/5335/7834 232/5399/7834 231/5395/7834
f 142/5294/7897 141/5290/7897 205/5354/7897 206/5358/7897
f 168/5335/7831 169/5278/7831 233/5342/7831 232/5399/7831
f 143/5298/7898 142/5294/7898 206/5358/7898 207/5362/7898
f 169/5278/7828 170/5277/7828 234/5343/7828 233/5342/7828
f 144/5306/7899 143/5298/7899 207/5362/7899 208/5370/7899
f 170/5277/7825 171/5283/7825 235/5347/7825 234/5343/7825
f 145/5312/7900 144/5306/7900 208/5370/7900 209/5376/7900
f 171/5283/7822 172/5287/7822 236/5351/7822 235/5347/7822
f 146/5318/7901 145/5312/7901 209/5376/7901 210/5382/7901
f 172/5287/7819 173/5291/7819 237/5355/7819 236/5351/7819
f 147/5324/7902 146/5318/7902 210/5382/7902 211/5388/7902
f 173/5291/7817 174/5295/7817 238/5359/7817 237/5355/7817
f 148/5328/7903 147/5324/7903 211/5388/7903 212/5392/7903
f 174/5295/7815 175/5299/7815 239/5363/7815 238/5359/7815
f 149/5332/7904 148/5328/7904 212/5392/7904 213/5396/7904
f 175/5299/7813 176/5307/7813 240/5371/7813 239/5363/7813
f 150/5275/7905 149/5332/7905 213/5396/7905 214/5337/7905
f 176/5307/7811 177/5313/7811 241/5377/7811 240/5371/7811
f 151/5272/7906 150/5275/7906 214/5337/7906 215/5336/7906
f 279/5400/5239 311/5401/5239 310/5402/5239 278/5403/5239
f 266/5404/5239 298/5405/5239 297/5406/5239 265/5407/5239
f 280/5408/5239 312/5409/5239 311/5401/5239 279/5400/5239
f 267/5410/5239 299/5411/5239 298/5405/5239 266/5404/5239
f 281/5412/5239 313/5413/5239 312/5409/5239 280/5408/5239
f 268/5414/5239 300/5415/5239 299/5411/5239 267/5410/5239
f 282/5416/5239 314/5417/5239 313/5413/5239 281/5412/5239
f 269/5418/5239 301/5419/5239 300/5415/5239 268/5414/5239
f 283/5420/5239 315/5421/5239 314/5417/5239 282/5416/5239
f 270/5422/5239 302/5423/5239 301/5419/5239 269/5418/5239
f 284/5424/5239 316/5425/5239 315/5421/5239 283/5420/5239
f 271/5426/5239 303/5427/5239 302/5423/5239 270/5422/5239
f 258/5428/5239 290/5429/5239 289/5430/5239 257/5431/5239
f 285/5432/5239 317/5433/5239 316/5425/5239 284/5424/5239
f 272/5434/5239 304/5435/5239 303/5427/5239 271/5426/5239
f 259/5436/5239 291/5437/5239 290/5429/5239 258/5428/5239
f 286/5438/5239 318/5439/5239 317/5433/5239 285/5432/5239
f 273/5440/5239 305/5441/5239 304/5435/5239 272/5434/5239
f 260/5442/5239 292/5443/5239 291/5437/5239 259/5436/5239
f 287/5444/5239 319/5445/5239 318/5439/5239 286/5438/5239
f 274/5446/5239 306/5447/5239 305/5441/5239 273/5440/5239
f 261/5448/5239 293/5449/5239 292/5443/5239 260/5442/5239
f 288/5450/5239 320/5451/5239 319/5445/5239 287/5444/5239
f 275/5452/5239 307/5453/5239 306/5447/5239 274/5446/5239
f 262/5454/5239 294/5455/5239 293/5449/5239 261/5448/5239
f 257/5431/5239 289/5430/5239 320/5451/5239 288/5450/5239
f 276/5456/5239 308/5457/5239 307/5453/5239 275/5452/5239
f 263/5458/5239 295/5459/5239 294/5455/5239 262/5454/5239
f 277/5460/5239 309/5461/5239 308/5457/5239 276/5456/5239
f 264/5462/5239 296/5463/5239 295/5459/5239 263/5458/5239
f 278/5403/5239 310/5402/5239 309/5461/5239 277/5460/5239
f 265/5407/5239 297/5406/5239 296/5463/5239 264/5462/5239
f 343/5464/3330 342/5465/3330 374/5466/3330 375/5467/3330
f 330/5468/3330 329/5469/3330 361/5470/3330 362/5471/3330
f 344/5472/3330 343/5464/3330 375/5467/3330 376/5473/3330
f 331/5474/3330 330/5468/3330 362/5471/3330 363/5475/3330
f 345/5476/3330 344/5472/3330 376/5473/3330 377/5477/3330
f 332/5478/3330 331/5474/3330 363/5475/3330 364/5479/3330
f 346/5480/3330 345/5476/3330 377/5477/3330 378/5481/3330
f 333/5482/3330 332/5478/3330 364/5479/3330 365/5483/3330
f 347/5484/3330 346/5480/3330 378/5481/3330 379/5485/3330
f 334/5486/3330 333/5482/3330 365/5483/3330 366/5487/3330
f 348/5488/3330 347/5484/3330 379/5485/3330 380/5489/3330
f 335/5490/3330 334/5486/3330 366/5487/3330 367/5491/3330
f 322/5492/3330 321/5493/3330 353/5494/3330 354/5495/3330
f 349/5496/3330 348/5488/3330 380/5489/3330 381/5497/3330
f 336/5498/3330 335/5490/3330 367/5491/3330 368/5499/3330
f 323/5500/3330 322/5492/3330 354/5495/3330 355/5501/3330
f 350/5502/3330 349/5496/3330 381/5497/3330 382/5503/3330
f 337/5504/3330 336/5498/3330 368/5499/3330 369/5505/3330
f 324/5506/3330 323/5500/3330 355/5501/3330 356/5507/3330
f 351/5508/3330 350/5502/3330 382/5503/3330 383/5509/3330
f 338/5510/3330 337/5504/3330 369/5505/3330 370/5511/3330
f 325/5512/3330 324/5506/3330 356/5507/3330 357/5513/3330
f 352/5514/3330 351/5508/3330 383/5509/3330 384/5515/3330
f 339/5516/3330 338/5510/3330 370/5511/3330 371/5517/3330
f 326/5518/3330 325/5512/3330 357/5513/3330 358/5519/3330
f 321/5493/3330 352/5514/3330 384/5515/3330 353/5494/3330
f 340/5520/3330 339/5516/3330 371/5517/3330 372/5521/3330
f 327/5522/3330 326/5518/3330 358/5519/3330 359/5523/3330
f 341/5524/3330 340/5520/3330 372/5521/3330 373/5525/3330
f 328/5526/3330 327/5522/3330 359/5523/3330 360/5527/3330
f 342/5465/3330 341/5524/3330 373/5525/3330 374/5466/3330
f 329/5469/3330 328/5526/3330 360/5527/3330 361/5470/3330
f 305/5441/7907 306/5447/7907 370/5511/7907 369/5505/7907
f 280/5408/7908 279/5400/7908 343/5464/7908 344/5472/7908
f 306/5447/7909 307/5453/7909 371/5517/7909 370/5511/7909
f 281/5412/7910 280/5408/7910 344/5472/7910 345/5476/7910
f 307/5453/7911 308/5457/7911 372/5521/7911 371/5517/7911
f 282/5416/7912 281/5412/7912 345/5476/7912 346/5480/7912
f 308/5457/7913 309/5461/7913 373/5525/7913 372/5521/7913
f 283/5420/7914 282/5416/7914 346/5480/7914 347/5484/7914
f 309/5461/7915 310/5402/7915 374/5466/7915 373/5525/7915
f 284/5424/7916 283/5420/7916 347/5484/7916 348/5488/7916
f 258/5428/7917 257/5431/7917 321/5493/7917 322/5492/7917
f 310/5402/7918 311/5401/7918 375/5467/7918 374/5466/7918
f 285/5432/7919 284/5424/7919 348/5488/7919 349/5496/7919
f 259/5436/7920 258/5428/7920 322/5492/7920 323/5500/7920
f 311/5401/7921 312/5409/7921 376/5473/7921 375/5467/7921
f 286/5438/7922 285/5432/7922 349/5496/7922 350/5502/7922
f 260/5442/7923 259/5436/7923 323/5500/7923 324/5506/7923
f 312/5409/7924 313/5413/7924 377/5477/7924 376/5473/7924
f 287/5444/7925 286/5438/7925 350/5502/7925 351/5508/7925
f 261/5448/7926 260/5442/7926 324/5506/7926 325/5512/7926
f 313/5413/7927 314/5417/7927 378/5481/7927 377/5477/7927
f 288/5450/7928 287/5444/7928 351/5508/7928 352/5514/7928
f 262/5454/7929 261/5448/7929 325/5512/7929 326/5518/7929
f 314/5417/7930 315/5421/7930 379/5485/7930 378/5481/7930
f 257/5431/7931 288/5450/7931 352/5514/7931 321/5493/7931
f 263/5458/7932 262/5454/7932 326/5518/7932 327/5522/7932
f 315/5421/7933 316/5425/7933 380/5489/7933 379/5485/7933
f 289/5430/7934 290/5429/7934 354/5495/7934 353/5494/7934
f 264/5462/7935 263/5458/7935 327/5522/7935 328/5526/7935
f 316/5425/7936 317/5433/7936 381/5497/7936 380/5489/7936
f 290/5429/7937 291/5437/7937 355/5501/7937 354/5495/7937
f 265/5407/7938 264/5462/7938 328/5526/7938 329/5469/7938
f 317/5433/7939 318/5439/7939 382/5503/7939 381/5497/7939
f 291/5437/7940 292/5443/7940 356/5507/7940 355/5501/7940
f 266/5404/7941 265/5407/7941 329/5469/7941 330/5468/7941
f 318/5439/7942 319/5445/7942 383/5509/7942 382/5503/7942
f 292/5443/7943 293/5449/7943 357/5513/7943 356/5507/7943
f 267/5410/7944 266/5404/7944 330/5468/7944 331/5474/7944
f 319/5445/7945 320/5451/7945 384/5515/7945 383/5509/7945
f 293/5449/7946 294/5455/7946 358/5519/7946 357/5513/7946
f 268/5414/7947 267/5410/7947 331/5474/7947 332/5478/7947
f 320/5451/7948 289/5430/7948 353/5494/7948 384/5515/7948
f 294/5455/7949 295/5459/7949 359/5523/7949 358/5519/7949
f 269/5418/7950 268/5414/7950 332/5478/7950 333/5482/7950
f 295/5459/7951 296/5463/7951 360/5527/7951 359/5523/7951
f 270/5422/7952 269/5418/7952 333/5482/7952 334/5486/7952
f 296/5463/7953 297/5406/7953 361/5470/7953 360/5527/7953
f 271/5426/7954 270/5422/7954 334/5486/7954 335/5490/7954
f 297/5406/7955 298/5405/7955 362/5471/7955 361/5470/7955
f 272/5434/7956 271/5426/7956 335/5490/7956 336/5498/7956
f 298/5405/7957 299/5411/7957 363/5475/7957 362/5471/7957
f 273/5440/7958 272/5434/7958 336/5498/7958 337/5504/7958
f 299/5411/447 300/5415/447 364/5479/447 363/5475/447
f 274/5446/7959 273/5440/7959 337/5504/7959 338/5510/7959
f 300/5415/7960 301/5419/7960 365/5483/7960 364/5479/7960
f 275/5452/7961 274/5446/7961 338/5510/7961 339/5516/7961
f 301/5419/7962 302/5423/7962 366/5487/7962 365/5483/7962
f 276/5456/7963 275/5452/7963 339/5516/7963 340/5520/7963
f 302/5423/7964 303/5427/7964 367/5491/7964 366/5487/7964
f 277/5460/7965 276/5456/7965 340/5520/7965 341/5524/7965
f 303/5427/7966 304/5435/7966 368/5499/7966 367/5491/7966
f 278/5403/7967 277/5460/7967 341/5524/7967 342/5465/7967
f 304/5435/7968 305/5441/7968 369/5505/7968 368/5499/7968
f 279/5400/7969 278/5403/7969 342/5465/7969 343/5464/7969
f 407/5528/3330 439/5529/3330 438/5530/3330 406/5531/3330
f 394/5532/3330 426/5533/3330 425/5534/3330 393/5535/3330
f 408/5536/3330 440/5537/3330 439/5529/3330 407/5528/3330
f 395/5538/3330 427/5539/3330 426/5533/3330 394/5532/3330
f 409/5540/3330 441/5541/3330 440/5537/3330 408/5536/3330
f 396/5542/3330 428/5543/3330 427/5539/3330 395/5538/3330
f 410/5544/3330 442/5545/3330 441/5541/3330 409/5540/3330
f 397/5546/3330 429/5547/3330 428/5543/3330 396/5542/3330
f 411/5548/3330 443/5549/3330 442/5545/3330 410/5544/3330
f 398/5550/3330 430/5551/3330 429/5547/3330 397/5546/3330
f 412/5552/3330 444/5553/3330 443/5549/3330 411/5548/3330
f 399/5554/3330 431/5555/3330 430/5551/3330 398/5550/3330
f 386/5556/3330 418/5557/3330 417/5558/3330 385/5559/3330
f 413/5560/3330 445/5561/3330 444/5553/3330 412/5552/3330
f 400/5562/3330 432/5563/3330 431/5555/3330 399/5554/3330
f 387/5564/3330 419/5565/3330 418/5557/3330 386/5556/3330
f 414/5566/3330 446/5567/3330 445/5561/3330 413/5560/3330
f 401/5568/3330 433/5569/3330 432/5563/3330 400/5562/3330
f 388/5570/3330 420/5571/3330 419/5565/3330 387/5564/3330
f 415/5572/3330 447/5573/3330 446/5567/3330 414/5566/3330
f 402/5574/3330 434/5575/3330 433/5569/3330 401/5568/3330
f 389/5576/3330 421/5577/3330 420/5571/3330 388/5570/3330
f 416/5578/3330 448/5579/3330 447/5573/3330 415/5572/3330
f 403/5580/3330 435/5581/3330 434/5575/3330 402/5574/3330
f 390/5582/3330 422/5583/3330 421/5577/3330 389/5576/3330
f 385/5559/3330 417/5558/3330 448/5579/3330 416/5578/3330
f 404/5584/3330 436/5585/3330 435/5581/3330 403/5580/3330
f 391/5586/3330 423/5587/3330 422/5583/3330 390/5582/3330
f 405/5588/3330 437/5589/3330 436/5585/3330 404/5584/3330
f 392/5590/3330 424/5591/3330 423/5587/3330 391/5586/3330
f 406/5531/3330 438/5530/3330 437/5589/3330 405/5588/3330
f 393/5535/3330 425/5534/3330 424/5591/3330 392/5590/3330
f 471/5592/5239 470/5593/5239 502/5594/5239 503/5595/5239
f 458/5596/5239 457/5597/5239 489/5598/5239 490/5599/5239
f 472/5600/5239 471/5592/5239 503/5595/5239 504/5601/5239
f 459/5602/5239 458/5596/5239 490/5599/5239 491/5603/5239
f 473/5604/5239 472/5600/5239 504/5601/5239 505/5605/5239
f 460/5606/5239 459/5602/5239 491/5603/5239 492/5607/5239
f 474/5608/5239 473/5604/5239 505/5605/5239 506/5609/5239
f 461/5610/5239 460/5606/5239 492/5607/5239 493/5611/5239
f 475/5612/5239 474/5608/5239 506/5609/5239 507/5613/5239
f 462/5614/5239 461/5610/5239 493/5611/5239 494/5615/5239
f 476/5616/5239 475/5612/5239 507/5613/5239 508/5617/5239
f 463/5618/5239 462/5614/5239 494/5615/5239 495/5619/5239
f 450/5620/5239 449/5621/5239 481/5622/5239 482/5623/5239
f 477/5624/5239 476/5616/5239 508/5617/5239 509/5625/5239
f 464/5626/5239 463/5618/5239 495/5619/5239 496/5627/5239
f 451/5628/5239 450/5620/5239 482/5623/5239 483/5629/5239
f 478/5630/5239 477/5624/5239 509/5625/5239 510/5631/5239
f 465/5632/5239 464/5626/5239 496/5627/5239 497/5633/5239
f 452/5634/5239 451/5628/5239 483/5629/5239 484/5635/5239
f 479/5636/5239 478/5630/5239 510/5631/5239 511/5637/5239
f 466/5638/5239 465/5632/5239 497/5633/5239 498/5639/5239
f 453/5640/5239 452/5634/5239 484/5635/5239 485/5641/5239
f 480/5642/5239 479/5636/5239 511/5637/5239 512/5643/5239
f 467/5644/5239 466/5638/5239 498/5639/5239 499/5645/5239
f 454/5646/5239 453/5640/5239 485/5641/5239 486/5647/5239
f 449/5621/5239 480/5642/5239 512/5643/5239 481/5622/5239
f 468/5648/5239 467/5644/5239 499/5645/5239 500/5649/5239
f 455/5650/5239 454/5646/5239 486/5647/5239 487/5651/5239
f 469/5652/5239 468/5648/5239 500/5649/5239 501/5653/5239
f 456/5654/5239 455/5650/5239 487/5651/5239 488/5655/5239
f 470/5593/5239 469/5652/5239 501/5653/5239 502/5594/5239
f 457/5597/5239 456/5654/5239 488/5655/5239 489/5598/5239
f 433/5569/7968 434/5575/7968 498/5639/7968 497/5633/7968
f 408/5536/7970 407/5528/7970 471/5592/7970 472/5600/7970
f 434/5575/7966 435/5581/7966 499/5645/7966 498/5639/7966
f 409/5540/7971 408/5536/7971 472/5600/7971 473/5604/7971
f 435/5581/7964 436/5585/7964 500/5649/7964 499/5645/7964
f 410/5544/7972 409/5540/7972 473/5604/7972 474/5608/7972
f 436/5585/7962 437/5589/7962 501/5653/7962 500/5649/7962
f 411/5548/7973 410/5544/7973 474/5608/7973 475/5612/7973
f 437/5589/7960 438/5530/7960 502/5594/7960 501/5653/7960
f 412/5552/7974 411/5548/7974 475/5612/7974 476/5616/7974
f 386/5556/7975 385/5559/7975 449/5621/7975 450/5620/7975
f 438/5530/447 439/5529/447 503/5595/447 502/5594/447
f 413/5560/7976 412/5552/7976 476/5616/7976 477/5624/7976
f 387/5564/7977 386/5556/7977 450/5620/7977 451/5628/7977
f 439/5529/7957 440/5537/7957 504/5601/7957 503/5595/7957
f 414/5566/7978 413/5560/7978 477/5624/7978 478/5630/7978
f 388/5570/7979 387/5564/7979 451/5628/7979 452/5634/7979
f 440/5537/7955 441/5541/7955 505/5605/7955 504/5601/7955
f 415/5572/7980 414/5566/7980 478/5630/7980 479/5636/7980
f 389/5576/7981 388/5570/7981 452/5634/7981 453/5640/7981
f 441/5541/7953 442/5545/7953 506/5609/7953 505/5605/7953
f 416/5578/7982 415/5572/7982 479/5636/7982 480/5642/7982
f 390/5582/7983 389/5576/7983 453/5640/7983 454/5646/7983
f 442/5545/7951 443/5549/7951 507/5613/7951 506/5609/7951
f 385/5559/7984 416/5578/7984 480/5642/7984 449/5621/7984
f 391/5586/7985 390/5582/7985 454/5646/7985 455/5650/7985
f 443/5549/7949 444/5553/7949 508/5617/7949 507/5613/7949
f 417/5558/7948 418/5557/7948 482/5623/7948 481/5622/7948
f 392/5590/7986 391/5586/7986 455/5650/7986 456/5654/7986
f 444/5553/7946 445/5561/7946 509/5625/7946 508/5617/7946
f 418/5557/7945 419/5565/7945 483/5629/7945 482/5623/7945
f 393/5535/7987 392/5590/7987 456/5654/7987 457/5597/7987
f 445/5561/7943 446/5567/7943 510/5631/7943 509/5625/7943
f 419/5565/7942 420/5571/7942 484/5635/7942 483/5629/7942
f 394/5532/7988 393/5535/7988 457/5597/7988 458/5596/7988
f 446/5567/7940 447/5573/7940 511/5637/7940 510/5631/7940
f 420/5571/7939 421/5577/7939 485/5641/7939 484/5635/7939
f 395/5538/7989 394/5532/7989 458/5596/7989 459/5602/7989
f 447/5573/7937 448/5579/7937 512/5643/7937 511/5637/7937
f 421/5577/7936 422/5583/7936 486/5647/7936 485/5641/7936
f 396/5542/7990 395/5538/7990 459/5602/7990 460/5606/7990
f 448/5579/7934 417/5558/7934 481/5622/7934 512/5643/7934
f 422/5583/7933 423/5587/7933 487/5651/7933 486/5647/7933
f 397/5546/7991 396/5542/7991 460/5606/7991 461/5610/7991
f 423/5587/7930 424/5591/7930 488/5655/7930 487/5651/7930
f 398/5550/7992 397/5546/7992 461/5610/7992 462/5614/7992
f 424/5591/7927 425/5534/7927 489/5598/7927 488/5655/7927
f 399/5554/7993 398/5550/7993 462/5614/7993 463/5618/7993
f 425/5534/7924 426/5533/7924 490/5599/7924 489/5598/7924
f 400/5562/7994 399/5554/7994 463/5618/7994 464/5626/7994
f 426/5533/7921 427/5539/7921 491/5603/7921 490/5599/7921
f 401/5568/7995 400/5562/7995 464/5626/7995 465/5632/7995
f 427/5539/7918 428/5543/7918 492/5607/7918 491/5603/7918
f 402/5574/7996 401/5568/7996 465/5632/7996 466/5638/7996
f 428/5543/7915 429/5547/7915 493/5611/7915 492/5607/7915
f 403/5580/7997 402/5574/7997 466/5638/7997 467/5644/7997
f 429/5547/7913 430/5551/7913 494/5615/7913 493/5611/7913
f 404/5584/7998 403/5580/7998 467/5644/7998 468/5648/7998
f 430/5551/7911 431/5555/7911 495/5619/7911 494/5615/7911
f 405/5588/7999 404/5584/7999 468/5648/7999 469/5652/7999
f 431/5555/7909 432/5563/7909 496/5627/7909 495/5619/7909
f 406/5531/8000 405/5588/8000 469/5652/8000 470/5593/8000
f 432/5563/7907 433/5569/7907 497/5633/7907 496/5627/7907
f 407/5528/8001 406/5531/8001 470/5593/8001 471/5592/8001
